{
	"credit": "Made by Leaf Studio",
	"texture_size": [ 32, 32 ],
	"textures": {
		"0": "item/iron_sword/3diron_sword"
	},
	"elements": [
		{
			"from": [ 7.4, -8.6, 6.4 ],
			"to": [ 8.6, -5.4, 9.6 ],
			"rotation": {
				"angle": 45,
				"axis": "x",
				"origin": [ 8, -7, 8 ]
			},
			"faces": {
				"north": {
					"uv": [ 7, 9.5, 7.5, 8 ],
					"texture": "#0"
				},
				"east": {
					"uv": [ 5, 1.5, 6.5, 0 ],
					"rotation": 270,
					"texture": "#0"
				},
				"south": {
					"uv": [ 8, 7, 8.5, 8.5 ],
					"rotation": 180,
					"texture": "#0"
				},
				"west": {
					"uv": [ 5, 3, 6.5, 1.5 ],
					"rotation": 90,
					"texture": "#0"
				},
				"up": {
					"uv": [ 8, 5.5, 8.5, 4 ],
					"rotation": 180,
					"texture": "#0"
				},
				"down": {
					"uv": [ 8, 7, 8.5, 5.5 ],
					"texture": "#0"
				}
			}
		},
		{
			"from": [ 7.49, 16.92935, 6.92936 ],
			"to": [ 8.51, 19.07065, 9.07066 ],
			"rotation": {
				"angle": -45,
				"axis": "x",
				"origin": [ 8, 18, 8.00001 ]
			},
			"faces": {
				"north": {
					"uv": [ 8.5, 5.5, 9, 6.5 ],
					"texture": "#0"
				},
				"east": {
					"uv": [ 3, 8, 4, 9 ],
					"texture": "#0"
				},
				"south": {
					"uv": [ 8.5, 6.5, 9, 7.5 ],
					"texture": "#0"
				},
				"west": {
					"uv": [ 8, 3, 9, 4 ],
					"texture": "#0"
				},
				"up": {
					"uv": [ 9, 8.5, 8.5, 7.5 ],
					"texture": "#0"
				},
				"down": {
					"uv": [ 8.5, 8.5, 8, 9.5 ],
					"texture": "#0"
				}
			}
		},
		{
			"from": [ 7.5, 2, 6.5 ],
			"to": [ 8.5, 18, 9.5 ],
			"rotation": {
				"angle": 0,
				"axis": "y",
				"origin": [ 6.5, 1, 7 ]
			},
			"faces": {
				"north": {
					"uv": [ 3, 0, 3.5, 8 ],
					"texture": "#0"
				},
				"east": {
					"uv": [ 0, 0, 1.5, 8 ],
					"texture": "#0"
				},
				"south": {
					"uv": [ 3.5, 0, 4, 8 ],
					"texture": "#0"
				},
				"west": {
					"uv": [ 1.5, 0, 3, 8 ],
					"texture": "#0"
				},
				"up": {
					"uv": [ 8, 9.5, 7.5, 8 ],
					"texture": "#0"
				},
				"down": {
					"uv": [ 9, 4, 8.5, 5.5 ],
					"texture": "#0"
				}
			}
		},
		{
			"from": [ 7.5, -6, 7 ],
			"to": [ 8.5, 0, 9 ],
			"rotation": {
				"angle": 0,
				"axis": "y",
				"origin": [ 8, -1.5, 8 ]
			},
			"faces": {
				"north": {
					"uv": [ 4, 6, 4.5, 9 ],
					"texture": "#0"
				},
				"east": {
					"uv": [ 4, 0, 5, 3 ],
					"texture": "#0"
				},
				"south": {
					"uv": [ 4.5, 6, 5, 9 ],
					"texture": "#0"
				},
				"west": {
					"uv": [ 4, 3, 5, 6 ],
					"texture": "#0"
				},
				"up": {
					"uv": [ 7, 6, 6.5, 5 ],
					"texture": "#0"
				},
				"down": {
					"uv": [ 9, 2, 8.5, 3 ],
					"texture": "#0"
				}
			}
		},
		{
			"from": [ 6.99, -0.51, 6.49 ],
			"to": [ 9.01, 2.51, 9.51 ],
			"rotation": {
				"angle": 45,
				"axis": "x",
				"origin": [ 8, 1, 8 ]
			},
			"faces": {
				"north": {
					"uv": [ 6.5, 1.5, 7.5, 0 ],
					"texture": "#0"
				},
				"east": {
					"uv": [ 5, 4.5, 6.5, 3 ],
					"rotation": 270,
					"texture": "#0"
				},
				"south": {
					"uv": [ 6.5, 1.5, 7.5, 3 ],
					"rotation": 180,
					"texture": "#0"
				},
				"west": {
					"uv": [ 5, 6, 6.5, 4.5 ],
					"rotation": 90,
					"texture": "#0"
				},
				"up": {
					"uv": [ 5, 7.5, 6, 6 ],
					"rotation": 180,
					"texture": "#0"
				},
				"down": {
					"uv": [ 6, 7.5, 7, 6 ],
					"texture": "#0"
				}
			}
		},
		{
			"from": [ 7, 0.83484, 7.93311 ],
			"to": [ 9, 2.83484, 10.93311 ],
			"rotation": {
				"angle": -22.5,
				"axis": "x",
				"origin": [ 8, 2.95984, 10.93311 ]
			},
			"faces": {
				"north": {
					"uv": [ 7.5, 2, 8.5, 3 ],
					"texture": "#0"
				},
				"east": {
					"uv": [ 6.5, 3, 8, 4 ],
					"texture": "#0"
				},
				"south": {
					"uv": [ 0, 8, 1, 9 ],
					"texture": "#0"
				},
				"west": {
					"uv": [ 6.5, 4, 8, 5 ],
					"texture": "#0"
				},
				"up": {
					"uv": [ 8, 6.5, 7, 5 ],
					"texture": "#0"
				},
				"down": {
					"uv": [ 8, 6.5, 7, 8 ],
					"texture": "#0"
				}
			}
		},
		{
			"from": [ 7, 0.83484, 5.06689 ],
			"to": [ 9, 2.83484, 8.06689 ],
			"rotation": {
				"angle": 22.5,
				"axis": "x",
				"origin": [ 8, 2.95984, 5.06689 ]
			},
			"faces": {
				"north": {
					"uv": [ 1, 8, 2, 9 ],
					"texture": "#0"
				},
				"east": {
					"uv": [ 7.5, 0, 9, 1 ],
					"texture": "#0"
				},
				"south": {
					"uv": [ 2, 8, 3, 9 ],
					"texture": "#0"
				},
				"west": {
					"uv": [ 7.5, 1, 9, 2 ],
					"texture": "#0"
				},
				"up": {
					"uv": [ 6, 9, 5, 7.5 ],
					"texture": "#0"
				},
				"down": {
					"uv": [ 7, 7.5, 6, 9 ],
					"texture": "#0"
				}
			}
		}
	],
	"gui_light": "front",
	"display": {
		"thirdperson_righthand": {
			"translation": [ 0, 9, 1.5 ]
		},
		"thirdperson_lefthand": {
			"translation": [ 0, 9, 1.5 ]
		},
		"firstperson_righthand": {
			"translation": [ 0, 9, 1.5 ]
		},
		"firstperson_lefthand": {
			"translation": [ 0, 9, 1.5 ]
		},
		"ground": {
			"rotation": [ 90, 90, 0 ]
		},
		"gui": {
			"rotation": [ 90, 45, -90 ],
			"translation": [ 2, 2, 0 ]
		},
		"fixed": {
			"rotation": [ -90, 45, 90 ],
			"translation": [ -2, 2, 0 ]
		}
	}
}