{
	"credit": "Made with Blockbench",
	"textures": {
		"0": "item/diamond_axe/arcanethyst",
		"1": "item/diamond_axe/arcanethyst_layer",
		"particle": "item/diamond_axe/arcanethyst"
	},
	"elements": [
		{
			"name": "at2_0",
			"from": [6.5, 14.25, 8],
			"to": [6.625, 14.625, 8.125],
			"rotation": {"angle": 0, "axis": "y", "origin": [0, 0, 8]},
			"faces": {
				"north": {"uv": [6.625, 1.375, 6.5, 1.75], "texture": "#0"},
				"east": {"uv": [6.5, 1.375, 6.625, 1.75], "texture": "#0"},
				"south": {"uv": [6.5, 1.375, 6.625, 1.75], "texture": "#0"},
				"west": {"uv": [6.5, 1.375, 6.625, 1.75], "texture": "#0"},
				"up": {"uv": [6.5, 1.375, 6.625, 1.5], "texture": "#0"}
			}
		},
		{
			"name": "at2_1",
			"from": [6.375, 14.125, 8],
			"to": [6.5, 14.5, 8.125],
			"rotation": {"angle": 0, "axis": "y", "origin": [0, 0, 8]},
			"faces": {
				"north": {"uv": [6.5, 1.5, 6.375, 1.875], "texture": "#0"},
				"south": {"uv": [6.375, 1.5, 6.5, 1.875], "texture": "#0"},
				"west": {"uv": [6.375, 1.5, 6.5, 1.875], "texture": "#0"},
				"up": {"uv": [6.375, 1.5, 6.5, 1.625], "texture": "#0"}
			}
		},
		{
			"name": "at2_2",
			"from": [6.25, 13.75, 8],
			"to": [6.375, 14.375, 8.125],
			"rotation": {"angle": 0, "axis": "y", "origin": [0, 0, 8]},
			"faces": {
				"north": {"uv": [6.375, 1.625, 6.25, 2.25], "texture": "#0"},
				"south": {"uv": [6.25, 1.625, 6.375, 2.25], "texture": "#0"},
				"west": {"uv": [6.25, 1.625, 6.375, 2.25], "texture": "#0"},
				"up": {"uv": [6.25, 1.625, 6.375, 1.75], "texture": "#0"}
			}
		},
		{
			"name": "at2_3",
			"from": [6.125, 13.25, 8],
			"to": [6.25, 14.125, 8.125],
			"rotation": {"angle": 0, "axis": "y", "origin": [0, 0, 8]},
			"faces": {
				"north": {"uv": [6.25, 1.875, 6.125, 2.75], "texture": "#0"},
				"south": {"uv": [6.125, 1.875, 6.25, 2.75], "texture": "#0"},
				"west": {"uv": [6.125, 1.875, 6.25, 2.75], "texture": "#0"},
				"up": {"uv": [6.125, 1.875, 6.25, 2], "texture": "#0"},
				"down": {"uv": [6.125, 2.625, 6.25, 2.75], "texture": "#0"}
			}
		},
		{
			"name": "at2_4",
			"from": [6, 13.375, 8],
			"to": [6.125, 13.75, 8.125],
			"rotation": {"angle": 0, "axis": "y", "origin": [0, 0, 8]},
			"faces": {
				"north": {"uv": [6.125, 2.25, 6, 2.625], "texture": "#0"},
				"south": {"uv": [6, 2.25, 6.125, 2.625], "texture": "#0"},
				"west": {"uv": [6, 2.25, 6.125, 2.625], "texture": "#0"},
				"up": {"uv": [6, 2.25, 6.125, 2.375], "texture": "#0"},
				"down": {"uv": [6, 2.5, 6.125, 2.625], "texture": "#0"}
			}
		},
		{
			"name": "at2_5",
			"from": [6.25, 13.125, 8],
			"to": [6.375, 13.5, 8.125],
			"rotation": {"angle": 0, "axis": "y", "origin": [0, 0, 8]},
			"faces": {
				"north": {"uv": [6.375, 2.5, 6.25, 2.875], "texture": "#0"},
				"south": {"uv": [6.25, 2.5, 6.375, 2.875], "texture": "#0"},
				"west": {"uv": [6.25, 2.5, 6.375, 2.875], "texture": "#0"},
				"down": {"uv": [6.25, 2.75, 6.375, 2.875], "texture": "#0"}
			}
		},
		{
			"name": "at2_6",
			"from": [8.875, 12.75, 8],
			"to": [9, 13.375, 8.125],
			"rotation": {"angle": 0, "axis": "y", "origin": [0, 0, 8]},
			"faces": {
				"north": {"uv": [9, 2.625, 8.875, 3.25], "texture": "#0"},
				"east": {"uv": [8.875, 2.625, 9, 3.25], "texture": "#0"},
				"south": {"uv": [8.875, 2.625, 9, 3.25], "texture": "#0"},
				"west": {"uv": [8.875, 2.625, 9, 3.25], "texture": "#0"},
				"up": {"uv": [8.875, 2.625, 9, 2.75], "texture": "#0"}
			}
		},
		{
			"name": "at2_7",
			"from": [6.375, 13, 8],
			"to": [6.625, 13.25, 8.125],
			"rotation": {"angle": 0, "axis": "y", "origin": [0, 0, 8]},
			"faces": {
				"north": {"uv": [6.625, 2.75, 6.375, 3], "texture": "#0"},
				"south": {"uv": [6.375, 2.75, 6.625, 3], "texture": "#0"},
				"west": {"uv": [6.375, 2.75, 6.5, 3], "texture": "#0"},
				"down": {"uv": [6.375, 2.875, 6.625, 3], "texture": "#0"}
			}
		},
		{
			"name": "at2_8",
			"from": [8.75, 13, 8],
			"to": [8.875, 13.25, 8.125],
			"rotation": {"angle": 0, "axis": "y", "origin": [0, 0, 8]},
			"faces": {
				"north": {"uv": [8.875, 2.75, 8.75, 3], "texture": "#0"},
				"south": {"uv": [8.75, 2.75, 8.875, 3], "texture": "#0"},
				"west": {"uv": [8.75, 2.75, 8.875, 3], "texture": "#0"},
				"up": {"uv": [8.75, 2.75, 8.875, 2.875], "texture": "#0"}
			}
		},
		{
			"name": "at2_9",
			"from": [6.125, 12.75, 8],
			"to": [6.25, 13.125, 8.125],
			"rotation": {"angle": 0, "axis": "y", "origin": [0, 0, 8]},
			"faces": {
				"north": {"uv": [6.25, 2.875, 6.125, 3.25], "texture": "#0"},
				"east": {"uv": [6.125, 2.875, 6.25, 3.25], "texture": "#0"},
				"south": {"uv": [6.125, 2.875, 6.25, 3.25], "texture": "#0"},
				"west": {"uv": [6.125, 2.875, 6.25, 3.25], "texture": "#0"},
				"up": {"uv": [6.125, 2.875, 6.25, 3], "texture": "#0"}
			}
		},
		{
			"name": "at2_10",
			"from": [6.625, 12.75, 8],
			"to": [6.75, 13.125, 8.125],
			"rotation": {"angle": 0, "axis": "y", "origin": [0, 0, 8]},
			"faces": {
				"north": {"uv": [6.75, 2.875, 6.625, 3.25], "texture": "#0"},
				"south": {"uv": [6.625, 2.875, 6.75, 3.25], "texture": "#0"},
				"west": {"uv": [6.625, 2.875, 6.75, 3.25], "texture": "#0"}
			}
		},
		{
			"name": "at2_11",
			"from": [9, 12.75, 8],
			"to": [9.125, 13.125, 8.125],
			"rotation": {"angle": 0, "axis": "y", "origin": [0, 0, 8]},
			"faces": {
				"north": {"uv": [9.125, 2.875, 9, 3.25], "texture": "#0"},
				"east": {"uv": [9, 2.875, 9.125, 3.25], "texture": "#0"},
				"south": {"uv": [9, 2.875, 9.125, 3.25], "texture": "#0"},
				"up": {"uv": [9, 2.875, 9.125, 3], "texture": "#0"},
				"down": {"uv": [9, 3.125, 9.125, 3.25], "texture": "#0"}
			}
		},
		{
			"name": "at2_12",
			"from": [6, 12.375, 8],
			"to": [6.125, 13, 8.125],
			"rotation": {"angle": 0, "axis": "y", "origin": [0, 0, 8]},
			"faces": {
				"north": {"uv": [6.125, 3, 6, 3.625], "texture": "#0"},
				"south": {"uv": [6, 3, 6.125, 3.625], "texture": "#0"},
				"west": {"uv": [6, 3, 6.125, 3.625], "texture": "#0"},
				"up": {"uv": [6, 3, 6.125, 3.125], "texture": "#0"},
				"down": {"uv": [6, 3.5, 6.125, 3.625], "texture": "#0"}
			}
		},
		{
			"name": "at2_13",
			"from": [6.5, 12.875, 8],
			"to": [6.625, 13, 8.125],
			"rotation": {"angle": 0, "axis": "y", "origin": [0, 0, 8]},
			"faces": {
				"north": {"uv": [6.625, 3, 6.5, 3.125], "texture": "#0"},
				"south": {"uv": [6.5, 3, 6.625, 3.125], "texture": "#0"},
				"west": {"uv": [6.5, 3, 6.625, 3.125], "texture": "#0"},
				"down": {"uv": [6.5, 3, 6.625, 3.125], "texture": "#0"}
			}
		},
		{
			"name": "at2_14",
			"from": [7.75, 12.75, 8],
			"to": [8.125, 13, 8.125],
			"rotation": {"angle": 0, "axis": "y", "origin": [0, 0, 8]},
			"faces": {
				"north": {"uv": [8.125, 3, 7.75, 3.25], "texture": "#0"},
				"east": {"uv": [8, 3, 8.125, 3.25], "texture": "#0"},
				"south": {"uv": [7.75, 3, 8.125, 3.25], "texture": "#0"},
				"west": {"uv": [7.75, 3, 7.875, 3.25], "texture": "#0"}
			}
		},
		{
			"name": "at2_15",
			"from": [5.875, 12.5, 8],
			"to": [6, 12.75, 8.125],
			"rotation": {"angle": 0, "axis": "y", "origin": [0, 0, 8]},
			"faces": {
				"north": {"uv": [6, 3.25, 5.875, 3.5], "texture": "#0"},
				"south": {"uv": [5.875, 3.25, 6, 3.5], "texture": "#0"},
				"west": {"uv": [5.875, 3.25, 6, 3.5], "texture": "#0"},
				"up": {"uv": [5.875, 3.25, 6, 3.375], "texture": "#0"},
				"down": {"uv": [5.875, 3.375, 6, 3.5], "texture": "#0"}
			}
		},
		{
			"name": "at2_16",
			"from": [6.125, 12.25, 8],
			"to": [6.25, 12.625, 8.125],
			"rotation": {"angle": 0, "axis": "y", "origin": [0, 0, 8]},
			"faces": {
				"north": {"uv": [6.25, 3.375, 6.125, 3.75], "texture": "#0"},
				"south": {"uv": [6.125, 3.375, 6.25, 3.75], "texture": "#0"},
				"west": {"uv": [6.125, 3.375, 6.25, 3.75], "texture": "#0"},
				"down": {"uv": [6.125, 3.625, 6.25, 3.75], "texture": "#0"}
			}
		},
		{
			"name": "at2_17",
			"from": [6.25, 12.125, 8],
			"to": [6.5, 12.5, 8.125],
			"rotation": {"angle": 0, "axis": "y", "origin": [0, 0, 8]},
			"faces": {
				"north": {"uv": [6.5, 3.5, 6.25, 3.875], "texture": "#0"},
				"south": {"uv": [6.25, 3.5, 6.5, 3.875], "texture": "#0"},
				"west": {"uv": [6.25, 3.5, 6.375, 3.875], "texture": "#0"},
				"down": {"uv": [6.25, 3.75, 6.5, 3.875], "texture": "#0"}
			}
		},
		{
			"name": "at2_18",
			"from": [6.5, 12, 8],
			"to": [6.625, 12.375, 8.125],
			"rotation": {"angle": 0, "axis": "y", "origin": [0, 0, 8]},
			"faces": {
				"north": {"uv": [6.625, 3.625, 6.5, 4], "texture": "#0"},
				"south": {"uv": [6.5, 3.625, 6.625, 4], "texture": "#0"},
				"west": {"uv": [6.5, 3.625, 6.625, 4], "texture": "#0"},
				"down": {"uv": [6.5, 3.875, 6.625, 4], "texture": "#0"}
			}
		},
		{
			"name": "at2_19",
			"from": [6.625, 12, 8],
			"to": [6.75, 12.25, 8.125],
			"rotation": {"angle": 0, "axis": "y", "origin": [0, 0, 8]},
			"faces": {
				"north": {"uv": [6.75, 3.75, 6.625, 4], "texture": "#0"},
				"south": {"uv": [6.625, 3.75, 6.75, 4], "texture": "#0"}
			}
		},
		{
			"name": "at2_20",
			"from": [9.5, 12, 8],
			"to": [9.75, 12.25, 8.125],
			"rotation": {"angle": 0, "axis": "y", "origin": [0, 0, 8]},
			"faces": {
				"north": {"uv": [9.75, 3.75, 9.5, 4], "texture": "#0"},
				"east": {"uv": [9.625, 3.75, 9.75, 4], "texture": "#0"},
				"south": {"uv": [9.5, 3.75, 9.75, 4], "texture": "#0"},
				"up": {"uv": [9.5, 3.75, 9.75, 3.875], "texture": "#0"},
				"down": {"uv": [9.5, 3.875, 9.75, 4], "texture": "#0"}
			}
		},
		{
			"name": "at2_21",
			"from": [9, 11.875, 8],
			"to": [9.5, 12.125, 8.125],
			"rotation": {"angle": 0, "axis": "y", "origin": [0, 0, 8]},
			"faces": {
				"north": {"uv": [9.5, 3.875, 9, 4.125], "texture": "#0"},
				"east": {"uv": [9.375, 3.875, 9.5, 4.125], "texture": "#0"},
				"south": {"uv": [9, 3.875, 9.5, 4.125], "texture": "#0"},
				"down": {"uv": [9, 4, 9.5, 4.125], "texture": "#0"}
			}
		},
		{
			"name": "at2_22",
			"from": [9.75, 12, 8],
			"to": [10, 12.125, 8.125],
			"rotation": {"angle": 0, "axis": "y", "origin": [0, 0, 8]},
			"faces": {
				"north": {"uv": [10, 3.875, 9.75, 4], "texture": "#0"},
				"east": {"uv": [9.875, 3.875, 10, 4], "texture": "#0"},
				"south": {"uv": [9.75, 3.875, 10, 4], "texture": "#0"},
				"up": {"uv": [9.75, 3.875, 10, 4], "texture": "#0"},
				"down": {"uv": [9.75, 3.875, 10, 4], "texture": "#0"}
			}
		},
		{
			"name": "at2_23",
			"from": [6.125, 11.625, 8],
			"to": [6.25, 12, 8.125],
			"rotation": {"angle": 0, "axis": "y", "origin": [0, 0, 8]},
			"faces": {
				"north": {"uv": [6.25, 4, 6.125, 4.375], "texture": "#0"},
				"east": {"uv": [6.125, 4, 6.25, 4.375], "texture": "#0"},
				"south": {"uv": [6.125, 4, 6.25, 4.375], "texture": "#0"},
				"west": {"uv": [6.125, 4, 6.25, 4.375], "texture": "#0"},
				"up": {"uv": [6.125, 4, 6.25, 4.125], "texture": "#0"},
				"down": {"uv": [6.125, 4.25, 6.25, 4.375], "texture": "#0"}
			}
		},
		{
			"name": "at2_24",
			"from": [8.375, 11.75, 8],
			"to": [8.5, 12, 8.125],
			"rotation": {"angle": 0, "axis": "y", "origin": [0, 0, 8]},
			"faces": {
				"north": {"uv": [8.5, 4, 8.375, 4.25], "texture": "#0"},
				"south": {"uv": [8.375, 4, 8.5, 4.25], "texture": "#0"},
				"down": {"uv": [8.375, 4.125, 8.5, 4.25], "texture": "#0"}
			}
		},
		{
			"name": "at2_25",
			"from": [8.75, 11.75, 8],
			"to": [9, 12, 8.125],
			"rotation": {"angle": 0, "axis": "y", "origin": [0, 0, 8]},
			"faces": {
				"north": {"uv": [9, 4, 8.75, 4.25], "texture": "#0"},
				"east": {"uv": [8.875, 4, 9, 4.25], "texture": "#0"},
				"south": {"uv": [8.75, 4, 9, 4.25], "texture": "#0"},
				"down": {"uv": [8.75, 4.125, 9, 4.25], "texture": "#0"}
			}
		},
		{
			"name": "at2_26",
			"from": [6.25, 11.375, 8],
			"to": [6.375, 11.875, 8.125],
			"rotation": {"angle": 0, "axis": "y", "origin": [0, 0, 8]},
			"faces": {
				"north": {"uv": [6.375, 4.125, 6.25, 4.625], "texture": "#0"},
				"south": {"uv": [6.25, 4.125, 6.375, 4.625], "texture": "#0"},
				"west": {"uv": [6.25, 4.125, 6.375, 4.625], "texture": "#0"},
				"up": {"uv": [6.25, 4.125, 6.375, 4.25], "texture": "#0"},
				"down": {"uv": [6.25, 4.5, 6.375, 4.625], "texture": "#0"}
			}
		},
		{
			"name": "at2_27",
			"from": [8.5, 11.625, 8],
			"to": [8.75, 11.875, 8.125],
			"rotation": {"angle": 0, "axis": "y", "origin": [0, 0, 8]},
			"faces": {
				"north": {"uv": [8.75, 4.125, 8.5, 4.375], "texture": "#0"},
				"east": {"uv": [8.625, 4.125, 8.75, 4.375], "texture": "#0"},
				"south": {"uv": [8.5, 4.125, 8.75, 4.375], "texture": "#0"},
				"west": {"uv": [8.5, 4.125, 8.625, 4.375], "texture": "#0"},
				"down": {"uv": [8.5, 4.25, 8.75, 4.375], "texture": "#0"}
			}
		},
		{
			"name": "at2_28",
			"from": [8.25, 11.5, 8],
			"to": [8.375, 11.75, 8.125],
			"rotation": {"angle": 0, "axis": "y", "origin": [0, 0, 8]},
			"faces": {
				"north": {"uv": [8.375, 4.25, 8.25, 4.5], "texture": "#0"},
				"east": {"uv": [8.25, 4.25, 8.375, 4.5], "texture": "#0"},
				"south": {"uv": [8.25, 4.25, 8.375, 4.5], "texture": "#0"},
				"down": {"uv": [8.25, 4.375, 8.375, 4.5], "texture": "#0"}
			}
		},
		{
			"name": "at2_29",
			"from": [6.375, 11.125, 8],
			"to": [6.5, 11.625, 8.125],
			"rotation": {"angle": 0, "axis": "y", "origin": [0, 0, 8]},
			"faces": {
				"north": {"uv": [6.5, 4.375, 6.375, 4.875], "texture": "#0"},
				"south": {"uv": [6.375, 4.375, 6.5, 4.875], "texture": "#0"},
				"west": {"uv": [6.375, 4.375, 6.5, 4.875], "texture": "#0"},
				"down": {"uv": [6.375, 4.75, 6.5, 4.875], "texture": "#0"}
			}
		},
		{
			"name": "at2_30",
			"from": [8.625, 11.5, 8],
			"to": [8.75, 11.625, 8.125],
			"rotation": {"angle": 0, "axis": "y", "origin": [0, 0, 8]},
			"faces": {
				"north": {"uv": [8.75, 4.375, 8.625, 4.5], "texture": "#0"},
				"east": {"uv": [8.625, 4.375, 8.75, 4.5], "texture": "#0"},
				"south": {"uv": [8.625, 4.375, 8.75, 4.5], "texture": "#0"},
				"west": {"uv": [8.625, 4.375, 8.75, 4.5], "texture": "#0"},
				"down": {"uv": [8.625, 4.375, 8.75, 4.5], "texture": "#0"}
			}
		},
		{
			"name": "at2_31",
			"from": [7.75, 10.375, 7.9],
			"to": [8.125, 11.5, 8.225],
			"rotation": {"angle": 0, "axis": "y", "origin": [0, 0, 8]},
			"faces": {
				"north": {"uv": [8.125, 4.5, 7.75, 5.625], "texture": "#0"},
				"east": {"uv": [8, 4.5, 8.125, 5.625], "texture": "#0"},
				"south": {"uv": [7.75, 4.5, 8.125, 5.625], "texture": "#0"},
				"west": {"uv": [7.75, 4.5, 7.875, 5.625], "texture": "#0"}
			}
		},
		{
			"name": "at2_32",
			"from": [6.5, 10.875, 8],
			"to": [6.625, 11.375, 8.125],
			"rotation": {"angle": 0, "axis": "y", "origin": [0, 0, 8]},
			"faces": {
				"north": {"uv": [6.625, 4.625, 6.5, 5.125], "texture": "#0"},
				"south": {"uv": [6.5, 4.625, 6.625, 5.125], "texture": "#0"},
				"west": {"uv": [6.5, 4.625, 6.625, 5.125], "texture": "#0"},
				"down": {"uv": [6.5, 5, 6.625, 5.125], "texture": "#0"}
			}
		},
		{
			"name": "at2_33",
			"from": [6.625, 10.75, 8],
			"to": [6.75, 11.125, 8.125],
			"rotation": {"angle": 0, "axis": "y", "origin": [0, 0, 8]},
			"faces": {
				"north": {"uv": [6.75, 4.875, 6.625, 5.25], "texture": "#0"},
				"south": {"uv": [6.625, 4.875, 6.75, 5.25], "texture": "#0"},
				"west": {"uv": [6.625, 4.875, 6.75, 5.25], "texture": "#0"},
				"down": {"uv": [6.625, 5.125, 6.75, 5.25], "texture": "#0"}
			}
		},
		{
			"name": "at2_34",
			"from": [6.75, 10.25, 8],
			"to": [6.875, 11, 8.125],
			"rotation": {"angle": 0, "axis": "y", "origin": [0, 0, 8]},
			"faces": {
				"north": {"uv": [6.875, 5, 6.75, 5.75], "texture": "#0"},
				"south": {"uv": [6.75, 5, 6.875, 5.75], "texture": "#0"},
				"west": {"uv": [6.75, 5, 6.875, 5.75], "texture": "#0"},
				"down": {"uv": [6.75, 5.625, 6.875, 5.75], "texture": "#0"}
			}
		},
		{
			"name": "at2_35",
			"from": [6.875, 10.5, 8],
			"to": [7, 10.875, 8.125],
			"rotation": {"angle": 0, "axis": "y", "origin": [0, 0, 8]},
			"faces": {
				"north": {"uv": [7, 5.125, 6.875, 5.5], "texture": "#0"},
				"south": {"uv": [6.875, 5.125, 7, 5.5], "texture": "#0"}
			}
		},
		{
			"name": "at2_36",
			"from": [6.625, 10.375, 8],
			"to": [6.75, 10.625, 8.125],
			"rotation": {"angle": 0, "axis": "y", "origin": [0, 0, 8]},
			"faces": {
				"north": {"uv": [6.75, 5.375, 6.625, 5.625], "texture": "#0"},
				"south": {"uv": [6.625, 5.375, 6.75, 5.625], "texture": "#0"},
				"west": {"uv": [6.625, 5.375, 6.75, 5.625], "texture": "#0"},
				"up": {"uv": [6.625, 5.375, 6.75, 5.5], "texture": "#0"},
				"down": {"uv": [6.625, 5.5, 6.75, 5.625], "texture": "#0"}
			}
		},
		{
			"name": "at2_37",
			"from": [6.875, 10, 8],
			"to": [7, 10.375, 8.125],
			"rotation": {"angle": 0, "axis": "y", "origin": [0, 0, 8]},
			"faces": {
				"north": {"uv": [7, 5.625, 6.875, 6], "texture": "#0"},
				"south": {"uv": [6.875, 5.625, 7, 6], "texture": "#0"},
				"west": {"uv": [6.875, 5.625, 7, 6], "texture": "#0"},
				"down": {"uv": [6.875, 5.875, 7, 6], "texture": "#0"}
			}
		},
		{
			"name": "at2_38",
			"from": [7, 9.875, 8],
			"to": [7.125, 10.25, 8.125],
			"rotation": {"angle": 0, "axis": "y", "origin": [0, 0, 8]},
			"faces": {
				"north": {"uv": [7.125, 5.75, 7, 6.125], "texture": "#0"},
				"south": {"uv": [7, 5.75, 7.125, 6.125], "texture": "#0"},
				"west": {"uv": [7, 5.75, 7.125, 6.125], "texture": "#0"},
				"down": {"uv": [7, 6, 7.125, 6.125], "texture": "#0"}
			}
		},
		{
			"name": "at2_39",
			"from": [7.75, 9.875, 7.9],
			"to": [8.125, 10.125, 8.225],
			"rotation": {"angle": 0, "axis": "y", "origin": [0, 0, 8]},
			"faces": {
				"north": {"uv": [8.125, 5.875, 7.75, 6.125], "texture": "#0"},
				"east": {"uv": [8, 5.875, 8.125, 6.125], "texture": "#0"},
				"south": {"uv": [7.75, 5.875, 8.125, 6.125], "texture": "#0"},
				"west": {"uv": [7.75, 5.875, 7.875, 6.125], "texture": "#0"}
			}
		},
		{
			"name": "at2_40",
			"from": [7.125, 9.75, 8],
			"to": [7.25, 10, 8.125],
			"rotation": {"angle": 0, "axis": "y", "origin": [0, 0, 8]},
			"faces": {
				"north": {"uv": [7.25, 6, 7.125, 6.25], "texture": "#0"},
				"south": {"uv": [7.125, 6, 7.25, 6.25], "texture": "#0"},
				"west": {"uv": [7.125, 6, 7.25, 6.25], "texture": "#0"},
				"down": {"uv": [7.125, 6.125, 7.25, 6.25], "texture": "#0"}
			}
		},
		{
			"name": "at2_41",
			"from": [7.25, 9.625, 8],
			"to": [7.375, 9.875, 8.125],
			"rotation": {"angle": 0, "axis": "y", "origin": [0, 0, 8]},
			"faces": {
				"north": {"uv": [7.375, 6.125, 7.25, 6.375], "texture": "#0"},
				"east": {"uv": [7.25, 6.125, 7.375, 6.375], "texture": "#0"},
				"south": {"uv": [7.25, 6.125, 7.375, 6.375], "texture": "#0"},
				"west": {"uv": [7.25, 6.125, 7.375, 6.375], "texture": "#0"},
				"down": {"uv": [7.25, 6.25, 7.375, 6.375], "texture": "#0"}
			}
		},
		{
			"name": "at2_42",
			"from": [7.75, 3.5, 7.9],
			"to": [8.125, 9.625, 8.225],
			"rotation": {"angle": 0, "axis": "y", "origin": [0, 0, 8]},
			"faces": {
				"north": {"uv": [8.125, 6.375, 7.75, 12.5], "texture": "#0"},
				"east": {"uv": [8, 6.375, 8.125, 12.5], "texture": "#0"},
				"south": {"uv": [7.75, 6.375, 8.125, 12.5], "texture": "#0"},
				"west": {"uv": [7.75, 6.375, 7.875, 12.5], "texture": "#0"}
			}
		},
		{
			"name": "at2_43",
			"from": [7.75, 2.625, 7.9],
			"to": [8.125, 3.25, 8.225],
			"rotation": {"angle": 0, "axis": "y", "origin": [0, 0, 8]},
			"faces": {
				"north": {"uv": [8.125, 12.75, 7.75, 13.375], "texture": "#0"},
				"east": {"uv": [8, 12.75, 8.125, 13.375], "texture": "#0"},
				"south": {"uv": [7.75, 12.75, 8.125, 13.375], "texture": "#0"},
				"west": {"uv": [7.75, 12.75, 7.875, 13.375], "texture": "#0"}
			}
		},
		{
			"name": "at2_44",
			"from": [7.75, 2.25, 7.9],
			"to": [8.125, 2.375, 8.225],
			"rotation": {"angle": 0, "axis": "y", "origin": [0, 0, 8]},
			"faces": {
				"north": {"uv": [8.125, 13.625, 7.75, 13.75], "texture": "#0"},
				"east": {"uv": [8, 13.625, 8.125, 13.75], "texture": "#0"},
				"south": {"uv": [7.75, 13.625, 8.125, 13.75], "texture": "#0"},
				"west": {"uv": [7.75, 13.625, 7.875, 13.75], "texture": "#0"}
			}
		},
		{
			"name": "at2_45",
			"from": [7.75, 1.875, 7.9],
			"to": [8.125, 2, 8.225],
			"rotation": {"angle": 0, "axis": "y", "origin": [0, 0, 8]},
			"faces": {
				"north": {"uv": [8.125, 14, 7.75, 14.125], "texture": "#0"},
				"east": {"uv": [8, 14, 8.125, 14.125], "texture": "#0"},
				"south": {"uv": [7.75, 14, 8.125, 14.125], "texture": "#0"},
				"west": {"uv": [7.75, 14, 7.875, 14.125], "texture": "#0"}
			}
		},
		{
			"name": "at2_46",
			"from": [7.75, 1.5, 7.9],
			"to": [8.125, 1.625, 8.225],
			"rotation": {"angle": 0, "axis": "y", "origin": [0, 0, 8]},
			"faces": {
				"north": {"uv": [8.125, 14.375, 7.75, 14.5], "texture": "#0"},
				"east": {"uv": [8, 14.375, 8.125, 14.5], "texture": "#0"},
				"south": {"uv": [7.75, 14.375, 8.125, 14.5], "texture": "#0"},
				"west": {"uv": [7.75, 14.375, 7.875, 14.5], "texture": "#0"}
			}
		},
		{
			"name": "at2_47",
			"from": [7.75, 0.625, 7.95],
			"to": [8.125, 1.25, 8.175],
			"rotation": {"angle": 0, "axis": "y", "origin": [0, 0, 8]},
			"faces": {
				"north": {"uv": [8.125, 14.75, 7.75, 15.375], "texture": "#0"},
				"east": {"uv": [8, 14.75, 8.125, 15.375], "texture": "#0"},
				"south": {"uv": [7.75, 14.75, 8.125, 15.375], "texture": "#0"},
				"west": {"uv": [7.75, 14.75, 7.875, 15.375], "texture": "#0"},
				"down": {"uv": [7.75, 15.25, 8.125, 15.375], "texture": "#0"}
			}
		},
		{
			"name": "at2_48",
			"from": [7.625, 0.75, 7.95],
			"to": [7.75, 1.125, 8.175],
			"rotation": {"angle": 0, "axis": "y", "origin": [0, 0, 8]},
			"faces": {
				"north": {"uv": [7.75, 14.875, 7.625, 15.25], "texture": "#0"},
				"south": {"uv": [7.625, 14.875, 7.75, 15.25], "texture": "#0"},
				"west": {"uv": [7.625, 14.875, 7.75, 15.25], "texture": "#0"},
				"up": {"uv": [7.625, 14.875, 7.75, 15], "texture": "#0"},
				"down": {"uv": [7.625, 15.125, 7.75, 15.25], "texture": "#0"}
			}
		},
		{
			"name": "at2_49",
			"from": [8.125, 0.75, 7.95],
			"to": [8.25, 1.125, 8.175],
			"rotation": {"angle": 0, "axis": "y", "origin": [0, 0, 8]},
			"faces": {
				"north": {"uv": [8.25, 14.875, 8.125, 15.25], "texture": "#0"},
				"east": {"uv": [8.125, 14.875, 8.25, 15.25], "texture": "#0"},
				"south": {"uv": [8.125, 14.875, 8.25, 15.25], "texture": "#0"},
				"up": {"uv": [8.125, 14.875, 8.25, 15], "texture": "#0"},
				"down": {"uv": [8.125, 15.125, 8.25, 15.25], "texture": "#0"}
			}
		},
		{
			"name": "at4_0",
			"from": [7.875, 13, 7.95],
			"to": [8, 14.375, 8.175],
			"rotation": {"angle": 0, "axis": "y", "origin": [0, 0, 8]},
			"faces": {
				"north": {"uv": [8, 1.625, 7.875, 3], "texture": "#0"},
				"east": {"uv": [7.875, 1.625, 8, 3], "texture": "#0"},
				"south": {"uv": [7.875, 1.625, 8, 3], "texture": "#0"},
				"west": {"uv": [7.875, 1.625, 8, 3], "texture": "#0"},
				"up": {"uv": [7.875, 1.625, 8, 1.75], "texture": "#0"},
				"down": {"uv": [7.875, 2.875, 8, 3], "texture": "#0"}
			}
		},
		{
			"name": "at4_1",
			"from": [6.5, 13.25, 7.95],
			"to": [6.75, 14.25, 8.175],
			"rotation": {"angle": 0, "axis": "y", "origin": [0, 0, 8]},
			"faces": {
				"north": {"uv": [6.75, 1.75, 6.5, 2.75], "texture": "#0"},
				"east": {"uv": [6.625, 1.75, 6.75, 2.75], "texture": "#0"},
				"south": {"uv": [6.5, 1.75, 6.75, 2.75], "texture": "#0"},
				"west": {"uv": [6.5, 1.75, 6.625, 2.75], "texture": "#0"},
				"up": {"uv": [6.5, 1.75, 6.75, 1.875], "texture": "#0"},
				"down": {"uv": [6.5, 2.625, 6.75, 2.75], "texture": "#0"}
			}
		},
		{
			"name": "at4_2",
			"from": [6.375, 13.25, 7.95],
			"to": [6.5, 14.125, 8.175],
			"rotation": {"angle": 0, "axis": "y", "origin": [0, 0, 8]},
			"faces": {
				"north": {"uv": [6.5, 1.875, 6.375, 2.75], "texture": "#0"},
				"south": {"uv": [6.375, 1.875, 6.5, 2.75], "texture": "#0"},
				"west": {"uv": [6.375, 1.875, 6.5, 2.75], "texture": "#0"},
				"up": {"uv": [6.375, 1.875, 6.5, 2], "texture": "#0"},
				"down": {"uv": [6.375, 2.625, 6.5, 2.75], "texture": "#0"}
			}
		},
		{
			"name": "at4_3",
			"from": [6.75, 11, 7.95],
			"to": [6.875, 13.875, 8.175],
			"rotation": {"angle": 0, "axis": "y", "origin": [0, 0, 8]},
			"faces": {
				"north": {"uv": [6.875, 2.125, 6.75, 5], "texture": "#0"},
				"east": {"uv": [6.75, 2.125, 6.875, 5], "texture": "#0"},
				"south": {"uv": [6.75, 2.125, 6.875, 5], "texture": "#0"},
				"west": {"uv": [6.75, 2.125, 6.875, 5], "texture": "#0"},
				"up": {"uv": [6.75, 2.125, 6.875, 2.25], "texture": "#0"},
				"down": {"uv": [6.75, 4.875, 6.875, 5], "texture": "#0"}
			}
		},
		{
			"name": "at4_4",
			"from": [6.25, 13.5, 7.95],
			"to": [6.375, 13.75, 8.175],
			"rotation": {"angle": 0, "axis": "y", "origin": [0, 0, 8]},
			"faces": {
				"north": {"uv": [6.375, 2.25, 6.25, 2.5], "texture": "#0"},
				"south": {"uv": [6.25, 2.25, 6.375, 2.5], "texture": "#0"},
				"west": {"uv": [6.25, 2.25, 6.375, 2.5], "texture": "#0"},
				"up": {"uv": [6.25, 2.25, 6.375, 2.375], "texture": "#0"},
				"down": {"uv": [6.25, 2.375, 6.375, 2.5], "texture": "#0"}
			}
		},
		{
			"name": "at4_5",
			"from": [7.75, 13.5, 7.95],
			"to": [7.875, 13.75, 8.175],
			"rotation": {"angle": 0, "axis": "y", "origin": [0, 0, 8]},
			"faces": {
				"north": {"uv": [7.875, 2.25, 7.75, 2.5], "texture": "#0"},
				"south": {"uv": [7.75, 2.25, 7.875, 2.5], "texture": "#0"},
				"west": {"uv": [7.75, 2.25, 7.875, 2.5], "texture": "#0"},
				"up": {"uv": [7.75, 2.25, 7.875, 2.375], "texture": "#0"},
				"down": {"uv": [7.75, 2.375, 7.875, 2.5], "texture": "#0"}
			}
		},
		{
			"name": "at4_6",
			"from": [6.875, 10.875, 7.95],
			"to": [7.125, 13.625, 8.175],
			"rotation": {"angle": 0, "axis": "y", "origin": [0, 0, 8]},
			"faces": {
				"north": {"uv": [7.125, 2.375, 6.875, 5.125], "texture": "#0"},
				"east": {"uv": [7, 2.375, 7.125, 5.125], "texture": "#0"},
				"south": {"uv": [6.875, 2.375, 7.125, 5.125], "texture": "#0"},
				"west": {"uv": [6.875, 2.375, 7, 5.125], "texture": "#0"},
				"up": {"uv": [6.875, 2.375, 7.125, 2.5], "texture": "#0"},
				"down": {"uv": [6.875, 5, 7.125, 5.125], "texture": "#0"}
			}
		},
		{
			"name": "at4_7",
			"from": [8, 13, 7.95],
			"to": [8.125, 13.5, 8.175],
			"rotation": {"angle": 0, "axis": "y", "origin": [0, 0, 8]},
			"faces": {
				"north": {"uv": [8.125, 2.5, 8, 3], "texture": "#0"},
				"east": {"uv": [8, 2.5, 8.125, 3], "texture": "#0"},
				"south": {"uv": [8, 2.5, 8.125, 3], "texture": "#0"},
				"up": {"uv": [8, 2.5, 8.125, 2.625], "texture": "#0"},
				"down": {"uv": [8, 2.875, 8.125, 3], "texture": "#0"}
			}
		},
		{
			"name": "at4_8",
			"from": [7.125, 10, 7.95],
			"to": [7.25, 13.375, 8.175],
			"rotation": {"angle": 0, "axis": "y", "origin": [0, 0, 8]},
			"faces": {
				"north": {"uv": [7.25, 2.625, 7.125, 6], "texture": "#0"},
				"east": {"uv": [7.125, 2.625, 7.25, 6], "texture": "#0"},
				"south": {"uv": [7.125, 2.625, 7.25, 6], "texture": "#0"},
				"west": {"uv": [7.125, 2.625, 7.25, 6], "texture": "#0"},
				"up": {"uv": [7.125, 2.625, 7.25, 2.75], "texture": "#0"},
				"down": {"uv": [7.125, 5.875, 7.25, 6], "texture": "#0"}
			}
		},
		{
			"name": "at4_9",
			"from": [6.625, 13.125, 7.95],
			"to": [6.75, 13.25, 8.175],
			"rotation": {"angle": 0, "axis": "y", "origin": [0, 0, 8]},
			"faces": {
				"north": {"uv": [6.75, 2.75, 6.625, 2.875], "texture": "#0"},
				"south": {"uv": [6.625, 2.75, 6.75, 2.875], "texture": "#0"},
				"west": {"uv": [6.625, 2.75, 6.75, 2.875], "texture": "#0"},
				"down": {"uv": [6.625, 2.75, 6.75, 2.875], "texture": "#0"}
			}
		},
		{
			"name": "at4_10",
			"from": [7.75, 13, 7.95],
			"to": [7.875, 13.25, 8.175],
			"rotation": {"angle": 0, "axis": "y", "origin": [0, 0, 8]},
			"faces": {
				"north": {"uv": [7.875, 2.75, 7.75, 3], "texture": "#0"},
				"south": {"uv": [7.75, 2.75, 7.875, 3], "texture": "#0"},
				"west": {"uv": [7.75, 2.75, 7.875, 3], "texture": "#0"},
				"up": {"uv": [7.75, 2.75, 7.875, 2.875], "texture": "#0"},
				"down": {"uv": [7.75, 2.875, 7.875, 3], "texture": "#0"}
			}
		},
		{
			"name": "at4_11",
			"from": [7.25, 10.625, 7.95],
			"to": [7.375, 13.125, 8.175],
			"rotation": {"angle": 0, "axis": "y", "origin": [0, 0, 8]},
			"faces": {
				"north": {"uv": [7.375, 2.875, 7.25, 5.375], "texture": "#0"},
				"east": {"uv": [7.25, 2.875, 7.375, 5.375], "texture": "#0"},
				"south": {"uv": [7.25, 2.875, 7.375, 5.375], "texture": "#0"},
				"up": {"uv": [7.25, 2.875, 7.375, 3], "texture": "#0"},
				"down": {"uv": [7.25, 5.25, 7.375, 5.375], "texture": "#0"}
			}
		},
		{
			"name": "at4_12",
			"from": [6.25, 12.5, 7.95],
			"to": [6.375, 13, 8.175],
			"rotation": {"angle": 0, "axis": "y", "origin": [0, 0, 8]},
			"faces": {
				"north": {"uv": [6.375, 3, 6.25, 3.5], "texture": "#0"},
				"east": {"uv": [6.25, 3, 6.375, 3.5], "texture": "#0"},
				"south": {"uv": [6.25, 3, 6.375, 3.5], "texture": "#0"},
				"west": {"uv": [6.25, 3, 6.375, 3.5], "texture": "#0"},
				"up": {"uv": [6.25, 3, 6.375, 3.125], "texture": "#0"},
				"down": {"uv": [6.25, 3.375, 6.375, 3.5], "texture": "#0"}
			}
		},
		{
			"name": "at4_13",
			"from": [7.375, 10.875, 7.95],
			"to": [7.5, 13, 8.175],
			"rotation": {"angle": 0, "axis": "y", "origin": [0, 0, 8]},
			"faces": {
				"north": {"uv": [7.5, 3, 7.375, 5.125], "texture": "#0"},
				"east": {"uv": [7.375, 3, 7.5, 5.125], "texture": "#0"},
				"south": {"uv": [7.375, 3, 7.5, 5.125], "texture": "#0"},
				"up": {"uv": [7.375, 3, 7.5, 3.125], "texture": "#0"},
				"down": {"uv": [7.375, 5, 7.5, 5.125], "texture": "#0"}
			}
		},
		{
			"name": "at4_14",
			"from": [8.625, 12, 7.95],
			"to": [8.875, 13, 8.175],
			"rotation": {"angle": 0, "axis": "y", "origin": [0, 0, 8]},
			"faces": {
				"north": {"uv": [8.875, 3, 8.625, 4], "texture": "#0"},
				"east": {"uv": [8.75, 3, 8.875, 4], "texture": "#0"},
				"south": {"uv": [8.625, 3, 8.875, 4], "texture": "#0"},
				"west": {"uv": [8.625, 3, 8.75, 4], "texture": "#0"},
				"up": {"uv": [8.625, 3, 8.875, 3.125], "texture": "#0"},
				"down": {"uv": [8.625, 3.875, 8.875, 4], "texture": "#0"}
			}
		},
		{
			"name": "at4_15",
			"from": [6.375, 12.5, 7.95],
			"to": [6.5, 12.875, 8.175],
			"rotation": {"angle": 0, "axis": "y", "origin": [0, 0, 8]},
			"faces": {
				"north": {"uv": [6.5, 3.125, 6.375, 3.5], "texture": "#0"},
				"east": {"uv": [6.375, 3.125, 6.5, 3.5], "texture": "#0"},
				"south": {"uv": [6.375, 3.125, 6.5, 3.5], "texture": "#0"},
				"up": {"uv": [6.375, 3.125, 6.5, 3.25], "texture": "#0"},
				"down": {"uv": [6.375, 3.375, 6.5, 3.5], "texture": "#0"}
			}
		},
		{
			"name": "at4_16",
			"from": [8.5, 11.875, 7.95],
			"to": [8.625, 12.875, 8.175],
			"rotation": {"angle": 0, "axis": "y", "origin": [0, 0, 8]},
			"faces": {
				"north": {"uv": [8.625, 3.125, 8.5, 4.125], "texture": "#0"},
				"south": {"uv": [8.5, 3.125, 8.625, 4.125], "texture": "#0"},
				"west": {"uv": [8.5, 3.125, 8.625, 4.125], "texture": "#0"},
				"up": {"uv": [8.5, 3.125, 8.625, 3.25], "texture": "#0"},
				"down": {"uv": [8.5, 4, 8.625, 4.125], "texture": "#0"}
			}
		},
		{
			"name": "at4_17",
			"from": [6.125, 12.625, 7.95],
			"to": [6.25, 12.75, 8.175],
			"rotation": {"angle": 0, "axis": "y", "origin": [0, 0, 8]},
			"faces": {
				"north": {"uv": [6.25, 3.25, 6.125, 3.375], "texture": "#0"},
				"south": {"uv": [6.125, 3.25, 6.25, 3.375], "texture": "#0"},
				"west": {"uv": [6.125, 3.25, 6.25, 3.375], "texture": "#0"},
				"up": {"uv": [6.125, 3.25, 6.25, 3.375], "texture": "#0"},
				"down": {"uv": [6.125, 3.25, 6.25, 3.375], "texture": "#0"}
			}
		},
		{
			"name": "at4_18",
			"from": [6.5, 12.375, 7.95],
			"to": [6.75, 12.75, 8.175],
			"rotation": {"angle": 0, "axis": "y", "origin": [0, 0, 8]},
			"faces": {
				"north": {"uv": [6.75, 3.25, 6.5, 3.625], "texture": "#0"},
				"south": {"uv": [6.5, 3.25, 6.75, 3.625], "texture": "#0"},
				"west": {"uv": [6.5, 3.25, 6.625, 3.625], "texture": "#0"},
				"up": {"uv": [6.5, 3.25, 6.75, 3.375], "texture": "#0"},
				"down": {"uv": [6.5, 3.5, 6.75, 3.625], "texture": "#0"}
			}
		},
		{
			"name": "at4_19",
			"from": [7.5, 11.125, 7.95],
			"to": [7.625, 12.75, 8.175],
			"rotation": {"angle": 0, "axis": "y", "origin": [0, 0, 8]},
			"faces": {
				"north": {"uv": [7.625, 3.25, 7.5, 4.875], "texture": "#0"},
				"east": {"uv": [7.5, 3.25, 7.625, 4.875], "texture": "#0"},
				"south": {"uv": [7.5, 3.25, 7.625, 4.875], "texture": "#0"},
				"up": {"uv": [7.5, 3.25, 7.625, 3.375], "texture": "#0"},
				"down": {"uv": [7.5, 4.75, 7.625, 4.875], "texture": "#0"}
			}
		},
		{
			"name": "at4_20",
			"from": [8.875, 12.5, 7.95],
			"to": [9, 12.75, 8.175],
			"rotation": {"angle": 0, "axis": "y", "origin": [0, 0, 8]},
			"faces": {
				"north": {"uv": [9, 3.25, 8.875, 3.5], "texture": "#0"},
				"east": {"uv": [8.875, 3.25, 9, 3.5], "texture": "#0"},
				"south": {"uv": [8.875, 3.25, 9, 3.5], "texture": "#0"},
				"up": {"uv": [8.875, 3.25, 9, 3.375], "texture": "#0"},
				"down": {"uv": [8.875, 3.375, 9, 3.5], "texture": "#0"}
			}
		},
		{
			"name": "at4_21",
			"from": [8.375, 12, 7.95],
			"to": [8.5, 12.625, 8.175],
			"rotation": {"angle": 0, "axis": "y", "origin": [0, 0, 8]},
			"faces": {
				"north": {"uv": [8.5, 3.375, 8.375, 4], "texture": "#0"},
				"south": {"uv": [8.375, 3.375, 8.5, 4], "texture": "#0"},
				"west": {"uv": [8.375, 3.375, 8.5, 4], "texture": "#0"},
				"up": {"uv": [8.375, 3.375, 8.5, 3.5], "texture": "#0"},
				"down": {"uv": [8.375, 3.875, 8.5, 4], "texture": "#0"}
			}
		},
		{
			"name": "at4_22",
			"from": [8.25, 11.75, 7.95],
			"to": [8.375, 12.5, 8.175],
			"rotation": {"angle": 0, "axis": "y", "origin": [0, 0, 8]},
			"faces": {
				"north": {"uv": [8.375, 3.5, 8.25, 4.25], "texture": "#0"},
				"east": {"uv": [8.25, 3.5, 8.375, 4.25], "texture": "#0"},
				"south": {"uv": [8.25, 3.5, 8.375, 4.25], "texture": "#0"},
				"up": {"uv": [8.25, 3.5, 8.375, 3.625], "texture": "#0"},
				"down": {"uv": [8.25, 4.125, 8.375, 4.25], "texture": "#0"}
			}
		},
		{
			"name": "at4_23",
			"from": [6.625, 12.25, 7.95],
			"to": [6.75, 12.375, 8.175],
			"rotation": {"angle": 0, "axis": "y", "origin": [0, 0, 8]},
			"faces": {
				"north": {"uv": [6.75, 3.625, 6.625, 3.75], "texture": "#0"},
				"south": {"uv": [6.625, 3.625, 6.75, 3.75], "texture": "#0"},
				"west": {"uv": [6.625, 3.625, 6.75, 3.75], "texture": "#0"},
				"down": {"uv": [6.625, 3.625, 6.75, 3.75], "texture": "#0"}
			}
		},
		{
			"name": "at4_24",
			"from": [8.875, 12.125, 7.95],
			"to": [9.375, 12.375, 8.175],
			"rotation": {"angle": 0, "axis": "y", "origin": [0, 0, 8]},
			"faces": {
				"north": {"uv": [9.375, 3.625, 8.875, 3.875], "texture": "#0"},
				"east": {"uv": [9.25, 3.625, 9.375, 3.875], "texture": "#0"},
				"south": {"uv": [8.875, 3.625, 9.375, 3.875], "texture": "#0"},
				"up": {"uv": [8.875, 3.625, 9.375, 3.75], "texture": "#0"},
				"down": {"uv": [8.875, 3.75, 9.375, 3.875], "texture": "#0"}
			}
		},
		{
			"name": "at4_25",
			"from": [9.375, 12.125, 7.95],
			"to": [9.5, 12.25, 8.175],
			"rotation": {"angle": 0, "axis": "y", "origin": [0, 0, 8]},
			"faces": {
				"north": {"uv": [9.5, 3.75, 9.375, 3.875], "texture": "#0"},
				"east": {"uv": [9.375, 3.75, 9.5, 3.875], "texture": "#0"},
				"south": {"uv": [9.375, 3.75, 9.5, 3.875], "texture": "#0"},
				"up": {"uv": [9.375, 3.75, 9.5, 3.875], "texture": "#0"},
				"down": {"uv": [9.375, 3.75, 9.5, 3.875], "texture": "#0"}
			}
		},
		{
			"name": "at4_26",
			"from": [8.875, 12, 7.95],
			"to": [9, 12.125, 8.175],
			"rotation": {"angle": 0, "axis": "y", "origin": [0, 0, 8]},
			"faces": {
				"north": {"uv": [9, 3.875, 8.875, 4], "texture": "#0"},
				"east": {"uv": [8.875, 3.875, 9, 4], "texture": "#0"},
				"south": {"uv": [8.875, 3.875, 9, 4], "texture": "#0"},
				"down": {"uv": [8.875, 3.875, 9, 4], "texture": "#0"}
			}
		},
		{
			"name": "at4_27",
			"from": [6.625, 11.125, 7.95],
			"to": [6.75, 12, 8.175],
			"rotation": {"angle": 0, "axis": "y", "origin": [0, 0, 8]},
			"faces": {
				"north": {"uv": [6.75, 4, 6.625, 4.875], "texture": "#0"},
				"south": {"uv": [6.625, 4, 6.75, 4.875], "texture": "#0"},
				"west": {"uv": [6.625, 4, 6.75, 4.875], "texture": "#0"},
				"up": {"uv": [6.625, 4, 6.75, 4.125], "texture": "#0"},
				"down": {"uv": [6.625, 4.75, 6.75, 4.875], "texture": "#0"}
			}
		},
		{
			"name": "at4_28",
			"from": [8.625, 11.875, 7.95],
			"to": [8.75, 12, 8.175],
			"rotation": {"angle": 0, "axis": "y", "origin": [0, 0, 8]},
			"faces": {
				"north": {"uv": [8.75, 4, 8.625, 4.125], "texture": "#0"},
				"east": {"uv": [8.625, 4, 8.75, 4.125], "texture": "#0"},
				"south": {"uv": [8.625, 4, 8.75, 4.125], "texture": "#0"},
				"down": {"uv": [8.625, 4, 8.75, 4.125], "texture": "#0"}
			}
		},
		{
			"name": "at4_29",
			"from": [6.375, 11.625, 7.95],
			"to": [6.625, 11.875, 8.175],
			"rotation": {"angle": 0, "axis": "y", "origin": [0, 0, 8]},
			"faces": {
				"north": {"uv": [6.625, 4.125, 6.375, 4.375], "texture": "#0"},
				"south": {"uv": [6.375, 4.125, 6.625, 4.375], "texture": "#0"},
				"west": {"uv": [6.375, 4.125, 6.5, 4.375], "texture": "#0"},
				"up": {"uv": [6.375, 4.125, 6.625, 4.25], "texture": "#0"},
				"down": {"uv": [6.375, 4.25, 6.625, 4.375], "texture": "#0"}
			}
		},
		{
			"name": "at4_30",
			"from": [6.5, 11.375, 7.95],
			"to": [6.625, 11.625, 8.175],
			"rotation": {"angle": 0, "axis": "y", "origin": [0, 0, 8]},
			"faces": {
				"north": {"uv": [6.625, 4.375, 6.5, 4.625], "texture": "#0"},
				"south": {"uv": [6.5, 4.375, 6.625, 4.625], "texture": "#0"},
				"west": {"uv": [6.5, 4.375, 6.625, 4.625], "texture": "#0"},
				"down": {"uv": [6.5, 4.5, 6.625, 4.625], "texture": "#0"}
			}
		},
		{
			"name": "at4_31",
			"from": [7, 10.25, 7.95],
			"to": [7.125, 10.875, 8.175],
			"rotation": {"angle": 0, "axis": "y", "origin": [0, 0, 8]},
			"faces": {
				"north": {"uv": [7.125, 5.125, 7, 5.75], "texture": "#0"},
				"south": {"uv": [7, 5.125, 7.125, 5.75], "texture": "#0"},
				"west": {"uv": [7, 5.125, 7.125, 5.75], "texture": "#0"},
				"down": {"uv": [7, 5.625, 7.125, 5.75], "texture": "#0"}
			}
		},
		{
			"name": "at4_32",
			"from": [6.875, 10.375, 7.95],
			"to": [7, 10.5, 8.175],
			"rotation": {"angle": 0, "axis": "y", "origin": [0, 0, 8]},
			"faces": {
				"north": {"uv": [7, 5.5, 6.875, 5.625], "texture": "#0"},
				"south": {"uv": [6.875, 5.5, 7, 5.625], "texture": "#0"},
				"west": {"uv": [6.875, 5.5, 7, 5.625], "texture": "#0"},
				"up": {"uv": [6.875, 5.5, 7, 5.625], "texture": "#0"},
				"down": {"uv": [6.875, 5.5, 7, 5.625], "texture": "#0"}
			}
		},
		{
			"name": "at4_33",
			"from": [7.25, 9.875, 7.95],
			"to": [7.375, 10.125, 8.175],
			"rotation": {"angle": 0, "axis": "y", "origin": [0, 0, 8]},
			"faces": {
				"north": {"uv": [7.375, 5.875, 7.25, 6.125], "texture": "#0"},
				"east": {"uv": [7.25, 5.875, 7.375, 6.125], "texture": "#0"},
				"south": {"uv": [7.25, 5.875, 7.375, 6.125], "texture": "#0"},
				"west": {"uv": [7.25, 5.875, 7.375, 6.125], "texture": "#0"},
				"up": {"uv": [7.25, 5.875, 7.375, 6], "texture": "#0"},
				"down": {"uv": [7.25, 6, 7.375, 6.125], "texture": "#0"}
			}
		},
		{
			"name": "at1_0",
			"from": [7.875, 14.375, 8],
			"to": [8, 15.5, 8.125],
			"rotation": {"angle": 0, "axis": "y", "origin": [0, 0, 8]},
			"faces": {
				"north": {"uv": [8, 0.5, 7.875, 1.625], "texture": "#0"},
				"east": {"uv": [7.875, 0.5, 8, 1.625], "texture": "#0"},
				"south": {"uv": [7.875, 0.5, 8, 1.625], "texture": "#0"},
				"west": {"uv": [7.875, 0.5, 8, 1.625], "texture": "#0"},
				"up": {"uv": [7.875, 0.5, 8, 0.625], "texture": "#0"}
			}
		},
		{
			"name": "at1_1",
			"from": [7.75, 13.75, 8],
			"to": [7.875, 15.125, 8.125],
			"rotation": {"angle": 0, "axis": "y", "origin": [0, 0, 8]},
			"faces": {
				"north": {"uv": [7.875, 0.875, 7.75, 2.25], "texture": "#0"},
				"south": {"uv": [7.75, 0.875, 7.875, 2.25], "texture": "#0"},
				"west": {"uv": [7.75, 0.875, 7.875, 2.25], "texture": "#0"},
				"up": {"uv": [7.75, 0.875, 7.875, 1], "texture": "#0"}
			}
		},
		{
			"name": "at1_2",
			"from": [8, 13.5, 8],
			"to": [8.125, 14.875, 8.125],
			"rotation": {"angle": 0, "axis": "y", "origin": [0, 0, 8]},
			"faces": {
				"north": {"uv": [8.125, 1.125, 8, 2.5], "texture": "#0"},
				"east": {"uv": [8, 1.125, 8.125, 2.5], "texture": "#0"},
				"south": {"uv": [8, 1.125, 8.125, 2.5], "texture": "#0"},
				"up": {"uv": [8, 1.125, 8.125, 1.25], "texture": "#0"}
			}
		},
		{
			"name": "at1_3",
			"from": [7.625, 13, 8],
			"to": [7.75, 14.25, 8.125],
			"rotation": {"angle": 0, "axis": "y", "origin": [0, 0, 8]},
			"faces": {
				"north": {"uv": [7.75, 1.75, 7.625, 3], "texture": "#0"},
				"south": {"uv": [7.625, 1.75, 7.75, 3], "texture": "#0"},
				"west": {"uv": [7.625, 1.75, 7.75, 3], "texture": "#0"},
				"up": {"uv": [7.625, 1.75, 7.75, 1.875], "texture": "#0"},
				"down": {"uv": [7.625, 2.875, 7.75, 3], "texture": "#0"}
			}
		},
		{
			"name": "at1_4",
			"from": [8.125, 13, 8],
			"to": [8.25, 13.625, 8.125],
			"rotation": {"angle": 0, "axis": "y", "origin": [0, 0, 8]},
			"faces": {
				"north": {"uv": [8.25, 2.375, 8.125, 3], "texture": "#0"},
				"east": {"uv": [8.125, 2.375, 8.25, 3], "texture": "#0"},
				"south": {"uv": [8.125, 2.375, 8.25, 3], "texture": "#0"},
				"up": {"uv": [8.125, 2.375, 8.25, 2.5], "texture": "#0"},
				"down": {"uv": [8.125, 2.875, 8.25, 3], "texture": "#0"}
			}
		},
		{
			"name": "at1_5",
			"from": [7.5, 13.125, 8],
			"to": [7.625, 13.5, 8.125],
			"rotation": {"angle": 0, "axis": "y", "origin": [0, 0, 8]},
			"faces": {
				"north": {"uv": [7.625, 2.5, 7.5, 2.875], "texture": "#0"},
				"south": {"uv": [7.5, 2.5, 7.625, 2.875], "texture": "#0"},
				"west": {"uv": [7.5, 2.5, 7.625, 2.875], "texture": "#0"},
				"up": {"uv": [7.5, 2.5, 7.625, 2.625], "texture": "#0"},
				"down": {"uv": [7.5, 2.75, 7.625, 2.875], "texture": "#0"}
			}
		},
		{
			"name": "at1_6",
			"from": [7.75, 13.25, 8],
			"to": [7.875, 13.5, 8.125],
			"rotation": {"angle": 0, "axis": "y", "origin": [0, 0, 8]},
			"faces": {
				"north": {"uv": [7.875, 2.5, 7.75, 2.75], "texture": "#0"},
				"south": {"uv": [7.75, 2.5, 7.875, 2.75], "texture": "#0"}
			}
		},
		{
			"name": "at1_7",
			"from": [8.25, 13.125, 8],
			"to": [8.375, 13.375, 8.125],
			"rotation": {"angle": 0, "axis": "y", "origin": [0, 0, 8]},
			"faces": {
				"north": {"uv": [8.375, 2.625, 8.25, 2.875], "texture": "#0"},
				"east": {"uv": [8.25, 2.625, 8.375, 2.875], "texture": "#0"},
				"south": {"uv": [8.25, 2.625, 8.375, 2.875], "texture": "#0"},
				"up": {"uv": [8.25, 2.625, 8.375, 2.75], "texture": "#0"},
				"down": {"uv": [8.25, 2.75, 8.375, 2.875], "texture": "#0"}
			}
		},
		{
			"name": "at1_8",
			"from": [7.625, 11.5, 7.8],
			"to": [8.25, 12.75, 8.325],
			"rotation": {"angle": 0, "axis": "y", "origin": [0, 0, 8]},
			"faces": {
				"north": {"uv": [8.25, 3.25, 7.625, 4.5], "texture": "#0"},
				"east": {"uv": [8.125, 3.25, 8.25, 4.5], "texture": "#0"},
				"south": {"uv": [7.625, 3.25, 8.25, 4.5], "texture": "#0"},
				"west": {"uv": [7.625, 3.25, 7.75, 4.5], "texture": "#0"},
				"up": {"uv": [7.625, 3.25, 8.25, 3.375], "texture": "#0"},
				"down": {"uv": [7.625, 4.375, 8.25, 4.5], "texture": "#0"}
			}
		},
		{
			"name": "at1_9",
			"from": [7.625, 10.125, 7.8],
			"to": [8.25, 10.375, 8.325],
			"rotation": {"angle": 0, "axis": "y", "origin": [0, 0, 8]},
			"faces": {
				"north": {"uv": [8.25, 5.625, 7.625, 5.875], "texture": "#0"},
				"east": {"uv": [8.125, 5.625, 8.25, 5.875], "texture": "#0"},
				"south": {"uv": [7.625, 5.625, 8.25, 5.875], "texture": "#0"},
				"west": {"uv": [7.625, 5.625, 7.75, 5.875], "texture": "#0"},
				"up": {"uv": [7.625, 5.625, 8.25, 5.75], "texture": "#0"},
				"down": {"uv": [7.625, 5.75, 8.25, 5.875], "texture": "#0"}
			}
		},
		{
			"name": "at1_10",
			"from": [7.625, 9.625, 7.8],
			"to": [8.25, 9.875, 8.325],
			"rotation": {"angle": 0, "axis": "y", "origin": [0, 0, 8]},
			"faces": {
				"north": {"uv": [8.25, 6.125, 7.625, 6.375], "texture": "#0"},
				"east": {"uv": [8.125, 6.125, 8.25, 6.375], "texture": "#0"},
				"south": {"uv": [7.625, 6.125, 8.25, 6.375], "texture": "#0"},
				"west": {"uv": [7.625, 6.125, 7.75, 6.375], "texture": "#0"},
				"up": {"uv": [7.625, 6.125, 8.25, 6.25], "texture": "#0"},
				"down": {"uv": [7.625, 6.25, 8.25, 6.375], "texture": "#0"}
			}
		},
		{
			"name": "at1_11",
			"from": [7.625, 3.25, 7.8],
			"to": [8.25, 3.5, 8.325],
			"rotation": {"angle": 0, "axis": "y", "origin": [0, 0, 8]},
			"faces": {
				"north": {"uv": [8.25, 12.5, 7.625, 12.75], "texture": "#0"},
				"east": {"uv": [8.125, 12.5, 8.25, 12.75], "texture": "#0"},
				"south": {"uv": [7.625, 12.5, 8.25, 12.75], "texture": "#0"},
				"west": {"uv": [7.625, 12.5, 7.75, 12.75], "texture": "#0"},
				"up": {"uv": [7.625, 12.5, 8.25, 12.625], "texture": "#0"},
				"down": {"uv": [7.625, 12.625, 8.25, 12.75], "texture": "#0"}
			}
		},
		{
			"name": "at1_12",
			"from": [7.625, 2.375, 7.8],
			"to": [8.25, 2.625, 8.325],
			"rotation": {"angle": 0, "axis": "y", "origin": [0, 0, 8]},
			"faces": {
				"north": {"uv": [8.25, 13.375, 7.625, 13.625], "texture": "#0"},
				"east": {"uv": [8.125, 13.375, 8.25, 13.625], "texture": "#0"},
				"south": {"uv": [7.625, 13.375, 8.25, 13.625], "texture": "#0"},
				"west": {"uv": [7.625, 13.375, 7.75, 13.625], "texture": "#0"},
				"up": {"uv": [7.625, 13.375, 8.25, 13.5], "texture": "#0"},
				"down": {"uv": [7.625, 13.5, 8.25, 13.625], "texture": "#0"}
			}
		},
		{
			"name": "at1_13",
			"from": [7.625, 2, 7.8],
			"to": [8.25, 2.25, 8.325],
			"rotation": {"angle": 0, "axis": "y", "origin": [0, 0, 8]},
			"faces": {
				"north": {"uv": [8.25, 13.75, 7.625, 14], "texture": "#0"},
				"east": {"uv": [8.125, 13.75, 8.25, 14], "texture": "#0"},
				"south": {"uv": [7.625, 13.75, 8.25, 14], "texture": "#0"},
				"west": {"uv": [7.625, 13.75, 7.75, 14], "texture": "#0"},
				"up": {"uv": [7.625, 13.75, 8.25, 13.875], "texture": "#0"},
				"down": {"uv": [7.625, 13.875, 8.25, 14], "texture": "#0"}
			}
		},
		{
			"name": "at1_14",
			"from": [7.625, 1.625, 7.8],
			"to": [8.25, 1.875, 8.325],
			"rotation": {"angle": 0, "axis": "y", "origin": [0, 0, 8]},
			"faces": {
				"north": {"uv": [8.25, 14.125, 7.625, 14.375], "texture": "#0"},
				"east": {"uv": [8.125, 14.125, 8.25, 14.375], "texture": "#0"},
				"south": {"uv": [7.625, 14.125, 8.25, 14.375], "texture": "#0"},
				"west": {"uv": [7.625, 14.125, 7.75, 14.375], "texture": "#0"},
				"up": {"uv": [7.625, 14.125, 8.25, 14.25], "texture": "#0"},
				"down": {"uv": [7.625, 14.25, 8.25, 14.375], "texture": "#0"}
			}
		},
		{
			"name": "at1_15",
			"from": [7.625, 1.25, 7.8],
			"to": [8.25, 1.5, 8.325],
			"rotation": {"angle": 0, "axis": "y", "origin": [0, 0, 8]},
			"faces": {
				"north": {"uv": [8.25, 14.5, 7.625, 14.75], "texture": "#0"},
				"east": {"uv": [8.125, 14.5, 8.25, 14.75], "texture": "#0"},
				"south": {"uv": [7.625, 14.5, 8.25, 14.75], "texture": "#0"},
				"west": {"uv": [7.625, 14.5, 7.75, 14.75], "texture": "#0"},
				"up": {"uv": [7.625, 14.5, 8.25, 14.625], "texture": "#0"},
				"down": {"uv": [7.625, 14.625, 8.25, 14.75], "texture": "#0"}
			}
		},
		{
			"from": [4, 7.8, 8.075],
			"to": [10, 13.8, 8.075],
			"rotation": {"angle": 0, "axis": "y", "origin": [5, 8.8, 8.1]},
			"faces": {
				"north": {"uv": [16, 0, 5.66667, 10], "texture": "#1"},
				"south": {"uv": [5.66667, 0, 16, 10], "texture": "#1"}
			}
		}
	],
	"gui_light": "front",
	"display": {
		"thirdperson_righthand": {
			"rotation": [0, -90, 0],
			"translation": [-0.25, 4.75, 1.75],
			"scale": [3.3, 3.3, 3.2]
		},
		"thirdperson_lefthand": {
			"rotation": [0, 90, 0],
			"translation": [-0.25, 4.75, 1.75],
			"scale": [3.3, 3.3, 3.2]
		},
		"firstperson_righthand": {
			"rotation": [8, -90, 0],
			"translation": [0, 4, 1.75],
			"scale": [1.8, 1.8, 1.8]
		},
		"firstperson_lefthand": {
			"rotation": [8, 90, 0],
			"translation": [0, 3.5, 1.75],
			"scale": [1.8, 1.8, 1.8]
		},
		"ground": {
			"translation": [0, 7, 0],
			"scale": [2, 2, 2]
		},
		"gui": {
			"rotation": [0, 0, -43],
			"translation": [0.75, 0.25, 0],
			"scale": [2, 2, 2]
		},
		"head": {
			"rotation": [0, 0, 34],
			"translation": [-1.5, -16.75, 3.75],
			"scale": [4, 4, 4]
		},
		"fixed": {
			"rotation": [0, 180, -42],
			"translation": [-3.5, 3.25, -0.5],
			"scale": [3.8, 3.8, 3.4]
		}
	},
	"groups": [
		{
			"name": "at2",
			"origin": [8, 8, 8],
			"color": 0,
			"children": [
				0,
				1,
				2,
				3,
				4,
				5,
				6,
				7,
				8,
				9,
				10,
				11,
				12,
				13,
				14,
				15,
				16,
				17,
				18,
				19,
				20,
				21,
				22,
				23,
				24,
				25,
				26,
				27,
				28,
				29,
				30,
				31,
				32,
				33,
				34,
				35,
				36,
				37,
				38,
				39,
				40,
				41,
				42,
				43,
				44,
				45,
				46,
				47,
				48,
				49
			]
		},
		{
			"name": "at4",
			"origin": [8, 8, 8],
			"color": 0,
			"children": [50, 51, 52, 53, 54, 55, 56, 57, 58, 59, 60, 61, 62, 63, 64, 65, 66, 67, 68, 69, 70, 71, 72, 73, 74, 75, 76, 77, 78, 79, 80, 81, 82, 83]
		},
		{
			"name": "at1",
			"origin": [8, 8, 8],
			"color": 0,
			"children": [84, 85, 86, 87, 88, 89, 90, 91, 92, 93, 94, 95, 96, 97, 98, 99]
		},
		100
	]
}