{
	"credit": "Made with Blockbench",
	"textures": {
		"0": "item/diamond_axe/demonlordgreataxe",
		"particle": "item/diamond_axe/demonlordgreataxe"
	},
	"elements": [
		{
			"name": "demonlordgreataxe_0",
			"from": [8.125, 13.625, 8],
			"to": [8.25, 14.375, 8.125],
			"faces": {
				"north": {"uv": [8.25, 0.875, 8.125, 1.625], "texture": "#0"},
				"east": {"uv": [8.125, 0.875, 8.25, 1.625], "texture": "#0"},
				"south": {"uv": [8.125, 0.875, 8.25, 1.625], "texture": "#0"},
				"west": {"uv": [8.125, 0.875, 8.25, 1.625], "texture": "#0"},
				"up": {"uv": [8.125, 0.875, 8.25, 1], "texture": "#0"},
				"down": {"uv": [8.125, 1.5, 8.25, 1.625], "texture": "#0"}
			}
		},
		{
			"name": "demonlordgreataxe_1",
			"from": [7.125, 14.75, 8],
			"to": [7.375, 15, 8.125],
			"faces": {
				"north": {"uv": [6.625, 1, 6.375, 1.25], "texture": "#0"},
				"east": {"uv": [6.5, 1, 6.625, 1.25], "texture": "#0"},
				"south": {"uv": [6.375, 1, 6.625, 1.25], "texture": "#0"},
				"west": {"uv": [6.375, 1, 6.5, 1.25], "texture": "#0"},
				"up": {"uv": [6.375, 1, 6.625, 1.125], "texture": "#0"},
				"down": {"uv": [6.375, 1.125, 6.625, 1.25], "texture": "#0"}
			}
		},
		{
			"name": "demonlordgreataxe_2",
			"from": [7.375, 14.875, 8],
			"to": [7.5, 15, 8.125],
			"faces": {
				"north": {"uv": [6.75, 1, 6.625, 1.125], "texture": "#0"},
				"east": {"uv": [6.625, 1, 6.75, 1.125], "texture": "#0"},
				"south": {"uv": [6.625, 1, 6.75, 1.125], "texture": "#0"},
				"west": {"uv": [6.625, 1, 6.75, 1.125], "texture": "#0"},
				"up": {"uv": [6.625, 1, 6.75, 1.125], "texture": "#0"},
				"down": {"uv": [6.625, 1, 6.75, 1.125], "texture": "#0"}
			}
		},
		{
			"name": "demonlordgreataxe_3",
			"from": [6.75, 14.5, 8],
			"to": [7.125, 14.875, 8.125],
			"faces": {
				"north": {"uv": [6.375, 1.125, 6, 1.5], "texture": "#0"},
				"east": {"uv": [6.25, 1.125, 6.375, 1.5], "texture": "#0"},
				"south": {"uv": [6, 1.125, 6.375, 1.5], "texture": "#0"},
				"west": {"uv": [6, 1.125, 6.125, 1.5], "texture": "#0"},
				"up": {"uv": [6, 1.125, 6.375, 1.25], "texture": "#0"},
				"down": {"uv": [6, 1.375, 6.375, 1.5], "texture": "#0"}
			}
		},
		{
			"name": "demonlordgreataxe_4",
			"from": [6.625, 13.75, 8],
			"to": [6.75, 14.75, 8.125],
			"faces": {
				"north": {"uv": [6, 1.25, 5.875, 2.25], "texture": "#0"},
				"east": {"uv": [5.875, 1.25, 6, 2.25], "texture": "#0"},
				"south": {"uv": [5.875, 1.25, 6, 2.25], "texture": "#0"},
				"west": {"uv": [5.875, 1.25, 6, 2.25], "texture": "#0"},
				"up": {"uv": [5.875, 1.25, 6, 1.375], "texture": "#0"},
				"down": {"uv": [5.875, 2.125, 6, 2.25], "texture": "#0"}
			}
		},
		{
			"name": "demonlordgreataxe_5",
			"from": [7.125, 14.625, 8],
			"to": [7.25, 14.75, 8.125],
			"faces": {
				"north": {"uv": [6.5, 1.25, 6.375, 1.375], "texture": "#0"},
				"east": {"uv": [6.375, 1.25, 6.5, 1.375], "texture": "#0"},
				"south": {"uv": [6.375, 1.25, 6.5, 1.375], "texture": "#0"},
				"west": {"uv": [6.375, 1.25, 6.5, 1.375], "texture": "#0"},
				"up": {"uv": [6.375, 1.25, 6.5, 1.375], "texture": "#0"},
				"down": {"uv": [6.375, 1.25, 6.5, 1.375], "texture": "#0"}
			}
		},
		{
			"name": "demonlordgreataxe_6",
			"from": [8, 13.125, 8],
			"to": [8.125, 14, 8.125],
			"faces": {
				"north": {"uv": [8.125, 1.25, 8, 2.125], "texture": "#0"},
				"east": {"uv": [8, 1.25, 8.125, 2.125], "texture": "#0"},
				"south": {"uv": [8, 1.25, 8.125, 2.125], "texture": "#0"},
				"west": {"uv": [8, 1.25, 8.125, 2.125], "texture": "#0"},
				"up": {"uv": [8, 1.25, 8.125, 1.375], "texture": "#0"},
				"down": {"uv": [8, 2, 8.125, 2.125], "texture": "#0"}
			}
		},
		{
			"name": "demonlordgreataxe_7",
			"from": [8.25, 13.125, 8],
			"to": [8.375, 14, 8.125],
			"faces": {
				"north": {"uv": [8.375, 1.25, 8.25, 2.125], "texture": "#0"},
				"east": {"uv": [8.25, 1.25, 8.375, 2.125], "texture": "#0"},
				"south": {"uv": [8.25, 1.25, 8.375, 2.125], "texture": "#0"},
				"west": {"uv": [8.25, 1.25, 8.375, 2.125], "texture": "#0"},
				"up": {"uv": [8.25, 1.25, 8.375, 1.375], "texture": "#0"},
				"down": {"uv": [8.25, 2, 8.375, 2.125], "texture": "#0"}
			}
		},
		{
			"name": "demonlordgreataxe_8",
			"from": [6.5, 13.625, 8],
			"to": [6.625, 14.625, 8.125],
			"faces": {
				"north": {"uv": [5.875, 1.375, 5.75, 2.375], "texture": "#0"},
				"east": {"uv": [5.75, 1.375, 5.875, 2.375], "texture": "#0"},
				"south": {"uv": [5.75, 1.375, 5.875, 2.375], "texture": "#0"},
				"west": {"uv": [5.75, 1.375, 5.875, 2.375], "texture": "#0"},
				"up": {"uv": [5.75, 1.375, 5.875, 1.5], "texture": "#0"},
				"down": {"uv": [5.75, 2.25, 5.875, 2.375], "texture": "#0"}
			}
		},
		{
			"name": "demonlordgreataxe_9",
			"from": [6.375, 13.5, 8],
			"to": [6.5, 14.5, 8.125],
			"faces": {
				"north": {"uv": [5.75, 1.5, 5.625, 2.5], "texture": "#0"},
				"east": {"uv": [5.625, 1.5, 5.75, 2.5], "texture": "#0"},
				"south": {"uv": [5.625, 1.5, 5.75, 2.5], "texture": "#0"},
				"west": {"uv": [5.625, 1.5, 5.75, 2.5], "texture": "#0"},
				"up": {"uv": [5.625, 1.5, 5.75, 1.625], "texture": "#0"},
				"down": {"uv": [5.625, 2.375, 5.75, 2.5], "texture": "#0"}
			}
		},
		{
			"name": "demonlordgreataxe_10",
			"from": [6.75, 13.875, 8],
			"to": [7, 14.5, 8.125],
			"faces": {
				"north": {"uv": [6.25, 1.5, 6, 2.125], "texture": "#0"},
				"east": {"uv": [6.125, 1.5, 6.25, 2.125], "texture": "#0"},
				"south": {"uv": [6, 1.5, 6.25, 2.125], "texture": "#0"},
				"west": {"uv": [6, 1.5, 6.125, 2.125], "texture": "#0"},
				"up": {"uv": [6, 1.5, 6.25, 1.625], "texture": "#0"},
				"down": {"uv": [6, 2, 6.25, 2.125], "texture": "#0"}
			}
		},
		{
			"name": "demonlordgreataxe_11",
			"from": [6.25, 13.25, 8],
			"to": [6.375, 14.375, 8.125],
			"faces": {
				"north": {"uv": [5.625, 1.625, 5.5, 2.75], "texture": "#0"},
				"east": {"uv": [5.5, 1.625, 5.625, 2.75], "texture": "#0"},
				"south": {"uv": [5.5, 1.625, 5.625, 2.75], "texture": "#0"},
				"west": {"uv": [5.5, 1.625, 5.625, 2.75], "texture": "#0"},
				"up": {"uv": [5.5, 1.625, 5.625, 1.75], "texture": "#0"},
				"down": {"uv": [5.5, 2.625, 5.625, 2.75], "texture": "#0"}
			}
		},
		{
			"name": "demonlordgreataxe_12",
			"from": [7.875, 13.125, 8],
			"to": [8, 13.625, 8.125],
			"faces": {
				"north": {"uv": [8, 1.625, 7.875, 2.125], "texture": "#0"},
				"east": {"uv": [7.875, 1.625, 8, 2.125], "texture": "#0"},
				"south": {"uv": [7.875, 1.625, 8, 2.125], "texture": "#0"},
				"west": {"uv": [7.875, 1.625, 8, 2.125], "texture": "#0"},
				"up": {"uv": [7.875, 1.625, 8, 1.75], "texture": "#0"},
				"down": {"uv": [7.875, 2, 8, 2.125], "texture": "#0"}
			}
		},
		{
			"name": "demonlordgreataxe_13",
			"from": [8.375, 13.125, 8],
			"to": [8.5, 13.625, 8.125],
			"faces": {
				"north": {"uv": [8.5, 1.625, 8.375, 2.125], "texture": "#0"},
				"east": {"uv": [8.375, 1.625, 8.5, 2.125], "texture": "#0"},
				"south": {"uv": [8.375, 1.625, 8.5, 2.125], "texture": "#0"},
				"west": {"uv": [8.375, 1.625, 8.5, 2.125], "texture": "#0"},
				"up": {"uv": [8.375, 1.625, 8.5, 1.75], "texture": "#0"},
				"down": {"uv": [8.375, 2, 8.5, 2.125], "texture": "#0"}
			}
		},
		{
			"name": "demonlordgreataxe_14",
			"from": [6.125, 13.125, 8],
			"to": [6.25, 14.25, 8.125],
			"faces": {
				"north": {"uv": [5.5, 1.75, 5.375, 2.875], "texture": "#0"},
				"east": {"uv": [5.375, 1.75, 5.5, 2.875], "texture": "#0"},
				"south": {"uv": [5.375, 1.75, 5.5, 2.875], "texture": "#0"},
				"west": {"uv": [5.375, 1.75, 5.5, 2.875], "texture": "#0"},
				"up": {"uv": [5.375, 1.75, 5.5, 1.875], "texture": "#0"},
				"down": {"uv": [5.375, 2.75, 5.5, 2.875], "texture": "#0"}
			}
		},
		{
			"name": "demonlordgreataxe_15",
			"from": [7.25, 14, 7.95],
			"to": [7.5, 14.25, 8.175],
			"faces": {
				"north": {"uv": [7.25, 1.75, 7, 2], "texture": "#0"},
				"east": {"uv": [7.125, 1.75, 7.25, 2], "texture": "#0"},
				"south": {"uv": [7, 1.75, 7.25, 2], "texture": "#0"},
				"west": {"uv": [7, 1.75, 7.125, 2], "texture": "#0"},
				"up": {"uv": [7, 1.75, 7.25, 1.875], "texture": "#0"},
				"down": {"uv": [7, 1.875, 7.25, 2], "texture": "#0"}
			}
		},
		{
			"name": "demonlordgreataxe_16",
			"from": [6, 12.875, 8],
			"to": [6.125, 14.125, 8.125],
			"faces": {
				"north": {"uv": [5.375, 1.875, 5.25, 3.125], "texture": "#0"},
				"east": {"uv": [5.25, 1.875, 5.375, 3.125], "texture": "#0"},
				"south": {"uv": [5.25, 1.875, 5.375, 3.125], "texture": "#0"},
				"west": {"uv": [5.25, 1.875, 5.375, 3.125], "texture": "#0"},
				"up": {"uv": [5.25, 1.875, 5.375, 2], "texture": "#0"},
				"down": {"uv": [5.25, 3, 5.375, 3.125], "texture": "#0"}
			}
		},
		{
			"name": "demonlordgreataxe_17",
			"from": [7, 13.375, 7.95],
			"to": [7.25, 14.125, 8.175],
			"faces": {
				"north": {"uv": [7, 1.875, 6.75, 2.625], "texture": "#0"},
				"east": {"uv": [6.875, 1.875, 7, 2.625], "texture": "#0"},
				"south": {"uv": [6.75, 1.875, 7, 2.625], "texture": "#0"},
				"west": {"uv": [6.75, 1.875, 6.875, 2.625], "texture": "#0"},
				"up": {"uv": [6.75, 1.875, 7, 2], "texture": "#0"},
				"down": {"uv": [6.75, 2.5, 7, 2.625], "texture": "#0"}
			}
		},
		{
			"name": "demonlordgreataxe_18",
			"from": [5.875, 12.25, 8],
			"to": [6, 14, 8.125],
			"faces": {
				"north": {"uv": [5.25, 2, 5.125, 3.75], "texture": "#0"},
				"east": {"uv": [5.125, 2, 5.25, 3.75], "texture": "#0"},
				"south": {"uv": [5.125, 2, 5.25, 3.75], "texture": "#0"},
				"west": {"uv": [5.125, 2, 5.25, 3.75], "texture": "#0"},
				"up": {"uv": [5.125, 2, 5.25, 2.125], "texture": "#0"},
				"down": {"uv": [5.125, 3.625, 5.25, 3.75], "texture": "#0"}
			}
		},
		{
			"name": "demonlordgreataxe_19",
			"from": [7.25, 13.625, 7.95],
			"to": [7.375, 14, 8.175],
			"faces": {
				"north": {"uv": [7.125, 2, 7, 2.375], "texture": "#0"},
				"east": {"uv": [7, 2, 7.125, 2.375], "texture": "#0"},
				"south": {"uv": [7, 2, 7.125, 2.375], "texture": "#0"},
				"west": {"uv": [7, 2, 7.125, 2.375], "texture": "#0"},
				"up": {"uv": [7, 2, 7.125, 2.125], "texture": "#0"},
				"down": {"uv": [7, 2.25, 7.125, 2.375], "texture": "#0"}
			}
		},
		{
			"name": "demonlordgreataxe_20",
			"from": [7.75, 13.125, 8],
			"to": [7.875, 13.25, 8.125],
			"faces": {
				"north": {"uv": [7.875, 2, 7.75, 2.125], "texture": "#0"},
				"east": {"uv": [7.75, 2, 7.875, 2.125], "texture": "#0"},
				"south": {"uv": [7.75, 2, 7.875, 2.125], "texture": "#0"},
				"west": {"uv": [7.75, 2, 7.875, 2.125], "texture": "#0"},
				"up": {"uv": [7.75, 2, 7.875, 2.125], "texture": "#0"},
				"down": {"uv": [7.75, 2, 7.875, 2.125], "texture": "#0"}
			}
		},
		{
			"name": "demonlordgreataxe_21",
			"from": [8.5, 13.125, 8],
			"to": [8.625, 13.25, 8.125],
			"faces": {
				"north": {"uv": [8.625, 2, 8.5, 2.125], "texture": "#0"},
				"east": {"uv": [8.5, 2, 8.625, 2.125], "texture": "#0"},
				"south": {"uv": [8.5, 2, 8.625, 2.125], "texture": "#0"},
				"west": {"uv": [8.5, 2, 8.625, 2.125], "texture": "#0"},
				"up": {"uv": [8.5, 2, 8.625, 2.125], "texture": "#0"},
				"down": {"uv": [8.5, 2, 8.625, 2.125], "texture": "#0"}
			}
		},
		{
			"name": "demonlordgreataxe_22",
			"from": [5.75, 10, 8],
			"to": [5.875, 13.875, 8.125],
			"faces": {
				"north": {"uv": [5.125, 2.125, 5, 6], "texture": "#0"},
				"east": {"uv": [5, 2.125, 5.125, 6], "texture": "#0"},
				"south": {"uv": [5, 2.125, 5.125, 6], "texture": "#0"},
				"west": {"uv": [5, 2.125, 5.125, 6], "texture": "#0"},
				"up": {"uv": [5, 2.125, 5.125, 2.25], "texture": "#0"},
				"down": {"uv": [5, 5.875, 5.125, 6], "texture": "#0"}
			}
		},
		{
			"name": "demonlordgreataxe_23",
			"from": [6.75, 9.75, 7.95],
			"to": [7, 13.875, 8.175],
			"faces": {
				"north": {"uv": [6.75, 2.125, 6.5, 6.25], "texture": "#0"},
				"east": {"uv": [6.625, 2.125, 6.75, 6.25], "texture": "#0"},
				"south": {"uv": [6.5, 2.125, 6.75, 6.25], "texture": "#0"},
				"west": {"uv": [6.5, 2.125, 6.625, 6.25], "texture": "#0"},
				"up": {"uv": [6.5, 2.125, 6.75, 2.25], "texture": "#0"},
				"down": {"uv": [6.5, 6.125, 6.75, 6.25], "texture": "#0"}
			}
		},
		{
			"name": "demonlordgreataxe_24",
			"from": [8.125, 12.875, 7.95],
			"to": [8.25, 13.625, 8.175],
			"faces": {
				"north": {"uv": [8.25, 2.125, 8.125, 2.875], "texture": "#0"},
				"east": {"uv": [8.125, 2.125, 8.25, 2.875], "texture": "#0"},
				"south": {"uv": [8.125, 2.125, 8.25, 2.875], "texture": "#0"},
				"west": {"uv": [8.125, 2.125, 8.25, 2.875], "texture": "#0"},
				"up": {"uv": [8.125, 2.125, 8.25, 2.25], "texture": "#0"},
				"down": {"uv": [8.125, 2.75, 8.25, 2.875], "texture": "#0"}
			}
		},
		{
			"name": "demonlordgreataxe_25",
			"from": [6.625, 9.75, 7.95],
			"to": [6.75, 13.75, 8.175],
			"faces": {
				"north": {"uv": [6.5, 2.25, 6.375, 6.25], "texture": "#0"},
				"east": {"uv": [6.375, 2.25, 6.5, 6.25], "texture": "#0"},
				"south": {"uv": [6.375, 2.25, 6.5, 6.25], "texture": "#0"},
				"west": {"uv": [6.375, 2.25, 6.5, 6.25], "texture": "#0"},
				"up": {"uv": [6.375, 2.25, 6.5, 2.375], "texture": "#0"},
				"down": {"uv": [6.375, 6.125, 6.5, 6.25], "texture": "#0"}
			}
		},
		{
			"name": "demonlordgreataxe_26",
			"from": [5.625, 10.125, 8],
			"to": [5.75, 13.625, 8.125],
			"faces": {
				"north": {"uv": [5, 2.375, 4.875, 5.875], "texture": "#0"},
				"east": {"uv": [4.875, 2.375, 5, 5.875], "texture": "#0"},
				"south": {"uv": [4.875, 2.375, 5, 5.875], "texture": "#0"},
				"west": {"uv": [4.875, 2.375, 5, 5.875], "texture": "#0"},
				"up": {"uv": [4.875, 2.375, 5, 2.5], "texture": "#0"},
				"down": {"uv": [4.875, 5.75, 5, 5.875], "texture": "#0"}
			}
		},
		{
			"name": "demonlordgreataxe_27",
			"from": [6.5, 9.875, 7.95],
			"to": [6.625, 13.625, 8.175],
			"faces": {
				"north": {"uv": [6.375, 2.375, 6.25, 6.125], "texture": "#0"},
				"east": {"uv": [6.25, 2.375, 6.375, 6.125], "texture": "#0"},
				"south": {"uv": [6.25, 2.375, 6.375, 6.125], "texture": "#0"},
				"west": {"uv": [6.25, 2.375, 6.375, 6.125], "texture": "#0"},
				"up": {"uv": [6.25, 2.375, 6.375, 2.5], "texture": "#0"},
				"down": {"uv": [6.25, 6, 6.375, 6.125], "texture": "#0"}
			}
		},
		{
			"name": "demonlordgreataxe_28",
			"from": [5.5, 10.25, 8],
			"to": [5.625, 13.5, 8.125],
			"faces": {
				"north": {"uv": [4.875, 2.5, 4.75, 5.75], "texture": "#0"},
				"east": {"uv": [4.75, 2.5, 4.875, 5.75], "texture": "#0"},
				"south": {"uv": [4.75, 2.5, 4.875, 5.75], "texture": "#0"},
				"west": {"uv": [4.75, 2.5, 4.875, 5.75], "texture": "#0"},
				"up": {"uv": [4.75, 2.5, 4.875, 2.625], "texture": "#0"},
				"down": {"uv": [4.75, 5.625, 4.875, 5.75], "texture": "#0"}
			}
		},
		{
			"name": "demonlordgreataxe_29",
			"from": [6.375, 10, 7.95],
			"to": [6.5, 13.5, 8.175],
			"faces": {
				"north": {"uv": [6.25, 2.5, 6.125, 6], "texture": "#0"},
				"east": {"uv": [6.125, 2.5, 6.25, 6], "texture": "#0"},
				"south": {"uv": [6.125, 2.5, 6.25, 6], "texture": "#0"},
				"west": {"uv": [6.125, 2.5, 6.25, 6], "texture": "#0"},
				"up": {"uv": [6.125, 2.5, 6.25, 2.625], "texture": "#0"},
				"down": {"uv": [6.125, 5.875, 6.25, 6], "texture": "#0"}
			}
		},
		{
			"name": "demonlordgreataxe_30",
			"from": [7, 10.75, 7.95],
			"to": [7.125, 13.375, 8.175],
			"faces": {
				"north": {"uv": [6.875, 2.625, 6.75, 5.25], "texture": "#0"},
				"east": {"uv": [6.75, 2.625, 6.875, 5.25], "texture": "#0"},
				"south": {"uv": [6.75, 2.625, 6.875, 5.25], "texture": "#0"},
				"west": {"uv": [6.75, 2.625, 6.875, 5.25], "texture": "#0"},
				"up": {"uv": [6.75, 2.625, 6.875, 2.75], "texture": "#0"},
				"down": {"uv": [6.75, 5.125, 6.875, 5.25], "texture": "#0"}
			}
		},
		{
			"name": "demonlordgreataxe_31",
			"from": [8, 12.875, 7.95],
			"to": [8.125, 13.125, 8.175],
			"faces": {
				"north": {"uv": [8.125, 2.625, 8, 2.875], "texture": "#0"},
				"east": {"uv": [8, 2.625, 8.125, 2.875], "texture": "#0"},
				"south": {"uv": [8, 2.625, 8.125, 2.875], "texture": "#0"},
				"west": {"uv": [8, 2.625, 8.125, 2.875], "texture": "#0"},
				"up": {"uv": [8, 2.625, 8.125, 2.75], "texture": "#0"},
				"down": {"uv": [8, 2.75, 8.125, 2.875], "texture": "#0"}
			}
		},
		{
			"name": "demonlordgreataxe_32",
			"from": [8.25, 12.875, 7.95],
			"to": [8.375, 13.125, 8.175],
			"faces": {
				"north": {"uv": [8.375, 2.625, 8.25, 2.875], "texture": "#0"},
				"east": {"uv": [8.25, 2.625, 8.375, 2.875], "texture": "#0"},
				"south": {"uv": [8.25, 2.625, 8.375, 2.875], "texture": "#0"},
				"west": {"uv": [8.25, 2.625, 8.375, 2.875], "texture": "#0"},
				"up": {"uv": [8.25, 2.625, 8.375, 2.75], "texture": "#0"},
				"down": {"uv": [8.25, 2.75, 8.375, 2.875], "texture": "#0"}
			}
		},
		{
			"name": "demonlordgreataxe_33",
			"from": [5.375, 10.5, 8],
			"to": [5.5, 13.25, 8.125],
			"faces": {
				"north": {"uv": [4.75, 2.75, 4.625, 5.5], "texture": "#0"},
				"east": {"uv": [4.625, 2.75, 4.75, 5.5], "texture": "#0"},
				"south": {"uv": [4.625, 2.75, 4.75, 5.5], "texture": "#0"},
				"west": {"uv": [4.625, 2.75, 4.75, 5.5], "texture": "#0"},
				"up": {"uv": [4.625, 2.75, 4.75, 2.875], "texture": "#0"},
				"down": {"uv": [4.625, 5.375, 4.75, 5.5], "texture": "#0"}
			}
		},
		{
			"name": "demonlordgreataxe_34",
			"from": [6.25, 10.125, 7.95],
			"to": [6.375, 13.25, 8.175],
			"faces": {
				"north": {"uv": [6.125, 2.75, 6, 5.875], "texture": "#0"},
				"east": {"uv": [6, 2.75, 6.125, 5.875], "texture": "#0"},
				"south": {"uv": [6, 2.75, 6.125, 5.875], "texture": "#0"},
				"west": {"uv": [6, 2.75, 6.125, 5.875], "texture": "#0"},
				"up": {"uv": [6, 2.75, 6.125, 2.875], "texture": "#0"},
				"down": {"uv": [6, 5.75, 6.125, 5.875], "texture": "#0"}
			}
		},
		{
			"name": "demonlordgreataxe_35",
			"from": [5.25, 10.875, 8],
			"to": [5.375, 13.125, 8.125],
			"faces": {
				"north": {"uv": [4.625, 2.875, 4.5, 5.125], "texture": "#0"},
				"east": {"uv": [4.5, 2.875, 4.625, 5.125], "texture": "#0"},
				"south": {"uv": [4.5, 2.875, 4.625, 5.125], "texture": "#0"},
				"west": {"uv": [4.5, 2.875, 4.625, 5.125], "texture": "#0"},
				"up": {"uv": [4.5, 2.875, 4.625, 3], "texture": "#0"},
				"down": {"uv": [4.5, 5, 4.625, 5.125], "texture": "#0"}
			}
		},
		{
			"name": "demonlordgreataxe_36",
			"from": [6.125, 10.5, 7.95],
			"to": [6.25, 13.125, 8.175],
			"faces": {
				"north": {"uv": [6, 2.875, 5.875, 5.5], "texture": "#0"},
				"east": {"uv": [5.875, 2.875, 6, 5.5], "texture": "#0"},
				"south": {"uv": [5.875, 2.875, 6, 5.5], "texture": "#0"},
				"west": {"uv": [5.875, 2.875, 6, 5.5], "texture": "#0"},
				"up": {"uv": [5.875, 2.875, 6, 3], "texture": "#0"},
				"down": {"uv": [5.875, 5.375, 6, 5.5], "texture": "#0"}
			}
		},
		{
			"name": "demonlordgreataxe_37",
			"from": [6, 10.875, 7.95],
			"to": [6.125, 12.875, 8.175],
			"faces": {
				"north": {"uv": [5.875, 3.125, 5.75, 5.125], "texture": "#0"},
				"east": {"uv": [5.75, 3.125, 5.875, 5.125], "texture": "#0"},
				"south": {"uv": [5.75, 3.125, 5.875, 5.125], "texture": "#0"},
				"west": {"uv": [5.75, 3.125, 5.875, 5.125], "texture": "#0"},
				"up": {"uv": [5.75, 3.125, 5.875, 3.25], "texture": "#0"},
				"down": {"uv": [5.75, 5, 5.875, 5.125], "texture": "#0"}
			}
		},
		{
			"name": "demonlordgreataxe_38",
			"from": [7.125, 10.875, 7.95],
			"to": [7.25, 12.875, 8.175],
			"faces": {
				"north": {"uv": [7, 3.125, 6.875, 5.125], "texture": "#0"},
				"east": {"uv": [6.875, 3.125, 7, 5.125], "texture": "#0"},
				"south": {"uv": [6.875, 3.125, 7, 5.125], "texture": "#0"},
				"west": {"uv": [6.875, 3.125, 7, 5.125], "texture": "#0"},
				"up": {"uv": [6.875, 3.125, 7, 3.25], "texture": "#0"},
				"down": {"uv": [6.875, 5, 7, 5.125], "texture": "#0"}
			}
		},
		{
			"name": "demonlordgreataxe_39",
			"from": [7.75, 10.75, 7.8],
			"to": [8.625, 12.875, 8.325],
			"faces": {
				"north": {"uv": [8.625, 3.125, 7.75, 5.25], "texture": "#0"},
				"east": {"uv": [8.5, 3.125, 8.625, 5.25], "texture": "#0"},
				"south": {"uv": [7.75, 3.125, 8.625, 5.25], "texture": "#0"},
				"west": {"uv": [7.75, 3.125, 7.875, 5.25], "texture": "#0"},
				"up": {"uv": [7.75, 3.125, 8.625, 3.25], "texture": "#0"},
				"down": {"uv": [7.75, 5.125, 8.625, 5.25], "texture": "#0"}
			}
		},
		{
			"name": "demonlordgreataxe_40",
			"from": [5.125, 11.125, 8],
			"to": [5.25, 12.75, 8.125],
			"faces": {
				"north": {"uv": [4.5, 3.25, 4.375, 4.875], "texture": "#0"},
				"east": {"uv": [4.375, 3.25, 4.5, 4.875], "texture": "#0"},
				"south": {"uv": [4.375, 3.25, 4.5, 4.875], "texture": "#0"},
				"west": {"uv": [4.375, 3.25, 4.5, 4.875], "texture": "#0"},
				"up": {"uv": [4.375, 3.25, 4.5, 3.375], "texture": "#0"},
				"down": {"uv": [4.375, 4.75, 4.5, 4.875], "texture": "#0"}
			}
		},
		{
			"name": "demonlordgreataxe_41",
			"from": [7.25, 11, 7.95],
			"to": [7.5, 12.75, 8.175],
			"faces": {
				"north": {"uv": [7.25, 3.25, 7, 5], "texture": "#0"},
				"east": {"uv": [7.125, 3.25, 7.25, 5], "texture": "#0"},
				"south": {"uv": [7, 3.25, 7.25, 5], "texture": "#0"},
				"west": {"uv": [7, 3.25, 7.125, 5], "texture": "#0"},
				"up": {"uv": [7, 3.25, 7.25, 3.375], "texture": "#0"},
				"down": {"uv": [7, 4.875, 7.25, 5], "texture": "#0"}
			}
		},
		{
			"name": "demonlordgreataxe_42",
			"from": [9.375, 12.125, 8],
			"to": [9.5, 12.75, 8.125],
			"faces": {
				"north": {"uv": [11, 3.25, 10.875, 3.875], "texture": "#0"},
				"east": {"uv": [10.875, 3.25, 11, 3.875], "texture": "#0"},
				"south": {"uv": [10.875, 3.25, 11, 3.875], "texture": "#0"},
				"west": {"uv": [10.875, 3.25, 11, 3.875], "texture": "#0"},
				"up": {"uv": [10.875, 3.25, 11, 3.375], "texture": "#0"},
				"down": {"uv": [10.875, 3.75, 11, 3.875], "texture": "#0"}
			}
		},
		{
			"name": "demonlordgreataxe_43",
			"from": [7.5, 11, 7.95],
			"to": [7.75, 12.625, 8.175],
			"faces": {
				"north": {"uv": [7.5, 3.375, 7.25, 5], "texture": "#0"},
				"east": {"uv": [7.375, 3.375, 7.5, 5], "texture": "#0"},
				"south": {"uv": [7.25, 3.375, 7.5, 5], "texture": "#0"},
				"west": {"uv": [7.25, 3.375, 7.375, 5], "texture": "#0"},
				"up": {"uv": [7.25, 3.375, 7.5, 3.5], "texture": "#0"},
				"down": {"uv": [7.25, 4.875, 7.5, 5], "texture": "#0"}
			}
		},
		{
			"name": "demonlordgreataxe_44",
			"from": [8.625, 12.25, 8],
			"to": [8.75, 12.5, 8.125],
			"faces": {
				"north": {"uv": [10.25, 3.5, 10.125, 3.75], "texture": "#0"},
				"east": {"uv": [10.125, 3.5, 10.25, 3.75], "texture": "#0"},
				"south": {"uv": [10.125, 3.5, 10.25, 3.75], "texture": "#0"},
				"west": {"uv": [10.125, 3.5, 10.25, 3.75], "texture": "#0"},
				"up": {"uv": [10.125, 3.5, 10.25, 3.625], "texture": "#0"},
				"down": {"uv": [10.125, 3.625, 10.25, 3.75], "texture": "#0"}
			}
		},
		{
			"name": "demonlordgreataxe_45",
			"from": [8.75, 12.125, 8],
			"to": [8.875, 12.375, 8.125],
			"faces": {
				"north": {"uv": [10.375, 3.625, 10.25, 3.875], "texture": "#0"},
				"east": {"uv": [10.25, 3.625, 10.375, 3.875], "texture": "#0"},
				"south": {"uv": [10.25, 3.625, 10.375, 3.875], "texture": "#0"},
				"west": {"uv": [10.25, 3.625, 10.375, 3.875], "texture": "#0"},
				"up": {"uv": [10.25, 3.625, 10.375, 3.75], "texture": "#0"},
				"down": {"uv": [10.25, 3.75, 10.375, 3.875], "texture": "#0"}
			}
		},
		{
			"name": "demonlordgreataxe_46",
			"from": [9.25, 12, 8],
			"to": [9.375, 12.375, 8.125],
			"faces": {
				"north": {"uv": [10.875, 3.625, 10.75, 4], "texture": "#0"},
				"east": {"uv": [10.75, 3.625, 10.875, 4], "texture": "#0"},
				"south": {"uv": [10.75, 3.625, 10.875, 4], "texture": "#0"},
				"west": {"uv": [10.75, 3.625, 10.875, 4], "texture": "#0"},
				"up": {"uv": [10.75, 3.625, 10.875, 3.75], "texture": "#0"},
				"down": {"uv": [10.75, 3.875, 10.875, 4], "texture": "#0"}
			}
		},
		{
			"name": "demonlordgreataxe_47",
			"from": [9.5, 12, 8],
			"to": [9.625, 12.375, 8.125],
			"faces": {
				"north": {"uv": [11.125, 3.625, 11, 4], "texture": "#0"},
				"east": {"uv": [11, 3.625, 11.125, 4], "texture": "#0"},
				"south": {"uv": [11, 3.625, 11.125, 4], "texture": "#0"},
				"west": {"uv": [11, 3.625, 11.125, 4], "texture": "#0"},
				"up": {"uv": [11, 3.625, 11.125, 3.75], "texture": "#0"},
				"down": {"uv": [11, 3.875, 11.125, 4], "texture": "#0"}
			}
		},
		{
			"name": "demonlordgreataxe_48",
			"from": [9.875, 12, 8],
			"to": [10, 12.375, 8.125],
			"faces": {
				"north": {"uv": [11.5, 3.625, 11.375, 4], "texture": "#0"},
				"east": {"uv": [11.375, 3.625, 11.5, 4], "texture": "#0"},
				"south": {"uv": [11.375, 3.625, 11.5, 4], "texture": "#0"},
				"west": {"uv": [11.375, 3.625, 11.5, 4], "texture": "#0"},
				"up": {"uv": [11.375, 3.625, 11.5, 3.75], "texture": "#0"},
				"down": {"uv": [11.375, 3.875, 11.5, 4], "texture": "#0"}
			}
		},
		{
			"name": "demonlordgreataxe_49",
			"from": [5.875, 11.5, 7.95],
			"to": [6, 12.25, 8.175],
			"faces": {
				"north": {"uv": [5.75, 3.75, 5.625, 4.5], "texture": "#0"},
				"east": {"uv": [5.625, 3.75, 5.75, 4.5], "texture": "#0"},
				"south": {"uv": [5.625, 3.75, 5.75, 4.5], "texture": "#0"},
				"west": {"uv": [5.625, 3.75, 5.75, 4.5], "texture": "#0"},
				"up": {"uv": [5.625, 3.75, 5.75, 3.875], "texture": "#0"},
				"down": {"uv": [5.625, 4.375, 5.75, 4.5], "texture": "#0"}
			}
		},
		{
			"name": "demonlordgreataxe_50",
			"from": [8.625, 11.375, 7.95],
			"to": [8.75, 12.25, 8.175],
			"faces": {
				"north": {"uv": [9, 3.75, 8.875, 4.625], "texture": "#0"},
				"east": {"uv": [8.875, 3.75, 9, 4.625], "texture": "#0"},
				"south": {"uv": [8.875, 3.75, 9, 4.625], "texture": "#0"},
				"west": {"uv": [8.875, 3.75, 9, 4.625], "texture": "#0"},
				"up": {"uv": [8.875, 3.75, 9, 3.875], "texture": "#0"},
				"down": {"uv": [8.875, 4.5, 9, 4.625], "texture": "#0"}
			}
		},
		{
			"name": "demonlordgreataxe_51",
			"from": [8.875, 12, 8],
			"to": [9.25, 12.25, 8.125],
			"faces": {
				"north": {"uv": [10.75, 3.75, 10.375, 4], "texture": "#0"},
				"east": {"uv": [10.625, 3.75, 10.75, 4], "texture": "#0"},
				"south": {"uv": [10.375, 3.75, 10.75, 4], "texture": "#0"},
				"west": {"uv": [10.375, 3.75, 10.5, 4], "texture": "#0"},
				"up": {"uv": [10.375, 3.75, 10.75, 3.875], "texture": "#0"},
				"down": {"uv": [10.375, 3.875, 10.75, 4], "texture": "#0"}
			}
		},
		{
			"name": "demonlordgreataxe_52",
			"from": [9.625, 12, 8],
			"to": [9.875, 12.25, 8.125],
			"faces": {
				"north": {"uv": [11.375, 3.75, 11.125, 4], "texture": "#0"},
				"east": {"uv": [11.25, 3.75, 11.375, 4], "texture": "#0"},
				"south": {"uv": [11.125, 3.75, 11.375, 4], "texture": "#0"},
				"west": {"uv": [11.125, 3.75, 11.25, 4], "texture": "#0"},
				"up": {"uv": [11.125, 3.75, 11.375, 3.875], "texture": "#0"},
				"down": {"uv": [11.125, 3.875, 11.375, 4], "texture": "#0"}
			}
		},
		{
			"name": "demonlordgreataxe_53",
			"from": [10, 11.875, 8],
			"to": [10.125, 12.25, 8.125],
			"faces": {
				"north": {"uv": [11.625, 3.75, 11.5, 4.125], "texture": "#0"},
				"east": {"uv": [11.5, 3.75, 11.625, 4.125], "texture": "#0"},
				"south": {"uv": [11.5, 3.75, 11.625, 4.125], "texture": "#0"},
				"west": {"uv": [11.5, 3.75, 11.625, 4.125], "texture": "#0"},
				"up": {"uv": [11.5, 3.75, 11.625, 3.875], "texture": "#0"},
				"down": {"uv": [11.5, 4, 11.625, 4.125], "texture": "#0"}
			}
		},
		{
			"name": "demonlordgreataxe_54",
			"from": [10.5, 11.875, 8],
			"to": [10.75, 12.25, 8.125],
			"faces": {
				"north": {"uv": [12.25, 3.75, 12, 4.125], "texture": "#0"},
				"east": {"uv": [12.125, 3.75, 12.25, 4.125], "texture": "#0"},
				"south": {"uv": [12, 3.75, 12.25, 4.125], "texture": "#0"},
				"west": {"uv": [12, 3.75, 12.125, 4.125], "texture": "#0"},
				"up": {"uv": [12, 3.75, 12.25, 3.875], "texture": "#0"},
				"down": {"uv": [12, 4, 12.25, 4.125], "texture": "#0"}
			}
		},
		{
			"name": "demonlordgreataxe_55",
			"from": [10.75, 12.125, 8],
			"to": [10.875, 12.25, 8.125],
			"faces": {
				"north": {"uv": [12.375, 3.75, 12.25, 3.875], "texture": "#0"},
				"east": {"uv": [12.25, 3.75, 12.375, 3.875], "texture": "#0"},
				"south": {"uv": [12.25, 3.75, 12.375, 3.875], "texture": "#0"},
				"west": {"uv": [12.25, 3.75, 12.375, 3.875], "texture": "#0"},
				"up": {"uv": [12.25, 3.75, 12.375, 3.875], "texture": "#0"},
				"down": {"uv": [12.25, 3.75, 12.375, 3.875], "texture": "#0"}
			}
		},
		{
			"name": "demonlordgreataxe_56",
			"from": [8.75, 11.5, 7.95],
			"to": [8.875, 12.125, 8.175],
			"faces": {
				"north": {"uv": [9.125, 3.875, 9, 4.5], "texture": "#0"},
				"east": {"uv": [9, 3.875, 9.125, 4.5], "texture": "#0"},
				"south": {"uv": [9, 3.875, 9.125, 4.5], "texture": "#0"},
				"west": {"uv": [9, 3.875, 9.125, 4.5], "texture": "#0"},
				"up": {"uv": [9, 3.875, 9.125, 4], "texture": "#0"},
				"down": {"uv": [9, 4.375, 9.125, 4.5], "texture": "#0"}
			}
		},
		{
			"name": "demonlordgreataxe_57",
			"from": [9.375, 11.5, 7.95],
			"to": [9.5, 12.125, 8.175],
			"faces": {
				"north": {"uv": [9.75, 3.875, 9.625, 4.5], "texture": "#0"},
				"east": {"uv": [9.625, 3.875, 9.75, 4.5], "texture": "#0"},
				"south": {"uv": [9.625, 3.875, 9.75, 4.5], "texture": "#0"},
				"west": {"uv": [9.625, 3.875, 9.75, 4.5], "texture": "#0"},
				"up": {"uv": [9.625, 3.875, 9.75, 4], "texture": "#0"},
				"down": {"uv": [9.625, 4.375, 9.75, 4.5], "texture": "#0"}
			}
		},
		{
			"name": "demonlordgreataxe_58",
			"from": [10.125, 11.625, 8],
			"to": [10.5, 12.125, 8.125],
			"faces": {
				"north": {"uv": [12, 3.875, 11.625, 4.375], "texture": "#0"},
				"east": {"uv": [11.875, 3.875, 12, 4.375], "texture": "#0"},
				"south": {"uv": [11.625, 3.875, 12, 4.375], "texture": "#0"},
				"west": {"uv": [11.625, 3.875, 11.75, 4.375], "texture": "#0"},
				"up": {"uv": [11.625, 3.875, 12, 4], "texture": "#0"},
				"down": {"uv": [11.625, 4.25, 12, 4.375], "texture": "#0"}
			}
		},
		{
			"name": "demonlordgreataxe_59",
			"from": [8.875, 11.625, 7.95],
			"to": [9.375, 12, 8.175],
			"faces": {
				"north": {"uv": [9.625, 4, 9.125, 4.375], "texture": "#0"},
				"east": {"uv": [9.5, 4, 9.625, 4.375], "texture": "#0"},
				"south": {"uv": [9.125, 4, 9.625, 4.375], "texture": "#0"},
				"west": {"uv": [9.125, 4, 9.25, 4.375], "texture": "#0"},
				"up": {"uv": [9.125, 4, 9.625, 4.125], "texture": "#0"},
				"down": {"uv": [9.125, 4.25, 9.625, 4.375], "texture": "#0"}
			}
		},
		{
			"name": "demonlordgreataxe_60",
			"from": [9.5, 11.625, 7.95],
			"to": [9.875, 12, 8.175],
			"faces": {
				"north": {"uv": [10.125, 4, 9.75, 4.375], "texture": "#0"},
				"east": {"uv": [10, 4, 10.125, 4.375], "texture": "#0"},
				"south": {"uv": [9.75, 4, 10.125, 4.375], "texture": "#0"},
				"west": {"uv": [9.75, 4, 9.875, 4.375], "texture": "#0"},
				"up": {"uv": [9.75, 4, 10.125, 4.125], "texture": "#0"},
				"down": {"uv": [9.75, 4.25, 10.125, 4.375], "texture": "#0"}
			}
		},
		{
			"name": "demonlordgreataxe_61",
			"from": [9.875, 11.75, 7.95],
			"to": [10, 12, 8.175],
			"faces": {
				"north": {"uv": [10.25, 4, 10.125, 4.25], "texture": "#0"},
				"east": {"uv": [10.125, 4, 10.25, 4.25], "texture": "#0"},
				"south": {"uv": [10.125, 4, 10.25, 4.25], "texture": "#0"},
				"west": {"uv": [10.125, 4, 10.25, 4.25], "texture": "#0"},
				"up": {"uv": [10.125, 4, 10.25, 4.125], "texture": "#0"},
				"down": {"uv": [10.125, 4.125, 10.25, 4.25], "texture": "#0"}
			}
		},
		{
			"name": "demonlordgreataxe_62",
			"from": [10, 11.75, 7.95],
			"to": [10.125, 11.875, 8.175],
			"faces": {
				"north": {"uv": [10.375, 4.125, 10.25, 4.25], "texture": "#0"},
				"east": {"uv": [10.25, 4.125, 10.375, 4.25], "texture": "#0"},
				"south": {"uv": [10.25, 4.125, 10.375, 4.25], "texture": "#0"},
				"west": {"uv": [10.25, 4.125, 10.375, 4.25], "texture": "#0"},
				"up": {"uv": [10.25, 4.125, 10.375, 4.25], "texture": "#0"},
				"down": {"uv": [10.25, 4.125, 10.375, 4.25], "texture": "#0"}
			}
		},
		{
			"name": "demonlordgreataxe_63",
			"from": [10.5, 11.75, 8],
			"to": [10.625, 11.875, 8.125],
			"faces": {
				"north": {"uv": [12.125, 4.125, 12, 4.25], "texture": "#0"},
				"east": {"uv": [12, 4.125, 12.125, 4.25], "texture": "#0"},
				"south": {"uv": [12, 4.125, 12.125, 4.25], "texture": "#0"},
				"west": {"uv": [12, 4.125, 12.125, 4.25], "texture": "#0"},
				"up": {"uv": [12, 4.125, 12.125, 4.25], "texture": "#0"},
				"down": {"uv": [12, 4.125, 12.125, 4.25], "texture": "#0"}
			}
		},
		{
			"name": "demonlordgreataxe_64",
			"from": [9.875, 11.5, 8],
			"to": [10.125, 11.75, 8.125],
			"faces": {
				"north": {"uv": [11.625, 4.25, 11.375, 4.5], "texture": "#0"},
				"east": {"uv": [11.5, 4.25, 11.625, 4.5], "texture": "#0"},
				"south": {"uv": [11.375, 4.25, 11.625, 4.5], "texture": "#0"},
				"west": {"uv": [11.375, 4.25, 11.5, 4.5], "texture": "#0"},
				"up": {"uv": [11.375, 4.25, 11.625, 4.375], "texture": "#0"},
				"down": {"uv": [11.375, 4.375, 11.625, 4.5], "texture": "#0"}
			}
		},
		{
			"name": "demonlordgreataxe_65",
			"from": [8.875, 11.375, 8],
			"to": [9.375, 11.625, 8.125],
			"faces": {
				"north": {"uv": [10.875, 4.375, 10.375, 4.625], "texture": "#0"},
				"east": {"uv": [10.75, 4.375, 10.875, 4.625], "texture": "#0"},
				"south": {"uv": [10.375, 4.375, 10.875, 4.625], "texture": "#0"},
				"west": {"uv": [10.375, 4.375, 10.5, 4.625], "texture": "#0"},
				"up": {"uv": [10.375, 4.375, 10.875, 4.5], "texture": "#0"},
				"down": {"uv": [10.375, 4.5, 10.875, 4.625], "texture": "#0"}
			}
		},
		{
			"name": "demonlordgreataxe_66",
			"from": [9.5, 11.25, 8],
			"to": [9.875, 11.625, 8.125],
			"faces": {
				"north": {"uv": [11.375, 4.375, 11, 4.75], "texture": "#0"},
				"east": {"uv": [11.25, 4.375, 11.375, 4.75], "texture": "#0"},
				"south": {"uv": [11, 4.375, 11.375, 4.75], "texture": "#0"},
				"west": {"uv": [11, 4.375, 11.125, 4.75], "texture": "#0"},
				"up": {"uv": [11, 4.375, 11.375, 4.5], "texture": "#0"},
				"down": {"uv": [11, 4.625, 11.375, 4.75], "texture": "#0"}
			}
		},
		{
			"name": "demonlordgreataxe_67",
			"from": [10.125, 11.5, 8],
			"to": [10.25, 11.625, 8.125],
			"faces": {
				"north": {"uv": [11.75, 4.375, 11.625, 4.5], "texture": "#0"},
				"east": {"uv": [11.625, 4.375, 11.75, 4.5], "texture": "#0"},
				"south": {"uv": [11.625, 4.375, 11.75, 4.5], "texture": "#0"},
				"west": {"uv": [11.625, 4.375, 11.75, 4.5], "texture": "#0"},
				"up": {"uv": [11.625, 4.375, 11.75, 4.5], "texture": "#0"},
				"down": {"uv": [11.625, 4.375, 11.75, 4.5], "texture": "#0"}
			}
		},
		{
			"name": "demonlordgreataxe_68",
			"from": [5.875, 9.875, 8],
			"to": [6, 11.5, 8.125],
			"faces": {
				"north": {"uv": [5.25, 4.5, 5.125, 6.125], "texture": "#0"},
				"east": {"uv": [5.125, 4.5, 5.25, 6.125], "texture": "#0"},
				"south": {"uv": [5.125, 4.5, 5.25, 6.125], "texture": "#0"},
				"west": {"uv": [5.125, 4.5, 5.25, 6.125], "texture": "#0"},
				"up": {"uv": [5.125, 4.5, 5.25, 4.625], "texture": "#0"},
				"down": {"uv": [5.125, 6, 5.25, 6.125], "texture": "#0"}
			}
		},
		{
			"name": "demonlordgreataxe_69",
			"from": [8.75, 11.25, 8],
			"to": [8.875, 11.5, 8.125],
			"faces": {
				"north": {"uv": [10.375, 4.5, 10.25, 4.75], "texture": "#0"},
				"east": {"uv": [10.25, 4.5, 10.375, 4.75], "texture": "#0"},
				"south": {"uv": [10.25, 4.5, 10.375, 4.75], "texture": "#0"},
				"west": {"uv": [10.25, 4.5, 10.375, 4.75], "texture": "#0"},
				"up": {"uv": [10.25, 4.5, 10.375, 4.625], "texture": "#0"},
				"down": {"uv": [10.25, 4.625, 10.375, 4.75], "texture": "#0"}
			}
		},
		{
			"name": "demonlordgreataxe_70",
			"from": [9.375, 10.625, 8],
			"to": [9.5, 11.5, 8.125],
			"faces": {
				"north": {"uv": [11, 4.5, 10.875, 5.375], "texture": "#0"},
				"east": {"uv": [10.875, 4.5, 11, 5.375], "texture": "#0"},
				"south": {"uv": [10.875, 4.5, 11, 5.375], "texture": "#0"},
				"west": {"uv": [10.875, 4.5, 11, 5.375], "texture": "#0"},
				"up": {"uv": [10.875, 4.5, 11, 4.625], "texture": "#0"},
				"down": {"uv": [10.875, 5.25, 11, 5.375], "texture": "#0"}
			}
		},
		{
			"name": "demonlordgreataxe_71",
			"from": [9.875, 11.375, 8],
			"to": [10, 11.5, 8.125],
			"faces": {
				"north": {"uv": [11.5, 4.5, 11.375, 4.625], "texture": "#0"},
				"east": {"uv": [11.375, 4.5, 11.5, 4.625], "texture": "#0"},
				"south": {"uv": [11.375, 4.5, 11.5, 4.625], "texture": "#0"},
				"west": {"uv": [11.375, 4.5, 11.5, 4.625], "texture": "#0"},
				"up": {"uv": [11.375, 4.5, 11.5, 4.625], "texture": "#0"},
				"down": {"uv": [11.375, 4.5, 11.5, 4.625], "texture": "#0"}
			}
		},
		{
			"name": "demonlordgreataxe_72",
			"from": [8.625, 11.125, 8],
			"to": [8.75, 11.375, 8.125],
			"faces": {
				"north": {"uv": [10.25, 4.625, 10.125, 4.875], "texture": "#0"},
				"east": {"uv": [10.125, 4.625, 10.25, 4.875], "texture": "#0"},
				"south": {"uv": [10.125, 4.625, 10.25, 4.875], "texture": "#0"},
				"west": {"uv": [10.125, 4.625, 10.25, 4.875], "texture": "#0"},
				"up": {"uv": [10.125, 4.625, 10.25, 4.75], "texture": "#0"},
				"down": {"uv": [10.125, 4.75, 10.25, 4.875], "texture": "#0"}
			}
		},
		{
			"name": "demonlordgreataxe_73",
			"from": [8.875, 11.25, 8],
			"to": [9, 11.375, 8.125],
			"faces": {
				"north": {"uv": [10.5, 4.625, 10.375, 4.75], "texture": "#0"},
				"east": {"uv": [10.375, 4.625, 10.5, 4.75], "texture": "#0"},
				"south": {"uv": [10.375, 4.625, 10.5, 4.75], "texture": "#0"},
				"west": {"uv": [10.375, 4.625, 10.5, 4.75], "texture": "#0"},
				"up": {"uv": [10.375, 4.625, 10.5, 4.75], "texture": "#0"},
				"down": {"uv": [10.375, 4.625, 10.5, 4.75], "texture": "#0"}
			}
		},
		{
			"name": "demonlordgreataxe_74",
			"from": [9.25, 11, 8],
			"to": [9.375, 11.375, 8.125],
			"faces": {
				"north": {"uv": [10.875, 4.625, 10.75, 5], "texture": "#0"},
				"east": {"uv": [10.75, 4.625, 10.875, 5], "texture": "#0"},
				"south": {"uv": [10.75, 4.625, 10.875, 5], "texture": "#0"},
				"west": {"uv": [10.75, 4.625, 10.875, 5], "texture": "#0"},
				"up": {"uv": [10.75, 4.625, 10.875, 4.75], "texture": "#0"},
				"down": {"uv": [10.75, 4.875, 10.875, 5], "texture": "#0"}
			}
		},
		{
			"name": "demonlordgreataxe_75",
			"from": [9.5, 11.125, 8],
			"to": [9.625, 11.25, 8.125],
			"faces": {
				"north": {"uv": [11.125, 4.75, 11, 4.875], "texture": "#0"},
				"east": {"uv": [11, 4.75, 11.125, 4.875], "texture": "#0"},
				"south": {"uv": [11, 4.75, 11.125, 4.875], "texture": "#0"},
				"west": {"uv": [11, 4.75, 11.125, 4.875], "texture": "#0"},
				"up": {"uv": [11, 4.75, 11.125, 4.875], "texture": "#0"},
				"down": {"uv": [11, 4.75, 11.125, 4.875], "texture": "#0"}
			}
		},
		{
			"name": "demonlordgreataxe_76",
			"from": [7.25, 10.875, 7.95],
			"to": [7.375, 11, 8.175],
			"faces": {
				"north": {"uv": [7.125, 5, 7, 5.125], "texture": "#0"},
				"east": {"uv": [7, 5, 7.125, 5.125], "texture": "#0"},
				"south": {"uv": [7, 5, 7.125, 5.125], "texture": "#0"},
				"west": {"uv": [7, 5, 7.125, 5.125], "texture": "#0"},
				"up": {"uv": [7, 5, 7.125, 5.125], "texture": "#0"},
				"down": {"uv": [7, 5, 7.125, 5.125], "texture": "#0"}
			}
		},
		{
			"name": "demonlordgreataxe_77",
			"from": [7.625, 10.875, 7.95],
			"to": [7.75, 11, 8.175],
			"faces": {
				"north": {"uv": [7.5, 5, 7.375, 5.125], "texture": "#0"},
				"east": {"uv": [7.375, 5, 7.5, 5.125], "texture": "#0"},
				"south": {"uv": [7.375, 5, 7.5, 5.125], "texture": "#0"},
				"west": {"uv": [7.375, 5, 7.5, 5.125], "texture": "#0"},
				"up": {"uv": [7.375, 5, 7.5, 5.125], "texture": "#0"},
				"down": {"uv": [7.375, 5, 7.5, 5.125], "texture": "#0"}
			}
		},
		{
			"name": "demonlordgreataxe_78",
			"from": [6, 9.625, 8],
			"to": [6.125, 10.875, 8.125],
			"faces": {
				"north": {"uv": [5.375, 5.125, 5.25, 6.375], "texture": "#0"},
				"east": {"uv": [5.25, 5.125, 5.375, 6.375], "texture": "#0"},
				"south": {"uv": [5.25, 5.125, 5.375, 6.375], "texture": "#0"},
				"west": {"uv": [5.25, 5.125, 5.375, 6.375], "texture": "#0"},
				"up": {"uv": [5.25, 5.125, 5.375, 5.25], "texture": "#0"},
				"down": {"uv": [5.25, 6.25, 5.375, 6.375], "texture": "#0"}
			}
		},
		{
			"name": "demonlordgreataxe_79",
			"from": [6.125, 9.375, 8],
			"to": [6.25, 10.5, 8.125],
			"faces": {
				"north": {"uv": [5.5, 5.5, 5.375, 6.625], "texture": "#0"},
				"east": {"uv": [5.375, 5.5, 5.5, 6.625], "texture": "#0"},
				"south": {"uv": [5.375, 5.5, 5.5, 6.625], "texture": "#0"},
				"west": {"uv": [5.375, 5.5, 5.5, 6.625], "texture": "#0"},
				"up": {"uv": [5.375, 5.5, 5.5, 5.625], "texture": "#0"},
				"down": {"uv": [5.375, 6.5, 5.5, 6.625], "texture": "#0"}
			}
		},
		{
			"name": "demonlordgreataxe_80",
			"from": [8, 10.625, 7.9],
			"to": [8.375, 10.75, 8.225],
			"faces": {
				"north": {"uv": [8.375, 5.5, 8, 5.625], "texture": "#0"},
				"east": {"uv": [8.25, 5.5, 8.375, 5.625], "texture": "#0"},
				"south": {"uv": [8, 5.5, 8.375, 5.625], "texture": "#0"},
				"west": {"uv": [8, 5.5, 8.125, 5.625], "texture": "#0"},
				"up": {"uv": [8, 5.5, 8.375, 5.625], "texture": "#0"},
				"down": {"uv": [8, 5.5, 8.375, 5.625], "texture": "#0"}
			}
		},
		{
			"name": "demonlordgreataxe_81",
			"from": [7, 9.625, 7.95],
			"to": [7.125, 10.375, 8.175],
			"faces": {
				"north": {"uv": [6.875, 5.625, 6.75, 6.375], "texture": "#0"},
				"east": {"uv": [6.75, 5.625, 6.875, 6.375], "texture": "#0"},
				"south": {"uv": [6.75, 5.625, 6.875, 6.375], "texture": "#0"},
				"west": {"uv": [6.75, 5.625, 6.875, 6.375], "texture": "#0"},
				"up": {"uv": [6.75, 5.625, 6.875, 5.75], "texture": "#0"},
				"down": {"uv": [6.75, 6.25, 6.875, 6.375], "texture": "#0"}
			}
		},
		{
			"name": "demonlordgreataxe_82",
			"from": [7.875, 9.5, 7.8],
			"to": [8.5, 10.625, 8.325],
			"faces": {
				"north": {"uv": [9.25, 5.625, 8.625, 6.75], "texture": "#0"},
				"east": {"uv": [9.125, 5.625, 9.25, 6.75], "texture": "#0"},
				"south": {"uv": [8.625, 5.625, 9.25, 6.75], "texture": "#0"},
				"west": {"uv": [8.625, 5.625, 8.75, 6.75], "texture": "#0"},
				"up": {"uv": [8.625, 5.625, 9.25, 5.75], "texture": "#0"},
				"down": {"uv": [8.625, 6.625, 9.25, 6.75], "texture": "#0"}
			}
		},
		{
			"name": "demonlordgreataxe_83",
			"from": [7.125, 9.75, 7.95],
			"to": [7.25, 10.25, 8.175],
			"faces": {
				"north": {"uv": [7, 5.75, 6.875, 6.25], "texture": "#0"},
				"east": {"uv": [6.875, 5.75, 7, 6.25], "texture": "#0"},
				"south": {"uv": [6.875, 5.75, 7, 6.25], "texture": "#0"},
				"west": {"uv": [6.875, 5.75, 7, 6.25], "texture": "#0"},
				"up": {"uv": [6.875, 5.75, 7, 5.875], "texture": "#0"},
				"down": {"uv": [6.875, 6.125, 7, 6.25], "texture": "#0"}
			}
		},
		{
			"name": "demonlordgreataxe_84",
			"from": [6.25, 8.5, 8],
			"to": [6.375, 10.125, 8.125],
			"faces": {
				"north": {"uv": [5.625, 5.875, 5.5, 7.5], "texture": "#0"},
				"east": {"uv": [5.5, 5.875, 5.625, 7.5], "texture": "#0"},
				"south": {"uv": [5.5, 5.875, 5.625, 7.5], "texture": "#0"},
				"west": {"uv": [5.5, 5.875, 5.625, 7.5], "texture": "#0"},
				"up": {"uv": [5.5, 5.875, 5.625, 6], "texture": "#0"},
				"down": {"uv": [5.5, 7.375, 5.625, 7.5], "texture": "#0"}
			}
		},
		{
			"name": "demonlordgreataxe_85",
			"from": [6.375, 8.75, 8],
			"to": [6.5, 10, 8.125],
			"faces": {
				"north": {"uv": [5.75, 6, 5.625, 7.25], "texture": "#0"},
				"east": {"uv": [5.625, 6, 5.75, 7.25], "texture": "#0"},
				"south": {"uv": [5.625, 6, 5.75, 7.25], "texture": "#0"},
				"west": {"uv": [5.625, 6, 5.75, 7.25], "texture": "#0"},
				"up": {"uv": [5.625, 6, 5.75, 6.125], "texture": "#0"},
				"down": {"uv": [5.625, 7.125, 5.75, 7.25], "texture": "#0"}
			}
		},
		{
			"name": "demonlordgreataxe_86",
			"from": [7.25, 9.625, 7.95],
			"to": [7.375, 10, 8.175],
			"faces": {
				"north": {"uv": [7.125, 6, 7, 6.375], "texture": "#0"},
				"east": {"uv": [7, 6, 7.125, 6.375], "texture": "#0"},
				"south": {"uv": [7, 6, 7.125, 6.375], "texture": "#0"},
				"west": {"uv": [7, 6, 7.125, 6.375], "texture": "#0"},
				"up": {"uv": [7, 6, 7.125, 6.125], "texture": "#0"},
				"down": {"uv": [7, 6.25, 7.125, 6.375], "texture": "#0"}
			}
		},
		{
			"name": "demonlordgreataxe_87",
			"from": [6.5, 8.875, 8],
			"to": [6.625, 9.875, 8.125],
			"faces": {
				"north": {"uv": [5.875, 6.125, 5.75, 7.125], "texture": "#0"},
				"east": {"uv": [5.75, 6.125, 5.875, 7.125], "texture": "#0"},
				"south": {"uv": [5.75, 6.125, 5.875, 7.125], "texture": "#0"},
				"west": {"uv": [5.75, 6.125, 5.875, 7.125], "texture": "#0"},
				"up": {"uv": [5.75, 6.125, 5.875, 6.25], "texture": "#0"},
				"down": {"uv": [5.75, 7, 5.875, 7.125], "texture": "#0"}
			}
		},
		{
			"name": "demonlordgreataxe_88",
			"from": [7.375, 9.625, 7.95],
			"to": [7.5, 9.875, 8.175],
			"faces": {
				"north": {"uv": [7.25, 6.125, 7.125, 6.375], "texture": "#0"},
				"east": {"uv": [7.125, 6.125, 7.25, 6.375], "texture": "#0"},
				"south": {"uv": [7.125, 6.125, 7.25, 6.375], "texture": "#0"},
				"west": {"uv": [7.125, 6.125, 7.25, 6.375], "texture": "#0"},
				"up": {"uv": [7.125, 6.125, 7.25, 6.25], "texture": "#0"},
				"down": {"uv": [7.125, 6.25, 7.25, 6.375], "texture": "#0"}
			}
		},
		{
			"name": "demonlordgreataxe_89",
			"from": [6.625, 9.5, 8],
			"to": [7, 9.75, 8.125],
			"faces": {
				"north": {"uv": [6.25, 6.25, 5.875, 6.5], "texture": "#0"},
				"east": {"uv": [6.125, 6.25, 6.25, 6.5], "texture": "#0"},
				"south": {"uv": [5.875, 6.25, 6.25, 6.5], "texture": "#0"},
				"west": {"uv": [5.875, 6.25, 6, 6.5], "texture": "#0"},
				"up": {"uv": [5.875, 6.25, 6.25, 6.375], "texture": "#0"},
				"down": {"uv": [5.875, 6.375, 6.25, 6.5], "texture": "#0"}
			}
		},
		{
			"name": "demonlordgreataxe_90",
			"from": [7.5, 9.625, 7.95],
			"to": [7.625, 9.75, 8.175],
			"faces": {
				"north": {"uv": [7.375, 6.25, 7.25, 6.375], "texture": "#0"},
				"east": {"uv": [7.25, 6.25, 7.375, 6.375], "texture": "#0"},
				"south": {"uv": [7.25, 6.25, 7.375, 6.375], "texture": "#0"},
				"west": {"uv": [7.25, 6.25, 7.375, 6.375], "texture": "#0"},
				"up": {"uv": [7.25, 6.25, 7.375, 6.375], "texture": "#0"},
				"down": {"uv": [7.25, 6.25, 7.375, 6.375], "texture": "#0"}
			}
		},
		{
			"name": "demonlordgreataxe_91",
			"from": [6.625, 9.375, 8],
			"to": [6.875, 9.5, 8.125],
			"faces": {
				"north": {"uv": [6.125, 6.5, 5.875, 6.625], "texture": "#0"},
				"east": {"uv": [6, 6.5, 6.125, 6.625], "texture": "#0"},
				"south": {"uv": [5.875, 6.5, 6.125, 6.625], "texture": "#0"},
				"west": {"uv": [5.875, 6.5, 6, 6.625], "texture": "#0"},
				"up": {"uv": [5.875, 6.5, 6.125, 6.625], "texture": "#0"},
				"down": {"uv": [5.875, 6.5, 6.125, 6.625], "texture": "#0"}
			}
		},
		{
			"name": "demonlordgreataxe_92",
			"from": [6.625, 9.125, 8],
			"to": [6.75, 9.375, 8.125],
			"faces": {
				"north": {"uv": [6, 6.625, 5.875, 6.875], "texture": "#0"},
				"east": {"uv": [5.875, 6.625, 6, 6.875], "texture": "#0"},
				"south": {"uv": [5.875, 6.625, 6, 6.875], "texture": "#0"},
				"west": {"uv": [5.875, 6.625, 6, 6.875], "texture": "#0"},
				"up": {"uv": [5.875, 6.625, 6, 6.75], "texture": "#0"},
				"down": {"uv": [5.875, 6.75, 6, 6.875], "texture": "#0"}
			}
		},
		{
			"name": "demonlordgreataxe_93",
			"from": [8, 3.25, 7.9],
			"to": [8.375, 9.5, 8.225],
			"faces": {
				"north": {"uv": [8.375, 6.75, 8, 13], "texture": "#0"},
				"east": {"uv": [8.25, 6.75, 8.375, 13], "texture": "#0"},
				"south": {"uv": [8, 6.75, 8.375, 13], "texture": "#0"},
				"west": {"uv": [8, 6.75, 8.125, 13], "texture": "#0"},
				"up": {"uv": [8, 6.75, 8.375, 6.875], "texture": "#0"},
				"down": {"uv": [8, 12.875, 8.375, 13], "texture": "#0"}
			}
		},
		{
			"name": "demonlordgreataxe_94",
			"from": [6.125, 8.375, 8],
			"to": [6.25, 9.125, 8.125],
			"faces": {
				"north": {"uv": [5.5, 6.875, 5.375, 7.625], "texture": "#0"},
				"east": {"uv": [5.375, 6.875, 5.5, 7.625], "texture": "#0"},
				"south": {"uv": [5.375, 6.875, 5.5, 7.625], "texture": "#0"},
				"west": {"uv": [5.375, 6.875, 5.5, 7.625], "texture": "#0"},
				"up": {"uv": [5.375, 6.875, 5.5, 7], "texture": "#0"},
				"down": {"uv": [5.375, 7.5, 5.5, 7.625], "texture": "#0"}
			}
		},
		{
			"name": "demonlordgreataxe_95",
			"from": [6, 8.25, 8],
			"to": [6.125, 8.75, 8.125],
			"faces": {
				"north": {"uv": [5.375, 7.25, 5.25, 7.75], "texture": "#0"},
				"east": {"uv": [5.25, 7.25, 5.375, 7.75], "texture": "#0"},
				"south": {"uv": [5.25, 7.25, 5.375, 7.75], "texture": "#0"},
				"west": {"uv": [5.25, 7.25, 5.375, 7.75], "texture": "#0"},
				"up": {"uv": [5.25, 7.25, 5.375, 7.375], "texture": "#0"},
				"down": {"uv": [5.25, 7.625, 5.375, 7.75], "texture": "#0"}
			}
		},
		{
			"name": "demonlordgreataxe_96",
			"from": [5.875, 8.125, 8],
			"to": [6, 8.5, 8.125],
			"faces": {
				"north": {"uv": [5.25, 7.5, 5.125, 7.875], "texture": "#0"},
				"east": {"uv": [5.125, 7.5, 5.25, 7.875], "texture": "#0"},
				"south": {"uv": [5.125, 7.5, 5.25, 7.875], "texture": "#0"},
				"west": {"uv": [5.125, 7.5, 5.25, 7.875], "texture": "#0"},
				"up": {"uv": [5.125, 7.5, 5.25, 7.625], "texture": "#0"},
				"down": {"uv": [5.125, 7.75, 5.25, 7.875], "texture": "#0"}
			}
		},
		{
			"name": "demonlordgreataxe_97",
			"from": [5.75, 8.125, 8],
			"to": [5.875, 8.25, 8.125],
			"faces": {
				"north": {"uv": [5.125, 7.75, 5, 7.875], "texture": "#0"},
				"east": {"uv": [5, 7.75, 5.125, 7.875], "texture": "#0"},
				"south": {"uv": [5, 7.75, 5.125, 7.875], "texture": "#0"},
				"west": {"uv": [5, 7.75, 5.125, 7.875], "texture": "#0"},
				"up": {"uv": [5, 7.75, 5.125, 7.875], "texture": "#0"},
				"down": {"uv": [5, 7.75, 5.125, 7.875], "texture": "#0"}
			}
		},
		{
			"name": "demonlordgreataxe_98",
			"from": [7.875, 3, 7.8],
			"to": [8.5, 3.25, 8.325],
			"faces": {
				"north": {"uv": [9.25, 13, 8.625, 13.25], "texture": "#0"},
				"east": {"uv": [9.125, 13, 9.25, 13.25], "texture": "#0"},
				"south": {"uv": [8.625, 13, 9.25, 13.25], "texture": "#0"},
				"west": {"uv": [8.625, 13, 8.75, 13.25], "texture": "#0"},
				"up": {"uv": [8.625, 13, 9.25, 13.125], "texture": "#0"},
				"down": {"uv": [8.625, 13.125, 9.25, 13.25], "texture": "#0"}
			}
		},
		{
			"name": "demonlordgreataxe_99",
			"from": [8, 2.875, 7.9],
			"to": [8.375, 3, 8.225],
			"faces": {
				"north": {"uv": [8.375, 13.25, 8, 13.375], "texture": "#0"},
				"east": {"uv": [8.25, 13.25, 8.375, 13.375], "texture": "#0"},
				"south": {"uv": [8, 13.25, 8.375, 13.375], "texture": "#0"},
				"west": {"uv": [8, 13.25, 8.125, 13.375], "texture": "#0"},
				"up": {"uv": [8, 13.25, 8.375, 13.375], "texture": "#0"},
				"down": {"uv": [8, 13.25, 8.375, 13.375], "texture": "#0"}
			}
		},
		{
			"name": "demonlordgreataxe_100",
			"from": [7.875, 2.625, 7.8],
			"to": [8.5, 2.875, 8.325],
			"faces": {
				"north": {"uv": [9.25, 13.375, 8.625, 13.625], "texture": "#0"},
				"east": {"uv": [9.125, 13.375, 9.25, 13.625], "texture": "#0"},
				"south": {"uv": [8.625, 13.375, 9.25, 13.625], "texture": "#0"},
				"west": {"uv": [8.625, 13.375, 8.75, 13.625], "texture": "#0"},
				"up": {"uv": [8.625, 13.375, 9.25, 13.5], "texture": "#0"},
				"down": {"uv": [8.625, 13.5, 9.25, 13.625], "texture": "#0"}
			}
		},
		{
			"name": "demonlordgreataxe_101",
			"from": [8, 2.5, 7.9],
			"to": [8.375, 2.625, 8.225],
			"faces": {
				"north": {"uv": [8.375, 13.625, 8, 13.75], "texture": "#0"},
				"east": {"uv": [8.25, 13.625, 8.375, 13.75], "texture": "#0"},
				"south": {"uv": [8, 13.625, 8.375, 13.75], "texture": "#0"},
				"west": {"uv": [8, 13.625, 8.125, 13.75], "texture": "#0"},
				"up": {"uv": [8, 13.625, 8.375, 13.75], "texture": "#0"},
				"down": {"uv": [8, 13.625, 8.375, 13.75], "texture": "#0"}
			}
		},
		{
			"name": "demonlordgreataxe_102",
			"from": [7.875, 2.25, 7.8],
			"to": [8.5, 2.5, 8.325],
			"faces": {
				"north": {"uv": [9.25, 13.75, 8.625, 14], "texture": "#0"},
				"east": {"uv": [9.125, 13.75, 9.25, 14], "texture": "#0"},
				"south": {"uv": [8.625, 13.75, 9.25, 14], "texture": "#0"},
				"west": {"uv": [8.625, 13.75, 8.75, 14], "texture": "#0"},
				"up": {"uv": [8.625, 13.75, 9.25, 13.875], "texture": "#0"},
				"down": {"uv": [8.625, 13.875, 9.25, 14], "texture": "#0"}
			}
		},
		{
			"name": "demonlordgreataxe_103",
			"from": [8, 2.125, 7.9],
			"to": [8.375, 2.25, 8.225],
			"faces": {
				"north": {"uv": [8.375, 14, 8, 14.125], "texture": "#0"},
				"east": {"uv": [8.25, 14, 8.375, 14.125], "texture": "#0"},
				"south": {"uv": [8, 14, 8.375, 14.125], "texture": "#0"},
				"west": {"uv": [8, 14, 8.125, 14.125], "texture": "#0"},
				"up": {"uv": [8, 14, 8.375, 14.125], "texture": "#0"},
				"down": {"uv": [8, 14, 8.375, 14.125], "texture": "#0"}
			}
		},
		{
			"name": "demonlordgreataxe_104",
			"from": [7.875, 1, 7.8],
			"to": [8.5, 2.125, 8.325],
			"faces": {
				"north": {"uv": [9.25, 14.125, 8.625, 15.25], "texture": "#0"},
				"east": {"uv": [9.125, 14.125, 9.25, 15.25], "texture": "#0"},
				"south": {"uv": [8.625, 14.125, 9.25, 15.25], "texture": "#0"},
				"west": {"uv": [8.625, 14.125, 8.75, 15.25], "texture": "#0"},
				"up": {"uv": [8.625, 14.125, 9.25, 14.25], "texture": "#0"},
				"down": {"uv": [8.625, 15.125, 9.25, 15.25], "texture": "#0"}
			}
		}
	],
	"gui_light": "front",
	"display": {
		"thirdperson_righthand": {
			"rotation": [0, -90, 0],
			"translation": [0, -0.5, 0.75],
			"scale": [3.5, 3.5, 3]
		},
		"thirdperson_lefthand": {
			"rotation": [0, 90, 0],
			"translation": [0, -0.5, 0.75],
			"scale": [3.5, 3.5, 3]
		},
		"firstperson_righthand": {
			"rotation": [0, -90, -4],
			"translation": [0.75, 5.25, 2],
			"scale": [2, 2, 1.75]
		},
		"firstperson_lefthand": {
			"rotation": [0, 90, 1],
			"translation": [1.5, 5.25, 1.25],
			"scale": [2, 2, 1.75]
		},
		"ground": {
			"translation": [0, 8.5, 0],
			"scale": [2.5, 2.5, 2.5]
		},
		"gui": {
			"rotation": [0, 0, -42],
			"translation": [1.5, 1.5, 0],
			"scale": [2, 2, 1]
		},
		"head": {
			"rotation": [0, 0, 134],
			"translation": [-0.5, -12.75, 3.5],
			"scale": [4, 4, 4]
		},
		"fixed": {
			"rotation": [-180, 0, 138],
			"translation": [-1.25, 1.75, -0.75],
			"scale": [4, 4, 3]
		}
	},
	"groups": [
		{
			"name": "demonlordgreataxe",
			"origin": [8, 8, 8],
			"color": 0,
			"children": [
				0,
				1,
				2,
				3,
				4,
				5,
				6,
				7,
				8,
				9,
				10,
				11,
				12,
				13,
				14,
				15,
				16,
				17,
				18,
				19,
				20,
				21,
				22,
				23,
				24,
				25,
				26,
				27,
				28,
				29,
				30,
				31,
				32,
				33,
				34,
				35,
				36,
				37,
				38,
				39,
				40,
				41,
				42,
				43,
				44,
				45,
				46,
				47,
				48,
				49,
				50,
				51,
				52,
				53,
				54,
				55,
				56,
				57,
				58,
				59,
				60,
				61,
				62,
				63,
				64,
				65,
				66,
				67,
				68,
				69,
				70,
				71,
				72,
				73,
				74,
				75,
				76,
				77,
				78,
				79,
				80,
				81,
				82,
				83,
				84,
				85,
				86,
				87,
				88,
				89,
				90,
				91,
				92,
				93,
				94,
				95,
				96,
				97,
				98,
				99,
				100,
				101,
				102,
				103,
				104
			]
		}
	]
}