{
	"credit": "Made with Blockbench",
	"textures": {
		"0": "item/diamond_axe/divine_axe_rhitta",
		"particle": "item/diamond_axe/divine_axe_rhitta"
	},
	"elements": [
		{
			"name": "divine_axe_rhitta_0",
			"from": [7.75, 13.625, 8],
			"to": [7.875, 14.875, 8.125],
			"faces": {
				"north": {"uv": [5.875, 0.625, 5.75, 1.875], "texture": "#0"},
				"east": {"uv": [5.75, 0.625, 5.875, 1.875], "texture": "#0"},
				"south": {"uv": [5.75, 0.625, 5.875, 1.875], "texture": "#0"},
				"west": {"uv": [5.75, 0.625, 5.875, 1.875], "texture": "#0"},
				"up": {"uv": [5.75, 0.625, 5.875, 0.75], "texture": "#0"},
				"down": {"uv": [5.75, 1.75, 5.875, 1.875], "texture": "#0"}
			}
		},
		{
			"name": "divine_axe_rhitta_1",
			"from": [7.625, 13, 8],
			"to": [7.75, 14.5, 8.125],
			"faces": {
				"north": {"uv": [5.75, 1, 5.625, 2.5], "texture": "#0"},
				"east": {"uv": [5.625, 1, 5.75, 2.5], "texture": "#0"},
				"south": {"uv": [5.625, 1, 5.75, 2.5], "texture": "#0"},
				"west": {"uv": [5.625, 1, 5.75, 2.5], "texture": "#0"},
				"up": {"uv": [5.625, 1, 5.75, 1.125], "texture": "#0"},
				"down": {"uv": [5.625, 2.375, 5.75, 2.5], "texture": "#0"}
			}
		},
		{
			"name": "divine_axe_rhitta_2",
			"from": [7.875, 13, 8],
			"to": [8, 14.5, 8.125],
			"faces": {
				"north": {"uv": [6, 1, 5.875, 2.5], "texture": "#0"},
				"east": {"uv": [5.875, 1, 6, 2.5], "texture": "#0"},
				"south": {"uv": [5.875, 1, 6, 2.5], "texture": "#0"},
				"west": {"uv": [5.875, 1, 6, 2.5], "texture": "#0"},
				"up": {"uv": [5.875, 1, 6, 1.125], "texture": "#0"},
				"down": {"uv": [5.875, 2.375, 6, 2.5], "texture": "#0"}
			}
		},
		{
			"name": "divine_axe_rhitta_3",
			"from": [7.5, 12.625, 8],
			"to": [7.625, 14, 8.125],
			"faces": {
				"north": {"uv": [5.625, 1.5, 5.5, 2.875], "texture": "#0"},
				"east": {"uv": [5.5, 1.5, 5.625, 2.875], "texture": "#0"},
				"south": {"uv": [5.5, 1.5, 5.625, 2.875], "texture": "#0"},
				"west": {"uv": [5.5, 1.5, 5.625, 2.875], "texture": "#0"},
				"up": {"uv": [5.5, 1.5, 5.625, 1.625], "texture": "#0"},
				"down": {"uv": [5.5, 2.75, 5.625, 2.875], "texture": "#0"}
			}
		},
		{
			"name": "divine_axe_rhitta_4",
			"from": [8, 12.625, 8],
			"to": [8.125, 14, 8.125],
			"faces": {
				"north": {"uv": [6.125, 1.5, 6, 2.875], "texture": "#0"},
				"east": {"uv": [6, 1.5, 6.125, 2.875], "texture": "#0"},
				"south": {"uv": [6, 1.5, 6.125, 2.875], "texture": "#0"},
				"west": {"uv": [6, 1.5, 6.125, 2.875], "texture": "#0"},
				"up": {"uv": [6, 1.5, 6.125, 1.625], "texture": "#0"},
				"down": {"uv": [6, 2.75, 6.125, 2.875], "texture": "#0"}
			}
		},
		{
			"name": "divine_axe_rhitta_5",
			"from": [7.75, 12.25, 7.9],
			"to": [7.875, 13.625, 8.225],
			"faces": {
				"north": {"uv": [6.625, 1.875, 6.5, 3.25], "texture": "#0"},
				"east": {"uv": [6.5, 1.875, 6.625, 3.25], "texture": "#0"},
				"south": {"uv": [6.5, 1.875, 6.625, 3.25], "texture": "#0"},
				"west": {"uv": [6.5, 1.875, 6.625, 3.25], "texture": "#0"},
				"up": {"uv": [6.5, 1.875, 6.625, 2], "texture": "#0"},
				"down": {"uv": [6.5, 3.125, 6.625, 3.25], "texture": "#0"}
			}
		},
		{
			"name": "divine_axe_rhitta_6",
			"from": [9.125, 13.75, 7.9],
			"to": [9.5, 13.875, 8.225],
			"faces": {
				"north": {"uv": [9.25, 1.875, 8.875, 2], "texture": "#0"},
				"east": {"uv": [9.125, 1.875, 9.25, 2], "texture": "#0"},
				"south": {"uv": [8.875, 1.875, 9.25, 2], "texture": "#0"},
				"west": {"uv": [8.875, 1.875, 9, 2], "texture": "#0"},
				"up": {"uv": [8.875, 1.875, 9.25, 2], "texture": "#0"},
				"down": {"uv": [8.875, 1.875, 9.25, 2], "texture": "#0"}
			}
		},
		{
			"name": "divine_axe_rhitta_7",
			"from": [9.5, 13.75, 8],
			"to": [10.5, 13.875, 8.125],
			"faces": {
				"north": {"uv": [10.75, 1.875, 9.75, 2], "texture": "#0"},
				"east": {"uv": [10.625, 1.875, 10.75, 2], "texture": "#0"},
				"south": {"uv": [9.75, 1.875, 10.75, 2], "texture": "#0"},
				"west": {"uv": [9.75, 1.875, 9.875, 2], "texture": "#0"},
				"up": {"uv": [9.75, 1.875, 10.75, 2], "texture": "#0"},
				"down": {"uv": [9.75, 1.875, 10.75, 2], "texture": "#0"}
			}
		},
		{
			"name": "divine_axe_rhitta_8",
			"from": [7.375, 12.75, 8],
			"to": [7.5, 13.5, 8.125],
			"faces": {
				"north": {"uv": [5.5, 2, 5.375, 2.75], "texture": "#0"},
				"east": {"uv": [5.375, 2, 5.5, 2.75], "texture": "#0"},
				"south": {"uv": [5.375, 2, 5.5, 2.75], "texture": "#0"},
				"west": {"uv": [5.375, 2, 5.5, 2.75], "texture": "#0"},
				"up": {"uv": [5.375, 2, 5.5, 2.125], "texture": "#0"},
				"down": {"uv": [5.375, 2.625, 5.5, 2.75], "texture": "#0"}
			}
		},
		{
			"name": "divine_axe_rhitta_9",
			"from": [8.125, 12.75, 8],
			"to": [8.25, 13.5, 8.125],
			"faces": {
				"north": {"uv": [6.25, 2, 6.125, 2.75], "texture": "#0"},
				"east": {"uv": [6.125, 2, 6.25, 2.75], "texture": "#0"},
				"south": {"uv": [6.125, 2, 6.25, 2.75], "texture": "#0"},
				"west": {"uv": [6.125, 2, 6.25, 2.75], "texture": "#0"},
				"up": {"uv": [6.125, 2, 6.25, 2.125], "texture": "#0"},
				"down": {"uv": [6.125, 2.625, 6.25, 2.75], "texture": "#0"}
			}
		},
		{
			"name": "divine_axe_rhitta_10",
			"from": [9.375, 13.625, 7.9],
			"to": [9.875, 13.75, 8.225],
			"faces": {
				"north": {"uv": [9.625, 2, 9.125, 2.125], "texture": "#0"},
				"east": {"uv": [9.5, 2, 9.625, 2.125], "texture": "#0"},
				"south": {"uv": [9.125, 2, 9.625, 2.125], "texture": "#0"},
				"west": {"uv": [9.125, 2, 9.25, 2.125], "texture": "#0"},
				"up": {"uv": [9.125, 2, 9.625, 2.125], "texture": "#0"},
				"down": {"uv": [9.125, 2, 9.625, 2.125], "texture": "#0"}
			}
		},
		{
			"name": "divine_axe_rhitta_11",
			"from": [9.875, 13.625, 8],
			"to": [10.875, 13.75, 8.125],
			"faces": {
				"north": {"uv": [11.125, 2, 10.125, 2.125], "texture": "#0"},
				"east": {"uv": [11, 2, 11.125, 2.125], "texture": "#0"},
				"south": {"uv": [10.125, 2, 11.125, 2.125], "texture": "#0"},
				"west": {"uv": [10.125, 2, 10.25, 2.125], "texture": "#0"},
				"up": {"uv": [10.125, 2, 11.125, 2.125], "texture": "#0"},
				"down": {"uv": [10.125, 2, 11.125, 2.125], "texture": "#0"}
			}
		},
		{
			"name": "divine_axe_rhitta_12",
			"from": [9.625, 13.5, 7.9],
			"to": [10.125, 13.625, 8.225],
			"faces": {
				"north": {"uv": [9.875, 2.125, 9.375, 2.25], "texture": "#0"},
				"east": {"uv": [9.75, 2.125, 9.875, 2.25], "texture": "#0"},
				"south": {"uv": [9.375, 2.125, 9.875, 2.25], "texture": "#0"},
				"west": {"uv": [9.375, 2.125, 9.5, 2.25], "texture": "#0"},
				"up": {"uv": [9.375, 2.125, 9.875, 2.25], "texture": "#0"},
				"down": {"uv": [9.375, 2.125, 9.875, 2.25], "texture": "#0"}
			}
		},
		{
			"name": "divine_axe_rhitta_13",
			"from": [10.125, 13.5, 8],
			"to": [11.125, 13.625, 8.125],
			"faces": {
				"north": {"uv": [11.375, 2.125, 10.375, 2.25], "texture": "#0"},
				"east": {"uv": [11.25, 2.125, 11.375, 2.25], "texture": "#0"},
				"south": {"uv": [10.375, 2.125, 11.375, 2.25], "texture": "#0"},
				"west": {"uv": [10.375, 2.125, 10.5, 2.25], "texture": "#0"},
				"up": {"uv": [10.375, 2.125, 11.375, 2.25], "texture": "#0"},
				"down": {"uv": [10.375, 2.125, 11.375, 2.25], "texture": "#0"}
			}
		},
		{
			"name": "divine_axe_rhitta_14",
			"from": [9.75, 13.375, 7.9],
			"to": [10.375, 13.5, 8.225],
			"faces": {
				"north": {"uv": [10.125, 2.25, 9.5, 2.375], "texture": "#0"},
				"east": {"uv": [10, 2.25, 10.125, 2.375], "texture": "#0"},
				"south": {"uv": [9.5, 2.25, 10.125, 2.375], "texture": "#0"},
				"west": {"uv": [9.5, 2.25, 9.625, 2.375], "texture": "#0"},
				"up": {"uv": [9.5, 2.25, 10.125, 2.375], "texture": "#0"},
				"down": {"uv": [9.5, 2.25, 10.125, 2.375], "texture": "#0"}
			}
		},
		{
			"name": "divine_axe_rhitta_15",
			"from": [10.375, 13.375, 8],
			"to": [11.25, 13.5, 8.125],
			"faces": {
				"north": {"uv": [11.5, 2.25, 10.625, 2.375], "texture": "#0"},
				"east": {"uv": [11.375, 2.25, 11.5, 2.375], "texture": "#0"},
				"south": {"uv": [10.625, 2.25, 11.5, 2.375], "texture": "#0"},
				"west": {"uv": [10.625, 2.25, 10.75, 2.375], "texture": "#0"},
				"up": {"uv": [10.625, 2.25, 11.5, 2.375], "texture": "#0"},
				"down": {"uv": [10.625, 2.25, 11.5, 2.375], "texture": "#0"}
			}
		},
		{
			"name": "divine_axe_rhitta_16",
			"from": [9.875, 13.25, 7.9],
			"to": [10.5, 13.375, 8.225],
			"faces": {
				"north": {"uv": [10.25, 2.375, 9.625, 2.5], "texture": "#0"},
				"east": {"uv": [10.125, 2.375, 10.25, 2.5], "texture": "#0"},
				"south": {"uv": [9.625, 2.375, 10.25, 2.5], "texture": "#0"},
				"west": {"uv": [9.625, 2.375, 9.75, 2.5], "texture": "#0"},
				"up": {"uv": [9.625, 2.375, 10.25, 2.5], "texture": "#0"},
				"down": {"uv": [9.625, 2.375, 10.25, 2.5], "texture": "#0"}
			}
		},
		{
			"name": "divine_axe_rhitta_17",
			"from": [10.5, 13, 8],
			"to": [11.375, 13.375, 8.125],
			"faces": {
				"north": {"uv": [11.625, 2.375, 10.75, 2.75], "texture": "#0"},
				"east": {"uv": [11.5, 2.375, 11.625, 2.75], "texture": "#0"},
				"south": {"uv": [10.75, 2.375, 11.625, 2.75], "texture": "#0"},
				"west": {"uv": [10.75, 2.375, 10.875, 2.75], "texture": "#0"},
				"up": {"uv": [10.75, 2.375, 11.625, 2.5], "texture": "#0"},
				"down": {"uv": [10.75, 2.625, 11.625, 2.75], "texture": "#0"}
			}
		},
		{
			"name": "divine_axe_rhitta_18",
			"from": [7.625, 12.25, 7.9],
			"to": [7.75, 13, 8.225],
			"faces": {
				"north": {"uv": [6.5, 2.5, 6.375, 3.25], "texture": "#0"},
				"east": {"uv": [6.375, 2.5, 6.5, 3.25], "texture": "#0"},
				"south": {"uv": [6.375, 2.5, 6.5, 3.25], "texture": "#0"},
				"west": {"uv": [6.375, 2.5, 6.5, 3.25], "texture": "#0"},
				"up": {"uv": [6.375, 2.5, 6.5, 2.625], "texture": "#0"},
				"down": {"uv": [6.375, 3.125, 6.5, 3.25], "texture": "#0"}
			}
		},
		{
			"name": "divine_axe_rhitta_19",
			"from": [7.875, 12.25, 7.9],
			"to": [8, 13, 8.225],
			"faces": {
				"north": {"uv": [6.75, 2.5, 6.625, 3.25], "texture": "#0"},
				"east": {"uv": [6.625, 2.5, 6.75, 3.25], "texture": "#0"},
				"south": {"uv": [6.625, 2.5, 6.75, 3.25], "texture": "#0"},
				"west": {"uv": [6.625, 2.5, 6.75, 3.25], "texture": "#0"},
				"up": {"uv": [6.625, 2.5, 6.75, 2.625], "texture": "#0"},
				"down": {"uv": [6.625, 3.125, 6.75, 3.25], "texture": "#0"}
			}
		},
		{
			"name": "divine_axe_rhitta_20",
			"from": [10, 13.125, 7.9],
			"to": [10.5, 13.25, 8.225],
			"faces": {
				"north": {"uv": [10.25, 2.5, 9.75, 2.625], "texture": "#0"},
				"east": {"uv": [10.125, 2.5, 10.25, 2.625], "texture": "#0"},
				"south": {"uv": [9.75, 2.5, 10.25, 2.625], "texture": "#0"},
				"west": {"uv": [9.75, 2.5, 9.875, 2.625], "texture": "#0"},
				"up": {"uv": [9.75, 2.5, 10.25, 2.625], "texture": "#0"},
				"down": {"uv": [9.75, 2.5, 10.25, 2.625], "texture": "#0"}
			}
		},
		{
			"name": "divine_axe_rhitta_21",
			"from": [11.375, 9.375, 8],
			"to": [11.5, 13.25, 8.125],
			"faces": {
				"north": {"uv": [11.75, 2.5, 11.625, 6.375], "texture": "#0"},
				"east": {"uv": [11.625, 2.5, 11.75, 6.375], "texture": "#0"},
				"south": {"uv": [11.625, 2.5, 11.75, 6.375], "texture": "#0"},
				"west": {"uv": [11.625, 2.5, 11.75, 6.375], "texture": "#0"},
				"up": {"uv": [11.625, 2.5, 11.75, 2.625], "texture": "#0"},
				"down": {"uv": [11.625, 6.25, 11.75, 6.375], "texture": "#0"}
			}
		},
		{
			"name": "divine_axe_rhitta_22",
			"from": [10.125, 12.875, 7.9],
			"to": [10.5, 13.125, 8.225],
			"faces": {
				"north": {"uv": [10.25, 2.625, 9.875, 2.875], "texture": "#0"},
				"east": {"uv": [10.125, 2.625, 10.25, 2.875], "texture": "#0"},
				"south": {"uv": [9.875, 2.625, 10.25, 2.875], "texture": "#0"},
				"west": {"uv": [9.875, 2.625, 10, 2.875], "texture": "#0"},
				"up": {"uv": [9.875, 2.625, 10.25, 2.75], "texture": "#0"},
				"down": {"uv": [9.875, 2.75, 10.25, 2.875], "texture": "#0"}
			}
		},
		{
			"name": "divine_axe_rhitta_23",
			"from": [10.5, 12, 7.9],
			"to": [10.625, 13, 8.225],
			"faces": {
				"north": {"uv": [10.375, 2.75, 10.25, 3.75], "texture": "#0"},
				"east": {"uv": [10.25, 2.75, 10.375, 3.75], "texture": "#0"},
				"south": {"uv": [10.25, 2.75, 10.375, 3.75], "texture": "#0"},
				"west": {"uv": [10.25, 2.75, 10.375, 3.75], "texture": "#0"},
				"up": {"uv": [10.25, 2.75, 10.375, 2.875], "texture": "#0"},
				"down": {"uv": [10.25, 3.625, 10.375, 3.75], "texture": "#0"}
			}
		},
		{
			"name": "divine_axe_rhitta_24",
			"from": [10.625, 12.75, 8],
			"to": [11.375, 13, 8.125],
			"faces": {
				"north": {"uv": [11.625, 2.75, 10.875, 3], "texture": "#0"},
				"east": {"uv": [11.5, 2.75, 11.625, 3], "texture": "#0"},
				"south": {"uv": [10.875, 2.75, 11.625, 3], "texture": "#0"},
				"west": {"uv": [10.875, 2.75, 11, 3], "texture": "#0"},
				"up": {"uv": [10.875, 2.75, 11.625, 2.875], "texture": "#0"},
				"down": {"uv": [10.875, 2.875, 11.625, 3], "texture": "#0"}
			}
		},
		{
			"name": "divine_axe_rhitta_25",
			"from": [11.5, 9.625, 8],
			"to": [11.625, 13, 8.125],
			"faces": {
				"north": {"uv": [11.875, 2.75, 11.75, 6.125], "texture": "#0"},
				"east": {"uv": [11.75, 2.75, 11.875, 6.125], "texture": "#0"},
				"south": {"uv": [11.75, 2.75, 11.875, 6.125], "texture": "#0"},
				"west": {"uv": [11.75, 2.75, 11.875, 6.125], "texture": "#0"},
				"up": {"uv": [11.75, 2.75, 11.875, 2.875], "texture": "#0"},
				"down": {"uv": [11.75, 6, 11.875, 6.125], "texture": "#0"}
			}
		},
		{
			"name": "divine_axe_rhitta_26",
			"from": [10.25, 12.5, 7.9],
			"to": [10.5, 12.875, 8.225],
			"faces": {
				"north": {"uv": [10.25, 2.875, 10, 3.25], "texture": "#0"},
				"east": {"uv": [10.125, 2.875, 10.25, 3.25], "texture": "#0"},
				"south": {"uv": [10, 2.875, 10.25, 3.25], "texture": "#0"},
				"west": {"uv": [10, 2.875, 10.125, 3.25], "texture": "#0"},
				"up": {"uv": [10, 2.875, 10.25, 3], "texture": "#0"},
				"down": {"uv": [10, 3.125, 10.25, 3.25], "texture": "#0"}
			}
		},
		{
			"name": "divine_axe_rhitta_27",
			"from": [7.5, 12.25, 7.9],
			"to": [7.625, 12.5, 8.225],
			"faces": {
				"north": {"uv": [6.375, 3, 6.25, 3.25], "texture": "#0"},
				"east": {"uv": [6.25, 3, 6.375, 3.25], "texture": "#0"},
				"south": {"uv": [6.25, 3, 6.375, 3.25], "texture": "#0"},
				"west": {"uv": [6.25, 3, 6.375, 3.25], "texture": "#0"},
				"up": {"uv": [6.25, 3, 6.375, 3.125], "texture": "#0"},
				"down": {"uv": [6.25, 3.125, 6.375, 3.25], "texture": "#0"}
			}
		},
		{
			"name": "divine_axe_rhitta_28",
			"from": [8, 12.25, 7.9],
			"to": [8.125, 12.5, 8.225],
			"faces": {
				"north": {"uv": [6.875, 3, 6.75, 3.25], "texture": "#0"},
				"east": {"uv": [6.75, 3, 6.875, 3.25], "texture": "#0"},
				"south": {"uv": [6.75, 3, 6.875, 3.25], "texture": "#0"},
				"west": {"uv": [6.75, 3, 6.875, 3.25], "texture": "#0"},
				"up": {"uv": [6.75, 3, 6.875, 3.125], "texture": "#0"},
				"down": {"uv": [6.75, 3.125, 6.875, 3.25], "texture": "#0"}
			}
		},
		{
			"name": "divine_axe_rhitta_29",
			"from": [10.125, 12.375, 7.9],
			"to": [10.25, 12.75, 8.225],
			"faces": {
				"north": {"uv": [9.75, 3, 9.625, 3.375], "texture": "#0"},
				"east": {"uv": [9.625, 3, 9.75, 3.375], "texture": "#0"},
				"south": {"uv": [9.625, 3, 9.75, 3.375], "texture": "#0"},
				"west": {"uv": [9.625, 3, 9.75, 3.375], "texture": "#0"},
				"up": {"uv": [9.625, 3, 9.75, 3.125], "texture": "#0"},
				"down": {"uv": [9.625, 3.25, 9.75, 3.375], "texture": "#0"}
			}
		},
		{
			"name": "divine_axe_rhitta_30",
			"from": [10.625, 9.875, 7.9],
			"to": [10.75, 12.75, 8.225],
			"faces": {
				"north": {"uv": [10.5, 3, 10.375, 5.875], "texture": "#0"},
				"east": {"uv": [10.375, 3, 10.5, 5.875], "texture": "#0"},
				"south": {"uv": [10.375, 3, 10.5, 5.875], "texture": "#0"},
				"west": {"uv": [10.375, 3, 10.5, 5.875], "texture": "#0"},
				"up": {"uv": [10.375, 3, 10.5, 3.125], "texture": "#0"},
				"down": {"uv": [10.375, 5.75, 10.5, 5.875], "texture": "#0"}
			}
		},
		{
			"name": "divine_axe_rhitta_31",
			"from": [10.75, 12.625, 8],
			"to": [11.375, 12.75, 8.125],
			"faces": {
				"north": {"uv": [11.625, 3, 11, 3.125], "texture": "#0"},
				"east": {"uv": [11.5, 3, 11.625, 3.125], "texture": "#0"},
				"south": {"uv": [11, 3, 11.625, 3.125], "texture": "#0"},
				"west": {"uv": [11, 3, 11.125, 3.125], "texture": "#0"},
				"up": {"uv": [11, 3, 11.625, 3.125], "texture": "#0"},
				"down": {"uv": [11, 3, 11.625, 3.125], "texture": "#0"}
			}
		},
		{
			"name": "divine_axe_rhitta_32",
			"from": [11.625, 9.875, 8],
			"to": [11.75, 12.75, 8.125],
			"faces": {
				"north": {"uv": [12, 3, 11.875, 5.875], "texture": "#0"},
				"east": {"uv": [11.875, 3, 12, 5.875], "texture": "#0"},
				"south": {"uv": [11.875, 3, 12, 5.875], "texture": "#0"},
				"west": {"uv": [11.875, 3, 12, 5.875], "texture": "#0"},
				"up": {"uv": [11.875, 3, 12, 3.125], "texture": "#0"},
				"down": {"uv": [11.875, 5.75, 12, 5.875], "texture": "#0"}
			}
		},
		{
			"name": "divine_axe_rhitta_33",
			"from": [10, 12.125, 7.9],
			"to": [10.125, 12.625, 8.225],
			"faces": {
				"north": {"uv": [9.625, 3.125, 9.5, 3.625], "texture": "#0"},
				"east": {"uv": [9.5, 3.125, 9.625, 3.625], "texture": "#0"},
				"south": {"uv": [9.5, 3.125, 9.625, 3.625], "texture": "#0"},
				"west": {"uv": [9.5, 3.125, 9.625, 3.625], "texture": "#0"},
				"up": {"uv": [9.5, 3.125, 9.625, 3.25], "texture": "#0"},
				"down": {"uv": [9.5, 3.5, 9.625, 3.625], "texture": "#0"}
			}
		},
		{
			"name": "divine_axe_rhitta_34",
			"from": [10.75, 12.375, 7.9],
			"to": [11, 12.625, 8.225],
			"faces": {
				"north": {"uv": [10.75, 3.125, 10.5, 3.375], "texture": "#0"},
				"east": {"uv": [10.625, 3.125, 10.75, 3.375], "texture": "#0"},
				"south": {"uv": [10.5, 3.125, 10.75, 3.375], "texture": "#0"},
				"west": {"uv": [10.5, 3.125, 10.625, 3.375], "texture": "#0"},
				"up": {"uv": [10.5, 3.125, 10.75, 3.25], "texture": "#0"},
				"down": {"uv": [10.5, 3.25, 10.75, 3.375], "texture": "#0"}
			}
		},
		{
			"name": "divine_axe_rhitta_35",
			"from": [11, 11.875, 8],
			"to": [11.375, 12.625, 8.125],
			"faces": {
				"north": {"uv": [11.625, 3.125, 11.25, 3.875], "texture": "#0"},
				"east": {"uv": [11.5, 3.125, 11.625, 3.875], "texture": "#0"},
				"south": {"uv": [11.25, 3.125, 11.625, 3.875], "texture": "#0"},
				"west": {"uv": [11.25, 3.125, 11.375, 3.875], "texture": "#0"},
				"up": {"uv": [11.25, 3.125, 11.625, 3.25], "texture": "#0"},
				"down": {"uv": [11.25, 3.75, 11.625, 3.875], "texture": "#0"}
			}
		},
		{
			"name": "divine_axe_rhitta_36",
			"from": [9.75, 12, 7.9],
			"to": [10, 12.5, 8.225],
			"faces": {
				"north": {"uv": [9.5, 3.25, 9.25, 3.75], "texture": "#0"},
				"east": {"uv": [9.375, 3.25, 9.5, 3.75], "texture": "#0"},
				"south": {"uv": [9.25, 3.25, 9.5, 3.75], "texture": "#0"},
				"west": {"uv": [9.25, 3.25, 9.375, 3.75], "texture": "#0"},
				"up": {"uv": [9.25, 3.25, 9.5, 3.375], "texture": "#0"},
				"down": {"uv": [9.25, 3.625, 9.5, 3.75], "texture": "#0"}
			}
		},
		{
			"name": "divine_axe_rhitta_37",
			"from": [10.375, 12.25, 7.9],
			"to": [10.5, 12.5, 8.225],
			"faces": {
				"north": {"uv": [10.25, 3.25, 10.125, 3.5], "texture": "#0"},
				"east": {"uv": [10.125, 3.25, 10.25, 3.5], "texture": "#0"},
				"south": {"uv": [10.125, 3.25, 10.25, 3.5], "texture": "#0"},
				"west": {"uv": [10.125, 3.25, 10.25, 3.5], "texture": "#0"},
				"up": {"uv": [10.125, 3.25, 10.25, 3.375], "texture": "#0"},
				"down": {"uv": [10.125, 3.375, 10.25, 3.5], "texture": "#0"}
			}
		},
		{
			"name": "divine_axe_rhitta_38",
			"from": [9.5, 11.875, 7.9],
			"to": [9.75, 12.375, 8.225],
			"faces": {
				"north": {"uv": [9.25, 3.375, 9, 3.875], "texture": "#0"},
				"east": {"uv": [9.125, 3.375, 9.25, 3.875], "texture": "#0"},
				"south": {"uv": [9, 3.375, 9.25, 3.875], "texture": "#0"},
				"west": {"uv": [9, 3.375, 9.125, 3.875], "texture": "#0"},
				"up": {"uv": [9, 3.375, 9.25, 3.5], "texture": "#0"},
				"down": {"uv": [9, 3.75, 9.25, 3.875], "texture": "#0"}
			}
		},
		{
			"name": "divine_axe_rhitta_39",
			"from": [10.75, 10.125, 7.9],
			"to": [10.875, 12.375, 8.225],
			"faces": {
				"north": {"uv": [10.625, 3.375, 10.5, 5.625], "texture": "#0"},
				"east": {"uv": [10.5, 3.375, 10.625, 5.625], "texture": "#0"},
				"south": {"uv": [10.5, 3.375, 10.625, 5.625], "texture": "#0"},
				"west": {"uv": [10.5, 3.375, 10.625, 5.625], "texture": "#0"},
				"up": {"uv": [10.5, 3.375, 10.625, 3.5], "texture": "#0"},
				"down": {"uv": [10.5, 5.5, 10.625, 5.625], "texture": "#0"}
			}
		},
		{
			"name": "divine_axe_rhitta_40",
			"from": [10.875, 12.125, 8],
			"to": [11, 12.375, 8.125],
			"faces": {
				"north": {"uv": [11.25, 3.375, 11.125, 3.625], "texture": "#0"},
				"east": {"uv": [11.125, 3.375, 11.25, 3.625], "texture": "#0"},
				"south": {"uv": [11.125, 3.375, 11.25, 3.625], "texture": "#0"},
				"west": {"uv": [11.125, 3.375, 11.25, 3.625], "texture": "#0"},
				"up": {"uv": [11.125, 3.375, 11.25, 3.5], "texture": "#0"},
				"down": {"uv": [11.125, 3.5, 11.25, 3.625], "texture": "#0"}
			}
		},
		{
			"name": "divine_axe_rhitta_41",
			"from": [11.75, 10.25, 8],
			"to": [11.875, 12.375, 8.125],
			"faces": {
				"north": {"uv": [12.125, 3.375, 12, 5.5], "texture": "#0"},
				"east": {"uv": [12, 3.375, 12.125, 5.5], "texture": "#0"},
				"south": {"uv": [12, 3.375, 12.125, 5.5], "texture": "#0"},
				"west": {"uv": [12, 3.375, 12.125, 5.5], "texture": "#0"},
				"up": {"uv": [12, 3.375, 12.125, 3.5], "texture": "#0"},
				"down": {"uv": [12, 5.375, 12.125, 5.5], "texture": "#0"}
			}
		},
		{
			"name": "divine_axe_rhitta_42",
			"from": [7.5, 11.5, 7.85],
			"to": [8.125, 12.25, 8.275],
			"faces": {
				"north": {"uv": [6.875, 3.5, 6.25, 4.25], "texture": "#0"},
				"east": {"uv": [6.75, 3.5, 6.875, 4.25], "texture": "#0"},
				"south": {"uv": [6.25, 3.5, 6.875, 4.25], "texture": "#0"},
				"west": {"uv": [6.25, 3.5, 6.375, 4.25], "texture": "#0"},
				"up": {"uv": [6.25, 3.5, 6.875, 3.625], "texture": "#0"},
				"down": {"uv": [6.25, 4.125, 6.875, 4.25], "texture": "#0"}
			}
		},
		{
			"name": "divine_axe_rhitta_43",
			"from": [9.125, 11.75, 7.9],
			"to": [9.5, 12.25, 8.225],
			"faces": {
				"north": {"uv": [9, 3.5, 8.625, 4], "texture": "#0"},
				"east": {"uv": [8.875, 3.5, 9, 4], "texture": "#0"},
				"south": {"uv": [8.625, 3.5, 9, 4], "texture": "#0"},
				"west": {"uv": [8.625, 3.5, 8.75, 4], "texture": "#0"},
				"up": {"uv": [8.625, 3.5, 9, 3.625], "texture": "#0"},
				"down": {"uv": [8.625, 3.875, 9, 4], "texture": "#0"}
			}
		},
		{
			"name": "divine_axe_rhitta_44",
			"from": [7.25, 10.5, 7.85],
			"to": [7.5, 12.125, 8.275],
			"faces": {
				"north": {"uv": [6.25, 3.625, 6, 5.25], "texture": "#0"},
				"east": {"uv": [6.125, 3.625, 6.25, 5.25], "texture": "#0"},
				"south": {"uv": [6, 3.625, 6.25, 5.25], "texture": "#0"},
				"west": {"uv": [6, 3.625, 6.125, 5.25], "texture": "#0"},
				"up": {"uv": [6, 3.625, 6.25, 3.75], "texture": "#0"},
				"down": {"uv": [6, 5.125, 6.25, 5.25], "texture": "#0"}
			}
		},
		{
			"name": "divine_axe_rhitta_45",
			"from": [8.125, 11.625, 7.85],
			"to": [8.375, 12.125, 8.275],
			"faces": {
				"north": {"uv": [7.125, 3.625, 6.875, 4.125], "texture": "#0"},
				"east": {"uv": [7, 3.625, 7.125, 4.125], "texture": "#0"},
				"south": {"uv": [6.875, 3.625, 7.125, 4.125], "texture": "#0"},
				"west": {"uv": [6.875, 3.625, 7, 4.125], "texture": "#0"},
				"up": {"uv": [6.875, 3.625, 7.125, 3.75], "texture": "#0"},
				"down": {"uv": [6.875, 4, 7.125, 4.125], "texture": "#0"}
			}
		},
		{
			"name": "divine_axe_rhitta_46",
			"from": [8.75, 10.5, 7.9],
			"to": [9.125, 12.125, 8.225],
			"faces": {
				"north": {"uv": [8.625, 3.625, 8.25, 5.25], "texture": "#0"},
				"east": {"uv": [8.5, 3.625, 8.625, 5.25], "texture": "#0"},
				"south": {"uv": [8.25, 3.625, 8.625, 5.25], "texture": "#0"},
				"west": {"uv": [8.25, 3.625, 8.375, 5.25], "texture": "#0"},
				"up": {"uv": [8.25, 3.625, 8.625, 3.75], "texture": "#0"},
				"down": {"uv": [8.25, 5.125, 8.625, 5.25], "texture": "#0"}
			}
		},
		{
			"name": "divine_axe_rhitta_47",
			"from": [10.875, 10.375, 7.9],
			"to": [11, 12.125, 8.225],
			"faces": {
				"north": {"uv": [10.75, 3.625, 10.625, 5.375], "texture": "#0"},
				"east": {"uv": [10.625, 3.625, 10.75, 5.375], "texture": "#0"},
				"south": {"uv": [10.625, 3.625, 10.75, 5.375], "texture": "#0"},
				"west": {"uv": [10.625, 3.625, 10.75, 5.375], "texture": "#0"},
				"up": {"uv": [10.625, 3.625, 10.75, 3.75], "texture": "#0"},
				"down": {"uv": [10.625, 5.25, 10.75, 5.375], "texture": "#0"}
			}
		},
		{
			"name": "divine_axe_rhitta_48",
			"from": [7.125, 10.625, 7.85],
			"to": [7.25, 12, 8.275],
			"faces": {
				"north": {"uv": [6, 3.75, 5.875, 5.125], "texture": "#0"},
				"east": {"uv": [5.875, 3.75, 6, 5.125], "texture": "#0"},
				"south": {"uv": [5.875, 3.75, 6, 5.125], "texture": "#0"},
				"west": {"uv": [5.875, 3.75, 6, 5.125], "texture": "#0"},
				"up": {"uv": [5.875, 3.75, 6, 3.875], "texture": "#0"},
				"down": {"uv": [5.875, 5, 6, 5.125], "texture": "#0"}
			}
		},
		{
			"name": "divine_axe_rhitta_49",
			"from": [8.375, 11.75, 7.85],
			"to": [8.5, 12, 8.275],
			"faces": {
				"north": {"uv": [7.25, 3.75, 7.125, 4], "texture": "#0"},
				"east": {"uv": [7.125, 3.75, 7.25, 4], "texture": "#0"},
				"south": {"uv": [7.125, 3.75, 7.25, 4], "texture": "#0"},
				"west": {"uv": [7.125, 3.75, 7.25, 4], "texture": "#0"},
				"up": {"uv": [7.125, 3.75, 7.25, 3.875], "texture": "#0"},
				"down": {"uv": [7.125, 3.875, 7.25, 4], "texture": "#0"}
			}
		},
		{
			"name": "divine_axe_rhitta_50",
			"from": [8.625, 10.625, 7.9],
			"to": [8.75, 12, 8.225],
			"faces": {
				"north": {"uv": [8.25, 3.75, 8.125, 5.125], "texture": "#0"},
				"east": {"uv": [8.125, 3.75, 8.25, 5.125], "texture": "#0"},
				"south": {"uv": [8.125, 3.75, 8.25, 5.125], "texture": "#0"},
				"west": {"uv": [8.125, 3.75, 8.25, 5.125], "texture": "#0"},
				"up": {"uv": [8.125, 3.75, 8.25, 3.875], "texture": "#0"},
				"down": {"uv": [8.125, 5, 8.25, 5.125], "texture": "#0"}
			}
		},
		{
			"name": "divine_axe_rhitta_51",
			"from": [11.875, 10.75, 8],
			"to": [12, 12, 8.125],
			"faces": {
				"north": {"uv": [12.25, 3.75, 12.125, 5], "texture": "#0"},
				"east": {"uv": [12.125, 3.75, 12.25, 5], "texture": "#0"},
				"south": {"uv": [12.125, 3.75, 12.25, 5], "texture": "#0"},
				"west": {"uv": [12.125, 3.75, 12.25, 5], "texture": "#0"},
				"up": {"uv": [12.125, 3.75, 12.25, 3.875], "texture": "#0"},
				"down": {"uv": [12.125, 4.875, 12.25, 5], "texture": "#0"}
			}
		},
		{
			"name": "divine_axe_rhitta_52",
			"from": [7, 10.75, 7.85],
			"to": [7.125, 11.875, 8.275],
			"faces": {
				"north": {"uv": [5.875, 3.875, 5.75, 5], "texture": "#0"},
				"east": {"uv": [5.75, 3.875, 5.875, 5], "texture": "#0"},
				"south": {"uv": [5.75, 3.875, 5.875, 5], "texture": "#0"},
				"west": {"uv": [5.75, 3.875, 5.875, 5], "texture": "#0"},
				"up": {"uv": [5.75, 3.875, 5.875, 4], "texture": "#0"},
				"down": {"uv": [5.75, 4.875, 5.875, 5], "texture": "#0"}
			}
		},
		{
			"name": "divine_axe_rhitta_53",
			"from": [8.5, 10.75, 7.9],
			"to": [8.625, 11.875, 8.225],
			"faces": {
				"north": {"uv": [8.125, 3.875, 8, 5], "texture": "#0"},
				"east": {"uv": [8, 3.875, 8.125, 5], "texture": "#0"},
				"south": {"uv": [8, 3.875, 8.125, 5], "texture": "#0"},
				"west": {"uv": [8, 3.875, 8.125, 5], "texture": "#0"},
				"up": {"uv": [8, 3.875, 8.125, 4], "texture": "#0"},
				"down": {"uv": [8, 4.875, 8.125, 5], "texture": "#0"}
			}
		},
		{
			"name": "divine_axe_rhitta_54",
			"from": [10.5, 11.75, 7.9],
			"to": [10.625, 11.875, 8.225],
			"faces": {
				"north": {"uv": [10.375, 3.875, 10.25, 4], "texture": "#0"},
				"east": {"uv": [10.25, 3.875, 10.375, 4], "texture": "#0"},
				"south": {"uv": [10.25, 3.875, 10.375, 4], "texture": "#0"},
				"west": {"uv": [10.25, 3.875, 10.375, 4], "texture": "#0"},
				"up": {"uv": [10.25, 3.875, 10.375, 4], "texture": "#0"},
				"down": {"uv": [10.25, 3.875, 10.375, 4], "texture": "#0"}
			}
		},
		{
			"name": "divine_axe_rhitta_55",
			"from": [11, 10.625, 7.9],
			"to": [11.125, 11.875, 8.225],
			"faces": {
				"north": {"uv": [10.875, 3.875, 10.75, 5.125], "texture": "#0"},
				"east": {"uv": [10.75, 3.875, 10.875, 5.125], "texture": "#0"},
				"south": {"uv": [10.75, 3.875, 10.875, 5.125], "texture": "#0"},
				"west": {"uv": [10.75, 3.875, 10.875, 5.125], "texture": "#0"},
				"up": {"uv": [10.75, 3.875, 10.875, 4], "texture": "#0"},
				"down": {"uv": [10.75, 5, 10.875, 5.125], "texture": "#0"}
			}
		},
		{
			"name": "divine_axe_rhitta_56",
			"from": [11.125, 11.625, 8],
			"to": [11.375, 11.875, 8.125],
			"faces": {
				"north": {"uv": [11.625, 3.875, 11.375, 4.125], "texture": "#0"},
				"east": {"uv": [11.5, 3.875, 11.625, 4.125], "texture": "#0"},
				"south": {"uv": [11.375, 3.875, 11.625, 4.125], "texture": "#0"},
				"west": {"uv": [11.375, 3.875, 11.5, 4.125], "texture": "#0"},
				"up": {"uv": [11.375, 3.875, 11.625, 4], "texture": "#0"},
				"down": {"uv": [11.375, 4, 11.625, 4.125], "texture": "#0"}
			}
		},
		{
			"name": "divine_axe_rhitta_57",
			"from": [5.75, 11.375, 8],
			"to": [6.125, 11.75, 8.125],
			"faces": {
				"north": {"uv": [3.875, 4, 3.5, 4.375], "texture": "#0"},
				"east": {"uv": [3.75, 4, 3.875, 4.375], "texture": "#0"},
				"south": {"uv": [3.5, 4, 3.875, 4.375], "texture": "#0"},
				"west": {"uv": [3.5, 4, 3.625, 4.375], "texture": "#0"},
				"up": {"uv": [3.5, 4, 3.875, 4.125], "texture": "#0"},
				"down": {"uv": [3.5, 4.25, 3.875, 4.375], "texture": "#0"}
			}
		},
		{
			"name": "divine_axe_rhitta_58",
			"from": [6.125, 11.5, 8],
			"to": [6.375, 11.75, 8.125],
			"faces": {
				"north": {"uv": [4.125, 4, 3.875, 4.25], "texture": "#0"},
				"east": {"uv": [4, 4, 4.125, 4.25], "texture": "#0"},
				"south": {"uv": [3.875, 4, 4.125, 4.25], "texture": "#0"},
				"west": {"uv": [3.875, 4, 4, 4.25], "texture": "#0"},
				"up": {"uv": [3.875, 4, 4.125, 4.125], "texture": "#0"},
				"down": {"uv": [3.875, 4.125, 4.125, 4.25], "texture": "#0"}
			}
		},
		{
			"name": "divine_axe_rhitta_59",
			"from": [8.375, 10.875, 7.9],
			"to": [8.5, 11.75, 8.225],
			"faces": {
				"north": {"uv": [8, 4, 7.875, 4.875], "texture": "#0"},
				"east": {"uv": [7.875, 4, 8, 4.875], "texture": "#0"},
				"south": {"uv": [7.875, 4, 8, 4.875], "texture": "#0"},
				"west": {"uv": [7.875, 4, 8, 4.875], "texture": "#0"},
				"up": {"uv": [7.875, 4, 8, 4.125], "texture": "#0"},
				"down": {"uv": [7.875, 4.75, 8, 4.875], "texture": "#0"}
			}
		},
		{
			"name": "divine_axe_rhitta_60",
			"from": [10.375, 10.875, 7.9],
			"to": [10.625, 11.75, 8.225],
			"faces": {
				"north": {"uv": [10.125, 4, 9.875, 4.875], "texture": "#0"},
				"east": {"uv": [10, 4, 10.125, 4.875], "texture": "#0"},
				"south": {"uv": [9.875, 4, 10.125, 4.875], "texture": "#0"},
				"west": {"uv": [9.875, 4, 10, 4.875], "texture": "#0"},
				"up": {"uv": [9.875, 4, 10.125, 4.125], "texture": "#0"},
				"down": {"uv": [9.875, 4.75, 10.125, 4.875], "texture": "#0"}
			}
		},
		{
			"name": "divine_axe_rhitta_61",
			"from": [5.25, 11, 8],
			"to": [5.625, 11.625, 8.125],
			"faces": {
				"north": {"uv": [3.375, 4.125, 3, 4.75], "texture": "#0"},
				"east": {"uv": [3.25, 4.125, 3.375, 4.75], "texture": "#0"},
				"south": {"uv": [3, 4.125, 3.375, 4.75], "texture": "#0"},
				"west": {"uv": [3, 4.125, 3.125, 4.75], "texture": "#0"},
				"up": {"uv": [3, 4.125, 3.375, 4.25], "texture": "#0"},
				"down": {"uv": [3, 4.625, 3.375, 4.75], "texture": "#0"}
			}
		},
		{
			"name": "divine_axe_rhitta_62",
			"from": [5.625, 11.375, 8],
			"to": [5.75, 11.625, 8.125],
			"faces": {
				"north": {"uv": [3.5, 4.125, 3.375, 4.375], "texture": "#0"},
				"east": {"uv": [3.375, 4.125, 3.5, 4.375], "texture": "#0"},
				"south": {"uv": [3.375, 4.125, 3.5, 4.375], "texture": "#0"},
				"west": {"uv": [3.375, 4.125, 3.5, 4.375], "texture": "#0"},
				"up": {"uv": [3.375, 4.125, 3.5, 4.25], "texture": "#0"},
				"down": {"uv": [3.375, 4.25, 3.5, 4.375], "texture": "#0"}
			}
		},
		{
			"name": "divine_axe_rhitta_63",
			"from": [6.375, 11.5, 8],
			"to": [6.5, 11.625, 8.125],
			"faces": {
				"north": {"uv": [4.25, 4.125, 4.125, 4.25], "texture": "#0"},
				"east": {"uv": [4.125, 4.125, 4.25, 4.25], "texture": "#0"},
				"south": {"uv": [4.125, 4.125, 4.25, 4.25], "texture": "#0"},
				"west": {"uv": [4.125, 4.125, 4.25, 4.25], "texture": "#0"},
				"up": {"uv": [4.125, 4.125, 4.25, 4.25], "texture": "#0"},
				"down": {"uv": [4.125, 4.125, 4.25, 4.25], "texture": "#0"}
			}
		},
		{
			"name": "divine_axe_rhitta_64",
			"from": [6.625, 11, 7.9],
			"to": [6.875, 11.625, 8.225],
			"faces": {
				"north": {"uv": [5.375, 4.125, 5.125, 4.75], "texture": "#0"},
				"east": {"uv": [5.25, 4.125, 5.375, 4.75], "texture": "#0"},
				"south": {"uv": [5.125, 4.125, 5.375, 4.75], "texture": "#0"},
				"west": {"uv": [5.125, 4.125, 5.25, 4.75], "texture": "#0"},
				"up": {"uv": [5.125, 4.125, 5.375, 4.25], "texture": "#0"},
				"down": {"uv": [5.125, 4.625, 5.375, 4.75], "texture": "#0"}
			}
		},
		{
			"name": "divine_axe_rhitta_65",
			"from": [6.875, 11, 7.85],
			"to": [7, 11.625, 8.275],
			"faces": {
				"north": {"uv": [5.75, 4.125, 5.625, 4.75], "texture": "#0"},
				"east": {"uv": [5.625, 4.125, 5.75, 4.75], "texture": "#0"},
				"south": {"uv": [5.625, 4.125, 5.75, 4.75], "texture": "#0"},
				"west": {"uv": [5.625, 4.125, 5.75, 4.75], "texture": "#0"},
				"up": {"uv": [5.625, 4.125, 5.75, 4.25], "texture": "#0"},
				"down": {"uv": [5.625, 4.625, 5.75, 4.75], "texture": "#0"}
			}
		},
		{
			"name": "divine_axe_rhitta_66",
			"from": [8.125, 11.5, 7.85],
			"to": [8.25, 11.625, 8.275],
			"faces": {
				"north": {"uv": [7, 4.125, 6.875, 4.25], "texture": "#0"},
				"east": {"uv": [6.875, 4.125, 7, 4.25], "texture": "#0"},
				"south": {"uv": [6.875, 4.125, 7, 4.25], "texture": "#0"},
				"west": {"uv": [6.875, 4.125, 7, 4.25], "texture": "#0"},
				"up": {"uv": [6.875, 4.125, 7, 4.25], "texture": "#0"},
				"down": {"uv": [6.875, 4.125, 7, 4.25], "texture": "#0"}
			}
		},
		{
			"name": "divine_axe_rhitta_67",
			"from": [8.25, 11, 7.9],
			"to": [8.375, 11.625, 8.225],
			"faces": {
				"north": {"uv": [7.875, 4.125, 7.75, 4.75], "texture": "#0"},
				"east": {"uv": [7.75, 4.125, 7.875, 4.75], "texture": "#0"},
				"south": {"uv": [7.75, 4.125, 7.875, 4.75], "texture": "#0"},
				"west": {"uv": [7.75, 4.125, 7.875, 4.75], "texture": "#0"},
				"up": {"uv": [7.75, 4.125, 7.875, 4.25], "texture": "#0"},
				"down": {"uv": [7.75, 4.625, 7.875, 4.75], "texture": "#0"}
			}
		},
		{
			"name": "divine_axe_rhitta_68",
			"from": [9.125, 11, 7.9],
			"to": [9.25, 11.625, 8.225],
			"faces": {
				"north": {"uv": [8.75, 4.125, 8.625, 4.75], "texture": "#0"},
				"east": {"uv": [8.625, 4.125, 8.75, 4.75], "texture": "#0"},
				"south": {"uv": [8.625, 4.125, 8.75, 4.75], "texture": "#0"},
				"west": {"uv": [8.625, 4.125, 8.75, 4.75], "texture": "#0"},
				"up": {"uv": [8.625, 4.125, 8.75, 4.25], "texture": "#0"},
				"down": {"uv": [8.625, 4.625, 8.75, 4.75], "texture": "#0"}
			}
		},
		{
			"name": "divine_axe_rhitta_69",
			"from": [9.875, 11, 7.9],
			"to": [10.375, 11.625, 8.225],
			"faces": {
				"north": {"uv": [9.875, 4.125, 9.375, 4.75], "texture": "#0"},
				"east": {"uv": [9.75, 4.125, 9.875, 4.75], "texture": "#0"},
				"south": {"uv": [9.375, 4.125, 9.875, 4.75], "texture": "#0"},
				"west": {"uv": [9.375, 4.125, 9.5, 4.75], "texture": "#0"},
				"up": {"uv": [9.375, 4.125, 9.875, 4.25], "texture": "#0"},
				"down": {"uv": [9.375, 4.625, 9.875, 4.75], "texture": "#0"}
			}
		},
		{
			"name": "divine_axe_rhitta_70",
			"from": [11.125, 11.5, 7.9],
			"to": [11.25, 11.625, 8.225],
			"faces": {
				"north": {"uv": [11, 4.125, 10.875, 4.25], "texture": "#0"},
				"east": {"uv": [10.875, 4.125, 11, 4.25], "texture": "#0"},
				"south": {"uv": [10.875, 4.125, 11, 4.25], "texture": "#0"},
				"west": {"uv": [10.875, 4.125, 11, 4.25], "texture": "#0"},
				"up": {"uv": [10.875, 4.125, 11, 4.25], "texture": "#0"},
				"down": {"uv": [10.875, 4.125, 11, 4.25], "texture": "#0"}
			}
		},
		{
			"name": "divine_axe_rhitta_71",
			"from": [11.25, 9.25, 8],
			"to": [11.375, 11.625, 8.125],
			"faces": {
				"north": {"uv": [11.625, 4.125, 11.5, 6.5], "texture": "#0"},
				"east": {"uv": [11.5, 4.125, 11.625, 6.5], "texture": "#0"},
				"south": {"uv": [11.5, 4.125, 11.625, 6.5], "texture": "#0"},
				"west": {"uv": [11.5, 4.125, 11.625, 6.5], "texture": "#0"},
				"up": {"uv": [11.5, 4.125, 11.625, 4.25], "texture": "#0"},
				"down": {"uv": [11.5, 6.375, 11.625, 6.5], "texture": "#0"}
			}
		},
		{
			"name": "divine_axe_rhitta_72",
			"from": [4.75, 11.125, 8],
			"to": [5.25, 11.5, 8.125],
			"faces": {
				"north": {"uv": [3, 4.25, 2.5, 4.625], "texture": "#0"},
				"east": {"uv": [2.875, 4.25, 3, 4.625], "texture": "#0"},
				"south": {"uv": [2.5, 4.25, 3, 4.625], "texture": "#0"},
				"west": {"uv": [2.5, 4.25, 2.625, 4.625], "texture": "#0"},
				"up": {"uv": [2.5, 4.25, 3, 4.375], "texture": "#0"},
				"down": {"uv": [2.5, 4.5, 3, 4.625], "texture": "#0"}
			}
		},
		{
			"name": "divine_axe_rhitta_73",
			"from": [6.125, 11.125, 7.9],
			"to": [6.625, 11.5, 8.225],
			"faces": {
				"north": {"uv": [5.125, 4.25, 4.625, 4.625], "texture": "#0"},
				"east": {"uv": [5, 4.25, 5.125, 4.625], "texture": "#0"},
				"south": {"uv": [4.625, 4.25, 5.125, 4.625], "texture": "#0"},
				"west": {"uv": [4.625, 4.25, 4.75, 4.625], "texture": "#0"},
				"up": {"uv": [4.625, 4.25, 5.125, 4.375], "texture": "#0"},
				"down": {"uv": [4.625, 4.5, 5.125, 4.625], "texture": "#0"}
			}
		},
		{
			"name": "divine_axe_rhitta_74",
			"from": [7.5, 10.375, 7.85],
			"to": [7.625, 11.5, 8.275],
			"faces": {
				"north": {"uv": [6.375, 4.25, 6.25, 5.375], "texture": "#0"},
				"east": {"uv": [6.25, 4.25, 6.375, 5.375], "texture": "#0"},
				"south": {"uv": [6.25, 4.25, 6.375, 5.375], "texture": "#0"},
				"west": {"uv": [6.25, 4.25, 6.375, 5.375], "texture": "#0"},
				"up": {"uv": [6.25, 4.25, 6.375, 4.375], "texture": "#0"},
				"down": {"uv": [6.25, 5.25, 6.375, 5.375], "texture": "#0"}
			}
		},
		{
			"name": "divine_axe_rhitta_75",
			"from": [7.625, 11, 7.9],
			"to": [8.125, 11.5, 8.225],
			"faces": {
				"north": {"uv": [7.625, 4.25, 7.125, 4.75], "texture": "#0"},
				"east": {"uv": [7.5, 4.25, 7.625, 4.75], "texture": "#0"},
				"south": {"uv": [7.125, 4.25, 7.625, 4.75], "texture": "#0"},
				"west": {"uv": [7.125, 4.25, 7.25, 4.75], "texture": "#0"},
				"up": {"uv": [7.125, 4.25, 7.625, 4.375], "texture": "#0"},
				"down": {"uv": [7.125, 4.625, 7.625, 4.75], "texture": "#0"}
			}
		},
		{
			"name": "divine_axe_rhitta_76",
			"from": [8.125, 11.125, 7.9],
			"to": [8.25, 11.5, 8.225],
			"faces": {
				"north": {"uv": [7.75, 4.25, 7.625, 4.625], "texture": "#0"},
				"east": {"uv": [7.625, 4.25, 7.75, 4.625], "texture": "#0"},
				"south": {"uv": [7.625, 4.25, 7.75, 4.625], "texture": "#0"},
				"west": {"uv": [7.625, 4.25, 7.75, 4.625], "texture": "#0"},
				"up": {"uv": [7.625, 4.25, 7.75, 4.375], "texture": "#0"},
				"down": {"uv": [7.625, 4.5, 7.75, 4.625], "texture": "#0"}
			}
		},
		{
			"name": "divine_axe_rhitta_77",
			"from": [9.25, 11.125, 7.9],
			"to": [9.875, 11.5, 8.225],
			"faces": {
				"north": {"uv": [9.375, 4.25, 8.75, 4.625], "texture": "#0"},
				"east": {"uv": [9.25, 4.25, 9.375, 4.625], "texture": "#0"},
				"south": {"uv": [8.75, 4.25, 9.375, 4.625], "texture": "#0"},
				"west": {"uv": [8.75, 4.25, 8.875, 4.625], "texture": "#0"},
				"up": {"uv": [8.75, 4.25, 9.375, 4.375], "texture": "#0"},
				"down": {"uv": [8.75, 4.5, 9.375, 4.625], "texture": "#0"}
			}
		},
		{
			"name": "divine_axe_rhitta_78",
			"from": [11.125, 11.125, 8],
			"to": [11.25, 11.5, 8.125],
			"faces": {
				"north": {"uv": [11.5, 4.25, 11.375, 4.625], "texture": "#0"},
				"east": {"uv": [11.375, 4.25, 11.5, 4.625], "texture": "#0"},
				"south": {"uv": [11.375, 4.25, 11.5, 4.625], "texture": "#0"},
				"west": {"uv": [11.375, 4.25, 11.5, 4.625], "texture": "#0"},
				"up": {"uv": [11.375, 4.25, 11.5, 4.375], "texture": "#0"},
				"down": {"uv": [11.375, 4.5, 11.5, 4.625], "texture": "#0"}
			}
		},
		{
			"name": "divine_axe_rhitta_79",
			"from": [4.375, 11.25, 8],
			"to": [4.75, 11.375, 8.125],
			"faces": {
				"north": {"uv": [2.5, 4.375, 2.125, 4.5], "texture": "#0"},
				"east": {"uv": [2.375, 4.375, 2.5, 4.5], "texture": "#0"},
				"south": {"uv": [2.125, 4.375, 2.5, 4.5], "texture": "#0"},
				"west": {"uv": [2.125, 4.375, 2.25, 4.5], "texture": "#0"},
				"up": {"uv": [2.125, 4.375, 2.5, 4.5], "texture": "#0"},
				"down": {"uv": [2.125, 4.375, 2.5, 4.5], "texture": "#0"}
			}
		},
		{
			"name": "divine_axe_rhitta_80",
			"from": [5.625, 11.25, 7.9],
			"to": [6.125, 11.375, 8.225],
			"faces": {
				"north": {"uv": [4.625, 4.375, 4.125, 4.5], "texture": "#0"},
				"east": {"uv": [4.5, 4.375, 4.625, 4.5], "texture": "#0"},
				"south": {"uv": [4.125, 4.375, 4.625, 4.5], "texture": "#0"},
				"west": {"uv": [4.125, 4.375, 4.25, 4.5], "texture": "#0"},
				"up": {"uv": [4.125, 4.375, 4.625, 4.5], "texture": "#0"},
				"down": {"uv": [4.125, 4.375, 4.625, 4.5], "texture": "#0"}
			}
		},
		{
			"name": "divine_axe_rhitta_81",
			"from": [5.625, 11, 8],
			"to": [6.125, 11.25, 8.125],
			"faces": {
				"north": {"uv": [3.875, 4.5, 3.375, 4.75], "texture": "#0"},
				"east": {"uv": [3.75, 4.5, 3.875, 4.75], "texture": "#0"},
				"south": {"uv": [3.375, 4.5, 3.875, 4.75], "texture": "#0"},
				"west": {"uv": [3.375, 4.5, 3.5, 4.75], "texture": "#0"},
				"up": {"uv": [3.375, 4.5, 3.875, 4.625], "texture": "#0"},
				"down": {"uv": [3.375, 4.625, 3.875, 4.75], "texture": "#0"}
			}
		},
		{
			"name": "divine_axe_rhitta_82",
			"from": [6.125, 10.875, 8],
			"to": [6.375, 11.125, 8.125],
			"faces": {
				"north": {"uv": [4.125, 4.625, 3.875, 4.875], "texture": "#0"},
				"east": {"uv": [4, 4.625, 4.125, 4.875], "texture": "#0"},
				"south": {"uv": [3.875, 4.625, 4.125, 4.875], "texture": "#0"},
				"west": {"uv": [3.875, 4.625, 4, 4.875], "texture": "#0"},
				"up": {"uv": [3.875, 4.625, 4.125, 4.75], "texture": "#0"},
				"down": {"uv": [3.875, 4.75, 4.125, 4.875], "texture": "#0"}
			}
		},
		{
			"name": "divine_axe_rhitta_83",
			"from": [6.375, 11, 8],
			"to": [6.5, 11.125, 8.125],
			"faces": {
				"north": {"uv": [4.25, 4.625, 4.125, 4.75], "texture": "#0"},
				"east": {"uv": [4.125, 4.625, 4.25, 4.75], "texture": "#0"},
				"south": {"uv": [4.125, 4.625, 4.25, 4.75], "texture": "#0"},
				"west": {"uv": [4.125, 4.625, 4.25, 4.75], "texture": "#0"},
				"up": {"uv": [4.125, 4.625, 4.25, 4.75], "texture": "#0"},
				"down": {"uv": [4.125, 4.625, 4.25, 4.75], "texture": "#0"}
			}
		},
		{
			"name": "divine_axe_rhitta_84",
			"from": [8.125, 10.5, 7.85],
			"to": [8.25, 11.125, 8.275],
			"faces": {
				"north": {"uv": [7, 4.625, 6.875, 5.25], "texture": "#0"},
				"east": {"uv": [6.875, 4.625, 7, 5.25], "texture": "#0"},
				"south": {"uv": [6.875, 4.625, 7, 5.25], "texture": "#0"},
				"west": {"uv": [6.875, 4.625, 7, 5.25], "texture": "#0"},
				"up": {"uv": [6.875, 4.625, 7, 4.75], "texture": "#0"},
				"down": {"uv": [6.875, 5.125, 7, 5.25], "texture": "#0"}
			}
		},
		{
			"name": "divine_axe_rhitta_85",
			"from": [11.125, 11, 7.9],
			"to": [11.25, 11.125, 8.225],
			"faces": {
				"north": {"uv": [11, 4.625, 10.875, 4.75], "texture": "#0"},
				"east": {"uv": [10.875, 4.625, 11, 4.75], "texture": "#0"},
				"south": {"uv": [10.875, 4.625, 11, 4.75], "texture": "#0"},
				"west": {"uv": [10.875, 4.625, 11, 4.75], "texture": "#0"},
				"up": {"uv": [10.875, 4.625, 11, 4.75], "texture": "#0"},
				"down": {"uv": [10.875, 4.625, 11, 4.75], "texture": "#0"}
			}
		},
		{
			"name": "divine_axe_rhitta_86",
			"from": [5.75, 10.875, 8],
			"to": [6.125, 11, 8.125],
			"faces": {
				"north": {"uv": [3.875, 4.75, 3.5, 4.875], "texture": "#0"},
				"east": {"uv": [3.75, 4.75, 3.875, 4.875], "texture": "#0"},
				"south": {"uv": [3.5, 4.75, 3.875, 4.875], "texture": "#0"},
				"west": {"uv": [3.5, 4.75, 3.625, 4.875], "texture": "#0"},
				"up": {"uv": [3.5, 4.75, 3.875, 4.875], "texture": "#0"},
				"down": {"uv": [3.5, 4.75, 3.875, 4.875], "texture": "#0"}
			}
		},
		{
			"name": "divine_axe_rhitta_87",
			"from": [7.625, 10.375, 7.85],
			"to": [8.125, 11, 8.275],
			"faces": {
				"north": {"uv": [6.875, 4.75, 6.375, 5.375], "texture": "#0"},
				"east": {"uv": [6.75, 4.75, 6.875, 5.375], "texture": "#0"},
				"south": {"uv": [6.375, 4.75, 6.875, 5.375], "texture": "#0"},
				"west": {"uv": [6.375, 4.75, 6.5, 5.375], "texture": "#0"},
				"up": {"uv": [6.375, 4.75, 6.875, 4.875], "texture": "#0"},
				"down": {"uv": [6.375, 5.25, 6.875, 5.375], "texture": "#0"}
			}
		},
		{
			"name": "divine_axe_rhitta_88",
			"from": [8.25, 10.5, 7.85],
			"to": [8.375, 11, 8.275],
			"faces": {
				"north": {"uv": [7.125, 4.75, 7, 5.25], "texture": "#0"},
				"east": {"uv": [7, 4.75, 7.125, 5.25], "texture": "#0"},
				"south": {"uv": [7, 4.75, 7.125, 5.25], "texture": "#0"},
				"west": {"uv": [7, 4.75, 7.125, 5.25], "texture": "#0"},
				"up": {"uv": [7, 4.75, 7.125, 4.875], "texture": "#0"},
				"down": {"uv": [7, 5.125, 7.125, 5.25], "texture": "#0"}
			}
		},
		{
			"name": "divine_axe_rhitta_89",
			"from": [11.125, 9.125, 8],
			"to": [11.25, 11, 8.125],
			"faces": {
				"north": {"uv": [11.5, 4.75, 11.375, 6.625], "texture": "#0"},
				"east": {"uv": [11.375, 4.75, 11.5, 6.625], "texture": "#0"},
				"south": {"uv": [11.375, 4.75, 11.5, 6.625], "texture": "#0"},
				"west": {"uv": [11.375, 4.75, 11.5, 6.625], "texture": "#0"},
				"up": {"uv": [11.375, 4.75, 11.5, 4.875], "texture": "#0"},
				"down": {"uv": [11.375, 6.5, 11.5, 6.625], "texture": "#0"}
			}
		},
		{
			"name": "divine_axe_rhitta_90",
			"from": [8.375, 10.625, 7.85],
			"to": [8.5, 10.875, 8.275],
			"faces": {
				"north": {"uv": [7.25, 4.875, 7.125, 5.125], "texture": "#0"},
				"east": {"uv": [7.125, 4.875, 7.25, 5.125], "texture": "#0"},
				"south": {"uv": [7.125, 4.875, 7.25, 5.125], "texture": "#0"},
				"west": {"uv": [7.125, 4.875, 7.25, 5.125], "texture": "#0"},
				"up": {"uv": [7.125, 4.875, 7.25, 5], "texture": "#0"},
				"down": {"uv": [7.125, 5, 7.25, 5.125], "texture": "#0"}
			}
		},
		{
			"name": "divine_axe_rhitta_91",
			"from": [9.125, 10.375, 7.9],
			"to": [9.5, 10.875, 8.225],
			"faces": {
				"north": {"uv": [9, 4.875, 8.625, 5.375], "texture": "#0"},
				"east": {"uv": [8.875, 4.875, 9, 5.375], "texture": "#0"},
				"south": {"uv": [8.625, 4.875, 9, 5.375], "texture": "#0"},
				"west": {"uv": [8.625, 4.875, 8.75, 5.375], "texture": "#0"},
				"up": {"uv": [8.625, 4.875, 9, 5], "texture": "#0"},
				"down": {"uv": [8.625, 5.25, 9, 5.375], "texture": "#0"}
			}
		},
		{
			"name": "divine_axe_rhitta_92",
			"from": [10.5, 10.75, 7.9],
			"to": [10.625, 10.875, 8.225],
			"faces": {
				"north": {"uv": [10.375, 4.875, 10.25, 5], "texture": "#0"},
				"east": {"uv": [10.25, 4.875, 10.375, 5], "texture": "#0"},
				"south": {"uv": [10.25, 4.875, 10.375, 5], "texture": "#0"},
				"west": {"uv": [10.25, 4.875, 10.375, 5], "texture": "#0"},
				"up": {"uv": [10.25, 4.875, 10.375, 5], "texture": "#0"},
				"down": {"uv": [10.25, 4.875, 10.375, 5], "texture": "#0"}
			}
		},
		{
			"name": "divine_axe_rhitta_93",
			"from": [9.5, 10.25, 7.9],
			"to": [9.75, 10.75, 8.225],
			"faces": {
				"north": {"uv": [9.25, 5, 9, 5.5], "texture": "#0"},
				"east": {"uv": [9.125, 5, 9.25, 5.5], "texture": "#0"},
				"south": {"uv": [9, 5, 9.25, 5.5], "texture": "#0"},
				"west": {"uv": [9, 5, 9.125, 5.5], "texture": "#0"},
				"up": {"uv": [9, 5, 9.25, 5.125], "texture": "#0"},
				"down": {"uv": [9, 5.375, 9.25, 5.5], "texture": "#0"}
			}
		},
		{
			"name": "divine_axe_rhitta_94",
			"from": [9.75, 10.125, 7.9],
			"to": [10, 10.625, 8.225],
			"faces": {
				"north": {"uv": [9.5, 5.125, 9.25, 5.625], "texture": "#0"},
				"east": {"uv": [9.375, 5.125, 9.5, 5.625], "texture": "#0"},
				"south": {"uv": [9.25, 5.125, 9.5, 5.625], "texture": "#0"},
				"west": {"uv": [9.25, 5.125, 9.375, 5.625], "texture": "#0"},
				"up": {"uv": [9.25, 5.125, 9.5, 5.25], "texture": "#0"},
				"down": {"uv": [9.25, 5.5, 9.5, 5.625], "texture": "#0"}
			}
		},
		{
			"name": "divine_axe_rhitta_95",
			"from": [10.5, 9.625, 7.9],
			"to": [10.625, 10.625, 8.225],
			"faces": {
				"north": {"uv": [10.375, 5.125, 10.25, 6.125], "texture": "#0"},
				"east": {"uv": [10.25, 5.125, 10.375, 6.125], "texture": "#0"},
				"south": {"uv": [10.25, 5.125, 10.375, 6.125], "texture": "#0"},
				"west": {"uv": [10.25, 5.125, 10.375, 6.125], "texture": "#0"},
				"up": {"uv": [10.25, 5.125, 10.375, 5.25], "texture": "#0"},
				"down": {"uv": [10.25, 6, 10.375, 6.125], "texture": "#0"}
			}
		},
		{
			"name": "divine_axe_rhitta_96",
			"from": [11, 9, 8],
			"to": [11.125, 10.625, 8.125],
			"faces": {
				"north": {"uv": [11.375, 5.125, 11.25, 6.75], "texture": "#0"},
				"east": {"uv": [11.25, 5.125, 11.375, 6.75], "texture": "#0"},
				"south": {"uv": [11.25, 5.125, 11.375, 6.75], "texture": "#0"},
				"west": {"uv": [11.25, 5.125, 11.375, 6.75], "texture": "#0"},
				"up": {"uv": [11.25, 5.125, 11.375, 5.25], "texture": "#0"},
				"down": {"uv": [11.25, 6.625, 11.375, 6.75], "texture": "#0"}
			}
		},
		{
			"name": "divine_axe_rhitta_97",
			"from": [10, 10, 7.9],
			"to": [10.125, 10.5, 8.225],
			"faces": {
				"north": {"uv": [9.625, 5.25, 9.5, 5.75], "texture": "#0"},
				"east": {"uv": [9.5, 5.25, 9.625, 5.75], "texture": "#0"},
				"south": {"uv": [9.5, 5.25, 9.625, 5.75], "texture": "#0"},
				"west": {"uv": [9.5, 5.25, 9.625, 5.75], "texture": "#0"},
				"up": {"uv": [9.5, 5.25, 9.625, 5.375], "texture": "#0"},
				"down": {"uv": [9.5, 5.625, 9.625, 5.75], "texture": "#0"}
			}
		},
		{
			"name": "divine_axe_rhitta_98",
			"from": [10.375, 9.375, 7.9],
			"to": [10.5, 10.375, 8.225],
			"faces": {
				"north": {"uv": [10.25, 5.375, 10.125, 6.375], "texture": "#0"},
				"east": {"uv": [10.125, 5.375, 10.25, 6.375], "texture": "#0"},
				"south": {"uv": [10.125, 5.375, 10.25, 6.375], "texture": "#0"},
				"west": {"uv": [10.125, 5.375, 10.25, 6.375], "texture": "#0"},
				"up": {"uv": [10.125, 5.375, 10.25, 5.5], "texture": "#0"},
				"down": {"uv": [10.125, 6.25, 10.25, 6.375], "texture": "#0"}
			}
		},
		{
			"name": "divine_axe_rhitta_99",
			"from": [10.875, 10.25, 8],
			"to": [11, 10.375, 8.125],
			"faces": {
				"north": {"uv": [11.25, 5.375, 11.125, 5.5], "texture": "#0"},
				"east": {"uv": [11.125, 5.375, 11.25, 5.5], "texture": "#0"},
				"south": {"uv": [11.125, 5.375, 11.25, 5.5], "texture": "#0"},
				"west": {"uv": [11.125, 5.375, 11.25, 5.5], "texture": "#0"},
				"up": {"uv": [11.125, 5.375, 11.25, 5.5], "texture": "#0"},
				"down": {"uv": [11.125, 5.375, 11.25, 5.5], "texture": "#0"}
			}
		},
		{
			"name": "divine_axe_rhitta_100",
			"from": [10.125, 9.875, 7.9],
			"to": [10.25, 10.25, 8.225],
			"faces": {
				"north": {"uv": [9.75, 5.5, 9.625, 5.875], "texture": "#0"},
				"east": {"uv": [9.625, 5.5, 9.75, 5.875], "texture": "#0"},
				"south": {"uv": [9.625, 5.5, 9.75, 5.875], "texture": "#0"},
				"west": {"uv": [9.625, 5.5, 9.75, 5.875], "texture": "#0"},
				"up": {"uv": [9.625, 5.5, 9.75, 5.625], "texture": "#0"},
				"down": {"uv": [9.625, 5.75, 9.75, 5.875], "texture": "#0"}
			}
		},
		{
			"name": "divine_axe_rhitta_101",
			"from": [10.875, 10, 7.9],
			"to": [11, 10.25, 8.225],
			"faces": {
				"north": {"uv": [10.75, 5.5, 10.625, 5.75], "texture": "#0"},
				"east": {"uv": [10.625, 5.5, 10.75, 5.75], "texture": "#0"},
				"south": {"uv": [10.625, 5.5, 10.75, 5.75], "texture": "#0"},
				"west": {"uv": [10.625, 5.5, 10.75, 5.75], "texture": "#0"},
				"up": {"uv": [10.625, 5.5, 10.75, 5.625], "texture": "#0"},
				"down": {"uv": [10.625, 5.625, 10.75, 5.75], "texture": "#0"}
			}
		},
		{
			"name": "divine_axe_rhitta_102",
			"from": [7.625, 5.75, 7.9],
			"to": [8, 10.375, 8.225],
			"faces": {
				"north": {"uv": [8, 5.625, 7.625, 10.25], "texture": "#0"},
				"east": {"uv": [7.875, 5.625, 8, 10.25], "texture": "#0"},
				"south": {"uv": [7.625, 5.625, 8, 10.25], "texture": "#0"},
				"west": {"uv": [7.625, 5.625, 7.75, 10.25], "texture": "#0"},
				"up": {"uv": [7.625, 5.625, 8, 5.75], "texture": "#0"},
				"down": {"uv": [7.625, 10.125, 8, 10.25], "texture": "#0"}
			}
		},
		{
			"name": "divine_axe_rhitta_103",
			"from": [10.25, 9.125, 7.9],
			"to": [10.375, 10.125, 8.225],
			"faces": {
				"north": {"uv": [10.125, 5.625, 10, 6.625], "texture": "#0"},
				"east": {"uv": [10, 5.625, 10.125, 6.625], "texture": "#0"},
				"south": {"uv": [10, 5.625, 10.125, 6.625], "texture": "#0"},
				"west": {"uv": [10, 5.625, 10.125, 6.625], "texture": "#0"},
				"up": {"uv": [10, 5.625, 10.125, 5.75], "texture": "#0"},
				"down": {"uv": [10, 6.5, 10.125, 6.625], "texture": "#0"}
			}
		},
		{
			"name": "divine_axe_rhitta_104",
			"from": [10.75, 8.875, 8],
			"to": [10.875, 10.125, 8.125],
			"faces": {
				"north": {"uv": [11.125, 5.625, 11, 6.875], "texture": "#0"},
				"east": {"uv": [11, 5.625, 11.125, 6.875], "texture": "#0"},
				"south": {"uv": [11, 5.625, 11.125, 6.875], "texture": "#0"},
				"west": {"uv": [11, 5.625, 11.125, 6.875], "texture": "#0"},
				"up": {"uv": [11, 5.625, 11.125, 5.75], "texture": "#0"},
				"down": {"uv": [11, 6.75, 11.125, 6.875], "texture": "#0"}
			}
		},
		{
			"name": "divine_axe_rhitta_105",
			"from": [10.875, 9, 8],
			"to": [11, 10, 8.125],
			"faces": {
				"north": {"uv": [11.25, 5.75, 11.125, 6.75], "texture": "#0"},
				"east": {"uv": [11.125, 5.75, 11.25, 6.75], "texture": "#0"},
				"south": {"uv": [11.125, 5.75, 11.25, 6.75], "texture": "#0"},
				"west": {"uv": [11.125, 5.75, 11.25, 6.75], "texture": "#0"},
				"up": {"uv": [11.125, 5.75, 11.25, 5.875], "texture": "#0"},
				"down": {"uv": [11.125, 6.625, 11.25, 6.75], "texture": "#0"}
			}
		},
		{
			"name": "divine_axe_rhitta_106",
			"from": [10.625, 8.875, 8],
			"to": [10.75, 9.875, 8.125],
			"faces": {
				"north": {"uv": [11, 5.875, 10.875, 6.875], "texture": "#0"},
				"east": {"uv": [10.875, 5.875, 11, 6.875], "texture": "#0"},
				"south": {"uv": [10.875, 5.875, 11, 6.875], "texture": "#0"},
				"west": {"uv": [10.875, 5.875, 11, 6.875], "texture": "#0"},
				"up": {"uv": [10.875, 5.875, 11, 6], "texture": "#0"},
				"down": {"uv": [10.875, 6.75, 11, 6.875], "texture": "#0"}
			}
		},
		{
			"name": "divine_axe_rhitta_107",
			"from": [10.125, 9.125, 7.9],
			"to": [10.25, 9.75, 8.225],
			"faces": {
				"north": {"uv": [10, 6, 9.875, 6.625], "texture": "#0"},
				"east": {"uv": [9.875, 6, 10, 6.625], "texture": "#0"},
				"south": {"uv": [9.875, 6, 10, 6.625], "texture": "#0"},
				"west": {"uv": [9.875, 6, 10, 6.625], "texture": "#0"},
				"up": {"uv": [9.875, 6, 10, 6.125], "texture": "#0"},
				"down": {"uv": [9.875, 6.5, 10, 6.625], "texture": "#0"}
			}
		},
		{
			"name": "divine_axe_rhitta_108",
			"from": [10.5, 9.5, 8],
			"to": [10.625, 9.625, 8.125],
			"faces": {
				"north": {"uv": [10.875, 6.125, 10.75, 6.25], "texture": "#0"},
				"east": {"uv": [10.75, 6.125, 10.875, 6.25], "texture": "#0"},
				"south": {"uv": [10.75, 6.125, 10.875, 6.25], "texture": "#0"},
				"west": {"uv": [10.75, 6.125, 10.875, 6.25], "texture": "#0"},
				"up": {"uv": [10.75, 6.125, 10.875, 6.25], "texture": "#0"},
				"down": {"uv": [10.75, 6.125, 10.875, 6.25], "texture": "#0"}
			}
		},
		{
			"name": "divine_axe_rhitta_109",
			"from": [10, 9, 7.9],
			"to": [10.125, 9.5, 8.225],
			"faces": {
				"north": {"uv": [9.875, 6.25, 9.75, 6.75], "texture": "#0"},
				"east": {"uv": [9.75, 6.25, 9.875, 6.75], "texture": "#0"},
				"south": {"uv": [9.75, 6.25, 9.875, 6.75], "texture": "#0"},
				"west": {"uv": [9.75, 6.25, 9.875, 6.75], "texture": "#0"},
				"up": {"uv": [9.75, 6.25, 9.875, 6.375], "texture": "#0"},
				"down": {"uv": [9.75, 6.625, 9.875, 6.75], "texture": "#0"}
			}
		},
		{
			"name": "divine_axe_rhitta_110",
			"from": [10.5, 9.25, 7.9],
			"to": [10.625, 9.5, 8.225],
			"faces": {
				"north": {"uv": [10.375, 6.25, 10.25, 6.5], "texture": "#0"},
				"east": {"uv": [10.25, 6.25, 10.375, 6.5], "texture": "#0"},
				"south": {"uv": [10.25, 6.25, 10.375, 6.5], "texture": "#0"},
				"west": {"uv": [10.25, 6.25, 10.375, 6.5], "texture": "#0"},
				"up": {"uv": [10.25, 6.25, 10.375, 6.375], "texture": "#0"},
				"down": {"uv": [10.25, 6.375, 10.375, 6.5], "texture": "#0"}
			}
		},
		{
			"name": "divine_axe_rhitta_111",
			"from": [9.875, 9, 7.9],
			"to": [10, 9.375, 8.225],
			"faces": {
				"north": {"uv": [9.75, 6.375, 9.625, 6.75], "texture": "#0"},
				"east": {"uv": [9.625, 6.375, 9.75, 6.75], "texture": "#0"},
				"south": {"uv": [9.625, 6.375, 9.75, 6.75], "texture": "#0"},
				"west": {"uv": [9.625, 6.375, 9.75, 6.75], "texture": "#0"},
				"up": {"uv": [9.625, 6.375, 9.75, 6.5], "texture": "#0"},
				"down": {"uv": [9.625, 6.625, 9.75, 6.75], "texture": "#0"}
			}
		},
		{
			"name": "divine_axe_rhitta_112",
			"from": [10.375, 8.75, 8],
			"to": [10.5, 9.375, 8.125],
			"faces": {
				"north": {"uv": [10.75, 6.375, 10.625, 7], "texture": "#0"},
				"east": {"uv": [10.625, 6.375, 10.75, 7], "texture": "#0"},
				"south": {"uv": [10.625, 6.375, 10.75, 7], "texture": "#0"},
				"west": {"uv": [10.625, 6.375, 10.75, 7], "texture": "#0"},
				"up": {"uv": [10.625, 6.375, 10.75, 6.5], "texture": "#0"},
				"down": {"uv": [10.625, 6.875, 10.75, 7], "texture": "#0"}
			}
		},
		{
			"name": "divine_axe_rhitta_113",
			"from": [9.75, 8.875, 7.9],
			"to": [9.875, 9.25, 8.225],
			"faces": {
				"north": {"uv": [9.625, 6.5, 9.5, 6.875], "texture": "#0"},
				"east": {"uv": [9.5, 6.5, 9.625, 6.875], "texture": "#0"},
				"south": {"uv": [9.5, 6.5, 9.625, 6.875], "texture": "#0"},
				"west": {"uv": [9.5, 6.5, 9.625, 6.875], "texture": "#0"},
				"up": {"uv": [9.5, 6.5, 9.625, 6.625], "texture": "#0"},
				"down": {"uv": [9.5, 6.75, 9.625, 6.875], "texture": "#0"}
			}
		},
		{
			"name": "divine_axe_rhitta_114",
			"from": [10.5, 8.875, 8],
			"to": [10.625, 9.25, 8.125],
			"faces": {
				"north": {"uv": [10.875, 6.5, 10.75, 6.875], "texture": "#0"},
				"east": {"uv": [10.75, 6.5, 10.875, 6.875], "texture": "#0"},
				"south": {"uv": [10.75, 6.5, 10.875, 6.875], "texture": "#0"},
				"west": {"uv": [10.75, 6.5, 10.875, 6.875], "texture": "#0"},
				"up": {"uv": [10.75, 6.5, 10.875, 6.625], "texture": "#0"},
				"down": {"uv": [10.75, 6.75, 10.875, 6.875], "texture": "#0"}
			}
		},
		{
			"name": "divine_axe_rhitta_115",
			"from": [9.625, 8.875, 7.9],
			"to": [9.75, 9.125, 8.225],
			"faces": {
				"north": {"uv": [9.5, 6.625, 9.375, 6.875], "texture": "#0"},
				"east": {"uv": [9.375, 6.625, 9.5, 6.875], "texture": "#0"},
				"south": {"uv": [9.375, 6.625, 9.5, 6.875], "texture": "#0"},
				"west": {"uv": [9.375, 6.625, 9.5, 6.875], "texture": "#0"},
				"up": {"uv": [9.375, 6.625, 9.5, 6.75], "texture": "#0"},
				"down": {"uv": [9.375, 6.75, 9.5, 6.875], "texture": "#0"}
			}
		},
		{
			"name": "divine_axe_rhitta_116",
			"from": [10.125, 8.75, 8],
			"to": [10.375, 9.125, 8.125],
			"faces": {
				"north": {"uv": [10.625, 6.625, 10.375, 7], "texture": "#0"},
				"east": {"uv": [10.5, 6.625, 10.625, 7], "texture": "#0"},
				"south": {"uv": [10.375, 6.625, 10.625, 7], "texture": "#0"},
				"west": {"uv": [10.375, 6.625, 10.5, 7], "texture": "#0"},
				"up": {"uv": [10.375, 6.625, 10.625, 6.75], "texture": "#0"},
				"down": {"uv": [10.375, 6.875, 10.625, 7], "texture": "#0"}
			}
		},
		{
			"name": "divine_axe_rhitta_117",
			"from": [9.375, 8.875, 7.9],
			"to": [9.625, 9, 8.225],
			"faces": {
				"north": {"uv": [9.375, 6.75, 9.125, 6.875], "texture": "#0"},
				"east": {"uv": [9.25, 6.75, 9.375, 6.875], "texture": "#0"},
				"south": {"uv": [9.125, 6.75, 9.375, 6.875], "texture": "#0"},
				"west": {"uv": [9.125, 6.75, 9.25, 6.875], "texture": "#0"},
				"up": {"uv": [9.125, 6.75, 9.375, 6.875], "texture": "#0"},
				"down": {"uv": [9.125, 6.75, 9.375, 6.875], "texture": "#0"}
			}
		},
		{
			"name": "divine_axe_rhitta_118",
			"from": [9.875, 8.75, 8],
			"to": [10.125, 9, 8.125],
			"faces": {
				"north": {"uv": [10.375, 6.75, 10.125, 7], "texture": "#0"},
				"east": {"uv": [10.25, 6.75, 10.375, 7], "texture": "#0"},
				"south": {"uv": [10.125, 6.75, 10.375, 7], "texture": "#0"},
				"west": {"uv": [10.125, 6.75, 10.25, 7], "texture": "#0"},
				"up": {"uv": [10.125, 6.75, 10.375, 6.875], "texture": "#0"},
				"down": {"uv": [10.125, 6.875, 10.375, 7], "texture": "#0"}
			}
		},
		{
			"name": "divine_axe_rhitta_119",
			"from": [9.125, 8.75, 7.9],
			"to": [9.5, 8.875, 8.225],
			"faces": {
				"north": {"uv": [9.25, 6.875, 8.875, 7], "texture": "#0"},
				"east": {"uv": [9.125, 6.875, 9.25, 7], "texture": "#0"},
				"south": {"uv": [8.875, 6.875, 9.25, 7], "texture": "#0"},
				"west": {"uv": [8.875, 6.875, 9, 7], "texture": "#0"},
				"up": {"uv": [8.875, 6.875, 9.25, 7], "texture": "#0"},
				"down": {"uv": [8.875, 6.875, 9.25, 7], "texture": "#0"}
			}
		},
		{
			"name": "divine_axe_rhitta_120",
			"from": [9.5, 8.75, 8],
			"to": [9.875, 8.875, 8.125],
			"faces": {
				"north": {"uv": [10.125, 6.875, 9.75, 7], "texture": "#0"},
				"east": {"uv": [10, 6.875, 10.125, 7], "texture": "#0"},
				"south": {"uv": [9.75, 6.875, 10.125, 7], "texture": "#0"},
				"west": {"uv": [9.75, 6.875, 9.875, 7], "texture": "#0"},
				"up": {"uv": [9.75, 6.875, 10.125, 7], "texture": "#0"},
				"down": {"uv": [9.75, 6.875, 10.125, 7], "texture": "#0"}
			}
		},
		{
			"name": "divine_axe_rhitta_121",
			"from": [7.625, 5.625, 7.9],
			"to": [8, 5.75, 8.225],
			"faces": {
				"north": {"uv": [7.5, 10.25, 7.125, 10.375], "texture": "#0"},
				"east": {"uv": [7.375, 10.25, 7.5, 10.375], "texture": "#0"},
				"south": {"uv": [7.125, 10.25, 7.5, 10.375], "texture": "#0"},
				"west": {"uv": [7.125, 10.25, 7.25, 10.375], "texture": "#0"},
				"up": {"uv": [7.125, 10.25, 7.5, 10.375], "texture": "#0"},
				"down": {"uv": [7.125, 10.25, 7.5, 10.375], "texture": "#0"}
			}
		},
		{
			"name": "divine_axe_rhitta_122",
			"from": [7.5, 5.25, 7.8],
			"to": [8.125, 5.625, 8.325],
			"faces": {
				"north": {"uv": [6.875, 10.375, 6.25, 10.75], "texture": "#0"},
				"east": {"uv": [6.75, 10.375, 6.875, 10.75], "texture": "#0"},
				"south": {"uv": [6.25, 10.375, 6.875, 10.75], "texture": "#0"},
				"west": {"uv": [6.25, 10.375, 6.375, 10.75], "texture": "#0"},
				"up": {"uv": [6.25, 10.375, 6.875, 10.5], "texture": "#0"},
				"down": {"uv": [6.25, 10.625, 6.875, 10.75], "texture": "#0"}
			}
		},
		{
			"name": "divine_axe_rhitta_123",
			"from": [7.375, 5, 7.7],
			"to": [8.25, 5.25, 8.425],
			"faces": {
				"north": {"uv": [6.25, 10.75, 5.375, 11], "texture": "#0"},
				"east": {"uv": [6.125, 10.75, 6.25, 11], "texture": "#0"},
				"south": {"uv": [5.375, 10.75, 6.25, 11], "texture": "#0"},
				"west": {"uv": [5.375, 10.75, 5.5, 11], "texture": "#0"},
				"up": {"uv": [5.375, 10.75, 6.25, 10.875], "texture": "#0"},
				"down": {"uv": [5.375, 10.875, 6.25, 11], "texture": "#0"}
			}
		},
		{
			"name": "divine_axe_rhitta_124",
			"from": [9.625, 5, 7.95],
			"to": [9.75, 5.125, 8.175],
			"faces": {
				"north": {"uv": [9.5, 10.875, 9.375, 11], "texture": "#0"},
				"east": {"uv": [9.375, 10.875, 9.5, 11], "texture": "#0"},
				"south": {"uv": [9.375, 10.875, 9.5, 11], "texture": "#0"},
				"west": {"uv": [9.375, 10.875, 9.5, 11], "texture": "#0"},
				"up": {"uv": [9.375, 10.875, 9.5, 11], "texture": "#0"},
				"down": {"uv": [9.375, 10.875, 9.5, 11], "texture": "#0"}
			}
		},
		{
			"name": "divine_axe_rhitta_125",
			"from": [7.25, 4.875, 7.6],
			"to": [8.375, 5, 8.525],
			"faces": {
				"north": {"uv": [5.375, 11, 4.25, 11.125], "texture": "#0"},
				"east": {"uv": [5.25, 11, 5.375, 11.125], "texture": "#0"},
				"south": {"uv": [4.25, 11, 5.375, 11.125], "texture": "#0"},
				"west": {"uv": [4.25, 11, 4.375, 11.125], "texture": "#0"},
				"up": {"uv": [4.25, 11, 5.375, 11.125], "texture": "#0"},
				"down": {"uv": [4.25, 11, 5.375, 11.125], "texture": "#0"}
			}
		},
		{
			"name": "divine_axe_rhitta_126",
			"from": [9.375, 4.75, 7.95],
			"to": [9.625, 5, 8.175],
			"faces": {
				"north": {"uv": [9.375, 11, 9.125, 11.25], "texture": "#0"},
				"east": {"uv": [9.25, 11, 9.375, 11.25], "texture": "#0"},
				"south": {"uv": [9.125, 11, 9.375, 11.25], "texture": "#0"},
				"west": {"uv": [9.125, 11, 9.25, 11.25], "texture": "#0"},
				"up": {"uv": [9.125, 11, 9.375, 11.125], "texture": "#0"},
				"down": {"uv": [9.125, 11.125, 9.375, 11.25], "texture": "#0"}
			}
		},
		{
			"name": "divine_axe_rhitta_127",
			"from": [7.125, 4.75, 7.5],
			"to": [8.5, 4.875, 8.625],
			"faces": {
				"north": {"uv": [4.25, 11.125, 2.875, 11.25], "texture": "#0"},
				"east": {"uv": [4.125, 11.125, 4.25, 11.25], "texture": "#0"},
				"south": {"uv": [2.875, 11.125, 4.25, 11.25], "texture": "#0"},
				"west": {"uv": [2.875, 11.125, 3, 11.25], "texture": "#0"},
				"up": {"uv": [2.875, 11.125, 4.25, 11.25], "texture": "#0"},
				"down": {"uv": [2.875, 11.125, 4.25, 11.25], "texture": "#0"}
			}
		},
		{
			"name": "divine_axe_rhitta_128",
			"from": [9.25, 4.375, 7.95],
			"to": [9.375, 4.875, 8.175],
			"faces": {
				"north": {"uv": [9.125, 11.125, 9, 11.625], "texture": "#0"},
				"east": {"uv": [9, 11.125, 9.125, 11.625], "texture": "#0"},
				"south": {"uv": [9, 11.125, 9.125, 11.625], "texture": "#0"},
				"west": {"uv": [9, 11.125, 9.125, 11.625], "texture": "#0"},
				"up": {"uv": [9, 11.125, 9.125, 11.25], "texture": "#0"},
				"down": {"uv": [9, 11.5, 9.125, 11.625], "texture": "#0"}
			}
		},
		{
			"name": "divine_axe_rhitta_129",
			"from": [7.25, 4.625, 7.6],
			"to": [8.375, 4.75, 8.525],
			"faces": {
				"north": {"uv": [5.375, 11.25, 4.25, 11.375], "texture": "#0"},
				"east": {"uv": [5.25, 11.25, 5.375, 11.375], "texture": "#0"},
				"south": {"uv": [4.25, 11.25, 5.375, 11.375], "texture": "#0"},
				"west": {"uv": [4.25, 11.25, 4.375, 11.375], "texture": "#0"},
				"up": {"uv": [4.25, 11.25, 5.375, 11.375], "texture": "#0"},
				"down": {"uv": [4.25, 11.25, 5.375, 11.375], "texture": "#0"}
			}
		},
		{
			"name": "divine_axe_rhitta_130",
			"from": [8.375, 4.5, 7.95],
			"to": [8.5, 4.75, 8.175],
			"faces": {
				"north": {"uv": [8.25, 11.25, 8.125, 11.5], "texture": "#0"},
				"east": {"uv": [8.125, 11.25, 8.25, 11.5], "texture": "#0"},
				"south": {"uv": [8.125, 11.25, 8.25, 11.5], "texture": "#0"},
				"west": {"uv": [8.125, 11.25, 8.25, 11.5], "texture": "#0"},
				"up": {"uv": [8.125, 11.25, 8.25, 11.375], "texture": "#0"},
				"down": {"uv": [8.125, 11.375, 8.25, 11.5], "texture": "#0"}
			}
		},
		{
			"name": "divine_axe_rhitta_131",
			"from": [9, 3.875, 7.95],
			"to": [9.25, 4.75, 8.175],
			"faces": {
				"north": {"uv": [9, 11.25, 8.75, 12.125], "texture": "#0"},
				"east": {"uv": [8.875, 11.25, 9, 12.125], "texture": "#0"},
				"south": {"uv": [8.75, 11.25, 9, 12.125], "texture": "#0"},
				"west": {"uv": [8.75, 11.25, 8.875, 12.125], "texture": "#0"},
				"up": {"uv": [8.75, 11.25, 9, 11.375], "texture": "#0"},
				"down": {"uv": [8.75, 12, 9, 12.125], "texture": "#0"}
			}
		},
		{
			"name": "divine_axe_rhitta_132",
			"from": [9.375, 4.625, 7.95],
			"to": [9.5, 4.75, 8.175],
			"faces": {
				"north": {"uv": [9.25, 11.25, 9.125, 11.375], "texture": "#0"},
				"east": {"uv": [9.125, 11.25, 9.25, 11.375], "texture": "#0"},
				"south": {"uv": [9.125, 11.25, 9.25, 11.375], "texture": "#0"},
				"west": {"uv": [9.125, 11.25, 9.25, 11.375], "texture": "#0"},
				"up": {"uv": [9.125, 11.25, 9.25, 11.375], "texture": "#0"},
				"down": {"uv": [9.125, 11.25, 9.25, 11.375], "texture": "#0"}
			}
		},
		{
			"name": "divine_axe_rhitta_133",
			"from": [7.375, 4.375, 7.7],
			"to": [8.25, 4.625, 8.425],
			"faces": {
				"north": {"uv": [6.25, 11.375, 5.375, 11.625], "texture": "#0"},
				"east": {"uv": [6.125, 11.375, 6.25, 11.625], "texture": "#0"},
				"south": {"uv": [5.375, 11.375, 6.25, 11.625], "texture": "#0"},
				"west": {"uv": [5.375, 11.375, 5.5, 11.625], "texture": "#0"},
				"up": {"uv": [5.375, 11.375, 6.25, 11.5], "texture": "#0"},
				"down": {"uv": [5.375, 11.5, 6.25, 11.625], "texture": "#0"}
			}
		},
		{
			"name": "divine_axe_rhitta_134",
			"from": [8.25, 4.5, 7.95],
			"to": [8.375, 4.625, 8.175],
			"faces": {
				"north": {"uv": [8.125, 11.375, 8, 11.5], "texture": "#0"},
				"east": {"uv": [8, 11.375, 8.125, 11.5], "texture": "#0"},
				"south": {"uv": [8, 11.375, 8.125, 11.5], "texture": "#0"},
				"west": {"uv": [8, 11.375, 8.125, 11.5], "texture": "#0"},
				"up": {"uv": [8, 11.375, 8.125, 11.5], "texture": "#0"},
				"down": {"uv": [8, 11.375, 8.125, 11.5], "texture": "#0"}
			}
		},
		{
			"name": "divine_axe_rhitta_135",
			"from": [8.5, 4.375, 7.95],
			"to": [9, 4.625, 8.175],
			"faces": {
				"north": {"uv": [8.75, 11.375, 8.25, 11.625], "texture": "#0"},
				"east": {"uv": [8.625, 11.375, 8.75, 11.625], "texture": "#0"},
				"south": {"uv": [8.25, 11.375, 8.75, 11.625], "texture": "#0"},
				"west": {"uv": [8.25, 11.375, 8.375, 11.625], "texture": "#0"},
				"up": {"uv": [8.25, 11.375, 8.75, 11.5], "texture": "#0"},
				"down": {"uv": [8.25, 11.5, 8.75, 11.625], "texture": "#0"}
			}
		},
		{
			"name": "divine_axe_rhitta_136",
			"from": [7.5, 3.875, 7.8],
			"to": [8.125, 4.375, 8.325],
			"faces": {
				"north": {"uv": [6.875, 11.625, 6.25, 12.125], "texture": "#0"},
				"east": {"uv": [6.75, 11.625, 6.875, 12.125], "texture": "#0"},
				"south": {"uv": [6.25, 11.625, 6.875, 12.125], "texture": "#0"},
				"west": {"uv": [6.25, 11.625, 6.375, 12.125], "texture": "#0"},
				"up": {"uv": [6.25, 11.625, 6.875, 11.75], "texture": "#0"},
				"down": {"uv": [6.25, 12, 6.875, 12.125], "texture": "#0"}
			}
		},
		{
			"name": "divine_axe_rhitta_137",
			"from": [8.75, 4.125, 7.95],
			"to": [9, 4.375, 8.175],
			"faces": {
				"north": {"uv": [8.75, 11.625, 8.5, 11.875], "texture": "#0"},
				"east": {"uv": [8.625, 11.625, 8.75, 11.875], "texture": "#0"},
				"south": {"uv": [8.5, 11.625, 8.75, 11.875], "texture": "#0"},
				"west": {"uv": [8.5, 11.625, 8.625, 11.875], "texture": "#0"},
				"up": {"uv": [8.5, 11.625, 8.75, 11.75], "texture": "#0"},
				"down": {"uv": [8.5, 11.75, 8.75, 11.875], "texture": "#0"}
			}
		},
		{
			"name": "divine_axe_rhitta_138",
			"from": [9.75, 3.625, 7.95],
			"to": [10.125, 4, 8.175],
			"faces": {
				"north": {"uv": [9.875, 12, 9.5, 12.375], "texture": "#0"},
				"east": {"uv": [9.75, 12, 9.875, 12.375], "texture": "#0"},
				"south": {"uv": [9.5, 12, 9.875, 12.375], "texture": "#0"},
				"west": {"uv": [9.5, 12, 9.625, 12.375], "texture": "#0"},
				"up": {"uv": [9.5, 12, 9.875, 12.125], "texture": "#0"},
				"down": {"uv": [9.5, 12.25, 9.875, 12.375], "texture": "#0"}
			}
		},
		{
			"name": "divine_axe_rhitta_139",
			"from": [7.625, 2.125, 7.9],
			"to": [8, 3.875, 8.225],
			"faces": {
				"north": {"uv": [7.5, 12.125, 7.125, 13.875], "texture": "#0"},
				"east": {"uv": [7.375, 12.125, 7.5, 13.875], "texture": "#0"},
				"south": {"uv": [7.125, 12.125, 7.5, 13.875], "texture": "#0"},
				"west": {"uv": [7.125, 12.125, 7.25, 13.875], "texture": "#0"},
				"up": {"uv": [7.125, 12.125, 7.5, 12.25], "texture": "#0"},
				"down": {"uv": [7.125, 13.75, 7.5, 13.875], "texture": "#0"}
			}
		},
		{
			"name": "divine_axe_rhitta_140",
			"from": [9.125, 3.5, 7.95],
			"to": [9.75, 3.875, 8.175],
			"faces": {
				"north": {"uv": [9.5, 12.125, 8.875, 12.5], "texture": "#0"},
				"east": {"uv": [9.375, 12.125, 9.5, 12.5], "texture": "#0"},
				"south": {"uv": [8.875, 12.125, 9.5, 12.5], "texture": "#0"},
				"west": {"uv": [8.875, 12.125, 9, 12.5], "texture": "#0"},
				"up": {"uv": [8.875, 12.125, 9.5, 12.25], "texture": "#0"},
				"down": {"uv": [8.875, 12.375, 9.5, 12.5], "texture": "#0"}
			}
		},
		{
			"name": "divine_axe_rhitta_141",
			"from": [10.125, 3.75, 7.95],
			"to": [10.375, 3.875, 8.175],
			"faces": {
				"north": {"uv": [10.125, 12.125, 9.875, 12.25], "texture": "#0"},
				"east": {"uv": [10, 12.125, 10.125, 12.25], "texture": "#0"},
				"south": {"uv": [9.875, 12.125, 10.125, 12.25], "texture": "#0"},
				"west": {"uv": [9.875, 12.125, 10, 12.25], "texture": "#0"},
				"up": {"uv": [9.875, 12.125, 10.125, 12.25], "texture": "#0"},
				"down": {"uv": [9.875, 12.125, 10.125, 12.25], "texture": "#0"}
			}
		},
		{
			"name": "divine_axe_rhitta_142",
			"from": [9.125, 2.625, 7.95],
			"to": [9.375, 3.5, 8.175],
			"faces": {
				"north": {"uv": [9.125, 12.5, 8.875, 13.375], "texture": "#0"},
				"east": {"uv": [9, 12.5, 9.125, 13.375], "texture": "#0"},
				"south": {"uv": [8.875, 12.5, 9.125, 13.375], "texture": "#0"},
				"west": {"uv": [8.875, 12.5, 9, 13.375], "texture": "#0"},
				"up": {"uv": [8.875, 12.5, 9.125, 12.625], "texture": "#0"},
				"down": {"uv": [8.875, 13.25, 9.125, 13.375], "texture": "#0"}
			}
		},
		{
			"name": "divine_axe_rhitta_143",
			"from": [9.375, 2.625, 7.95],
			"to": [9.75, 3, 8.175],
			"faces": {
				"north": {"uv": [9.5, 13, 9.125, 13.375], "texture": "#0"},
				"east": {"uv": [9.375, 13, 9.5, 13.375], "texture": "#0"},
				"south": {"uv": [9.125, 13, 9.5, 13.375], "texture": "#0"},
				"west": {"uv": [9.125, 13, 9.25, 13.375], "texture": "#0"},
				"up": {"uv": [9.125, 13, 9.5, 13.125], "texture": "#0"},
				"down": {"uv": [9.125, 13.25, 9.5, 13.375], "texture": "#0"}
			}
		},
		{
			"name": "divine_axe_rhitta_144",
			"from": [9.75, 2.5, 7.95],
			"to": [10.125, 2.875, 8.175],
			"faces": {
				"north": {"uv": [9.875, 13.125, 9.5, 13.5], "texture": "#0"},
				"east": {"uv": [9.75, 13.125, 9.875, 13.5], "texture": "#0"},
				"south": {"uv": [9.5, 13.125, 9.875, 13.5], "texture": "#0"},
				"west": {"uv": [9.5, 13.125, 9.625, 13.5], "texture": "#0"},
				"up": {"uv": [9.5, 13.125, 9.875, 13.25], "texture": "#0"},
				"down": {"uv": [9.5, 13.375, 9.875, 13.5], "texture": "#0"}
			}
		},
		{
			"name": "divine_axe_rhitta_145",
			"from": [10.125, 2.625, 7.95],
			"to": [10.375, 2.75, 8.175],
			"faces": {
				"north": {"uv": [10.125, 13.25, 9.875, 13.375], "texture": "#0"},
				"east": {"uv": [10, 13.25, 10.125, 13.375], "texture": "#0"},
				"south": {"uv": [9.875, 13.25, 10.125, 13.375], "texture": "#0"},
				"west": {"uv": [9.875, 13.25, 10, 13.375], "texture": "#0"},
				"up": {"uv": [9.875, 13.25, 10.125, 13.375], "texture": "#0"},
				"down": {"uv": [9.875, 13.25, 10.125, 13.375], "texture": "#0"}
			}
		},
		{
			"name": "divine_axe_rhitta_146",
			"from": [9, 1.75, 7.95],
			"to": [9.25, 2.625, 8.175],
			"faces": {
				"north": {"uv": [9, 13.375, 8.75, 14.25], "texture": "#0"},
				"east": {"uv": [8.875, 13.375, 9, 14.25], "texture": "#0"},
				"south": {"uv": [8.75, 13.375, 9, 14.25], "texture": "#0"},
				"west": {"uv": [8.75, 13.375, 8.875, 14.25], "texture": "#0"},
				"up": {"uv": [8.75, 13.375, 9, 13.5], "texture": "#0"},
				"down": {"uv": [8.75, 14.125, 9, 14.25], "texture": "#0"}
			}
		},
		{
			"name": "divine_axe_rhitta_147",
			"from": [8.75, 1.875, 7.95],
			"to": [9, 2.375, 8.175],
			"faces": {
				"north": {"uv": [8.75, 13.625, 8.5, 14.125], "texture": "#0"},
				"east": {"uv": [8.625, 13.625, 8.75, 14.125], "texture": "#0"},
				"south": {"uv": [8.5, 13.625, 8.75, 14.125], "texture": "#0"},
				"west": {"uv": [8.5, 13.625, 8.625, 14.125], "texture": "#0"},
				"up": {"uv": [8.5, 13.625, 8.75, 13.75], "texture": "#0"},
				"down": {"uv": [8.5, 14, 8.75, 14.125], "texture": "#0"}
			}
		},
		{
			"name": "divine_axe_rhitta_148",
			"from": [8.5, 1.875, 7.95],
			"to": [8.75, 2.125, 8.175],
			"faces": {
				"north": {"uv": [8.5, 13.875, 8.25, 14.125], "texture": "#0"},
				"east": {"uv": [8.375, 13.875, 8.5, 14.125], "texture": "#0"},
				"south": {"uv": [8.25, 13.875, 8.5, 14.125], "texture": "#0"},
				"west": {"uv": [8.25, 13.875, 8.375, 14.125], "texture": "#0"},
				"up": {"uv": [8.25, 13.875, 8.5, 14], "texture": "#0"},
				"down": {"uv": [8.25, 14, 8.5, 14.125], "texture": "#0"}
			}
		},
		{
			"name": "divine_axe_rhitta_149",
			"from": [9.25, 1.625, 7.95],
			"to": [9.375, 2.125, 8.175],
			"faces": {
				"north": {"uv": [9.125, 13.875, 9, 14.375], "texture": "#0"},
				"east": {"uv": [9, 13.875, 9.125, 14.375], "texture": "#0"},
				"south": {"uv": [9, 13.875, 9.125, 14.375], "texture": "#0"},
				"west": {"uv": [9, 13.875, 9.125, 14.375], "texture": "#0"},
				"up": {"uv": [9, 13.875, 9.125, 14], "texture": "#0"},
				"down": {"uv": [9, 14.25, 9.125, 14.375], "texture": "#0"}
			}
		},
		{
			"name": "divine_axe_rhitta_150",
			"from": [8.125, 1.875, 7.95],
			"to": [8.5, 2, 8.175],
			"faces": {
				"north": {"uv": [8.25, 14, 7.875, 14.125], "texture": "#0"},
				"east": {"uv": [8.125, 14, 8.25, 14.125], "texture": "#0"},
				"south": {"uv": [7.875, 14, 8.25, 14.125], "texture": "#0"},
				"west": {"uv": [7.875, 14, 8, 14.125], "texture": "#0"},
				"up": {"uv": [7.875, 14, 8.25, 14.125], "texture": "#0"},
				"down": {"uv": [7.875, 14, 8.25, 14.125], "texture": "#0"}
			}
		},
		{
			"name": "divine_axe_rhitta_151",
			"from": [7.5, 1.875, 7.8],
			"to": [8.125, 2.125, 8.325],
			"faces": {
				"north": {"uv": [7.625, 14.125, 7, 14.375], "texture": "#0"},
				"east": {"uv": [7.5, 14.125, 7.625, 14.375], "texture": "#0"},
				"south": {"uv": [7, 14.125, 7.625, 14.375], "texture": "#0"},
				"west": {"uv": [7, 14.125, 7.125, 14.375], "texture": "#0"},
				"up": {"uv": [7, 14.125, 7.625, 14.25], "texture": "#0"},
				"down": {"uv": [7, 14.25, 7.625, 14.375], "texture": "#0"}
			}
		},
		{
			"name": "divine_axe_rhitta_152",
			"from": [8.25, 1.75, 7.95],
			"to": [8.5, 1.875, 8.175],
			"faces": {
				"north": {"uv": [8.25, 14.125, 8, 14.25], "texture": "#0"},
				"east": {"uv": [8.125, 14.125, 8.25, 14.25], "texture": "#0"},
				"south": {"uv": [8, 14.125, 8.25, 14.25], "texture": "#0"},
				"west": {"uv": [8, 14.125, 8.125, 14.25], "texture": "#0"},
				"up": {"uv": [8, 14.125, 8.25, 14.25], "texture": "#0"},
				"down": {"uv": [8, 14.125, 8.25, 14.25], "texture": "#0"}
			}
		},
		{
			"name": "divine_axe_rhitta_153",
			"from": [9.375, 1.5, 7.95],
			"to": [9.5, 1.875, 8.175],
			"faces": {
				"north": {"uv": [9.25, 14.125, 9.125, 14.5], "texture": "#0"},
				"east": {"uv": [9.125, 14.125, 9.25, 14.5], "texture": "#0"},
				"south": {"uv": [9.125, 14.125, 9.25, 14.5], "texture": "#0"},
				"west": {"uv": [9.125, 14.125, 9.25, 14.5], "texture": "#0"},
				"up": {"uv": [9.125, 14.125, 9.25, 14.25], "texture": "#0"},
				"down": {"uv": [9.125, 14.375, 9.25, 14.5], "texture": "#0"}
			}
		},
		{
			"name": "divine_axe_rhitta_154",
			"from": [9.5, 1.5, 7.95],
			"to": [9.625, 1.75, 8.175],
			"faces": {
				"north": {"uv": [9.375, 14.25, 9.25, 14.5], "texture": "#0"},
				"east": {"uv": [9.25, 14.25, 9.375, 14.5], "texture": "#0"},
				"south": {"uv": [9.25, 14.25, 9.375, 14.5], "texture": "#0"},
				"west": {"uv": [9.25, 14.25, 9.375, 14.5], "texture": "#0"},
				"up": {"uv": [9.25, 14.25, 9.375, 14.375], "texture": "#0"},
				"down": {"uv": [9.25, 14.375, 9.375, 14.5], "texture": "#0"}
			}
		},
		{
			"name": "divine_axe_rhitta_155",
			"from": [9.625, 1.375, 7.95],
			"to": [9.75, 1.5, 8.175],
			"faces": {
				"north": {"uv": [9.5, 14.5, 9.375, 14.625], "texture": "#0"},
				"east": {"uv": [9.375, 14.5, 9.5, 14.625], "texture": "#0"},
				"south": {"uv": [9.375, 14.5, 9.5, 14.625], "texture": "#0"},
				"west": {"uv": [9.375, 14.5, 9.5, 14.625], "texture": "#0"},
				"up": {"uv": [9.375, 14.5, 9.5, 14.625], "texture": "#0"},
				"down": {"uv": [9.375, 14.5, 9.5, 14.625], "texture": "#0"}
			}
		},
		{
			"name": "divine_axe_rhitta_156",
			"from": [7.375, 1.625, 7.7],
			"to": [8.25, 1.875, 8.425],
			"faces": {
				"north": {"uv": [7.75, 14.625, 6.875, 14.875], "texture": "#0"},
				"east": {"uv": [7.625, 14.625, 7.75, 14.875], "texture": "#0"},
				"south": {"uv": [6.875, 14.625, 7.75, 14.875], "texture": "#0"},
				"west": {"uv": [6.875, 14.625, 7, 14.875], "texture": "#0"},
				"up": {"uv": [6.875, 14.625, 7.75, 14.75], "texture": "#0"},
				"down": {"uv": [6.875, 14.75, 7.75, 14.875], "texture": "#0"}
			}
		},
		{
			"name": "divine_axe_rhitta_157",
			"from": [7.5, 1.375, 7.8],
			"to": [8.125, 1.625, 8.325],
			"faces": {
				"north": {"uv": [7.625, 15.125, 7, 15.375], "texture": "#0"},
				"east": {"uv": [7.5, 15.125, 7.625, 15.375], "texture": "#0"},
				"south": {"uv": [7, 15.125, 7.625, 15.375], "texture": "#0"},
				"west": {"uv": [7, 15.125, 7.125, 15.375], "texture": "#0"},
				"up": {"uv": [7, 15.125, 7.625, 15.25], "texture": "#0"},
				"down": {"uv": [7, 15.25, 7.625, 15.375], "texture": "#0"}
			}
		}
	],
	"gui_light": "front",
	"display": {
		"thirdperson_righthand": {
			"rotation": [0, 90, 0],
			"translation": [0, 14.5, 0.75],
			"scale": [3.25, 3.25, 3.25]
		},
		"thirdperson_lefthand": {
			"rotation": [0, -90, 0],
			"translation": [0, 14.5, 0.75],
			"scale": [3.25, 3.25, 3.25]
		},
		"firstperson_righthand": {
			"rotation": [0, 90, -4],
			"translation": [0.75, 6.25, 2],
			"scale": [2, 2, 1.75]
		},
		"firstperson_lefthand": {
			"rotation": [0, -90, 1],
			"translation": [1.5, 6.75, 1.25],
			"scale": [2, 2, 1.75]
		},
		"ground": {
			"translation": [0, 8.5, 0],
			"scale": [2.5, 2.5, 2.5]
		},
		"gui": {
			"rotation": [0, 0, -42],
			"translation": [1.5, 1.5, 0],
			"scale": [2, 2, 1]
		},
		"head": {
			"rotation": [0, 0, 134],
			"translation": [0, -10.5, 3.5],
			"scale": [4, 4, 4]
		},
		"fixed": {
			"rotation": [-180, 0, 138],
			"translation": [-1.25, 1.75, -0.75],
			"scale": [4, 4, 3]
		}
	},
	"groups": [
		{
			"name": "divine_axe_rhitta",
			"origin": [8, 8, 8],
			"color": 0,
			"children": [
				0,
				1,
				2,
				3,
				4,
				5,
				6,
				7,
				8,
				9,
				10,
				11,
				12,
				13,
				14,
				15,
				16,
				17,
				18,
				19,
				20,
				21,
				22,
				23,
				24,
				25,
				26,
				27,
				28,
				29,
				30,
				31,
				32,
				33,
				34,
				35,
				36,
				37,
				38,
				39,
				40,
				41,
				42,
				43,
				44,
				45,
				46,
				47,
				48,
				49,
				50,
				51,
				52,
				53,
				54,
				55,
				56,
				57,
				58,
				59,
				60,
				61,
				62,
				63,
				64,
				65,
				66,
				67,
				68,
				69,
				70,
				71,
				72,
				73,
				74,
				75,
				76,
				77,
				78,
				79,
				80,
				81,
				82,
				83,
				84,
				85,
				86,
				87,
				88,
				89,
				90,
				91,
				92,
				93,
				94,
				95,
				96,
				97,
				98,
				99,
				100,
				101,
				102,
				103,
				104,
				105,
				106,
				107,
				108,
				109,
				110,
				111,
				112,
				113,
				114,
				115,
				116,
				117,
				118,
				119,
				120,
				121,
				122,
				123,
				124,
				125,
				126,
				127,
				128,
				129,
				130,
				131,
				132,
				133,
				134,
				135,
				136,
				137,
				138,
				139,
				140,
				141,
				142,
				143,
				144,
				145,
				146,
				147,
				148,
				149,
				150,
				151,
				152,
				153,
				154,
				155,
				156,
				157
			]
		}
	]
}