{
	"credit": "Made by leaf studio",
	"texture_size": [ 32, 32 ],
	"textures": {
		"0": "item/diamond_sword/3ddiamond_sword"
	},
	"elements": [
		{
			"from": [ 7.4, -8.65, 6.4 ],
			"to": [ 8.6, -5.45, 9.6 ],
			"rotation": {
				"angle": -45,
				"axis": "x",
				"origin": [ 8, -7.05, 8 ]
			},
			"faces": {
				"north": {
					"uv": [ 1, 9, 1.5, 10.5 ],
					"texture": "#0"
				},
				"east": {
					"uv": [ 5, 0, 6.5, 1.5 ],
					"texture": "#0"
				},
				"south": {
					"uv": [ 1.5, 9, 2, 10.5 ],
					"texture": "#0"
				},
				"west": {
					"uv": [ 5, 1.5, 6.5, 3 ],
					"texture": "#0"
				},
				"up": {
					"uv": [ 2.5, 10.5, 2, 9 ],
					"texture": "#0"
				},
				"down": {
					"uv": [ 3, 9, 2.5, 10.5 ],
					"texture": "#0"
				}
			}
		},
		{
			"from": [ 7.5, -5.8, 7 ],
			"to": [ 8.5, 0.2, 9 ],
			"rotation": {
				"angle": 0,
				"axis": "y",
				"origin": [ 8, -1.375, 8 ]
			},
			"faces": {
				"north": {
					"uv": [ 4, 6, 4.5, 9 ],
					"texture": "#0"
				},
				"east": {
					"uv": [ 4, 0, 5, 3 ],
					"texture": "#0"
				},
				"south": {
					"uv": [ 4.5, 6, 5, 9 ],
					"texture": "#0"
				},
				"west": {
					"uv": [ 4, 3, 5, 6 ],
					"texture": "#0"
				},
				"up": {
					"uv": [ 4.5, 10, 4, 9 ],
					"texture": "#0"
				},
				"down": {
					"uv": [ 5, 9, 4.5, 10 ],
					"texture": "#0"
				}
			}
		},
		{
			"from": [ 6.99, -0.26, 6.49 ],
			"to": [ 9.01, 2.76, 9.51 ],
			"rotation": {
				"angle": 45,
				"axis": "x",
				"origin": [ 8, 1.25, 8 ]
			},
			"faces": {
				"north": {
					"uv": [ 5, 6, 6, 7.5 ],
					"texture": "#0"
				},
				"east": {
					"uv": [ 5, 3, 6.5, 4.5 ],
					"texture": "#0"
				},
				"south": {
					"uv": [ 6, 6, 7, 7.5 ],
					"texture": "#0"
				},
				"west": {
					"uv": [ 5, 4.5, 6.5, 6 ],
					"texture": "#0"
				},
				"up": {
					"uv": [ 7.5, 1.5, 6.5, 0 ],
					"texture": "#0"
				},
				"down": {
					"uv": [ 7.5, 1.5, 6.5, 3 ],
					"texture": "#0"
				}
			}
		},
		{
			"from": [ 7.5, 2.25, 6.5 ],
			"to": [ 8.5, 18.25, 9.5 ],
			"rotation": {
				"angle": 0,
				"axis": "y",
				"origin": [ 6.5, 1.25, 7 ]
			},
			"faces": {
				"north": {
					"uv": [ 3, 0, 3.5, 8 ],
					"texture": "#0"
				},
				"east": {
					"uv": [ 0, 0, 1.5, 8 ],
					"texture": "#0"
				},
				"south": {
					"uv": [ 3.5, 0, 4, 8 ],
					"texture": "#0"
				},
				"west": {
					"uv": [ 1.5, 0, 3, 8 ],
					"texture": "#0"
				},
				"up": {
					"uv": [ 3.5, 10.5, 3, 9 ],
					"texture": "#0"
				},
				"down": {
					"uv": [ 4, 9, 3.5, 10.5 ],
					"texture": "#0"
				}
			}
		},
		{
			"from": [ 7.49, 16.95435, 6.65436 ],
			"to": [ 8.51, 19.42435, 9.12436 ],
			"rotation": {
				"angle": -45,
				"axis": "x",
				"origin": [ 8, 18.25, 8.00001 ]
			},
			"faces": {
				"north": {
					"uv": [ 5, 9, 5.5, 10 ],
					"texture": "#0"
				},
				"east": {
					"uv": [ 6, 7.5, 7, 8.5 ],
					"texture": "#0"
				},
				"south": {
					"uv": [ 5.5, 9, 6, 10 ],
					"texture": "#0"
				},
				"west": {
					"uv": [ 7, 7.5, 8, 8.5 ],
					"texture": "#0"
				},
				"up": {
					"uv": [ 9.5, 7, 9, 6 ],
					"texture": "#0"
				},
				"down": {
					"uv": [ 9.5, 7, 9, 8 ],
					"texture": "#0"
				}
			}
		},
		{
			"from": [ 7.01, -0.29, 9.42579 ],
			"to": [ 8.99, 1.69, 11.40579 ],
			"rotation": {
				"angle": -45,
				"axis": "x",
				"origin": [ 7.99, 1.07322, 10.66579 ]
			},
			"faces": {
				"north": {
					"uv": [ 0, 8, 1, 9 ],
					"texture": "#0"
				},
				"east": {
					"uv": [ 1, 8, 2, 9 ],
					"texture": "#0"
				},
				"south": {
					"uv": [ 2, 8, 3, 9 ],
					"texture": "#0"
				},
				"west": {
					"uv": [ 3, 8, 4, 9 ],
					"texture": "#0"
				},
				"up": {
					"uv": [ 9, 7, 8, 6 ],
					"texture": "#0"
				},
				"down": {
					"uv": [ 9, 7, 8, 8 ],
					"texture": "#0"
				}
			}
		},
		{
			"from": [ 7, 0.28832, 8.96899 ],
			"to": [ 9, 3.28832, 10.96899 ],
			"rotation": {
				"angle": 45,
				"axis": "x",
				"origin": [ 8, 2.28832, 10.54399 ]
			},
			"faces": {
				"north": {
					"uv": [ 6.5, 3, 7.5, 4.5 ],
					"texture": "#0"
				},
				"east": {
					"uv": [ 6.5, 4.5, 7.5, 6 ],
					"texture": "#0"
				},
				"south": {
					"uv": [ 7, 6, 8, 7.5 ],
					"texture": "#0"
				},
				"west": {
					"uv": [ 7.5, 0, 8.5, 1.5 ],
					"texture": "#0"
				},
				"up": {
					"uv": [ 9, 9, 8, 8 ],
					"texture": "#0"
				},
				"down": {
					"uv": [ 9.5, 0, 8.5, 1 ],
					"texture": "#0"
				}
			}
		},
		{
			"from": [ 7, 0.28832, 5.03101 ],
			"to": [ 9, 3.28832, 7.03101 ],
			"rotation": {
				"angle": -45,
				"axis": "x",
				"origin": [ 8, 2.28832, 5.45601 ]
			},
			"faces": {
				"north": {
					"uv": [ 7.5, 1.5, 8.5, 3 ],
					"texture": "#0"
				},
				"east": {
					"uv": [ 7.5, 3, 8.5, 4.5 ],
					"texture": "#0"
				},
				"south": {
					"uv": [ 7.5, 4.5, 8.5, 6 ],
					"texture": "#0"
				},
				"west": {
					"uv": [ 5, 7.5, 6, 9 ],
					"texture": "#0"
				},
				"up": {
					"uv": [ 9.5, 2, 8.5, 1 ],
					"texture": "#0"
				},
				"down": {
					"uv": [ 9.5, 2, 8.5, 3 ],
					"texture": "#0"
				}
			}
		},
		{
			"from": [ 7.01, -0.29, 4.59421 ],
			"to": [ 8.99, 1.69, 6.57421 ],
			"rotation": {
				"angle": 45,
				"axis": "x",
				"origin": [ 7.99, 1.07322, 5.33421 ]
			},
			"faces": {
				"north": {
					"uv": [ 8.5, 3, 9.5, 4 ],
					"texture": "#0"
				},
				"east": {
					"uv": [ 8.5, 4, 9.5, 5 ],
					"texture": "#0"
				},
				"south": {
					"uv": [ 8.5, 5, 9.5, 6 ],
					"texture": "#0"
				},
				"west": {
					"uv": [ 6, 8.5, 7, 9.5 ],
					"texture": "#0"
				},
				"up": {
					"uv": [ 8, 9.5, 7, 8.5 ],
					"texture": "#0"
				},
				"down": {
					"uv": [ 1, 9, 0, 10 ],
					"texture": "#0"
				}
			}
		}
	],
	"gui_light": "front",
	"display": {
		"thirdperson_righthand": {
			"translation": [ 0, 9, 1.5 ]
		},
		"thirdperson_lefthand": {
			"translation": [ 0, 9, 1.5 ]
		},
		"firstperson_righthand": {
			"translation": [ 0, 9, 1.5 ]
		},
		"firstperson_lefthand": {
			"translation": [ 0, 9, 1.5 ]
		},
		"ground": {
			"rotation": [ 90, 90, 0 ]
		},
		"gui": {
			"rotation": [ 90, 45, -90 ],
			"translation": [ 2, 2, 0 ]
		},
		"fixed": {
			"rotation": [ -90, 45, 90 ],
			"translation": [ -2, 2, 0 ]
		}
	},
	"groups": [
		{
			"name": "sword",
			"origin": [ 7.99, 1.07322, 5.33421 ],
			"color": 0,
			"children": [ 0, 1, 2, 3, 4, 5, 6, 7, 8 ]
		}
	]
}