{
	"credit": "Made by leaf studio",
	"texture_size": [ 32, 32 ],
	"textures": {
		"0": "item/diamond_sword/3dnetherite_sword"
	},
	"elements": [
		{
			"from": [ 7.4, -9.1, 6.15 ],
			"to": [ 8.6, -5.9, 9.35 ],
			"rotation": {
				"angle": 45,
				"axis": "x",
				"origin": [ 8, -7.75, 8 ]
			},
			"faces": {
				"north": {
					"uv": [ 9, 9, 9.5, 10.5 ],
					"texture": "#0"
				},
				"east": {
					"uv": [ 5, 4, 6.5, 5.5 ],
					"texture": "#0"
				},
				"south": {
					"uv": [ 0, 9.5, 0.5, 11 ],
					"texture": "#0"
				},
				"west": {
					"uv": [ 5, 5.5, 6.5, 7 ],
					"texture": "#0"
				},
				"up": {
					"uv": [ 10, 1.5, 9.5, 0 ],
					"texture": "#0"
				},
				"down": {
					"uv": [ 1, 9.5, 0.5, 11 ],
					"texture": "#0"
				}
			}
		},
		{
			"from": [ 7.5, -6.25, 7 ],
			"to": [ 8.5, -0.25, 9 ],
			"rotation": {
				"angle": 0,
				"axis": "y",
				"origin": [ 8, -1.5, 8 ]
			},
			"faces": {
				"north": {
					"uv": [ 6.5, 2, 7, 5 ],
					"texture": "#0"
				},
				"east": {
					"uv": [ 4, 0, 5, 3 ],
					"texture": "#0"
				},
				"south": {
					"uv": [ 6.5, 5, 7, 8 ],
					"texture": "#0"
				},
				"west": {
					"uv": [ 4, 3, 5, 6 ],
					"texture": "#0"
				},
				"up": {
					"uv": [ 7, 9, 6.5, 8 ],
					"texture": "#0"
				},
				"down": {
					"uv": [ 2.5, 9.5, 2, 10.5 ],
					"texture": "#0"
				}
			}
		},
		{
			"from": [ 6.99, -0.26, 6.49 ],
			"to": [ 9.01, 3.76, 9.51 ],
			"rotation": {
				"angle": 0,
				"axis": "y",
				"origin": [ 8, 1.25, 8 ]
			},
			"faces": {
				"north": {
					"uv": [ 4, 8, 5, 6 ],
					"rotation": 180,
					"texture": "#0"
				},
				"east": {
					"uv": [ 6.5, 2, 5, 4 ],
					"texture": "#0"
				},
				"south": {
					"uv": [ 6.5, 2, 7.5, 0 ],
					"rotation": 180,
					"texture": "#0"
				},
				"west": {
					"uv": [ 6.5, 0, 5, 2 ],
					"texture": "#0"
				},
				"up": {
					"uv": [ 8, 2, 7, 3.5 ],
					"rotation": 180,
					"texture": "#0"
				},
				"down": {
					"uv": [ 8, 5, 7, 3.5 ],
					"rotation": 180,
					"texture": "#0"
				}
			}
		},
		{
			"from": [ 7, -0.5013, 8.49318 ],
			"to": [ 9, 1.4987, 11.49318 ],
			"rotation": {
				"angle": 22.5,
				"axis": "x",
				"origin": [ 8, -0.2513, 11.24318 ]
			},
			"faces": {
				"north": {
					"uv": [ 8.5, 4.5, 9.5, 5.5 ],
					"texture": "#0"
				},
				"east": {
					"uv": [ 5, 7, 6.5, 8 ],
					"texture": "#0"
				},
				"south": {
					"uv": [ 8, 8.5, 9, 9.5 ],
					"texture": "#0"
				},
				"west": {
					"uv": [ 7, 5, 8.5, 6 ],
					"texture": "#0"
				},
				"up": {
					"uv": [ 8, 7.5, 7, 6 ],
					"texture": "#0"
				},
				"down": {
					"uv": [ 8.5, 0, 7.5, 1.5 ],
					"texture": "#0"
				}
			}
		},
		{
			"from": [ 7.01, 1.04832, 11.05399 ],
			"to": [ 8.99, 4.02832, 13.03399 ],
			"rotation": {
				"angle": 45,
				"axis": "x",
				"origin": [ 8, 3.03832, 11.79399 ]
			},
			"faces": {
				"north": {
					"uv": [ 7, 7.5, 8, 9 ],
					"texture": "#0"
				},
				"east": {
					"uv": [ 0, 8, 1, 9.5 ],
					"texture": "#0"
				},
				"south": {
					"uv": [ 1, 8, 2, 9.5 ],
					"texture": "#0"
				},
				"west": {
					"uv": [ 8, 1.5, 9, 3 ],
					"texture": "#0"
				},
				"up": {
					"uv": [ 10, 4.5, 9, 3.5 ],
					"texture": "#0"
				},
				"down": {
					"uv": [ 6, 9, 5, 10 ],
					"texture": "#0"
				}
			}
		},
		{
			"from": [ 7, -0.5013, 4.50682 ],
			"to": [ 9, 1.4987, 7.50682 ],
			"rotation": {
				"angle": -22.5,
				"axis": "x",
				"origin": [ 8, -0.2513, 4.75682 ]
			},
			"faces": {
				"north": {
					"uv": [ 9, 7, 10, 8 ],
					"texture": "#0"
				},
				"east": {
					"uv": [ 5, 8, 6.5, 9 ],
					"texture": "#0"
				},
				"south": {
					"uv": [ 9, 8, 10, 9 ],
					"texture": "#0"
				},
				"west": {
					"uv": [ 8, 6, 9.5, 7 ],
					"texture": "#0"
				},
				"up": {
					"uv": [ 9, 8.5, 8, 7 ],
					"texture": "#0"
				},
				"down": {
					"uv": [ 9.5, 0, 8.5, 1.5 ],
					"texture": "#0"
				}
			}
		},
		{
			"from": [ 7.01, 1.04832, 2.96601 ],
			"to": [ 8.99, 4.02832, 4.94601 ],
			"rotation": {
				"angle": -45,
				"axis": "x",
				"origin": [ 8, 3.03832, 4.20601 ]
			},
			"faces": {
				"north": {
					"uv": [ 2, 8, 3, 9.5 ],
					"texture": "#0"
				},
				"east": {
					"uv": [ 3, 8, 4, 9.5 ],
					"texture": "#0"
				},
				"south": {
					"uv": [ 8, 3, 9, 4.5 ],
					"texture": "#0"
				},
				"west": {
					"uv": [ 4, 8, 5, 9.5 ],
					"texture": "#0"
				},
				"up": {
					"uv": [ 7, 10, 6, 9 ],
					"texture": "#0"
				},
				"down": {
					"uv": [ 8, 9, 7, 10 ],
					"texture": "#0"
				}
			}
		},
		{
			"from": [ 7.5, 2.75, 6.5 ],
			"to": [ 8.5, 18.75, 9.5 ],
			"rotation": {
				"angle": 0,
				"axis": "y",
				"origin": [ 6.5, 1.75, 7 ]
			},
			"faces": {
				"north": {
					"uv": [ 3, 0, 3.5, 8 ],
					"texture": "#0"
				},
				"east": {
					"uv": [ 0, 0, 1.5, 8 ],
					"texture": "#0"
				},
				"south": {
					"uv": [ 3.5, 0, 4, 8 ],
					"texture": "#0"
				},
				"west": {
					"uv": [ 1.5, 0, 3, 8 ],
					"texture": "#0"
				},
				"up": {
					"uv": [ 1.5, 11, 1, 9.5 ],
					"texture": "#0"
				},
				"down": {
					"uv": [ 2, 9.5, 1.5, 11 ],
					"texture": "#0"
				}
			}
		},
		{
			"name": "tp",
			"from": [ 7.49, 17.67935, 6.92936 ],
			"to": [ 8.51, 20.14935, 9.39936 ],
			"rotation": {
				"angle": -45,
				"axis": "x",
				"origin": [ 8, 18.75, 8.00001 ]
			},
			"faces": {
				"north": {
					"uv": [ 2.5, 9.5, 3, 10.5 ],
					"texture": "#0"
				},
				"east": {
					"uv": [ 9, 1.5, 10, 2.5 ],
					"texture": "#0"
				},
				"south": {
					"uv": [ 3, 9.5, 3.5, 10.5 ],
					"texture": "#0"
				},
				"west": {
					"uv": [ 9, 2.5, 10, 3.5 ],
					"texture": "#0"
				},
				"up": {
					"uv": [ 4, 10.5, 3.5, 9.5 ],
					"texture": "#0"
				},
				"down": {
					"uv": [ 4.5, 9.5, 4, 10.5 ],
					"texture": "#0"
				}
			}
		}
	],
	"gui_light": "front",
	"display": {
		"thirdperson_righthand": {
			"translation": [ 0, 9, 1.5 ]
		},
		"thirdperson_lefthand": {
			"translation": [ 0, 9, 1.5 ]
		},
		"firstperson_righthand": {
			"translation": [ 0, 9, 1.5 ]
		},
		"firstperson_lefthand": {
			"translation": [ 0, 9, 1.5 ]
		},
		"ground": {
			"rotation": [ 90, 90, 0 ]
		},
		"gui": {
			"rotation": [ 90, 45, -90 ],
			"translation": [ 2, 2, 0 ]
		},
		"fixed": {
			"rotation": [ -90, 45, 90 ],
			"translation": [ -1.75, 1.75, 0 ]
		}
	}
}