{
	"credit": "Made with Blockbench",
	"textures": {
		"0": "item/diamond_sword/ashurasblade",
		"particle": "item/diamond_sword/ashurasblade"
	},
	"elements": [
		{
			"name": "ashurasblade_0",
			"from": [7.9, 11.125, 8],
			"to": [8.025, 11.375, 8.125],
			"faces": {
				"north": {"uv": [7.25, 4.625, 7.125, 4.875], "texture": "#0"},
				"east": {"uv": [7.125, 4.625, 7.25, 4.875], "texture": "#0"},
				"south": {"uv": [7.125, 4.625, 7.25, 4.875], "texture": "#0"},
				"west": {"uv": [7.125, 4.625, 7.25, 4.875], "texture": "#0"},
				"up": {"uv": [7.125, 4.625, 7.25, 4.75], "texture": "#0"},
				"down": {"uv": [7.125, 4.75, 7.25, 4.875], "texture": "#0"}
			}
		},
		{
			"name": "ashurasblade_1",
			"from": [7.775, 10.875, 8],
			"to": [7.9, 11.125, 8.125],
			"faces": {
				"north": {"uv": [7.125, 4.875, 7, 5.125], "texture": "#0"},
				"east": {"uv": [7, 4.875, 7.125, 5.125], "texture": "#0"},
				"south": {"uv": [7, 4.875, 7.125, 5.125], "texture": "#0"},
				"west": {"uv": [7, 4.875, 7.125, 5.125], "texture": "#0"},
				"up": {"uv": [7, 4.875, 7.125, 5], "texture": "#0"},
				"down": {"uv": [7, 5, 7.125, 5.125], "texture": "#0"}
			}
		},
		{
			"name": "ashurasblade_2",
			"from": [8.025, 10.875, 8],
			"to": [8.15, 11.125, 8.125],
			"faces": {
				"north": {"uv": [7.375, 4.875, 7.25, 5.125], "texture": "#0"},
				"east": {"uv": [7.25, 4.875, 7.375, 5.125], "texture": "#0"},
				"south": {"uv": [7.25, 4.875, 7.375, 5.125], "texture": "#0"},
				"west": {"uv": [7.25, 4.875, 7.375, 5.125], "texture": "#0"},
				"up": {"uv": [7.25, 4.875, 7.375, 5], "texture": "#0"},
				"down": {"uv": [7.25, 5, 7.375, 5.125], "texture": "#0"}
			}
		},
		{
			"name": "ashurasblade_3",
			"from": [7.9, 5.125, 7.95],
			"to": [8.025, 11.125, 8.175],
			"faces": {
				"north": {"uv": [8, 4.875, 7.875, 10.875], "texture": "#0"},
				"east": {"uv": [7.875, 4.875, 8, 10.875], "texture": "#0"},
				"south": {"uv": [7.875, 4.875, 8, 10.875], "texture": "#0"},
				"west": {"uv": [7.875, 4.875, 8, 10.875], "texture": "#0"},
				"up": {"uv": [7.875, 4.875, 8, 5], "texture": "#0"},
				"down": {"uv": [7.875, 10.75, 8, 10.875], "texture": "#0"}
			}
		},
		{
			"name": "ashurasblade_4",
			"from": [7.65, 5.5, 8],
			"to": [7.775, 10.875, 8.125],
			"faces": {
				"north": {"uv": [7, 5.125, 6.875, 10.5], "texture": "#0"},
				"east": {"uv": [6.875, 5.125, 7, 10.5], "texture": "#0"},
				"south": {"uv": [6.875, 5.125, 7, 10.5], "texture": "#0"},
				"west": {"uv": [6.875, 5.125, 7, 10.5], "texture": "#0"},
				"up": {"uv": [6.875, 5.125, 7, 5.25], "texture": "#0"},
				"down": {"uv": [6.875, 10.375, 7, 10.5], "texture": "#0"}
			}
		},
		{
			"name": "ashurasblade_5",
			"from": [8.15, 5.5, 8],
			"to": [8.275, 10.875, 8.125],
			"faces": {
				"north": {"uv": [7.5, 5.125, 7.375, 10.5], "texture": "#0"},
				"east": {"uv": [7.375, 5.125, 7.5, 10.5], "texture": "#0"},
				"south": {"uv": [7.375, 5.125, 7.5, 10.5], "texture": "#0"},
				"west": {"uv": [7.375, 5.125, 7.5, 10.5], "texture": "#0"},
				"up": {"uv": [7.375, 5.125, 7.5, 5.25], "texture": "#0"},
				"down": {"uv": [7.375, 10.375, 7.5, 10.5], "texture": "#0"}
			}
		},
		{
			"name": "ashurasblade_6",
			"from": [7.775, 5.25, 7.95],
			"to": [7.9, 10.875, 8.175],
			"faces": {
				"north": {"uv": [7.875, 5.125, 7.75, 10.75], "texture": "#0"},
				"east": {"uv": [7.75, 5.125, 7.875, 10.75], "texture": "#0"},
				"south": {"uv": [7.75, 5.125, 7.875, 10.75], "texture": "#0"},
				"west": {"uv": [7.75, 5.125, 7.875, 10.75], "texture": "#0"},
				"up": {"uv": [7.75, 5.125, 7.875, 5.25], "texture": "#0"},
				"down": {"uv": [7.75, 10.625, 7.875, 10.75], "texture": "#0"}
			}
		},
		{
			"name": "ashurasblade_7",
			"from": [8.025, 5.25, 7.95],
			"to": [8.15, 10.875, 8.175],
			"faces": {
				"north": {"uv": [8.125, 5.125, 8, 10.75], "texture": "#0"},
				"east": {"uv": [8, 5.125, 8.125, 10.75], "texture": "#0"},
				"south": {"uv": [8, 5.125, 8.125, 10.75], "texture": "#0"},
				"west": {"uv": [8, 5.125, 8.125, 10.75], "texture": "#0"},
				"up": {"uv": [8, 5.125, 8.125, 5.25], "texture": "#0"},
				"down": {"uv": [8, 10.625, 8.125, 10.75], "texture": "#0"}
			}
		},
		{
			"name": "ashurasblade_8",
			"from": [7.65, 4.875, 7.9],
			"to": [7.775, 5.5, 8.225],
			"faces": {
				"north": {"uv": [6.125, 10.5, 6, 11.125], "texture": "#0"},
				"east": {"uv": [6, 10.5, 6.125, 11.125], "texture": "#0"},
				"south": {"uv": [6, 10.5, 6.125, 11.125], "texture": "#0"},
				"west": {"uv": [6, 10.5, 6.125, 11.125], "texture": "#0"},
				"up": {"uv": [6, 10.5, 6.125, 10.625], "texture": "#0"},
				"down": {"uv": [6, 11, 6.125, 11.125], "texture": "#0"}
			}
		},
		{
			"name": "ashurasblade_9",
			"from": [8.15, 4.875, 7.9],
			"to": [8.275, 5.5, 8.225],
			"faces": {
				"north": {"uv": [6.625, 10.5, 6.5, 11.125], "texture": "#0"},
				"east": {"uv": [6.5, 10.5, 6.625, 11.125], "texture": "#0"},
				"south": {"uv": [6.5, 10.5, 6.625, 11.125], "texture": "#0"},
				"west": {"uv": [6.5, 10.5, 6.625, 11.125], "texture": "#0"},
				"up": {"uv": [6.5, 10.5, 6.625, 10.625], "texture": "#0"},
				"down": {"uv": [6.5, 11, 6.625, 11.125], "texture": "#0"}
			}
		},
		{
			"name": "ashurasblade_10",
			"from": [7.775, 5, 7.9],
			"to": [7.9, 5.25, 8.225],
			"faces": {
				"north": {"uv": [6.25, 10.75, 6.125, 11], "texture": "#0"},
				"east": {"uv": [6.125, 10.75, 6.25, 11], "texture": "#0"},
				"south": {"uv": [6.125, 10.75, 6.25, 11], "texture": "#0"},
				"west": {"uv": [6.125, 10.75, 6.25, 11], "texture": "#0"},
				"up": {"uv": [6.125, 10.75, 6.25, 10.875], "texture": "#0"},
				"down": {"uv": [6.125, 10.875, 6.25, 11], "texture": "#0"}
			}
		},
		{
			"name": "ashurasblade_11",
			"from": [8.025, 5, 7.9],
			"to": [8.15, 5.25, 8.225],
			"faces": {
				"north": {"uv": [6.5, 10.75, 6.375, 11], "texture": "#0"},
				"east": {"uv": [6.375, 10.75, 6.5, 11], "texture": "#0"},
				"south": {"uv": [6.375, 10.75, 6.5, 11], "texture": "#0"},
				"west": {"uv": [6.375, 10.75, 6.5, 11], "texture": "#0"},
				"up": {"uv": [6.375, 10.75, 6.5, 10.875], "texture": "#0"},
				"down": {"uv": [6.375, 10.875, 6.5, 11], "texture": "#0"}
			}
		},
		{
			"name": "ashurasblade_12",
			"from": [7.9, 4.5, 7.85],
			"to": [8.025, 5.125, 8.275],
			"faces": {
				"north": {"uv": [7.125, 10.875, 7, 11.5], "texture": "#0"},
				"east": {"uv": [7, 10.875, 7.125, 11], "texture": "#0"},
				"south": {"uv": [7, 10.875, 7.125, 11.5], "texture": "#0"},
				"west": {"uv": [7, 10.875, 7.125, 11], "texture": "#0"},
				"up": {"uv": [7, 10.875, 7.125, 11], "texture": "#0"},
				"down": {"uv": [7, 11.375, 7.125, 11.5], "texture": "#0"}
			}
		},
		{
			"name": "ashurasblade_13",
			"from": [7.775, 4.375, 7.85],
			"to": [7.9, 5, 8.275],
			"faces": {
				"north": {"uv": [7, 11, 6.875, 11.625], "texture": "#0"},
				"east": {"uv": [6.875, 11, 7, 11.625], "texture": "#0"},
				"south": {"uv": [6.875, 11, 7, 11.625], "texture": "#0"},
				"west": {"uv": [6.875, 11, 7, 11.125], "texture": "#0"},
				"up": {"uv": [6.875, 11, 7, 11.125], "texture": "#0"},
				"down": {"uv": [6.875, 11.5, 7, 11.625], "texture": "#0"}
			}
		},
		{
			"name": "ashurasblade_14",
			"from": [8.025, 4.375, 7.85],
			"to": [8.15, 5, 8.275],
			"faces": {
				"north": {"uv": [7.25, 11, 7.125, 11.625], "texture": "#0"},
				"east": {"uv": [7.125, 11, 7.25, 11.125], "texture": "#0"},
				"south": {"uv": [7.125, 11, 7.25, 11.625], "texture": "#0"},
				"west": {"uv": [7.125, 11, 7.25, 11.625], "texture": "#0"},
				"up": {"uv": [7.125, 11, 7.25, 11.125], "texture": "#0"},
				"down": {"uv": [7.125, 11.5, 7.25, 11.625], "texture": "#0"}
			}
		},
		{
			"name": "ashurasblade_15",
			"from": [7.65, 4.25, 7.85],
			"to": [7.775, 4.875, 8.275],
			"faces": {
				"north": {"uv": [6.875, 11.125, 6.75, 11.75], "texture": "#0"},
				"east": {"uv": [6.75, 11.125, 6.875, 11.75], "texture": "#0"},
				"south": {"uv": [6.75, 11.125, 6.875, 11.75], "texture": "#0"},
				"west": {"uv": [6.75, 11.125, 6.875, 11.25], "texture": "#0"},
				"up": {"uv": [6.75, 11.125, 6.875, 11.25], "texture": "#0"},
				"down": {"uv": [6.75, 11.625, 6.875, 11.75], "texture": "#0"}
			}
		},
		{
			"name": "ashurasblade_16",
			"from": [8.15, 4.25, 7.85],
			"to": [8.275, 4.875, 8.275],
			"faces": {
				"north": {"uv": [7.375, 11.125, 7.25, 11.75], "texture": "#0"},
				"east": {"uv": [7.25, 11.125, 7.375, 11.25], "texture": "#0"},
				"south": {"uv": [7.25, 11.125, 7.375, 11.75], "texture": "#0"},
				"west": {"uv": [7.25, 11.125, 7.375, 11.75], "texture": "#0"},
				"up": {"uv": [7.25, 11.125, 7.375, 11.25], "texture": "#0"},
				"down": {"uv": [7.25, 11.625, 7.375, 11.75], "texture": "#0"}
			}
		},
		{
			"name": "ashurasblade_17",
			"from": [7.525, 4.25, 7.85],
			"to": [7.65, 4.75, 8.275],
			"faces": {
				"north": {"uv": [6.75, 11.25, 6.625, 11.75], "texture": "#0"},
				"east": {"uv": [6.625, 11.25, 6.75, 11.75], "texture": "#0"},
				"south": {"uv": [6.625, 11.25, 6.75, 11.75], "texture": "#0"},
				"west": {"uv": [6.625, 11.25, 6.75, 11.375], "texture": "#0"},
				"up": {"uv": [6.625, 11.25, 6.75, 11.375], "texture": "#0"},
				"down": {"uv": [6.625, 11.625, 6.75, 11.75], "texture": "#0"}
			}
		},
		{
			"name": "ashurasblade_18",
			"from": [8.275, 4.25, 7.85],
			"to": [8.4, 4.75, 8.275],
			"faces": {
				"north": {"uv": [7.5, 11.25, 7.375, 11.75], "texture": "#0"},
				"east": {"uv": [7.375, 11.25, 7.5, 11.375], "texture": "#0"},
				"south": {"uv": [7.375, 11.25, 7.5, 11.75], "texture": "#0"},
				"west": {"uv": [7.375, 11.25, 7.5, 11.75], "texture": "#0"},
				"up": {"uv": [7.375, 11.25, 7.5, 11.375], "texture": "#0"},
				"down": {"uv": [7.375, 11.625, 7.5, 11.75], "texture": "#0"}
			}
		},
		{
			"name": "ashurasblade_19",
			"from": [7.4, 4.25, 7.85],
			"to": [7.525, 4.625, 8.275],
			"faces": {
				"north": {"uv": [6.625, 11.375, 6.5, 11.75], "texture": "#0"},
				"east": {"uv": [6.5, 11.375, 6.625, 11.75], "texture": "#0"},
				"south": {"uv": [6.5, 11.375, 6.625, 11.75], "texture": "#0"},
				"west": {"uv": [6.5, 11.375, 6.625, 11.75], "texture": "#0"},
				"up": {"uv": [6.5, 11.375, 6.625, 11.5], "texture": "#0"},
				"down": {"uv": [6.5, 11.625, 6.625, 11.75], "texture": "#0"}
			}
		},
		{
			"name": "ashurasblade_20",
			"from": [8.4, 4.25, 7.85],
			"to": [8.525, 4.625, 8.275],
			"faces": {
				"north": {"uv": [7.625, 11.375, 7.5, 11.75], "texture": "#0"},
				"east": {"uv": [7.5, 11.375, 7.625, 11.75], "texture": "#0"},
				"south": {"uv": [7.5, 11.375, 7.625, 11.75], "texture": "#0"},
				"west": {"uv": [7.5, 11.375, 7.625, 11.75], "texture": "#0"},
				"up": {"uv": [7.5, 11.375, 7.625, 11.5], "texture": "#0"},
				"down": {"uv": [7.5, 11.625, 7.625, 11.75], "texture": "#0"}
			}
		},
		{
			"name": "ashurasblade_21",
			"from": [7.9, 2.25, 7.9],
			"to": [8.025, 4.5, 8.225],
			"faces": {
				"north": {"uv": [8.125, 11.5, 8, 13.75], "texture": "#0"},
				"east": {"uv": [8, 11.5, 8.125, 13.75], "texture": "#0"},
				"south": {"uv": [8, 11.5, 8.125, 13.75], "texture": "#0"},
				"west": {"uv": [8, 11.5, 8.125, 13.75], "texture": "#0"},
				"up": {"uv": [8, 11.5, 8.125, 11.625], "texture": "#0"},
				"down": {"uv": [8, 13.625, 8.125, 13.75], "texture": "#0"}
			}
		},
		{
			"name": "ashurasblade_22",
			"from": [7.775, 2.25, 7.9],
			"to": [7.9, 4.375, 8.225],
			"faces": {
				"north": {"uv": [8, 11.625, 7.875, 13.75], "texture": "#0"},
				"east": {"uv": [7.875, 11.625, 8, 13.75], "texture": "#0"},
				"south": {"uv": [7.875, 11.625, 8, 13.75], "texture": "#0"},
				"west": {"uv": [7.875, 11.625, 8, 13.75], "texture": "#0"},
				"up": {"uv": [7.875, 11.625, 8, 11.75], "texture": "#0"},
				"down": {"uv": [7.875, 13.625, 8, 13.75], "texture": "#0"}
			}
		},
		{
			"name": "ashurasblade_23",
			"from": [8.025, 2.25, 7.9],
			"to": [8.15, 4.375, 8.225],
			"faces": {
				"north": {"uv": [8.25, 11.625, 8.125, 13.75], "texture": "#0"},
				"east": {"uv": [8.125, 11.625, 8.25, 13.75], "texture": "#0"},
				"south": {"uv": [8.125, 11.625, 8.25, 13.75], "texture": "#0"},
				"west": {"uv": [8.125, 11.625, 8.25, 13.75], "texture": "#0"},
				"up": {"uv": [8.125, 11.625, 8.25, 11.75], "texture": "#0"},
				"down": {"uv": [8.125, 13.625, 8.25, 13.75], "texture": "#0"}
			}
		},
		{
			"name": "ashurasblade_24",
			"from": [7.65, 2, 7.8],
			"to": [8.275, 2.25, 8.325],
			"faces": {
				"north": {"uv": [7.75, 13.75, 7.125, 14], "texture": "#0"},
				"east": {"uv": [7.75, 13.75, 7.125, 14], "texture": "#0"},
				"south": {"uv": [7.125, 13.75, 7.75, 14], "texture": "#0"},
				"west": {"uv": [7.75, 13.75, 7.125, 14], "texture": "#0"},
				"up": {"uv": [7.125, 13.75, 7.25, 13.875], "texture": "#0"},
				"down": {"uv": [7.125, 13.875, 7.75, 14], "texture": "#0"}
			}
		},
		{
			"name": "ashurasblade_25",
			"from": [7.775, 1.875, 7.85],
			"to": [8.15, 2, 8.225],
			"faces": {
				"north": {"uv": [8.25, 14, 7.875, 14.125], "texture": "#0"},
				"east": {"uv": [8.125, 14, 8.25, 14.125], "texture": "#0"},
				"south": {"uv": [7.875, 14, 8.25, 14.125], "texture": "#0"},
				"west": {"uv": [7.875, 14, 8, 14.125], "texture": "#0"},
				"up": {"uv": [7.875, 14, 8.25, 14.125], "texture": "#0"},
				"down": {"uv": [7.875, 14, 8.25, 14.125], "texture": "#0"}
			}
		}
	],
	"gui_light": "front",
	"display": {
		"thirdperson_righthand": {
			"rotation": [0, 90, 0],
			"translation": [0, 13, 0.75],
			"scale": [3.25, 3.25, 3]
		},
		"thirdperson_lefthand": {
			"rotation": [0, 90, 0],
			"translation": [0, 13, 1.25],
			"scale": [3.25, 3.25, 2.5]
		},
		"firstperson_righthand": {
			"rotation": [5, 90, 0],
			"translation": [0.5, 11.5, 0.75],
			"scale": [2.75, 2.75, 2.5]
		},
		"firstperson_lefthand": {
			"rotation": [0, 90, 0],
			"translation": [1, 12.25, 1.5],
			"scale": [2.75, 2.75, 2.5]
		},
		"ground": {
			"translation": [0, 17.5, 0],
			"scale": [3.25, 3.25, 3]
		},
		"gui": {
			"rotation": [0, 0, -42],
			"translation": [2.75, 2.75, 0],
			"scale": [3, 3, 1]
		},
		"fixed": {
			"rotation": [0, 0, 43],
			"translation": [-3.5, 4.75, -0.25],
			"scale": [4, 4, 3.75]
		}
	},
	"groups": [
		{
			"name": "ashurasblade",
			"origin": [8, 8, 8],
			"color": 0,
			"children": [0, 1, 2, 3, 4, 5, 6, 7, 8, 9, 10, 11, 12, 13, 14, 15, 16, 17, 18, 19, 20, 21, 22, 23, 24, 25]
		}
	]
}