{
	"credit": "Made with Blockbench",
	"textures": {
		"1": "item/diamond_sword/lichblade",
		"2": "item/diamond_sword/lichblade_eyes",
		"3": "item/diamond_sword/lichblade_edge",
		"4": "item/diamond_sword/lichblade_skull",
		"5": "item/diamond_sword/lichblade_aura",
		"particle": "item/diamond_sword/lichblade"
	},
	"elements": [
		{
			"name": "lb2_0",
			"from": [7.875, 13.875, 8],
			"to": [8, 14.625, 8.125],
			"rotation": {"angle": 0, "axis": "y", "origin": [0, 0, 8]},
			"faces": {
				"north": {"uv": [8, 1.375, 7.875, 2.125], "texture": "#1"},
				"east": {"uv": [7.875, 1.375, 8, 2.125], "texture": "#1"},
				"south": {"uv": [7.875, 1.375, 8, 2.125], "texture": "#1"},
				"west": {"uv": [7.875, 1.375, 8, 2.125], "texture": "#1"},
				"up": {"uv": [7.875, 1.375, 8, 1.5], "texture": "#1"}
			}
		},
		{
			"name": "lb2_1",
			"from": [7.75, 13.625, 8],
			"to": [7.875, 14.125, 8.125],
			"rotation": {"angle": 0, "axis": "y", "origin": [0, 0, 8]},
			"faces": {
				"north": {"uv": [7.875, 1.875, 7.75, 2.375], "texture": "#1"},
				"south": {"uv": [7.75, 1.875, 7.875, 2.375], "texture": "#1"},
				"west": {"uv": [7.75, 1.875, 7.875, 2.375], "texture": "#1"},
				"up": {"uv": [7.75, 1.875, 7.875, 2], "texture": "#1"}
			}
		},
		{
			"name": "lb2_2",
			"from": [8, 13.625, 8],
			"to": [8.125, 14.125, 8.125],
			"rotation": {"angle": 0, "axis": "y", "origin": [0, 0, 8]},
			"faces": {
				"north": {"uv": [8.125, 1.875, 8, 2.375], "texture": "#1"},
				"east": {"uv": [8, 1.875, 8.125, 2.375], "texture": "#1"},
				"south": {"uv": [8, 1.875, 8.125, 2.375], "texture": "#1"},
				"up": {"uv": [8, 1.875, 8.125, 2], "texture": "#1"}
			}
		},
		{
			"name": "lb2_3",
			"from": [7.625, 13.125, 8],
			"to": [7.75, 13.625, 8.125],
			"rotation": {"angle": 0, "axis": "y", "origin": [0, 0, 8]},
			"faces": {
				"north": {"uv": [7.75, 2.375, 7.625, 2.875], "texture": "#1"},
				"south": {"uv": [7.625, 2.375, 7.75, 2.875], "texture": "#1"},
				"west": {"uv": [7.625, 2.375, 7.75, 2.875], "texture": "#1"},
				"up": {"uv": [7.625, 2.375, 7.75, 2.5], "texture": "#1"}
			}
		},
		{
			"name": "lb2_4",
			"from": [8.125, 13.125, 8],
			"to": [8.25, 13.625, 8.125],
			"rotation": {"angle": 0, "axis": "y", "origin": [0, 0, 8]},
			"faces": {
				"north": {"uv": [8.25, 2.375, 8.125, 2.875], "texture": "#1"},
				"east": {"uv": [8.125, 2.375, 8.25, 2.875], "texture": "#1"},
				"south": {"uv": [8.125, 2.375, 8.25, 2.875], "texture": "#1"},
				"up": {"uv": [8.125, 2.375, 8.25, 2.5], "texture": "#1"}
			}
		},
		{
			"name": "lb2_5",
			"from": [7.5, 12.625, 8],
			"to": [7.625, 13.125, 8.125],
			"rotation": {"angle": 0, "axis": "y", "origin": [0, 0, 8]},
			"faces": {
				"north": {"uv": [7.625, 2.875, 7.5, 3.375], "texture": "#1"},
				"south": {"uv": [7.5, 2.875, 7.625, 3.375], "texture": "#1"},
				"west": {"uv": [7.5, 2.875, 7.625, 3.375], "texture": "#1"},
				"up": {"uv": [7.5, 2.875, 7.625, 3], "texture": "#1"}
			}
		},
		{
			"name": "lb2_6",
			"from": [8.25, 12.625, 8],
			"to": [8.375, 13.125, 8.125],
			"rotation": {"angle": 0, "axis": "y", "origin": [0, 0, 8]},
			"faces": {
				"north": {"uv": [8.375, 2.875, 8.25, 3.375], "texture": "#1"},
				"east": {"uv": [8.25, 2.875, 8.375, 3.375], "texture": "#1"},
				"south": {"uv": [8.25, 2.875, 8.375, 3.375], "texture": "#1"},
				"up": {"uv": [8.25, 2.875, 8.375, 3], "texture": "#1"}
			}
		},
		{
			"name": "lb2_7",
			"from": [7.375, 11.75, 8],
			"to": [7.5, 12.625, 8.125],
			"rotation": {"angle": 0, "axis": "y", "origin": [0, 0, 8]},
			"faces": {
				"north": {"uv": [7.5, 3.375, 7.375, 4.25], "texture": "#1"},
				"south": {"uv": [7.375, 3.375, 7.5, 4.25], "texture": "#1"},
				"west": {"uv": [7.375, 3.375, 7.5, 4.25], "texture": "#1"},
				"up": {"uv": [7.375, 3.375, 7.5, 3.5], "texture": "#1"}
			}
		},
		{
			"name": "lb2_8",
			"from": [8.375, 11.75, 8],
			"to": [8.5, 12.625, 8.125],
			"rotation": {"angle": 0, "axis": "y", "origin": [0, 0, 8]},
			"faces": {
				"north": {"uv": [8.5, 3.375, 8.375, 4.25], "texture": "#1"},
				"east": {"uv": [8.375, 3.375, 8.5, 4.25], "texture": "#1"},
				"south": {"uv": [8.375, 3.375, 8.5, 4.25], "texture": "#1"},
				"up": {"uv": [8.375, 3.375, 8.5, 3.5], "texture": "#1"}
			}
		},
		{
			"name": "lb2_9",
			"from": [7.25, 11.5, 8],
			"to": [7.375, 11.75, 8.125],
			"rotation": {"angle": 0, "axis": "y", "origin": [0, 0, 8]},
			"faces": {
				"north": {"uv": [7.375, 4.25, 7.25, 4.5], "texture": "#1"},
				"south": {"uv": [7.25, 4.25, 7.375, 4.5], "texture": "#1"},
				"west": {"uv": [7.25, 4.25, 7.375, 4.5], "texture": "#1"},
				"up": {"uv": [7.25, 4.25, 7.375, 4.375], "texture": "#1"},
				"down": {"uv": [7.25, 4.375, 7.375, 4.5], "texture": "#1"}
			}
		},
		{
			"name": "lb2_10",
			"from": [8.5, 11.5, 8],
			"to": [8.625, 11.75, 8.125],
			"rotation": {"angle": 0, "axis": "y", "origin": [0, 0, 8]},
			"faces": {
				"north": {"uv": [8.625, 4.25, 8.5, 4.5], "texture": "#1"},
				"east": {"uv": [8.5, 4.25, 8.625, 4.5], "texture": "#1"},
				"south": {"uv": [8.5, 4.25, 8.625, 4.5], "texture": "#1"},
				"up": {"uv": [8.5, 4.25, 8.625, 4.375], "texture": "#1"},
				"down": {"uv": [8.5, 4.375, 8.625, 4.5], "texture": "#1"}
			}
		},
		{
			"name": "lb2_11",
			"from": [7.375, 11.375, 8],
			"to": [7.5, 11.5, 8.125],
			"rotation": {"angle": 0, "axis": "y", "origin": [0, 0, 8]},
			"faces": {
				"north": {"uv": [7.5, 4.5, 7.375, 4.625], "texture": "#1"},
				"south": {"uv": [7.375, 4.5, 7.5, 4.625], "texture": "#1"},
				"west": {"uv": [7.375, 4.5, 7.5, 4.625], "texture": "#1"},
				"down": {"uv": [7.375, 4.5, 7.5, 4.625], "texture": "#1"}
			}
		},
		{
			"name": "lb2_12",
			"from": [8.375, 11.375, 8],
			"to": [8.5, 11.5, 8.125],
			"rotation": {"angle": 0, "axis": "y", "origin": [0, 0, 8]},
			"faces": {
				"north": {"uv": [8.5, 4.5, 8.375, 4.625], "texture": "#1"},
				"east": {"uv": [8.375, 4.5, 8.5, 4.625], "texture": "#1"},
				"south": {"uv": [8.375, 4.5, 8.5, 4.625], "texture": "#1"},
				"down": {"uv": [8.375, 4.5, 8.5, 4.625], "texture": "#1"}
			}
		},
		{
			"name": "lb2_13",
			"from": [7.5, 11.125, 8],
			"to": [7.625, 11.375, 8.125],
			"rotation": {"angle": 0, "axis": "y", "origin": [0, 0, 8]},
			"faces": {
				"north": {"uv": [7.625, 4.625, 7.5, 4.875], "texture": "#1"},
				"south": {"uv": [7.5, 4.625, 7.625, 4.875], "texture": "#1"},
				"west": {"uv": [7.5, 4.625, 7.625, 4.875], "texture": "#1"}
			}
		},
		{
			"name": "lb2_14",
			"from": [8.25, 11.125, 8],
			"to": [8.375, 11.375, 8.125],
			"rotation": {"angle": 0, "axis": "y", "origin": [0, 0, 8]},
			"faces": {
				"north": {"uv": [8.375, 4.625, 8.25, 4.875], "texture": "#1"},
				"east": {"uv": [8.25, 4.625, 8.375, 4.875], "texture": "#1"},
				"south": {"uv": [8.25, 4.625, 8.375, 4.875], "texture": "#1"}
			}
		},
		{
			"name": "lb2_15",
			"from": [7.375, 8.125, 8],
			"to": [7.5, 11.125, 8.125],
			"rotation": {"angle": 0, "axis": "y", "origin": [0, 0, 8]},
			"faces": {
				"north": {"uv": [7.5, 4.875, 7.375, 7.875], "texture": "#1"},
				"south": {"uv": [7.375, 4.875, 7.5, 7.875], "texture": "#1"},
				"west": {"uv": [7.375, 4.875, 7.5, 7.875], "texture": "#1"},
				"up": {"uv": [7.375, 4.875, 7.5, 5], "texture": "#1"},
				"down": {"uv": [7.375, 7.75, 7.5, 7.875], "texture": "#1"}
			}
		},
		{
			"name": "lb2_16",
			"from": [8.375, 8.125, 8],
			"to": [8.5, 11.125, 8.125],
			"rotation": {"angle": 0, "axis": "y", "origin": [0, 0, 8]},
			"faces": {
				"north": {"uv": [8.5, 4.875, 8.375, 7.875], "texture": "#1"},
				"east": {"uv": [8.375, 4.875, 8.5, 7.875], "texture": "#1"},
				"south": {"uv": [8.375, 4.875, 8.5, 7.875], "texture": "#1"},
				"up": {"uv": [8.375, 4.875, 8.5, 5], "texture": "#1"},
				"down": {"uv": [8.375, 7.75, 8.5, 7.875], "texture": "#1"}
			}
		},
		{
			"name": "lb2_17",
			"from": [7.5, 8, 8],
			"to": [7.625, 8.125, 8.125],
			"rotation": {"angle": 0, "axis": "y", "origin": [0, 0, 8]},
			"faces": {
				"north": {"uv": [7.625, 7.875, 7.5, 8], "texture": "#1"},
				"south": {"uv": [7.5, 7.875, 7.625, 8], "texture": "#1"},
				"west": {"uv": [7.5, 7.875, 7.625, 8], "texture": "#1"}
			}
		},
		{
			"name": "lb2_18",
			"from": [8.25, 8, 8],
			"to": [8.375, 8.125, 8.125],
			"rotation": {"angle": 0, "axis": "y", "origin": [0, 0, 8]},
			"faces": {
				"north": {"uv": [8.375, 7.875, 8.25, 8], "texture": "#1"},
				"east": {"uv": [8.25, 7.875, 8.375, 8], "texture": "#1"},
				"south": {"uv": [8.25, 7.875, 8.375, 8], "texture": "#1"}
			}
		},
		{
			"name": "lb2_19",
			"from": [7.375, 7.5, 8],
			"to": [7.5, 8, 8.125],
			"rotation": {"angle": 0, "axis": "y", "origin": [0, 0, 8]},
			"faces": {
				"north": {"uv": [7.5, 8, 7.375, 8.5], "texture": "#1"},
				"south": {"uv": [7.375, 8, 7.5, 8.5], "texture": "#1"},
				"west": {"uv": [7.375, 8, 7.5, 8.5], "texture": "#1"},
				"up": {"uv": [7.375, 8, 7.5, 8.125], "texture": "#1"}
			}
		},
		{
			"name": "lb2_20",
			"from": [8.375, 7.5, 8],
			"to": [8.5, 8, 8.125],
			"rotation": {"angle": 0, "axis": "y", "origin": [0, 0, 8]},
			"faces": {
				"north": {"uv": [8.5, 8, 8.375, 8.5], "texture": "#1"},
				"east": {"uv": [8.375, 8, 8.5, 8.5], "texture": "#1"},
				"south": {"uv": [8.375, 8, 8.5, 8.5], "texture": "#1"},
				"up": {"uv": [8.375, 8, 8.5, 8.125], "texture": "#1"}
			}
		},
		{
			"name": "lb2_21",
			"from": [7.25, 6.75, 8],
			"to": [7.375, 7.5, 8.125],
			"rotation": {"angle": 0, "axis": "y", "origin": [0, 0, 8]},
			"faces": {
				"north": {"uv": [7.375, 8.5, 7.25, 9.25], "texture": "#1"},
				"south": {"uv": [7.25, 8.5, 7.375, 9.25], "texture": "#1"},
				"west": {"uv": [7.25, 8.5, 7.375, 9.25], "texture": "#1"},
				"up": {"uv": [7.25, 8.5, 7.375, 8.625], "texture": "#1"}
			}
		},
		{
			"name": "lb2_22",
			"from": [8.5, 6.75, 8],
			"to": [8.625, 7.5, 8.125],
			"rotation": {"angle": 0, "axis": "y", "origin": [0, 0, 8]},
			"faces": {
				"north": {"uv": [8.625, 8.5, 8.5, 9.25], "texture": "#1"},
				"east": {"uv": [8.5, 8.5, 8.625, 9.25], "texture": "#1"},
				"south": {"uv": [8.5, 8.5, 8.625, 9.25], "texture": "#1"},
				"up": {"uv": [8.5, 8.5, 8.625, 8.625], "texture": "#1"}
			}
		},
		{
			"name": "lb2_23",
			"from": [7.125, 5.125, 7.85],
			"to": [7.25, 6, 8.275],
			"rotation": {"angle": 0, "axis": "y", "origin": [0, 0, 8]},
			"faces": {
				"north": {"uv": [7.25, 10, 7.125, 10.875], "texture": "#1"},
				"south": {"uv": [7.125, 10, 7.25, 10.875], "texture": "#1"},
				"west": {"uv": [7.125, 10, 7.25, 10.875], "texture": "#1"},
				"up": {"uv": [7.125, 10, 7.25, 10.125], "texture": "#1"},
				"down": {"uv": [7.125, 10.75, 7.25, 10.875], "texture": "#1"}
			}
		},
		{
			"name": "lb2_24",
			"from": [8.625, 5.125, 7.85],
			"to": [8.75, 6, 8.275],
			"rotation": {"angle": 0, "axis": "y", "origin": [0, 0, 8]},
			"faces": {
				"north": {"uv": [8.75, 10, 8.625, 10.875], "texture": "#1"},
				"east": {"uv": [8.625, 10, 8.75, 10.875], "texture": "#1"},
				"south": {"uv": [8.625, 10, 8.75, 10.875], "texture": "#1"},
				"up": {"uv": [8.625, 10, 8.75, 10.125], "texture": "#1"},
				"down": {"uv": [8.625, 10.75, 8.75, 10.875], "texture": "#1"}
			}
		},
		{
			"name": "lb2_25",
			"from": [7, 5.25, 7.85],
			"to": [7.125, 5.75, 8.275],
			"rotation": {"angle": 0, "axis": "y", "origin": [0, 0, 8]},
			"faces": {
				"north": {"uv": [7.125, 10.25, 7, 10.75], "texture": "#1"},
				"south": {"uv": [7, 10.25, 7.125, 10.75], "texture": "#1"},
				"west": {"uv": [7, 10.25, 7.125, 10.75], "texture": "#1"},
				"up": {"uv": [7, 10.25, 7.125, 10.375], "texture": "#1"},
				"down": {"uv": [7, 10.625, 7.125, 10.75], "texture": "#1"}
			}
		},
		{
			"name": "lb2_28",
			"from": [8.75, 5.25, 7.85],
			"to": [8.875, 5.75, 8.275],
			"rotation": {"angle": 0, "axis": "y", "origin": [0, 0, 8]},
			"faces": {
				"north": {"uv": [8.875, 10.25, 8.75, 10.75], "texture": "#1"},
				"east": {"uv": [8.75, 10.25, 8.875, 10.75], "texture": "#1"},
				"south": {"uv": [8.75, 10.25, 8.875, 10.75], "texture": "#1"},
				"up": {"uv": [8.75, 10.25, 8.875, 10.375], "texture": "#1"},
				"down": {"uv": [8.75, 10.625, 8.875, 10.75], "texture": "#1"}
			}
		},
		{
			"name": "lb2_29",
			"from": [6.75, 5.5, 7.85],
			"to": [7, 5.625, 8.275],
			"rotation": {"angle": 0, "axis": "y", "origin": [0, 0, 8]},
			"faces": {
				"north": {"uv": [7, 10.375, 6.75, 10.5], "texture": "#1"},
				"south": {"uv": [6.75, 10.375, 7, 10.5], "texture": "#1"},
				"west": {"uv": [6.75, 10.375, 6.875, 10.5], "texture": "#1"},
				"up": {"uv": [6.75, 10.375, 7, 10.5], "texture": "#1"},
				"down": {"uv": [6.75, 10.375, 7, 10.5], "texture": "#1"}
			}
		},
		{
			"name": "lb2_32",
			"from": [8.875, 5.5, 7.85],
			"to": [9.125, 5.625, 8.275],
			"rotation": {"angle": 0, "axis": "y", "origin": [0, 0, 8]},
			"faces": {
				"north": {"uv": [9.125, 10.375, 8.875, 10.5], "texture": "#1"},
				"east": {"uv": [9, 10.375, 9.125, 10.5], "texture": "#1"},
				"south": {"uv": [8.875, 10.375, 9.125, 10.5], "texture": "#1"},
				"up": {"uv": [8.875, 10.375, 9.125, 10.5], "texture": "#1"},
				"down": {"uv": [8.875, 10.375, 9.125, 10.5], "texture": "#1"}
			}
		},
		{
			"name": "lb2_33",
			"from": [6.875, 5.375, 7.85],
			"to": [7, 5.5, 8.275],
			"rotation": {"angle": 0, "axis": "y", "origin": [0, 0, 8]},
			"faces": {
				"north": {"uv": [7, 10.5, 6.875, 10.625], "texture": "#1"},
				"south": {"uv": [6.875, 10.5, 7, 10.625], "texture": "#1"},
				"west": {"uv": [6.875, 10.5, 7, 10.625], "texture": "#1"},
				"down": {"uv": [6.875, 10.5, 7, 10.625], "texture": "#1"}
			}
		},
		{
			"name": "lb2_36",
			"from": [8.875, 5.375, 7.85],
			"to": [9, 5.5, 8.275],
			"rotation": {"angle": 0, "axis": "y", "origin": [0, 0, 8]},
			"faces": {
				"north": {"uv": [9, 10.5, 8.875, 10.625], "texture": "#1"},
				"east": {"uv": [8.875, 10.5, 9, 10.625], "texture": "#1"},
				"south": {"uv": [8.875, 10.5, 9, 10.625], "texture": "#1"},
				"down": {"uv": [8.875, 10.5, 9, 10.625], "texture": "#1"}
			}
		},
		{
			"name": "lb2_37",
			"from": [7.75, 3.625, 7.9],
			"to": [8.125, 4.875, 8.225],
			"rotation": {"angle": 0, "axis": "y", "origin": [0, 0, 8]},
			"faces": {
				"north": {"uv": [8.125, 11.125, 7.75, 12.375], "texture": "#1"},
				"east": {"uv": [8, 11.125, 8.125, 12.375], "texture": "#1"},
				"south": {"uv": [7.75, 11.125, 8.125, 12.375], "texture": "#1"},
				"west": {"uv": [7.75, 11.125, 7.875, 12.375], "texture": "#1"}
			}
		},
		{
			"name": "lb2_38",
			"from": [7.75, 2.25, 7.9],
			"to": [8.125, 3.375, 8.225],
			"rotation": {"angle": 0, "axis": "y", "origin": [0, 0, 8]},
			"faces": {
				"north": {"uv": [8.125, 12.625, 7.75, 13.75], "texture": "#1"},
				"east": {"uv": [8, 12.625, 8.125, 13.75], "texture": "#1"},
				"south": {"uv": [7.75, 12.625, 8.125, 13.75], "texture": "#1"},
				"west": {"uv": [7.75, 12.625, 7.875, 13.75], "texture": "#1"}
			}
		},
		{
			"name": "lb2_39",
			"from": [7.5, 1.75, 7.75],
			"to": [8.375, 2, 8.375],
			"rotation": {"angle": 0, "axis": "y", "origin": [0, 0, 8]},
			"faces": {
				"north": {"uv": [8.375, 14, 7.5, 14.25], "texture": "#1"},
				"east": {"uv": [8.25, 14, 8.375, 14.25], "texture": "#1"},
				"south": {"uv": [7.5, 14, 8.375, 14.25], "texture": "#1"},
				"west": {"uv": [7.5, 14, 7.625, 14.25], "texture": "#1"},
				"up": {"uv": [7.5, 14, 8.375, 14.125], "texture": "#1"},
				"down": {"uv": [7.5, 14.125, 8.375, 14.25], "texture": "#1"}
			}
		},
		{
			"name": "lb2_40",
			"from": [7.5, 1.5, 7.8],
			"to": [8.375, 1.625, 8.325],
			"rotation": {"angle": 0, "axis": "y", "origin": [0, 0, 8]},
			"faces": {
				"north": {"uv": [8.375, 14.375, 7.5, 14.5], "texture": "#1"},
				"east": {"uv": [8.25, 14.375, 8.375, 14.5], "texture": "#1"},
				"south": {"uv": [7.5, 14.375, 8.375, 14.5], "texture": "#1"},
				"west": {"uv": [7.5, 14.375, 7.625, 14.5], "texture": "#1"},
				"up": {"uv": [7.5, 14.375, 8.375, 14.5], "texture": "#1"},
				"down": {"uv": [7.5, 14.375, 8.375, 14.5], "texture": "#1"}
			}
		},
		{
			"name": "lb2_41",
			"from": [7.75, 1, 7.9],
			"to": [8.125, 1.25, 8.225],
			"rotation": {"angle": 0, "axis": "y", "origin": [0, 0, 8]},
			"faces": {
				"north": {"uv": [8.125, 14.75, 7.75, 15], "texture": "#1"},
				"east": {"uv": [8, 14.75, 8.125, 15], "texture": "#1"},
				"south": {"uv": [7.75, 14.75, 8.125, 15], "texture": "#1"},
				"west": {"uv": [7.75, 14.75, 7.875, 15], "texture": "#1"},
				"down": {"uv": [7.75, 14.875, 8.125, 15], "texture": "#1"}
			}
		},
		{
			"name": "lb4_0",
			"from": [7.875, 6.25, 7.9],
			"to": [8, 11.625, 8.225],
			"rotation": {"angle": 0, "axis": "y", "origin": [0, 0, 8]},
			"faces": {
				"north": {"uv": [8, 4.375, 7.875, 9.75], "texture": "#1"},
				"east": {"uv": [7.875, 4.375, 8, 9.75], "texture": "#1"},
				"south": {"uv": [7.875, 4.375, 8, 9.75], "texture": "#1"},
				"west": {"uv": [7.875, 4.375, 8, 9.75], "texture": "#1"},
				"up": {"uv": [7.875, 4.375, 8, 4.5], "texture": "#1"}
			}
		},
		{
			"name": "lb4_1",
			"from": [7.75, 6.375, 7.9],
			"to": [7.875, 11.125, 8.225],
			"rotation": {"angle": 0, "axis": "y", "origin": [0, 0, 8]},
			"faces": {
				"north": {"uv": [7.875, 4.875, 7.75, 9.625], "texture": "#1"},
				"south": {"uv": [7.75, 4.875, 7.875, 9.625], "texture": "#1"},
				"west": {"uv": [7.75, 4.875, 7.875, 9.625], "texture": "#1"},
				"up": {"uv": [7.75, 4.875, 7.875, 5], "texture": "#1"}
			}
		},
		{
			"name": "lb4_2",
			"from": [8, 6.375, 7.9],
			"to": [8.125, 11.125, 8.225],
			"rotation": {"angle": 0, "axis": "y", "origin": [0, 0, 8]},
			"faces": {
				"north": {"uv": [8.125, 4.875, 8, 9.625], "texture": "#1"},
				"east": {"uv": [8, 4.875, 8.125, 9.625], "texture": "#1"},
				"south": {"uv": [8, 4.875, 8.125, 9.625], "texture": "#1"},
				"up": {"uv": [8, 4.875, 8.125, 5], "texture": "#1"}
			}
		},
		{
			"name": "lb4_3",
			"from": [7.625, 10.25, 7.9],
			"to": [7.75, 10.75, 8.225],
			"rotation": {"angle": 0, "axis": "y", "origin": [0, 0, 8]},
			"faces": {
				"north": {"uv": [7.75, 5.25, 7.625, 5.75], "texture": "#1"},
				"south": {"uv": [7.625, 5.25, 7.75, 5.75], "texture": "#1"},
				"west": {"uv": [7.625, 5.25, 7.75, 5.75], "texture": "#1"},
				"up": {"uv": [7.625, 5.25, 7.75, 5.375], "texture": "#1"},
				"down": {"uv": [7.625, 5.625, 7.75, 5.75], "texture": "#1"}
			}
		},
		{
			"name": "lb4_4",
			"from": [8.125, 10.25, 7.9],
			"to": [8.25, 10.75, 8.225],
			"rotation": {"angle": 0, "axis": "y", "origin": [0, 0, 8]},
			"faces": {
				"north": {"uv": [8.25, 5.25, 8.125, 5.75], "texture": "#1"},
				"east": {"uv": [8.125, 5.25, 8.25, 5.75], "texture": "#1"},
				"south": {"uv": [8.125, 5.25, 8.25, 5.75], "texture": "#1"},
				"up": {"uv": [8.125, 5.25, 8.25, 5.375], "texture": "#1"},
				"down": {"uv": [8.125, 5.625, 8.25, 5.75], "texture": "#1"}
			}
		},
		{
			"name": "lb4_5",
			"from": [7.625, 6.625, 7.9],
			"to": [7.75, 9.625, 8.225],
			"rotation": {"angle": 0, "axis": "y", "origin": [0, 0, 8]},
			"faces": {
				"north": {"uv": [7.75, 6.375, 7.625, 9.375], "texture": "#1"},
				"south": {"uv": [7.625, 6.375, 7.75, 9.375], "texture": "#1"},
				"west": {"uv": [7.625, 6.375, 7.75, 9.375], "texture": "#1"},
				"up": {"uv": [7.625, 6.375, 7.75, 6.5], "texture": "#1"}
			}
		},
		{
			"name": "lb4_6",
			"from": [8.125, 6.625, 7.9],
			"to": [8.25, 9.625, 8.225],
			"rotation": {"angle": 0, "axis": "y", "origin": [0, 0, 8]},
			"faces": {
				"north": {"uv": [8.25, 6.375, 8.125, 9.375], "texture": "#1"},
				"east": {"uv": [8.125, 6.375, 8.25, 9.375], "texture": "#1"},
				"south": {"uv": [8.125, 6.375, 8.25, 9.375], "texture": "#1"},
				"up": {"uv": [8.125, 6.375, 8.25, 6.5], "texture": "#1"}
			}
		},
		{
			"name": "lb3_0",
			"from": [7.125, 6.375, 7.85],
			"to": [7.25, 7.25, 8.275],
			"rotation": {"angle": 0, "axis": "y", "origin": [0, 0, 8]},
			"faces": {
				"north": {"uv": [7.25, 8.75, 7.125, 9.625], "texture": "#1"},
				"east": {"uv": [7.125, 8.75, 7.25, 9.625], "texture": "#1"},
				"south": {"uv": [7.125, 8.75, 7.25, 9.625], "texture": "#1"},
				"west": {"uv": [7.125, 8.75, 7.25, 9.625], "texture": "#1"},
				"up": {"uv": [7.125, 8.75, 7.25, 8.875], "texture": "#1"},
				"down": {"uv": [7.125, 9.5, 7.25, 9.625], "texture": "#1"}
			}
		},
		{
			"name": "lb3_1",
			"from": [8.625, 6.375, 7.85],
			"to": [8.75, 7.25, 8.275],
			"rotation": {"angle": 0, "axis": "y", "origin": [0, 0, 8]},
			"faces": {
				"north": {"uv": [8.75, 8.75, 8.625, 9.625], "texture": "#1"},
				"east": {"uv": [8.625, 8.75, 8.75, 9.625], "texture": "#1"},
				"south": {"uv": [8.625, 8.75, 8.75, 9.625], "texture": "#1"},
				"west": {"uv": [8.625, 8.75, 8.75, 9.625], "texture": "#1"},
				"up": {"uv": [8.625, 8.75, 8.75, 8.875], "texture": "#1"},
				"down": {"uv": [8.625, 9.5, 8.75, 9.625], "texture": "#1"}
			}
		},
		{
			"name": "lb3_2",
			"from": [7, 6.625, 7.85],
			"to": [7.125, 6.875, 8.275],
			"rotation": {"angle": 0, "axis": "y", "origin": [0, 0, 8]},
			"faces": {
				"north": {"uv": [7.125, 9.125, 7, 9.375], "texture": "#1"},
				"south": {"uv": [7, 9.125, 7.125, 9.375], "texture": "#1"},
				"west": {"uv": [7, 9.125, 7.125, 9.375], "texture": "#1"},
				"up": {"uv": [7, 9.125, 7.125, 9.25], "texture": "#1"},
				"down": {"uv": [7, 9.25, 7.125, 9.375], "texture": "#1"}
			}
		},
		{
			"name": "lb3_3",
			"from": [8.75, 6.625, 7.85],
			"to": [8.875, 6.875, 8.275],
			"rotation": {"angle": 0, "axis": "y", "origin": [0, 0, 8]},
			"faces": {
				"north": {"uv": [8.875, 9.125, 8.75, 9.375], "texture": "#1"},
				"east": {"uv": [8.75, 9.125, 8.875, 9.375], "texture": "#1"},
				"south": {"uv": [8.75, 9.125, 8.875, 9.375], "texture": "#1"},
				"up": {"uv": [8.75, 9.125, 8.875, 9.25], "texture": "#1"},
				"down": {"uv": [8.75, 9.25, 8.875, 9.375], "texture": "#1"}
			}
		},
		{
			"name": "lb3_4",
			"from": [7.25, 6.25, 7.85],
			"to": [7.5, 6.75, 8.275],
			"rotation": {"angle": 0, "axis": "y", "origin": [0, 0, 8]},
			"faces": {
				"north": {"uv": [7.5, 9.25, 7.25, 9.75], "texture": "#1"},
				"east": {"uv": [7.375, 9.25, 7.5, 9.75], "texture": "#1"},
				"south": {"uv": [7.25, 9.25, 7.5, 9.75], "texture": "#1"},
				"west": {"uv": [7.25, 9.25, 7.375, 9.75], "texture": "#1"},
				"up": {"uv": [7.25, 9.25, 7.5, 9.375], "texture": "#1"},
				"down": {"uv": [7.25, 9.625, 7.5, 9.75], "texture": "#1"}
			}
		},
		{
			"name": "lb3_5",
			"from": [8.375, 6.25, 7.85],
			"to": [8.625, 6.75, 8.275],
			"rotation": {"angle": 0, "axis": "y", "origin": [0, 0, 8]},
			"faces": {
				"north": {"uv": [8.625, 9.25, 8.375, 9.75], "texture": "#1"},
				"east": {"uv": [8.5, 9.25, 8.625, 9.75], "texture": "#1"},
				"south": {"uv": [8.375, 9.25, 8.625, 9.75], "texture": "#1"},
				"west": {"uv": [8.375, 9.25, 8.5, 9.75], "texture": "#1"},
				"up": {"uv": [8.375, 9.25, 8.625, 9.375], "texture": "#1"},
				"down": {"uv": [8.375, 9.625, 8.625, 9.75], "texture": "#1"}
			}
		},
		{
			"name": "lb3_6",
			"from": [7.5, 5.875, 7.85],
			"to": [7.75, 6.625, 8.275],
			"rotation": {"angle": 0, "axis": "y", "origin": [0, 0, 8]},
			"faces": {
				"north": {"uv": [7.75, 9.375, 7.5, 10.125], "texture": "#1"},
				"east": {"uv": [7.625, 9.375, 7.75, 10.125], "texture": "#1"},
				"south": {"uv": [7.5, 9.375, 7.75, 10.125], "texture": "#1"},
				"up": {"uv": [7.5, 9.375, 7.75, 9.5], "texture": "#1"}
			}
		},
		{
			"name": "lb3_7",
			"from": [8.125, 5.875, 7.85],
			"to": [8.375, 6.625, 8.275],
			"rotation": {"angle": 0, "axis": "y", "origin": [0, 0, 8]},
			"faces": {
				"north": {"uv": [8.375, 9.375, 8.125, 10.125], "texture": "#1"},
				"south": {"uv": [8.125, 9.375, 8.375, 10.125], "texture": "#1"},
				"west": {"uv": [8.125, 9.375, 8.25, 10.125], "texture": "#1"},
				"up": {"uv": [8.125, 9.375, 8.375, 9.5], "texture": "#1"}
			}
		},
		{
			"name": "lb3_8",
			"from": [7.75, 5.75, 7.85],
			"to": [7.875, 6.375, 8.275],
			"rotation": {"angle": 0, "axis": "y", "origin": [0, 0, 8]},
			"faces": {
				"north": {"uv": [7.875, 9.625, 7.75, 10.25], "texture": "#1"},
				"east": {"uv": [7.75, 9.625, 7.875, 10.25], "texture": "#1"},
				"south": {"uv": [7.75, 9.625, 7.875, 10.25], "texture": "#1"},
				"up": {"uv": [7.75, 9.625, 7.875, 9.75], "texture": "#1"}
			}
		},
		{
			"name": "lb3_9",
			"from": [8, 5.75, 7.85],
			"to": [8.125, 6.375, 8.275],
			"rotation": {"angle": 0, "axis": "y", "origin": [0, 0, 8]},
			"faces": {
				"north": {"uv": [8.125, 9.625, 8, 10.25], "texture": "#1"},
				"south": {"uv": [8, 9.625, 8.125, 10.25], "texture": "#1"},
				"west": {"uv": [8, 9.625, 8.125, 10.25], "texture": "#1"},
				"up": {"uv": [8, 9.625, 8.125, 9.75], "texture": "#1"}
			}
		},
		{
			"name": "lb3_10",
			"from": [7.375, 6, 7.85],
			"to": [7.5, 6.25, 8.275],
			"rotation": {"angle": 0, "axis": "y", "origin": [0, 0, 8]},
			"faces": {
				"north": {"uv": [7.5, 9.75, 7.375, 10], "texture": "#1"},
				"south": {"uv": [7.375, 9.75, 7.5, 10], "texture": "#1"},
				"west": {"uv": [7.375, 9.75, 7.5, 10], "texture": "#1"}
			}
		},
		{
			"name": "lb3_11",
			"from": [7.875, 5.625, 7.85],
			"to": [8, 6.25, 8.275],
			"rotation": {"angle": 0, "axis": "y", "origin": [0, 0, 8]},
			"faces": {
				"north": {"uv": [8, 9.75, 7.875, 10.375], "texture": "#1"},
				"south": {"uv": [7.875, 9.75, 8, 10.375], "texture": "#1"},
				"up": {"uv": [7.875, 9.75, 8, 9.875], "texture": "#1"}
			}
		},
		{
			"name": "lb3_12",
			"from": [8.375, 6, 7.85],
			"to": [8.5, 6.25, 8.275],
			"rotation": {"angle": 0, "axis": "y", "origin": [0, 0, 8]},
			"faces": {
				"north": {"uv": [8.5, 9.75, 8.375, 10], "texture": "#1"},
				"east": {"uv": [8.375, 9.75, 8.5, 10], "texture": "#1"},
				"south": {"uv": [8.375, 9.75, 8.5, 10], "texture": "#1"}
			}
		},
		{
			"name": "lb3_13",
			"from": [6.125, 5.875, 7.9],
			"to": [6.375, 6, 8.225],
			"rotation": {"angle": 0, "axis": "y", "origin": [0, 0, 8]},
			"faces": {
				"north": {"uv": [6.375, 10, 6.125, 10.125], "texture": "#1"},
				"east": {"uv": [6.25, 10, 6.375, 10.125], "texture": "#1"},
				"south": {"uv": [6.125, 10, 6.375, 10.125], "texture": "#1"},
				"west": {"uv": [6.125, 10, 6.25, 10.125], "texture": "#1"},
				"up": {"uv": [6.125, 10, 6.375, 10.125], "texture": "#1"},
				"down": {"uv": [6.125, 10, 6.375, 10.125], "texture": "#1"}
			}
		},
		{
			"name": "lb3_14",
			"from": [9.5, 5.875, 7.9],
			"to": [9.75, 6, 8.225],
			"rotation": {"angle": 0, "axis": "y", "origin": [0, 0, 8]},
			"faces": {
				"north": {"uv": [9.75, 10, 9.5, 10.125], "texture": "#1"},
				"east": {"uv": [9.625, 10, 9.75, 10.125], "texture": "#1"},
				"south": {"uv": [9.5, 10, 9.75, 10.125], "texture": "#1"},
				"west": {"uv": [9.5, 10, 9.625, 10.125], "texture": "#1"},
				"up": {"uv": [9.5, 10, 9.75, 10.125], "texture": "#1"},
				"down": {"uv": [9.5, 10, 9.75, 10.125], "texture": "#1"}
			}
		},
		{
			"name": "lb3_15",
			"from": [6.125, 5.375, 7.9],
			"to": [6.25, 5.875, 8.225],
			"rotation": {"angle": 0, "axis": "y", "origin": [0, 0, 8]},
			"faces": {
				"north": {"uv": [6.25, 10.125, 6.125, 10.625], "texture": "#1"},
				"east": {"uv": [6.125, 10.125, 6.25, 10.625], "texture": "#1"},
				"south": {"uv": [6.125, 10.125, 6.25, 10.625], "texture": "#1"},
				"west": {"uv": [6.125, 10.125, 6.25, 10.625], "texture": "#1"},
				"down": {"uv": [6.125, 10.5, 6.25, 10.625], "texture": "#1"}
			}
		},
		{
			"name": "lb3_16",
			"from": [9.625, 5.375, 7.9],
			"to": [9.75, 5.875, 8.225],
			"rotation": {"angle": 0, "axis": "y", "origin": [0, 0, 8]},
			"faces": {
				"north": {"uv": [9.75, 10.125, 9.625, 10.625], "texture": "#1"},
				"east": {"uv": [9.625, 10.125, 9.75, 10.625], "texture": "#1"},
				"south": {"uv": [9.625, 10.125, 9.75, 10.625], "texture": "#1"},
				"west": {"uv": [9.625, 10.125, 9.75, 10.625], "texture": "#1"},
				"down": {"uv": [9.625, 10.5, 9.75, 10.625], "texture": "#1"}
			}
		},
		{
			"name": "lb3_17",
			"from": [6.25, 5.25, 7.9],
			"to": [6.375, 5.75, 8.225],
			"rotation": {"angle": 0, "axis": "y", "origin": [0, 0, 8]},
			"faces": {
				"north": {"uv": [6.375, 10.25, 6.25, 10.75], "texture": "#1"},
				"east": {"uv": [6.25, 10.25, 6.375, 10.75], "texture": "#1"},
				"south": {"uv": [6.25, 10.25, 6.375, 10.75], "texture": "#1"},
				"west": {"uv": [6.25, 10.25, 6.375, 10.75], "texture": "#1"},
				"up": {"uv": [6.25, 10.25, 6.375, 10.375], "texture": "#1"},
				"down": {"uv": [6.25, 10.625, 6.375, 10.75], "texture": "#1"}
			}
		},
		{
			"name": "lb3_18",
			"from": [9.5, 5.25, 7.9],
			"to": [9.625, 5.75, 8.225],
			"rotation": {"angle": 0, "axis": "y", "origin": [0, 0, 8]},
			"faces": {
				"north": {"uv": [9.625, 10.25, 9.5, 10.75], "texture": "#1"},
				"east": {"uv": [9.5, 10.25, 9.625, 10.75], "texture": "#1"},
				"south": {"uv": [9.5, 10.25, 9.625, 10.75], "texture": "#1"},
				"west": {"uv": [9.5, 10.25, 9.625, 10.75], "texture": "#1"},
				"up": {"uv": [9.5, 10.25, 9.625, 10.375], "texture": "#1"},
				"down": {"uv": [9.5, 10.625, 9.625, 10.75], "texture": "#1"}
			}
		},
		{
			"name": "lb3_19",
			"from": [6.375, 5.125, 7.9],
			"to": [6.5, 5.625, 8.225],
			"rotation": {"angle": 0, "axis": "y", "origin": [0, 0, 8]},
			"faces": {
				"north": {"uv": [6.5, 10.375, 6.375, 10.875], "texture": "#1"},
				"east": {"uv": [6.375, 10.375, 6.5, 10.875], "texture": "#1"},
				"south": {"uv": [6.375, 10.375, 6.5, 10.875], "texture": "#1"},
				"west": {"uv": [6.375, 10.375, 6.5, 10.875], "texture": "#1"},
				"up": {"uv": [6.375, 10.375, 6.5, 10.5], "texture": "#1"},
				"down": {"uv": [6.375, 10.75, 6.5, 10.875], "texture": "#1"}
			}
		},
		{
			"name": "lb3_20",
			"from": [9.375, 5.125, 7.9],
			"to": [9.5, 5.625, 8.225],
			"rotation": {"angle": 0, "axis": "y", "origin": [0, 0, 8]},
			"faces": {
				"north": {"uv": [9.5, 10.375, 9.375, 10.875], "texture": "#1"},
				"east": {"uv": [9.375, 10.375, 9.5, 10.875], "texture": "#1"},
				"south": {"uv": [9.375, 10.375, 9.5, 10.875], "texture": "#1"},
				"west": {"uv": [9.375, 10.375, 9.5, 10.875], "texture": "#1"},
				"up": {"uv": [9.375, 10.375, 9.5, 10.5], "texture": "#1"},
				"down": {"uv": [9.375, 10.75, 9.5, 10.875], "texture": "#1"}
			}
		},
		{
			"name": "lb3_21",
			"from": [6.5, 5, 7.9],
			"to": [6.875, 5.5, 8.225],
			"rotation": {"angle": 0, "axis": "y", "origin": [0, 0, 8]},
			"faces": {
				"north": {"uv": [6.875, 10.5, 6.5, 11], "texture": "#1"},
				"south": {"uv": [6.5, 10.5, 6.875, 11], "texture": "#1"},
				"west": {"uv": [6.5, 10.5, 6.625, 11], "texture": "#1"},
				"up": {"uv": [6.5, 10.5, 6.875, 10.625], "texture": "#1"},
				"down": {"uv": [6.5, 10.875, 6.875, 11], "texture": "#1"}
			}
		},
		{
			"name": "lb3_22",
			"from": [9, 5, 7.9],
			"to": [9.375, 5.5, 8.225],
			"rotation": {"angle": 0, "axis": "y", "origin": [0, 0, 8]},
			"faces": {
				"north": {"uv": [9.375, 10.5, 9, 11], "texture": "#1"},
				"east": {"uv": [9.25, 10.5, 9.375, 11], "texture": "#1"},
				"south": {"uv": [9, 10.5, 9.375, 11], "texture": "#1"},
				"up": {"uv": [9, 10.5, 9.375, 10.625], "texture": "#1"},
				"down": {"uv": [9, 10.875, 9.375, 11], "texture": "#1"}
			}
		},
		{
			"name": "lb3_23",
			"from": [6.875, 5, 7.9],
			"to": [7, 5.375, 8.225],
			"rotation": {"angle": 0, "axis": "y", "origin": [0, 0, 8]},
			"faces": {
				"north": {"uv": [7, 10.625, 6.875, 11], "texture": "#1"},
				"east": {"uv": [6.875, 10.625, 7, 11], "texture": "#1"},
				"south": {"uv": [6.875, 10.625, 7, 11], "texture": "#1"},
				"down": {"uv": [6.875, 10.875, 7, 11], "texture": "#1"}
			}
		},
		{
			"name": "lb3_24",
			"from": [8.875, 5, 7.9],
			"to": [9, 5.375, 8.225],
			"rotation": {"angle": 0, "axis": "y", "origin": [0, 0, 8]},
			"faces": {
				"north": {"uv": [9, 10.625, 8.875, 11], "texture": "#1"},
				"south": {"uv": [8.875, 10.625, 9, 11], "texture": "#1"},
				"west": {"uv": [8.875, 10.625, 9, 11], "texture": "#1"},
				"down": {"uv": [8.875, 10.875, 9, 11], "texture": "#1"}
			}
		},
		{
			"name": "lb3_25",
			"from": [7, 5.125, 7.9],
			"to": [7.125, 5.25, 8.225],
			"rotation": {"angle": 0, "axis": "y", "origin": [0, 0, 8]},
			"faces": {
				"north": {"uv": [7.125, 10.75, 7, 10.875], "texture": "#1"},
				"south": {"uv": [7, 10.75, 7.125, 10.875], "texture": "#1"},
				"down": {"uv": [7, 10.75, 7.125, 10.875], "texture": "#1"}
			}
		},
		{
			"name": "lb3_26",
			"from": [8.75, 5.125, 7.9],
			"to": [8.875, 5.25, 8.225],
			"rotation": {"angle": 0, "axis": "y", "origin": [0, 0, 8]},
			"faces": {
				"north": {"uv": [8.875, 10.75, 8.75, 10.875], "texture": "#1"},
				"south": {"uv": [8.75, 10.75, 8.875, 10.875], "texture": "#1"},
				"down": {"uv": [8.75, 10.75, 8.875, 10.875], "texture": "#1"}
			}
		},
		{
			"name": "lb1_0",
			"from": [7.875, 11.625, 7.95],
			"to": [8, 14, 8.175],
			"rotation": {"angle": 0, "axis": "y", "origin": [0, 0, 8]},
			"faces": {
				"north": {"uv": [8, 2, 7.875, 4.375], "texture": "#1"},
				"east": {"uv": [7.875, 2, 8, 4.375], "texture": "#1"},
				"south": {"uv": [7.875, 2, 8, 4.375], "texture": "#1"},
				"west": {"uv": [7.875, 2, 8, 4.375], "texture": "#1"},
				"up": {"uv": [7.875, 2, 8, 2.125], "texture": "#1"}
			}
		},
		{
			"name": "lb1_1",
			"from": [7.75, 11.125, 7.95],
			"to": [7.875, 13.625, 8.175],
			"rotation": {"angle": 0, "axis": "y", "origin": [0, 0, 8]},
			"faces": {
				"north": {"uv": [7.875, 2.375, 7.75, 4.875], "texture": "#1"},
				"south": {"uv": [7.75, 2.375, 7.875, 4.875], "texture": "#1"},
				"west": {"uv": [7.75, 2.375, 7.875, 4.875], "texture": "#1"},
				"up": {"uv": [7.75, 2.375, 7.875, 2.5], "texture": "#1"}
			}
		},
		{
			"name": "lb1_2",
			"from": [8, 11.125, 7.95],
			"to": [8.125, 13.625, 8.175],
			"rotation": {"angle": 0, "axis": "y", "origin": [0, 0, 8]},
			"faces": {
				"north": {"uv": [8.125, 2.375, 8, 4.875], "texture": "#1"},
				"east": {"uv": [8, 2.375, 8.125, 4.875], "texture": "#1"},
				"south": {"uv": [8, 2.375, 8.125, 4.875], "texture": "#1"},
				"up": {"uv": [8, 2.375, 8.125, 2.5], "texture": "#1"}
			}
		},
		{
			"name": "lb1_3",
			"from": [7.625, 10.75, 7.95],
			"to": [7.75, 13.125, 8.175],
			"rotation": {"angle": 0, "axis": "y", "origin": [0, 0, 8]},
			"faces": {
				"north": {"uv": [7.75, 2.875, 7.625, 5.25], "texture": "#1"},
				"south": {"uv": [7.625, 2.875, 7.75, 5.25], "texture": "#1"},
				"west": {"uv": [7.625, 2.875, 7.75, 5.25], "texture": "#1"},
				"up": {"uv": [7.625, 2.875, 7.75, 3], "texture": "#1"}
			}
		},
		{
			"name": "lb1_4",
			"from": [8.125, 10.75, 7.95],
			"to": [8.25, 13.125, 8.175],
			"rotation": {"angle": 0, "axis": "y", "origin": [0, 0, 8]},
			"faces": {
				"north": {"uv": [8.25, 2.875, 8.125, 5.25], "texture": "#1"},
				"east": {"uv": [8.125, 2.875, 8.25, 5.25], "texture": "#1"},
				"south": {"uv": [8.125, 2.875, 8.25, 5.25], "texture": "#1"},
				"up": {"uv": [8.125, 2.875, 8.25, 3], "texture": "#1"}
			}
		},
		{
			"name": "lb1_5",
			"from": [7.5, 11.375, 7.95],
			"to": [7.625, 12.625, 8.175],
			"rotation": {"angle": 0, "axis": "y", "origin": [0, 0, 8]},
			"faces": {
				"north": {"uv": [7.625, 3.375, 7.5, 4.625], "texture": "#1"},
				"south": {"uv": [7.5, 3.375, 7.625, 4.625], "texture": "#1"},
				"west": {"uv": [7.5, 3.375, 7.625, 4.625], "texture": "#1"},
				"up": {"uv": [7.5, 3.375, 7.625, 3.5], "texture": "#1"},
				"down": {"uv": [7.5, 4.5, 7.625, 4.625], "texture": "#1"}
			}
		},
		{
			"name": "lb1_6",
			"from": [8.25, 11.375, 7.95],
			"to": [8.375, 12.625, 8.175],
			"rotation": {"angle": 0, "axis": "y", "origin": [0, 0, 8]},
			"faces": {
				"north": {"uv": [8.375, 3.375, 8.25, 4.625], "texture": "#1"},
				"east": {"uv": [8.25, 3.375, 8.375, 4.625], "texture": "#1"},
				"south": {"uv": [8.25, 3.375, 8.375, 4.625], "texture": "#1"},
				"up": {"uv": [8.25, 3.375, 8.375, 3.5], "texture": "#1"},
				"down": {"uv": [8.25, 4.5, 8.375, 4.625], "texture": "#1"}
			}
		},
		{
			"name": "lb1_7",
			"from": [7.375, 11.5, 7.95],
			"to": [7.5, 11.75, 8.175],
			"rotation": {"angle": 0, "axis": "y", "origin": [0, 0, 8]},
			"faces": {
				"north": {"uv": [7.5, 4.25, 7.375, 4.5], "texture": "#1"},
				"south": {"uv": [7.375, 4.25, 7.5, 4.5], "texture": "#1"},
				"west": {"uv": [7.375, 4.25, 7.5, 4.5], "texture": "#1"},
				"up": {"uv": [7.375, 4.25, 7.5, 4.375], "texture": "#1"},
				"down": {"uv": [7.375, 4.375, 7.5, 4.5], "texture": "#1"}
			}
		},
		{
			"name": "lb1_8",
			"from": [8.375, 11.5, 7.95],
			"to": [8.5, 11.75, 8.175],
			"rotation": {"angle": 0, "axis": "y", "origin": [0, 0, 8]},
			"faces": {
				"north": {"uv": [8.5, 4.25, 8.375, 4.5], "texture": "#1"},
				"east": {"uv": [8.375, 4.25, 8.5, 4.5], "texture": "#1"},
				"south": {"uv": [8.375, 4.25, 8.5, 4.5], "texture": "#1"},
				"up": {"uv": [8.375, 4.25, 8.5, 4.375], "texture": "#1"},
				"down": {"uv": [8.375, 4.375, 8.5, 4.5], "texture": "#1"}
			}
		},
		{
			"name": "lb1_9",
			"from": [7.5, 8.125, 7.95],
			"to": [7.625, 11.125, 8.175],
			"rotation": {"angle": 0, "axis": "y", "origin": [0, 0, 8]},
			"faces": {
				"north": {"uv": [7.625, 4.875, 7.5, 7.875], "texture": "#1"},
				"south": {"uv": [7.5, 4.875, 7.625, 7.875], "texture": "#1"},
				"west": {"uv": [7.5, 4.875, 7.625, 7.875], "texture": "#1"},
				"up": {"uv": [7.5, 4.875, 7.625, 5], "texture": "#1"},
				"down": {"uv": [7.5, 7.75, 7.625, 7.875], "texture": "#1"}
			}
		},
		{
			"name": "lb1_10",
			"from": [8.25, 8.125, 7.95],
			"to": [8.375, 11.125, 8.175],
			"rotation": {"angle": 0, "axis": "y", "origin": [0, 0, 8]},
			"faces": {
				"north": {"uv": [8.375, 4.875, 8.25, 7.875], "texture": "#1"},
				"east": {"uv": [8.25, 4.875, 8.375, 7.875], "texture": "#1"},
				"south": {"uv": [8.25, 4.875, 8.375, 7.875], "texture": "#1"},
				"up": {"uv": [8.25, 4.875, 8.375, 5], "texture": "#1"},
				"down": {"uv": [8.25, 7.75, 8.375, 7.875], "texture": "#1"}
			}
		},
		{
			"name": "lb1_11",
			"from": [7.625, 9.625, 7.95],
			"to": [7.75, 10.25, 8.175],
			"rotation": {"angle": 0, "axis": "y", "origin": [0, 0, 8]},
			"faces": {
				"north": {"uv": [7.75, 5.75, 7.625, 6.375], "texture": "#1"},
				"south": {"uv": [7.625, 5.75, 7.75, 6.375], "texture": "#1"}
			}
		},
		{
			"name": "lb1_12",
			"from": [8.125, 9.625, 7.95],
			"to": [8.25, 10.25, 8.175],
			"rotation": {"angle": 0, "axis": "y", "origin": [0, 0, 8]},
			"faces": {
				"north": {"uv": [8.25, 5.75, 8.125, 6.375], "texture": "#1"},
				"south": {"uv": [8.125, 5.75, 8.25, 6.375], "texture": "#1"}
			}
		},
		{
			"name": "lb1_13",
			"from": [7.5, 6.625, 7.95],
			"to": [7.625, 8, 8.175],
			"rotation": {"angle": 0, "axis": "y", "origin": [0, 0, 8]},
			"faces": {
				"north": {"uv": [7.625, 8, 7.5, 9.375], "texture": "#1"},
				"south": {"uv": [7.5, 8, 7.625, 9.375], "texture": "#1"},
				"west": {"uv": [7.5, 8, 7.625, 9.375], "texture": "#1"},
				"up": {"uv": [7.5, 8, 7.625, 8.125], "texture": "#1"}
			}
		},
		{
			"name": "lb1_14",
			"from": [8.25, 6.625, 7.95],
			"to": [8.375, 8, 8.175],
			"rotation": {"angle": 0, "axis": "y", "origin": [0, 0, 8]},
			"faces": {
				"north": {"uv": [8.375, 8, 8.25, 9.375], "texture": "#1"},
				"east": {"uv": [8.25, 8, 8.375, 9.375], "texture": "#1"},
				"south": {"uv": [8.25, 8, 8.375, 9.375], "texture": "#1"},
				"up": {"uv": [8.25, 8, 8.375, 8.125], "texture": "#1"}
			}
		},
		{
			"name": "lb1_15",
			"from": [7.375, 6.75, 7.95],
			"to": [7.5, 7.5, 8.175],
			"rotation": {"angle": 0, "axis": "y", "origin": [0, 0, 8]},
			"faces": {
				"north": {"uv": [7.5, 8.5, 7.375, 9.25], "texture": "#1"},
				"south": {"uv": [7.375, 8.5, 7.5, 9.25], "texture": "#1"},
				"west": {"uv": [7.375, 8.5, 7.5, 9.25], "texture": "#1"},
				"up": {"uv": [7.375, 8.5, 7.5, 8.625], "texture": "#1"}
			}
		},
		{
			"name": "lb1_16",
			"from": [8.375, 6.75, 7.95],
			"to": [8.5, 7.5, 8.175],
			"rotation": {"angle": 0, "axis": "y", "origin": [0, 0, 8]},
			"faces": {
				"north": {"uv": [8.5, 8.5, 8.375, 9.25], "texture": "#1"},
				"east": {"uv": [8.375, 8.5, 8.5, 9.25], "texture": "#1"},
				"south": {"uv": [8.375, 8.5, 8.5, 9.25], "texture": "#1"},
				"up": {"uv": [8.375, 8.5, 8.5, 8.625], "texture": "#1"}
			}
		},
		{
			"name": "lb1_17",
			"from": [7.25, 5.75, 7.9],
			"to": [7.375, 6.25, 8.225],
			"rotation": {"angle": 0, "axis": "y", "origin": [0, 0, 8]},
			"faces": {
				"north": {"uv": [7.375, 9.75, 7.25, 10.25], "texture": "#1"},
				"south": {"uv": [7.25, 9.75, 7.375, 10.25], "texture": "#1"},
				"west": {"uv": [7.25, 9.75, 7.375, 10.25], "texture": "#1"}
			}
		},
		{
			"name": "lb1_18",
			"from": [8.5, 5.75, 7.9],
			"to": [8.625, 6.25, 8.225],
			"rotation": {"angle": 0, "axis": "y", "origin": [0, 0, 8]},
			"faces": {
				"north": {"uv": [8.625, 9.75, 8.5, 10.25], "texture": "#1"},
				"east": {"uv": [8.5, 9.75, 8.625, 10.25], "texture": "#1"},
				"south": {"uv": [8.5, 9.75, 8.625, 10.25], "texture": "#1"}
			}
		},
		{
			"name": "lb1_26",
			"from": [7.625, 5, 7.9],
			"to": [7.75, 5.5, 8.225],
			"rotation": {"angle": 0, "axis": "y", "origin": [0, 0, 8]},
			"faces": {
				"north": {"uv": [7.75, 10.5, 7.625, 11], "texture": "#1"},
				"south": {"uv": [7.625, 10.5, 7.75, 11], "texture": "#1"},
				"down": {"uv": [7.625, 10.875, 7.75, 11], "texture": "#1"}
			}
		},
		{
			"name": "lb1_27",
			"from": [8.125, 5, 7.9],
			"to": [8.25, 5.5, 8.225],
			"rotation": {"angle": 0, "axis": "y", "origin": [0, 0, 8]},
			"faces": {
				"north": {"uv": [8.25, 10.5, 8.125, 11], "texture": "#1"},
				"south": {"uv": [8.125, 10.5, 8.25, 11], "texture": "#1"},
				"down": {"uv": [8.125, 10.875, 8.25, 11], "texture": "#1"}
			}
		},
		{
			"name": "lb1_28",
			"from": [7.5, 5.125, 7.9],
			"to": [7.625, 5.375, 8.225],
			"rotation": {"angle": 0, "axis": "y", "origin": [0, 0, 8]},
			"faces": {
				"north": {"uv": [7.625, 10.625, 7.5, 10.875], "texture": "#1"},
				"south": {"uv": [7.5, 10.625, 7.625, 10.875], "texture": "#1"}
			}
		},
		{
			"name": "lb1_29",
			"from": [8.25, 5.125, 7.9],
			"to": [8.375, 5.375, 8.225],
			"rotation": {"angle": 0, "axis": "y", "origin": [0, 0, 8]},
			"faces": {
				"north": {"uv": [8.375, 10.625, 8.25, 10.875], "texture": "#1"},
				"south": {"uv": [8.25, 10.625, 8.375, 10.875], "texture": "#1"}
			}
		},
		{
			"name": "lb1_30",
			"from": [7.625, 3.375, 7.8],
			"to": [8.25, 3.625, 8.325],
			"rotation": {"angle": 0, "axis": "y", "origin": [0, 0, 8]},
			"faces": {
				"north": {"uv": [8.25, 12.375, 7.625, 12.625], "texture": "#1"},
				"east": {"uv": [8.125, 12.375, 8.25, 12.625], "texture": "#1"},
				"south": {"uv": [7.625, 12.375, 8.25, 12.625], "texture": "#1"},
				"west": {"uv": [7.625, 12.375, 7.75, 12.625], "texture": "#1"},
				"up": {"uv": [7.625, 12.375, 8.25, 12.5], "texture": "#1"},
				"down": {"uv": [7.625, 12.5, 8.25, 12.625], "texture": "#1"}
			}
		},
		{
			"name": "lb1_31",
			"from": [7.625, 2, 7.8],
			"to": [8.25, 2.25, 8.325],
			"rotation": {"angle": 0, "axis": "y", "origin": [0, 0, 8]},
			"faces": {
				"north": {"uv": [8.25, 13.75, 7.625, 14], "texture": "#1"},
				"east": {"uv": [8.125, 13.75, 8.25, 14], "texture": "#1"},
				"south": {"uv": [7.625, 13.75, 8.25, 14], "texture": "#1"},
				"west": {"uv": [7.625, 13.75, 7.75, 14], "texture": "#1"},
				"up": {"uv": [7.625, 13.75, 8.25, 13.875], "texture": "#1"}
			}
		},
		{
			"name": "lb1_32",
			"from": [7.75, 1.625, 7.9],
			"to": [8.125, 1.75, 8.225],
			"rotation": {"angle": 0, "axis": "y", "origin": [0, 0, 8]},
			"faces": {
				"north": {"uv": [8.125, 14.25, 7.75, 14.375], "texture": "#1"},
				"east": {"uv": [8, 14.25, 8.125, 14.375], "texture": "#1"},
				"south": {"uv": [7.75, 14.25, 8.125, 14.375], "texture": "#1"},
				"west": {"uv": [7.75, 14.25, 7.875, 14.375], "texture": "#1"}
			}
		},
		{
			"name": "lb1_33",
			"from": [7.625, 1.25, 7.85],
			"to": [8.25, 1.5, 8.275],
			"rotation": {"angle": 0, "axis": "y", "origin": [0, 0, 8]},
			"faces": {
				"north": {"uv": [8.25, 14.5, 7.625, 14.75], "texture": "#1"},
				"east": {"uv": [8.125, 14.5, 8.25, 14.75], "texture": "#1"},
				"south": {"uv": [7.625, 14.5, 8.25, 14.75], "texture": "#1"},
				"west": {"uv": [7.625, 14.5, 7.75, 14.75], "texture": "#1"},
				"down": {"uv": [7.625, 14.625, 8.25, 14.75], "texture": "#1"}
			}
		},
		{
			"name": "lb1_34",
			"from": [7.875, 0.75, 8],
			"to": [8, 1, 8.125],
			"rotation": {"angle": 0, "axis": "y", "origin": [0, 0, 8]},
			"faces": {
				"north": {"uv": [8, 15, 7.875, 15.25], "texture": "#1"},
				"east": {"uv": [7.875, 15, 8, 15.25], "texture": "#1"},
				"south": {"uv": [7.875, 15, 8, 15.25], "texture": "#1"},
				"west": {"uv": [7.875, 15, 8, 15.25], "texture": "#1"},
				"down": {"uv": [7.875, 15.125, 8, 15.25], "texture": "#1"}
			}
		},
		{
			"name": "lbs1_0",
			"from": [7.625, 5.875, 7.8],
			"to": [8.25, 6, 8.325],
			"rotation": {"angle": 0, "axis": "y", "origin": [0, 0, 8]},
			"faces": {
				"north": {"uv": [8.25, 10, 7.625, 10.125], "texture": "#4"},
				"south": {"uv": [7.625, 10, 8.25, 10.125], "texture": "#4"},
				"up": {"uv": [7.625, 10, 8.25, 10.125], "texture": "#4"}
			}
		},
		{
			"name": "lbs1_1",
			"from": [7.375, 5.75, 7.8],
			"to": [7.625, 5.875, 8.325],
			"rotation": {"angle": 0, "axis": "y", "origin": [0, 0, 8]},
			"faces": {
				"north": {"uv": [7.625, 10.125, 7.375, 10.25], "texture": "#4"},
				"south": {"uv": [7.375, 10.125, 7.625, 10.25], "texture": "#4"},
				"west": {"uv": [7.375, 10.125, 7.5, 10.25], "texture": "#4"}
			}
		},
		{
			"name": "lbs1_2",
			"from": [8.25, 5.75, 7.8],
			"to": [8.5, 5.875, 8.325],
			"rotation": {"angle": 0, "axis": "y", "origin": [0, 0, 8]},
			"faces": {
				"north": {"uv": [8.5, 10.125, 8.25, 10.25], "texture": "#4"},
				"east": {"uv": [8.375, 10.125, 8.5, 10.25], "texture": "#4"},
				"south": {"uv": [8.25, 10.125, 8.5, 10.25], "texture": "#4"}
			}
		},
		{
			"name": "lbs1_3",
			"from": [7.25, 5, 7.8],
			"to": [7.375, 5.75, 8.325],
			"rotation": {"angle": 0, "axis": "y", "origin": [0, 0, 8]},
			"faces": {
				"north": {"uv": [7.375, 10.25, 7.25, 11], "texture": "#4"},
				"south": {"uv": [7.25, 10.25, 7.375, 11], "texture": "#4"},
				"west": {"uv": [7.25, 10.25, 7.375, 11], "texture": "#4"},
				"up": {"uv": [7.25, 10.25, 7.375, 10.375], "texture": "#4"},
				"down": {"uv": [7.25, 10.875, 7.375, 11], "texture": "#4"}
			}
		},
		{
			"name": "lbs1_4",
			"from": [8.5, 5, 7.8],
			"to": [8.625, 5.75, 8.325],
			"rotation": {"angle": 0, "axis": "y", "origin": [0, 0, 8]},
			"faces": {
				"north": {"uv": [8.625, 10.25, 8.5, 11], "texture": "#4"},
				"east": {"uv": [8.5, 10.25, 8.625, 11], "texture": "#4"},
				"south": {"uv": [8.5, 10.25, 8.625, 11], "texture": "#4"},
				"up": {"uv": [8.5, 10.25, 8.625, 10.375], "texture": "#4"},
				"down": {"uv": [8.5, 10.875, 8.625, 11], "texture": "#4"}
			}
		},
		{
			"name": "lbs1_5",
			"from": [7.5, 5.124, 7.8],
			"to": [7.75, 5.249, 8.325],
			"rotation": {"angle": 0, "axis": "y", "origin": [0, 0, 8]},
			"faces": {
				"north": {"uv": [7.75, 10.75, 7.5, 10.875], "texture": "#4"},
				"south": {"uv": [7.5, 10.75, 7.75, 10.875], "texture": "#4"},
				"up": {"uv": [7.5, 10.75, 7.75, 10.875], "texture": "#4"},
				"down": {"uv": [7.5, 10.75, 7.75, 10.875], "texture": "#4"}
			}
		},
		{
			"name": "lbs1_6",
			"from": [8.125, 5.124, 7.8],
			"to": [8.375, 5.249, 8.325],
			"rotation": {"angle": 0, "axis": "y", "origin": [0, 0, 8]},
			"faces": {
				"north": {"uv": [8.375, 10.75, 8.125, 10.875], "texture": "#4"},
				"south": {"uv": [8.125, 10.75, 8.375, 10.875], "texture": "#4"},
				"up": {"uv": [8.125, 10.75, 8.375, 10.875], "texture": "#4"},
				"down": {"uv": [8.125, 10.75, 8.375, 10.875], "texture": "#4"}
			}
		},
		{
			"name": "lbs1_7",
			"from": [7.375, 5, 7.8],
			"to": [7.5, 5.125, 8.325],
			"rotation": {"angle": 0, "axis": "y", "origin": [0, 0, 8]},
			"faces": {
				"north": {"uv": [7.5, 10.875, 7.375, 11], "texture": "#4"},
				"east": {"uv": [7.375, 10.875, 7.5, 11], "texture": "#4"},
				"south": {"uv": [7.375, 10.875, 7.5, 11], "texture": "#4"},
				"down": {"uv": [7.375, 10.875, 7.5, 11], "texture": "#4"}
			}
		},
		{
			"name": "lbs1_8",
			"from": [7.624, 4.75, 7.8],
			"to": [7.749, 5.125, 8.325],
			"rotation": {"angle": 0, "axis": "y", "origin": [0, 0, 8]},
			"faces": {
				"north": {"uv": [7.75, 10.875, 7.625, 11.25], "texture": "#4"},
				"east": {"uv": [7.625, 10.875, 7.75, 11.25], "texture": "#4"},
				"south": {"uv": [7.625, 10.875, 7.75, 11.25], "texture": "#4"},
				"west": {"uv": [7.625, 10.875, 7.75, 11.25], "texture": "#4"},
				"down": {"uv": [7.625, 11.125, 7.75, 11.25], "texture": "#4"}
			}
		},
		{
			"name": "lbs1_9",
			"from": [7.875, 4.75, 7.8],
			"to": [8, 5.125, 8.325],
			"rotation": {"angle": 0, "axis": "y", "origin": [0, 0, 8]},
			"faces": {
				"north": {"uv": [8, 10.875, 7.875, 11.25], "texture": "#4"},
				"south": {"uv": [7.875, 10.875, 8, 11.25], "texture": "#4"},
				"down": {"uv": [7.875, 11.125, 8, 11.25], "texture": "#4"}
			}
		},
		{
			"name": "lbs1_10",
			"from": [8.126, 4.75, 7.8],
			"to": [8.251, 5.125, 8.325],
			"rotation": {"angle": 0, "axis": "y", "origin": [0, 0, 8]},
			"faces": {
				"north": {"uv": [8.25, 10.875, 8.125, 11.25], "texture": "#4"},
				"east": {"uv": [8.125, 10.875, 8.25, 11.25], "texture": "#4"},
				"south": {"uv": [8.125, 10.875, 8.25, 11.25], "texture": "#4"},
				"west": {"uv": [8.125, 10.875, 8.25, 11.25], "texture": "#4"},
				"down": {"uv": [8.125, 11.125, 8.25, 11.25], "texture": "#4"}
			}
		},
		{
			"name": "lbs1_11",
			"from": [8.375, 5, 7.8],
			"to": [8.5, 5.125, 8.325],
			"rotation": {"angle": 0, "axis": "y", "origin": [0, 0, 8]},
			"faces": {
				"north": {"uv": [8.5, 10.875, 8.375, 11], "texture": "#4"},
				"south": {"uv": [8.375, 10.875, 8.5, 11], "texture": "#4"},
				"west": {"uv": [8.375, 10.875, 8.5, 11], "texture": "#4"},
				"down": {"uv": [8.375, 10.875, 8.5, 11], "texture": "#4"}
			}
		},
		{
			"name": "lbs1_12",
			"from": [7.75, 4.75, 7.8],
			"to": [7.875, 5, 8.325],
			"rotation": {"angle": 0, "axis": "y", "origin": [0, 0, 8]},
			"faces": {
				"north": {"uv": [7.875, 11, 7.75, 11.25], "texture": "#4"},
				"south": {"uv": [7.75, 11, 7.875, 11.25], "texture": "#4"},
				"west": {"uv": [7.75, 11, 7.875, 11.25], "texture": "#4"},
				"down": {"uv": [7.75, 11.125, 7.875, 11.25], "texture": "#4"}
			}
		},
		{
			"name": "lbs1_13",
			"from": [8, 4.75, 7.8],
			"to": [8.125, 5, 8.325],
			"rotation": {"angle": 0, "axis": "y", "origin": [0, 0, 8]},
			"faces": {
				"north": {"uv": [8.125, 11, 8, 11.25], "texture": "#4"},
				"east": {"uv": [8, 11, 8.125, 11.25], "texture": "#4"},
				"south": {"uv": [8, 11, 8.125, 11.25], "texture": "#4"},
				"down": {"uv": [8, 11.125, 8.125, 11.25], "texture": "#4"}
			}
		},
		{
			"name": "lbs2_0",
			"from": [7.625, 5.125, 7.75],
			"to": [8.25, 5.875, 8.375],
			"rotation": {"angle": 0, "axis": "y", "origin": [0, 0, 8]},
			"faces": {
				"north": {"uv": [8.25, 10.125, 7.625, 10.875], "texture": "#4"},
				"east": {"uv": [8.125, 10.125, 8.25, 10.875], "texture": "#4"},
				"south": {"uv": [7.625, 10.125, 8.25, 10.875], "texture": "#4"},
				"west": {"uv": [7.625, 10.125, 7.75, 10.875], "texture": "#4"},
				"up": {"uv": [7.625, 10.125, 8.25, 10.25], "texture": "#4"},
				"down": {"uv": [7.625, 10.75, 8.25, 10.875], "texture": "#4"}
			}
		},
		{
			"name": "lbs2_1",
			"from": [7.375, 5.25, 7.75],
			"to": [7.625, 5.75, 8.375],
			"rotation": {"angle": 0, "axis": "y", "origin": [0, 0, 8]},
			"faces": {
				"north": {"uv": [7.625, 10.25, 7.375, 10.75], "texture": "#4"},
				"south": {"uv": [7.375, 10.25, 7.625, 10.75], "texture": "#4"},
				"west": {"uv": [7.375, 10.25, 7.5, 10.75], "texture": "#4"},
				"up": {"uv": [7.375, 10.25, 7.625, 10.375], "texture": "#4"},
				"down": {"uv": [7.375, 10.625, 7.625, 10.75], "texture": "#4"}
			}
		},
		{
			"name": "lbs2_2",
			"from": [8.25, 5.25, 7.75],
			"to": [8.5, 5.75, 8.375],
			"rotation": {"angle": 0, "axis": "y", "origin": [0, 0, 8]},
			"faces": {
				"north": {"uv": [8.5, 10.25, 8.25, 10.75], "texture": "#4"},
				"east": {"uv": [8.375, 10.25, 8.5, 10.75], "texture": "#4"},
				"south": {"uv": [8.25, 10.25, 8.5, 10.75], "texture": "#4"},
				"up": {"uv": [8.25, 10.25, 8.5, 10.375], "texture": "#4"},
				"down": {"uv": [8.25, 10.625, 8.5, 10.75], "texture": "#4"}
			}
		},
		{
			"name": "lbs2_3",
			"from": [7.375, 5.125, 7.75],
			"to": [7.5, 5.25, 8.375],
			"rotation": {"angle": 0, "axis": "y", "origin": [0, 0, 8]},
			"faces": {
				"north": {"uv": [7.5, 10.75, 7.375, 10.875], "texture": "#4"},
				"east": {"uv": [7.375, 10.75, 7.5, 10.875], "texture": "#4"},
				"south": {"uv": [7.375, 10.75, 7.5, 10.875], "texture": "#4"},
				"west": {"uv": [7.375, 10.75, 7.5, 10.875], "texture": "#4"},
				"down": {"uv": [7.375, 10.75, 7.5, 10.875], "texture": "#4"}
			}
		},
		{
			"name": "lbs2_4",
			"from": [8.375, 5.125, 7.75],
			"to": [8.5, 5.25, 8.375],
			"rotation": {"angle": 0, "axis": "y", "origin": [0, 0, 8]},
			"faces": {
				"north": {"uv": [8.5, 10.75, 8.375, 10.875], "texture": "#4"},
				"east": {"uv": [8.375, 10.75, 8.5, 10.875], "texture": "#4"},
				"south": {"uv": [8.375, 10.75, 8.5, 10.875], "texture": "#4"},
				"west": {"uv": [8.375, 10.75, 8.5, 10.875], "texture": "#4"},
				"down": {"uv": [8.375, 10.75, 8.5, 10.875], "texture": "#4"}
			}
		},
		{
			"name": "lbs2_5",
			"from": [7.75, 5, 7.75],
			"to": [7.875, 5.125, 8.375],
			"rotation": {"angle": 0, "axis": "y", "origin": [0, 0, 8]},
			"faces": {
				"north": {"uv": [7.875, 10.875, 7.75, 11], "texture": "#4"},
				"east": {"uv": [7.75, 10.875, 7.875, 11], "texture": "#4"},
				"south": {"uv": [7.75, 10.875, 7.875, 11], "texture": "#4"},
				"west": {"uv": [7.75, 10.875, 7.875, 11], "texture": "#4"},
				"down": {"uv": [7.75, 10.875, 7.875, 11], "texture": "#4"}
			}
		},
		{
			"name": "lbs2_6",
			"from": [8, 5, 7.75],
			"to": [8.125, 5.125, 8.375],
			"rotation": {"angle": 0, "axis": "y", "origin": [0, 0, 8]},
			"faces": {
				"north": {"uv": [8.125, 10.875, 8, 11], "texture": "#4"},
				"east": {"uv": [8, 10.875, 8.125, 11], "texture": "#4"},
				"south": {"uv": [8, 10.875, 8.125, 11], "texture": "#4"},
				"west": {"uv": [8, 10.875, 8.125, 11], "texture": "#4"},
				"down": {"uv": [8, 10.875, 8.125, 11], "texture": "#4"}
			}
		},
		{
			"name": "lbs3_0",
			"from": [7.25, 6.625, 7.5],
			"to": [7.5, 6.75, 7.825],
			"rotation": {"angle": 0, "axis": "y", "origin": [0, 0, 7.7]},
			"faces": {
				"north": {"uv": [7.5, 9.25, 7.25, 9.375], "texture": "#4"},
				"east": {"uv": [7.375, 9.25, 7.5, 9.375], "texture": "#4"},
				"south": {"uv": [7.25, 9.25, 7.5, 9.375], "texture": "#4"},
				"west": {"uv": [7.25, 9.25, 7.375, 9.375], "texture": "#4"},
				"up": {"uv": [7.25, 9.25, 7.5, 9.375], "texture": "#4"},
				"down": {"uv": [7.25, 9.25, 7.5, 9.375], "texture": "#4"}
			}
		},
		{
			"name": "lbs3_9",
			"from": [8.75, 5.875, 8.1],
			"to": [8.875, 6, 8.425],
			"rotation": {"angle": 0, "axis": "y", "origin": [0, 0, 8.3]},
			"faces": {
				"north": {"uv": [8.875, 10, 8.75, 10.125], "texture": "#4"},
				"east": {"uv": [8.75, 10, 8.875, 10.125], "texture": "#4"},
				"south": {"uv": [8.75, 10, 8.875, 10.125], "texture": "#4"},
				"up": {"uv": [8.75, 10, 8.875, 10.125], "texture": "#4"},
				"down": {"uv": [8.75, 10, 8.875, 10.125], "texture": "#4"}
			}
		},
		{
			"name": "lbs3_8",
			"from": [8.25, 5.875, 8.1],
			"to": [8.5, 6, 8.425],
			"rotation": {"angle": 0, "axis": "y", "origin": [0, 0, 8.3]},
			"faces": {
				"east": {"uv": [8.375, 10, 8.5, 10.125], "texture": "#4"},
				"south": {"uv": [8.25, 10, 8.5, 10.125], "texture": "#4"},
				"west": {"uv": [8.25, 10, 8.375, 10.125], "texture": "#4"},
				"up": {"uv": [8.25, 10, 8.5, 10.125], "texture": "#4"},
				"down": {"uv": [8.25, 10, 8.5, 10.125], "texture": "#4"}
			}
		},
		{
			"name": "lbs3_7",
			"from": [7.375, 5.875, 8.1],
			"to": [7.625, 6, 8.425],
			"rotation": {"angle": 0, "axis": "y", "origin": [0, 0, 8.3]},
			"faces": {
				"east": {"uv": [7.5, 10, 7.625, 10.125], "texture": "#4"},
				"south": {"uv": [7.375, 10, 7.625, 10.125], "texture": "#4"},
				"west": {"uv": [7.375, 10, 7.5, 10.125], "texture": "#4"},
				"up": {"uv": [7.375, 10, 7.625, 10.125], "texture": "#4"},
				"down": {"uv": [7.375, 10, 7.625, 10.125], "texture": "#4"}
			}
		},
		{
			"name": "lbs3_6",
			"from": [7, 5.875, 8.1],
			"to": [7.125, 6, 8.425],
			"rotation": {"angle": 0, "axis": "y", "origin": [0, 0, 8.3]},
			"faces": {
				"north": {"uv": [7.125, 10, 7, 10.125], "texture": "#4"},
				"south": {"uv": [7, 10, 7.125, 10.125], "texture": "#4"},
				"west": {"uv": [7, 10, 7.125, 10.125], "texture": "#4"},
				"up": {"uv": [7, 10, 7.125, 10.125], "texture": "#4"},
				"down": {"uv": [7, 10, 7.125, 10.125], "texture": "#4"}
			}
		},
		{
			"name": "lbs3_5",
			"from": [8.501, 5.75, 8.1],
			"to": [8.751, 6.125, 8.425],
			"rotation": {"angle": 0, "axis": "y", "origin": [0, 0, 8.3]},
			"faces": {
				"north": {"uv": [8.75, 9.875, 8.5, 10.25], "texture": "#4"},
				"east": {"uv": [8.625, 9.875, 8.75, 10.25], "texture": "#4"},
				"south": {"uv": [8.5, 9.875, 8.75, 10.25], "texture": "#4"},
				"west": {"uv": [8.5, 9.875, 8.625, 10.25], "texture": "#4"},
				"up": {"uv": [8.5, 9.875, 8.75, 10], "texture": "#4"},
				"down": {"uv": [8.5, 10.125, 8.75, 10.25], "texture": "#4"}
			}
		},
		{
			"name": "lbs3_4",
			"from": [7.124, 5.75, 8.1],
			"to": [7.374, 6.125, 8.425],
			"rotation": {"angle": 0, "axis": "y", "origin": [0, 0, 8.3]},
			"faces": {
				"north": {"uv": [7.375, 9.875, 7.125, 10.25], "texture": "#4"},
				"east": {"uv": [7.25, 9.875, 7.375, 10.25], "texture": "#4"},
				"south": {"uv": [7.125, 9.875, 7.375, 10.25], "texture": "#4"},
				"west": {"uv": [7.125, 9.875, 7.25, 10.25], "texture": "#4"},
				"up": {"uv": [7.125, 9.875, 7.375, 10], "texture": "#4"},
				"down": {"uv": [7.125, 10.125, 7.375, 10.25], "texture": "#4"}
			}
		},
		{
			"name": "lbs3_3",
			"from": [8.5, 6.375, 8.3],
			"to": [8.75, 6.625, 8.625],
			"rotation": {"angle": 0, "axis": "y", "origin": [0, 0, 8.5]},
			"faces": {
				"north": {"uv": [8.75, 9.375, 8.5, 9.625], "texture": "#4"},
				"east": {"uv": [8.625, 9.375, 8.75, 9.625], "texture": "#4"},
				"south": {"uv": [8.5, 9.375, 8.75, 9.625], "texture": "#4"},
				"west": {"uv": [8.5, 9.375, 8.625, 9.625], "texture": "#4"},
				"up": {"uv": [8.5, 9.375, 8.75, 9.5], "texture": "#4"},
				"down": {"uv": [8.5, 9.5, 8.75, 9.625], "texture": "#4"}
			}
		},
		{
			"name": "lbs3_2",
			"from": [7.125, 6.375, 8.3],
			"to": [7.375, 6.625, 8.625],
			"rotation": {"angle": 0, "axis": "y", "origin": [0, 0, 8.5]},
			"faces": {
				"north": {"uv": [7.375, 9.375, 7.125, 9.625], "texture": "#4"},
				"east": {"uv": [7.25, 9.375, 7.375, 9.625], "texture": "#4"},
				"south": {"uv": [7.125, 9.375, 7.375, 9.625], "texture": "#4"},
				"west": {"uv": [7.125, 9.375, 7.25, 9.625], "texture": "#4"},
				"up": {"uv": [7.125, 9.375, 7.375, 9.5], "texture": "#4"},
				"down": {"uv": [7.125, 9.5, 7.375, 9.625], "texture": "#4"}
			}
		},
		{
			"name": "lbs3_1",
			"from": [8.375, 6.625, 8.3],
			"to": [8.625, 6.75, 8.625],
			"rotation": {"angle": 0, "axis": "y", "origin": [0, 0, 8.5]},
			"faces": {
				"north": {"uv": [8.625, 9.25, 8.375, 9.375], "texture": "#4"},
				"east": {"uv": [8.5, 9.25, 8.625, 9.375], "texture": "#4"},
				"south": {"uv": [8.375, 9.25, 8.625, 9.375], "texture": "#4"},
				"west": {"uv": [8.375, 9.25, 8.5, 9.375], "texture": "#4"},
				"up": {"uv": [8.375, 9.25, 8.625, 9.375], "texture": "#4"},
				"down": {"uv": [8.375, 9.25, 8.625, 9.375], "texture": "#4"}
			}
		},
		{
			"name": "lbs3_0",
			"from": [7.25, 6.625, 8.3],
			"to": [7.5, 6.75, 8.625],
			"rotation": {"angle": 0, "axis": "y", "origin": [0, 0, 8.5]},
			"faces": {
				"north": {"uv": [7.5, 9.25, 7.25, 9.375], "texture": "#4"},
				"east": {"uv": [7.375, 9.25, 7.5, 9.375], "texture": "#4"},
				"south": {"uv": [7.25, 9.25, 7.5, 9.375], "texture": "#4"},
				"west": {"uv": [7.25, 9.25, 7.375, 9.375], "texture": "#4"},
				"up": {"uv": [7.25, 9.25, 7.5, 9.375], "texture": "#4"},
				"down": {"uv": [7.25, 9.25, 7.5, 9.375], "texture": "#4"}
			}
		},
		{
			"name": "lbs3_1",
			"from": [8.375, 6.625, 7.5],
			"to": [8.625, 6.75, 7.825],
			"rotation": {"angle": 0, "axis": "y", "origin": [0, 0, 7.7]},
			"faces": {
				"north": {"uv": [8.625, 9.25, 8.375, 9.375], "texture": "#4"},
				"east": {"uv": [8.5, 9.25, 8.625, 9.375], "texture": "#4"},
				"south": {"uv": [8.375, 9.25, 8.625, 9.375], "texture": "#4"},
				"west": {"uv": [8.375, 9.25, 8.5, 9.375], "texture": "#4"},
				"up": {"uv": [8.375, 9.25, 8.625, 9.375], "texture": "#4"},
				"down": {"uv": [8.375, 9.25, 8.625, 9.375], "texture": "#4"}
			}
		},
		{
			"name": "lbs3_2",
			"from": [7.125, 6.375, 7.5],
			"to": [7.375, 6.625, 7.825],
			"rotation": {"angle": 0, "axis": "y", "origin": [0, 0, 7.7]},
			"faces": {
				"north": {"uv": [7.375, 9.375, 7.125, 9.625], "texture": "#4"},
				"east": {"uv": [7.25, 9.375, 7.375, 9.625], "texture": "#4"},
				"south": {"uv": [7.125, 9.375, 7.375, 9.625], "texture": "#4"},
				"west": {"uv": [7.125, 9.375, 7.25, 9.625], "texture": "#4"},
				"up": {"uv": [7.125, 9.375, 7.375, 9.5], "texture": "#4"},
				"down": {"uv": [7.125, 9.5, 7.375, 9.625], "texture": "#4"}
			}
		},
		{
			"name": "lbs3_3",
			"from": [8.5, 6.375, 7.5],
			"to": [8.75, 6.625, 7.825],
			"rotation": {"angle": 0, "axis": "y", "origin": [0, 0, 7.7]},
			"faces": {
				"north": {"uv": [8.75, 9.375, 8.5, 9.625], "texture": "#4"},
				"east": {"uv": [8.625, 9.375, 8.75, 9.625], "texture": "#4"},
				"south": {"uv": [8.5, 9.375, 8.75, 9.625], "texture": "#4"},
				"west": {"uv": [8.5, 9.375, 8.625, 9.625], "texture": "#4"},
				"up": {"uv": [8.5, 9.375, 8.75, 9.5], "texture": "#4"},
				"down": {"uv": [8.5, 9.5, 8.75, 9.625], "texture": "#4"}
			}
		},
		{
			"name": "lbs3_4",
			"from": [7.124, 5.75, 7.7],
			"to": [7.374, 6.125, 8.025],
			"rotation": {"angle": 0, "axis": "y", "origin": [0, 0, 7.9]},
			"faces": {
				"north": {"uv": [7.375, 9.875, 7.125, 10.25], "texture": "#4"},
				"east": {"uv": [7.25, 9.875, 7.375, 10.25], "texture": "#4"},
				"south": {"uv": [7.125, 9.875, 7.375, 10.25], "texture": "#4"},
				"west": {"uv": [7.125, 9.875, 7.25, 10.25], "texture": "#4"},
				"up": {"uv": [7.125, 9.875, 7.375, 10], "texture": "#4"},
				"down": {"uv": [7.125, 10.125, 7.375, 10.25], "texture": "#4"}
			}
		},
		{
			"name": "lbs3_5",
			"from": [8.501, 5.75, 7.7],
			"to": [8.751, 6.125, 8.025],
			"rotation": {"angle": 0, "axis": "y", "origin": [0, 0, 7.9]},
			"faces": {
				"north": {"uv": [8.75, 9.875, 8.5, 10.25], "texture": "#4"},
				"east": {"uv": [8.625, 9.875, 8.75, 10.25], "texture": "#4"},
				"south": {"uv": [8.5, 9.875, 8.75, 10.25], "texture": "#4"},
				"west": {"uv": [8.5, 9.875, 8.625, 10.25], "texture": "#4"},
				"up": {"uv": [8.5, 9.875, 8.75, 10], "texture": "#4"},
				"down": {"uv": [8.5, 10.125, 8.75, 10.25], "texture": "#4"}
			}
		},
		{
			"name": "lbs3_6",
			"from": [7, 5.875, 7.7],
			"to": [7.125, 6, 8.025],
			"rotation": {"angle": 0, "axis": "y", "origin": [0, 0, 7.9]},
			"faces": {
				"north": {"uv": [7.125, 10, 7, 10.125], "texture": "#4"},
				"south": {"uv": [7, 10, 7.125, 10.125], "texture": "#4"},
				"west": {"uv": [7, 10, 7.125, 10.125], "texture": "#4"},
				"up": {"uv": [7, 10, 7.125, 10.125], "texture": "#4"},
				"down": {"uv": [7, 10, 7.125, 10.125], "texture": "#4"}
			}
		},
		{
			"name": "lbs3_7",
			"from": [7.375, 5.875, 7.7],
			"to": [7.625, 6, 8.025],
			"rotation": {"angle": 0, "axis": "y", "origin": [0, 0, 7.9]},
			"faces": {
				"north": {"uv": [7.625, 10, 7.375, 10.125], "texture": "#4"},
				"east": {"uv": [7.5, 10, 7.625, 10.125], "texture": "#4"},
				"west": {"uv": [7.375, 10, 7.5, 10.125], "texture": "#4"},
				"up": {"uv": [7.375, 10, 7.625, 10.125], "texture": "#4"},
				"down": {"uv": [7.375, 10, 7.625, 10.125], "texture": "#4"}
			}
		},
		{
			"name": "lbs3_8",
			"from": [8.25, 5.875, 7.7],
			"to": [8.5, 6, 8.025],
			"rotation": {"angle": 0, "axis": "y", "origin": [0, 0, 7.9]},
			"faces": {
				"north": {"uv": [8.5, 10, 8.25, 10.125], "texture": "#4"},
				"east": {"uv": [8.375, 10, 8.5, 10.125], "texture": "#4"},
				"west": {"uv": [8.25, 10, 8.375, 10.125], "texture": "#4"},
				"up": {"uv": [8.25, 10, 8.5, 10.125], "texture": "#4"},
				"down": {"uv": [8.25, 10, 8.5, 10.125], "texture": "#4"}
			}
		},
		{
			"name": "lbs3_9",
			"from": [8.75, 5.875, 7.7],
			"to": [8.875, 6, 8.025],
			"rotation": {"angle": 0, "axis": "y", "origin": [0, 0, 7.9]},
			"faces": {
				"north": {"uv": [8.875, 10, 8.75, 10.125], "texture": "#4"},
				"east": {"uv": [8.75, 10, 8.875, 10.125], "texture": "#4"},
				"south": {"uv": [8.75, 10, 8.875, 10.125], "texture": "#4"},
				"up": {"uv": [8.75, 10, 8.875, 10.125], "texture": "#4"},
				"down": {"uv": [8.75, 10, 8.875, 10.125], "texture": "#4"}
			}
		},
		{
			"name": "lbs4_0",
			"from": [7, 6, 7.6],
			"to": [7.125, 6.5, 7.925],
			"rotation": {"angle": 0, "axis": "y", "origin": [0, 0, 7.8]},
			"faces": {
				"north": {"uv": [7.125, 9.5, 7, 10], "texture": "#4"},
				"east": {"uv": [7, 9.5, 7.125, 10], "texture": "#4"},
				"south": {"uv": [7, 9.5, 7.125, 10], "texture": "#4"},
				"west": {"uv": [7, 9.5, 7.125, 10], "texture": "#4"},
				"up": {"uv": [7, 9.5, 7.125, 9.625], "texture": "#4"},
				"down": {"uv": [7, 9.875, 7.125, 10], "texture": "#4"}
			}
		},
		{
			"name": "lbs4_3",
			"from": [8.625, 6.125, 8.2],
			"to": [8.75, 6.375, 8.525],
			"rotation": {"angle": 0, "axis": "y", "origin": [0, 0, 8.4]},
			"faces": {
				"north": {"uv": [8.75, 9.625, 8.625, 9.875], "texture": "#4"},
				"south": {"uv": [8.625, 9.625, 8.75, 9.875], "texture": "#4"},
				"west": {"uv": [8.625, 9.625, 8.75, 9.875], "texture": "#4"},
				"up": {"uv": [8.625, 9.625, 8.75, 9.75], "texture": "#4"},
				"down": {"uv": [8.625, 9.75, 8.75, 9.875], "texture": "#4"}
			}
		},
		{
			"name": "lbs4_2",
			"from": [7.125, 6.125, 8.2],
			"to": [7.25, 6.375, 8.525],
			"rotation": {"angle": 0, "axis": "y", "origin": [0, 0, 8.4]},
			"faces": {
				"north": {"uv": [7.25, 9.625, 7.125, 9.875], "texture": "#4"},
				"east": {"uv": [7.125, 9.625, 7.25, 9.875], "texture": "#4"},
				"south": {"uv": [7.125, 9.625, 7.25, 9.875], "texture": "#4"},
				"up": {"uv": [7.125, 9.625, 7.25, 9.75], "texture": "#4"},
				"down": {"uv": [7.125, 9.75, 7.25, 9.875], "texture": "#4"}
			}
		},
		{
			"name": "lbs4_1",
			"from": [8.75, 6, 8.2],
			"to": [8.875, 6.5, 8.525],
			"rotation": {"angle": 0, "axis": "y", "origin": [0, 0, 8.4]},
			"faces": {
				"north": {"uv": [8.875, 9.5, 8.75, 10], "texture": "#4"},
				"east": {"uv": [8.75, 9.5, 8.875, 10], "texture": "#4"},
				"south": {"uv": [8.75, 9.5, 8.875, 10], "texture": "#4"},
				"west": {"uv": [8.75, 9.5, 8.875, 10], "texture": "#4"},
				"up": {"uv": [8.75, 9.5, 8.875, 9.625], "texture": "#4"},
				"down": {"uv": [8.75, 9.875, 8.875, 10], "texture": "#4"}
			}
		},
		{
			"name": "lbs4_0",
			"from": [7, 6, 8.2],
			"to": [7.125, 6.5, 8.525],
			"rotation": {"angle": 0, "axis": "y", "origin": [0, 0, 8.4]},
			"faces": {
				"north": {"uv": [7.125, 9.5, 7, 10], "texture": "#4"},
				"east": {"uv": [7, 9.5, 7.125, 10], "texture": "#4"},
				"south": {"uv": [7, 9.5, 7.125, 10], "texture": "#4"},
				"west": {"uv": [7, 9.5, 7.125, 10], "texture": "#4"},
				"up": {"uv": [7, 9.5, 7.125, 9.625], "texture": "#4"},
				"down": {"uv": [7, 9.875, 7.125, 10], "texture": "#4"}
			}
		},
		{
			"name": "lbs4_1",
			"from": [8.75, 6, 7.6],
			"to": [8.875, 6.5, 7.925],
			"rotation": {"angle": 0, "axis": "y", "origin": [0, 0, 7.8]},
			"faces": {
				"north": {"uv": [8.875, 9.5, 8.75, 10], "texture": "#4"},
				"east": {"uv": [8.75, 9.5, 8.875, 10], "texture": "#4"},
				"south": {"uv": [8.75, 9.5, 8.875, 10], "texture": "#4"},
				"west": {"uv": [8.75, 9.5, 8.875, 10], "texture": "#4"},
				"up": {"uv": [8.75, 9.5, 8.875, 9.625], "texture": "#4"},
				"down": {"uv": [8.75, 9.875, 8.875, 10], "texture": "#4"}
			}
		},
		{
			"name": "lbs4_2",
			"from": [7.125, 6.125, 7.6],
			"to": [7.25, 6.375, 7.925],
			"rotation": {"angle": 0, "axis": "y", "origin": [0, 0, 7.8]},
			"faces": {
				"north": {"uv": [7.25, 9.625, 7.125, 9.875], "texture": "#4"},
				"east": {"uv": [7.125, 9.625, 7.25, 9.875], "texture": "#4"},
				"south": {"uv": [7.125, 9.625, 7.25, 9.875], "texture": "#4"},
				"up": {"uv": [7.125, 9.625, 7.25, 9.75], "texture": "#4"},
				"down": {"uv": [7.125, 9.75, 7.25, 9.875], "texture": "#4"}
			}
		},
		{
			"name": "lbs4_3",
			"from": [8.625, 6.125, 7.6],
			"to": [8.75, 6.375, 7.925],
			"rotation": {"angle": 0, "axis": "y", "origin": [0, 0, 7.8]},
			"faces": {
				"north": {"uv": [8.75, 9.625, 8.625, 9.875], "texture": "#4"},
				"south": {"uv": [8.625, 9.625, 8.75, 9.875], "texture": "#4"},
				"west": {"uv": [8.625, 9.625, 8.75, 9.875], "texture": "#4"},
				"up": {"uv": [8.625, 9.625, 8.75, 9.75], "texture": "#4"},
				"down": {"uv": [8.625, 9.75, 8.75, 9.875], "texture": "#4"}
			}
		},
		{
			"from": [5, 5.9, 7.7],
			"to": [9, 9.9, 7.7],
			"rotation": {"angle": -45, "axis": "z", "origin": [5, 5.9, 7.7]},
			"faces": {
				"north": {"uv": [0, 0, 16, 16], "texture": "#2"}
			}
		},
		{
			"from": [5, 5.9, 8.4],
			"to": [9, 9.9, 8.4],
			"rotation": {"angle": -45, "axis": "z", "origin": [5, 5.9, 8.4]},
			"faces": {
				"south": {"uv": [16, 0, 0, 16], "texture": "#2"}
			}
		},
		{
			"from": [3.7, 7.9, 8.05],
			"to": [9.4, 13.7, 8.05],
			"rotation": {"angle": -45, "axis": "z", "origin": [4.4, 7.9, 9.1]},
			"faces": {
				"north": {"uv": [0, 0, 16, 16], "texture": "#3"},
				"south": {"uv": [16, 0, 0, 16], "texture": "#3"}
			}
		},
		{
			"from": [3.4, 6.3, 8.05],
			"to": [9.4, 12.3, 8.05],
			"rotation": {"angle": -45, "axis": "z", "origin": [4.4, 6.3, 9.1]},
			"faces": {
				"north": {"uv": [0, 0, 16, 16], "texture": "#5"},
				"south": {"uv": [16, 0, 0, 16], "texture": "#5"}
			}
		}
	],
	"gui_light": "front",
	"display": {
		"thirdperson_righthand": {
			"rotation": [0, 90, 0],
			"translation": [-0.25, 11, 1.25],
			"scale": [3.15, 3.15, 2.5]
		},
		"thirdperson_lefthand": {
			"rotation": [0, -90, 0],
			"translation": [0, 11, 1.25],
			"scale": [3.15, 3.15, 2.5]
		},
		"firstperson_righthand": {
			"rotation": [8, 90, 0],
			"translation": [0, 7.75, 2],
			"scale": [2, 2, 2]
		},
		"firstperson_lefthand": {
			"rotation": [8, -90, 0],
			"translation": [0, 7.75, 2],
			"scale": [2, 2, 2]
		},
		"ground": {
			"translation": [0, 7, 0],
			"scale": [2, 2, 2]
		},
		"gui": {
			"rotation": [0, 0, -43],
			"translation": [0.75, 0.25, 0],
			"scale": [2, 2, 2]
		},
		"head": {
			"rotation": [0, 0, 144],
			"translation": [-1.25, -15.25, 3.75],
			"scale": [4, 4, 3.75]
		},
		"fixed": {
			"rotation": [0, 180, -42],
			"translation": [-3.5, 3.25, -0.75],
			"scale": [3.8, 3.8, 2.5]
		}
	},
	"groups": [
		{
			"name": "lb2",
			"origin": [8, 8, 8],
			"color": 0,
			"children": [0, 1, 2, 3, 4, 5, 6, 7, 8, 9, 10, 11, 12, 13, 14, 15, 16, 17, 18, 19, 20, 21, 22, 23, 24, 25, 26, 27, 28, 29, 30, 31, 32, 33, 34, 35]
		},
		{
			"name": "lb4",
			"origin": [8, 8, 8],
			"color": 0,
			"children": [36, 37, 38, 39, 40, 41, 42]
		},
		{
			"name": "lb3",
			"origin": [8, 8, 8],
			"color": 0,
			"children": [43, 44, 45, 46, 47, 48, 49, 50, 51, 52, 53, 54, 55, 56, 57, 58, 59, 60, 61, 62, 63, 64, 65, 66, 67, 68, 69]
		},
		{
			"name": "lb1",
			"origin": [8, 8, 8],
			"color": 0,
			"children": [70, 71, 72, 73, 74, 75, 76, 77, 78, 79, 80, 81, 82, 83, 84, 85, 86, 87, 88, 89, 90, 91, 92, 93, 94, 95, 96, 97]
		},
		{
			"name": "lbs1",
			"origin": [8, 8, 8],
			"color": 0,
			"children": [98, 99, 100, 101, 102, 103, 104, 105, 106, 107, 108, 109, 110, 111]
		},
		{
			"name": "lbs2",
			"origin": [8, 8, 8],
			"color": 0,
			"children": [112, 113, 114, 115, 116, 117, 118]
		},
		{
			"name": "lbs3",
			"origin": [8, 8, 8],
			"color": 0,
			"children": [119, 120, 121, 122, 123, 124, 125, 126, 127, 128, 129, 130, 131, 132, 133, 134, 135, 136, 137, 138]
		},
		{
			"name": "lbs4",
			"origin": [8, 8, 8],
			"color": 0,
			"children": [139, 140, 141, 142, 143, 144, 145, 146]
		},
		147,
		148,
		149,
		150
	]
}