{
	"credit": "Made with Blockbench",
	"textures": {
		"0": "item/diamond_sword/carian_sword",
		"particle": "item/diamond_sword/carian_sword"
	},
	"elements": [
		{
			"name": "carian_sword_0",
			"from": [7.875, 11.625, 8],
			"to": [8, 13, 8.125],
			"faces": {
				"north": {"uv": [9.25, 3, 9.125, 4.375], "texture": "#0"},
				"east": {"uv": [9.125, 3, 9.25, 4.375], "texture": "#0"},
				"south": {"uv": [9.125, 3, 9.25, 4.375], "texture": "#0"},
				"west": {"uv": [9.125, 3, 9.25, 4.375], "texture": "#0"},
				"up": {"uv": [9.125, 3, 9.25, 3.125], "texture": "#0"},
				"down": {"uv": [9.125, 4.25, 9.25, 4.375], "texture": "#0"}
			}
		},
		{
			"name": "carian_sword_1",
			"from": [7.75, 10.5, 8],
			"to": [7.875, 12.375, 8.125],
			"faces": {
				"north": {"uv": [9.125, 3.625, 9, 5.5], "texture": "#0"},
				"east": {"uv": [9, 3.625, 9.125, 5.5], "texture": "#0"},
				"south": {"uv": [9, 3.625, 9.125, 5.5], "texture": "#0"},
				"west": {"uv": [9, 3.625, 9.125, 5.5], "texture": "#0"},
				"up": {"uv": [9, 3.625, 9.125, 3.75], "texture": "#0"},
				"down": {"uv": [9, 5.375, 9.125, 5.5], "texture": "#0"}
			}
		},
		{
			"name": "carian_sword_2",
			"from": [8, 10.5, 8],
			"to": [8.125, 12.375, 8.125],
			"faces": {
				"north": {"uv": [9.375, 3.625, 9.25, 5.5], "texture": "#0"},
				"east": {"uv": [9.25, 3.625, 9.375, 5.5], "texture": "#0"},
				"south": {"uv": [9.25, 3.625, 9.375, 5.5], "texture": "#0"},
				"west": {"uv": [9.25, 3.625, 9.375, 5.5], "texture": "#0"},
				"up": {"uv": [9.25, 3.625, 9.375, 3.75], "texture": "#0"},
				"down": {"uv": [9.25, 5.375, 9.375, 5.5], "texture": "#0"}
			}
		},
		{
			"name": "carian_sword_3",
			"from": [7.625, 8, 8],
			"to": [7.75, 11.625, 8.125],
			"faces": {
				"north": {"uv": [9, 4.375, 8.875, 8], "texture": "#0"},
				"east": {"uv": [8.875, 4.375, 9, 8], "texture": "#0"},
				"south": {"uv": [8.875, 4.375, 9, 8], "texture": "#0"},
				"west": {"uv": [8.875, 4.375, 9, 8], "texture": "#0"},
				"up": {"uv": [8.875, 4.375, 9, 4.5], "texture": "#0"},
				"down": {"uv": [8.875, 7.875, 9, 8], "texture": "#0"}
			}
		},
		{
			"name": "carian_sword_4",
			"from": [8.125, 8, 8],
			"to": [8.25, 11.625, 8.125],
			"faces": {
				"north": {"uv": [9.5, 4.375, 9.375, 8], "texture": "#0"},
				"east": {"uv": [9.375, 4.375, 9.5, 8], "texture": "#0"},
				"south": {"uv": [9.375, 4.375, 9.5, 8], "texture": "#0"},
				"west": {"uv": [9.375, 4.375, 9.5, 8], "texture": "#0"},
				"up": {"uv": [9.375, 4.375, 9.5, 4.5], "texture": "#0"},
				"down": {"uv": [9.375, 7.875, 9.5, 8], "texture": "#0"}
			}
		},
		{
			"name": "carian_sword_5",
			"from": [7.875, 8.375, 7.95],
			"to": [8, 11.625, 8.175],
			"faces": {
				"north": {"uv": [10.5, 4.375, 10.375, 7.625], "texture": "#0"},
				"east": {"uv": [10.375, 4.375, 10.5, 7.625], "texture": "#0"},
				"south": {"uv": [10.375, 4.375, 10.5, 7.625], "texture": "#0"},
				"west": {"uv": [10.375, 4.375, 10.5, 7.625], "texture": "#0"},
				"up": {"uv": [10.375, 4.375, 10.5, 4.5], "texture": "#0"},
				"down": {"uv": [10.375, 7.5, 10.5, 7.625], "texture": "#0"}
			}
		},
		{
			"name": "carian_sword_6",
			"from": [7.5, 6.875, 8],
			"to": [7.625, 10.5, 8.125],
			"faces": {
				"north": {"uv": [8.875, 5.5, 8.75, 9.125], "texture": "#0"},
				"east": {"uv": [8.75, 5.5, 8.875, 9.125], "texture": "#0"},
				"south": {"uv": [8.75, 5.5, 8.875, 9.125], "texture": "#0"},
				"west": {"uv": [8.75, 5.5, 8.875, 9.125], "texture": "#0"},
				"up": {"uv": [8.75, 5.5, 8.875, 5.625], "texture": "#0"},
				"down": {"uv": [8.75, 9, 8.875, 9.125], "texture": "#0"}
			}
		},
		{
			"name": "carian_sword_7",
			"from": [8.25, 6.875, 8],
			"to": [8.375, 10.5, 8.125],
			"faces": {
				"north": {"uv": [9.625, 5.5, 9.5, 9.125], "texture": "#0"},
				"east": {"uv": [9.5, 5.5, 9.625, 9.125], "texture": "#0"},
				"south": {"uv": [9.5, 5.5, 9.625, 9.125], "texture": "#0"},
				"west": {"uv": [9.5, 5.5, 9.625, 9.125], "texture": "#0"},
				"up": {"uv": [9.5, 5.5, 9.625, 5.625], "texture": "#0"},
				"down": {"uv": [9.5, 9, 9.625, 9.125], "texture": "#0"}
			}
		},
		{
			"name": "carian_sword_8",
			"from": [7.75, 8, 7.95],
			"to": [7.875, 10.5, 8.175],
			"faces": {
				"north": {"uv": [10.375, 5.5, 10.25, 8], "texture": "#0"},
				"east": {"uv": [10.25, 5.5, 10.375, 8], "texture": "#0"},
				"south": {"uv": [10.25, 5.5, 10.375, 8], "texture": "#0"},
				"west": {"uv": [10.25, 5.5, 10.375, 8], "texture": "#0"},
				"up": {"uv": [10.25, 5.5, 10.375, 5.625], "texture": "#0"},
				"down": {"uv": [10.25, 7.875, 10.375, 8], "texture": "#0"}
			}
		},
		{
			"name": "carian_sword_9",
			"from": [8, 8, 7.95],
			"to": [8.125, 10.5, 8.175],
			"faces": {
				"north": {"uv": [10.625, 5.5, 10.5, 8], "texture": "#0"},
				"east": {"uv": [10.5, 5.5, 10.625, 8], "texture": "#0"},
				"south": {"uv": [10.5, 5.5, 10.625, 8], "texture": "#0"},
				"west": {"uv": [10.5, 5.5, 10.625, 8], "texture": "#0"},
				"up": {"uv": [10.5, 5.5, 10.625, 5.625], "texture": "#0"},
				"down": {"uv": [10.5, 7.875, 10.625, 8], "texture": "#0"}
			}
		},
		{
			"name": "carian_sword_10",
			"from": [7.875, 6.25, 7.9],
			"to": [8, 8.375, 8.225],
			"faces": {
				"north": {"uv": [8, 7.625, 7.875, 9.75], "texture": "#0"},
				"east": {"uv": [7.875, 7.625, 8, 9.75], "texture": "#0"},
				"south": {"uv": [7.875, 7.625, 8, 9.75], "texture": "#0"},
				"west": {"uv": [7.875, 7.625, 8, 9.75], "texture": "#0"},
				"up": {"uv": [7.875, 7.625, 8, 7.75], "texture": "#0"},
				"down": {"uv": [7.875, 9.625, 8, 9.75], "texture": "#0"}
			}
		},
		{
			"name": "carian_sword_11",
			"from": [7.375, 6, 8],
			"to": [7.5, 8.125, 8.125],
			"faces": {
				"north": {"uv": [8.75, 7.875, 8.625, 10], "texture": "#0"},
				"east": {"uv": [8.625, 7.875, 8.75, 10], "texture": "#0"},
				"south": {"uv": [8.625, 7.875, 8.75, 10], "texture": "#0"},
				"west": {"uv": [8.625, 7.875, 8.75, 10], "texture": "#0"},
				"up": {"uv": [8.625, 7.875, 8.75, 8], "texture": "#0"},
				"down": {"uv": [8.625, 9.875, 8.75, 10], "texture": "#0"}
			}
		},
		{
			"name": "carian_sword_12",
			"from": [8.375, 6, 8],
			"to": [8.5, 8.125, 8.125],
			"faces": {
				"north": {"uv": [9.75, 7.875, 9.625, 10], "texture": "#0"},
				"east": {"uv": [9.625, 7.875, 9.75, 10], "texture": "#0"},
				"south": {"uv": [9.625, 7.875, 9.75, 10], "texture": "#0"},
				"west": {"uv": [9.625, 7.875, 9.75, 10], "texture": "#0"},
				"up": {"uv": [9.625, 7.875, 9.75, 8], "texture": "#0"},
				"down": {"uv": [9.625, 9.875, 9.75, 10], "texture": "#0"}
			}
		},
		{
			"name": "carian_sword_13",
			"from": [7.75, 5.875, 7.9],
			"to": [7.875, 8, 8.225],
			"faces": {
				"north": {"uv": [7.875, 8, 7.75, 10.125], "texture": "#0"},
				"east": {"uv": [7.75, 8, 7.875, 10.125], "texture": "#0"},
				"south": {"uv": [7.75, 8, 7.875, 10.125], "texture": "#0"},
				"west": {"uv": [7.75, 8, 7.875, 10.125], "texture": "#0"},
				"up": {"uv": [7.75, 8, 7.875, 8.125], "texture": "#0"},
				"down": {"uv": [7.75, 10, 7.875, 10.125], "texture": "#0"}
			}
		},
		{
			"name": "carian_sword_14",
			"from": [8, 5.875, 7.9],
			"to": [8.125, 8, 8.225],
			"faces": {
				"north": {"uv": [8.125, 8, 8, 10.125], "texture": "#0"},
				"east": {"uv": [8, 8, 8.125, 10.125], "texture": "#0"},
				"south": {"uv": [8, 8, 8.125, 10.125], "texture": "#0"},
				"west": {"uv": [8, 8, 8.125, 10.125], "texture": "#0"},
				"up": {"uv": [8, 8, 8.125, 8.125], "texture": "#0"},
				"down": {"uv": [8, 10, 8.125, 10.125], "texture": "#0"}
			}
		},
		{
			"name": "carian_sword_15",
			"from": [7.625, 7.5, 7.95],
			"to": [7.75, 8, 8.175],
			"faces": {
				"north": {"uv": [10.25, 8, 10.125, 8.5], "texture": "#0"},
				"east": {"uv": [10.125, 8, 10.25, 8.5], "texture": "#0"},
				"south": {"uv": [10.125, 8, 10.25, 8.5], "texture": "#0"},
				"west": {"uv": [10.125, 8, 10.25, 8.5], "texture": "#0"},
				"up": {"uv": [10.125, 8, 10.25, 8.125], "texture": "#0"},
				"down": {"uv": [10.125, 8.375, 10.25, 8.5], "texture": "#0"}
			}
		},
		{
			"name": "carian_sword_16",
			"from": [8.125, 7.5, 7.95],
			"to": [8.25, 8, 8.175],
			"faces": {
				"north": {"uv": [10.75, 8, 10.625, 8.5], "texture": "#0"},
				"east": {"uv": [10.625, 8, 10.75, 8.5], "texture": "#0"},
				"south": {"uv": [10.625, 8, 10.75, 8.5], "texture": "#0"},
				"west": {"uv": [10.625, 8, 10.75, 8.5], "texture": "#0"},
				"up": {"uv": [10.625, 8, 10.75, 8.125], "texture": "#0"},
				"down": {"uv": [10.625, 8.375, 10.75, 8.5], "texture": "#0"}
			}
		},
		{
			"name": "carian_sword_17",
			"from": [7.625, 6, 7.9],
			"to": [7.75, 7.5, 8.225],
			"faces": {
				"north": {"uv": [7.75, 8.5, 7.625, 10], "texture": "#0"},
				"east": {"uv": [7.625, 8.5, 7.75, 10], "texture": "#0"},
				"south": {"uv": [7.625, 8.5, 7.75, 10], "texture": "#0"},
				"west": {"uv": [7.625, 8.5, 7.75, 10], "texture": "#0"},
				"up": {"uv": [7.625, 8.5, 7.75, 8.625], "texture": "#0"},
				"down": {"uv": [7.625, 9.875, 7.75, 10], "texture": "#0"}
			}
		},
		{
			"name": "carian_sword_18",
			"from": [8.125, 6, 7.9],
			"to": [8.25, 7.5, 8.225],
			"faces": {
				"north": {"uv": [8.25, 8.5, 8.125, 10], "texture": "#0"},
				"east": {"uv": [8.125, 8.5, 8.25, 10], "texture": "#0"},
				"south": {"uv": [8.125, 8.5, 8.25, 10], "texture": "#0"},
				"west": {"uv": [8.125, 8.5, 8.25, 10], "texture": "#0"},
				"up": {"uv": [8.125, 8.5, 8.25, 8.625], "texture": "#0"},
				"down": {"uv": [8.125, 9.875, 8.25, 10], "texture": "#0"}
			}
		},
		{
			"name": "carian_sword_19",
			"from": [7.875, 5.125, 7.8],
			"to": [8, 6.25, 8.325],
			"faces": {
				"north": {"uv": [6, 8.75, 5.875, 9.875], "texture": "#0"},
				"east": {"uv": [5.875, 8.75, 6, 9.875], "texture": "#0"},
				"south": {"uv": [5.875, 8.75, 6, 9.875], "texture": "#0"},
				"west": {"uv": [5.875, 8.75, 6, 9.875], "texture": "#0"},
				"up": {"uv": [5.875, 8.75, 6, 8.875], "texture": "#0"},
				"down": {"uv": [5.875, 9.75, 6, 9.875], "texture": "#0"}
			}
		},
		{
			"name": "carian_sword_20",
			"from": [7.75, 5.5, 7.8],
			"to": [7.875, 5.875, 8.325],
			"faces": {
				"north": {"uv": [5.875, 9.125, 5.75, 9.5], "texture": "#0"},
				"east": {"uv": [5.75, 9.125, 5.875, 9.5], "texture": "#0"},
				"south": {"uv": [5.75, 9.125, 5.875, 9.5], "texture": "#0"},
				"west": {"uv": [5.75, 9.125, 5.875, 9.5], "texture": "#0"},
				"up": {"uv": [5.75, 9.125, 5.875, 9.25], "texture": "#0"},
				"down": {"uv": [5.75, 9.375, 5.875, 9.5], "texture": "#0"}
			}
		},
		{
			"name": "carian_sword_21",
			"from": [8, 5.5, 7.8],
			"to": [8.125, 5.875, 8.325],
			"faces": {
				"north": {"uv": [6.125, 9.125, 6, 9.5], "texture": "#0"},
				"east": {"uv": [6, 9.125, 6.125, 9.5], "texture": "#0"},
				"south": {"uv": [6, 9.125, 6.125, 9.5], "texture": "#0"},
				"west": {"uv": [6, 9.125, 6.125, 9.5], "texture": "#0"},
				"up": {"uv": [6, 9.125, 6.125, 9.25], "texture": "#0"},
				"down": {"uv": [6, 9.375, 6.125, 9.5], "texture": "#0"}
			}
		},
		{
			"name": "carian_sword_22",
			"from": [7.5, 6, 7.9],
			"to": [7.625, 6.875, 8.225],
			"faces": {
				"north": {"uv": [7.625, 9.125, 7.5, 10], "texture": "#0"},
				"east": {"uv": [7.5, 9.125, 7.625, 10], "texture": "#0"},
				"south": {"uv": [7.5, 9.125, 7.625, 10], "texture": "#0"},
				"west": {"uv": [7.5, 9.125, 7.625, 10], "texture": "#0"},
				"up": {"uv": [7.5, 9.125, 7.625, 9.25], "texture": "#0"},
				"down": {"uv": [7.5, 9.875, 7.625, 10], "texture": "#0"}
			}
		},
		{
			"name": "carian_sword_23",
			"from": [8.25, 6, 7.9],
			"to": [8.375, 6.875, 8.225],
			"faces": {
				"north": {"uv": [8.375, 9.125, 8.25, 10], "texture": "#0"},
				"east": {"uv": [8.25, 9.125, 8.375, 10], "texture": "#0"},
				"south": {"uv": [8.25, 9.125, 8.375, 10], "texture": "#0"},
				"west": {"uv": [8.25, 9.125, 8.375, 10], "texture": "#0"},
				"up": {"uv": [8.25, 9.125, 8.375, 9.25], "texture": "#0"},
				"down": {"uv": [8.25, 9.875, 8.375, 10], "texture": "#0"}
			}
		},
		{
			"name": "carian_sword_24",
			"from": [7.375, 5.625, 7.8],
			"to": [7.75, 5.75, 8.325],
			"faces": {
				"north": {"uv": [5.75, 9.25, 5.375, 9.375], "texture": "#0"},
				"east": {"uv": [5.625, 9.25, 5.75, 9.375], "texture": "#0"},
				"south": {"uv": [5.375, 9.25, 5.75, 9.375], "texture": "#0"},
				"west": {"uv": [5.375, 9.25, 5.5, 9.375], "texture": "#0"},
				"up": {"uv": [5.375, 9.25, 5.75, 9.375], "texture": "#0"},
				"down": {"uv": [5.375, 9.25, 5.75, 9.375], "texture": "#0"}
			}
		},
		{
			"name": "carian_sword_25",
			"from": [8.125, 5.625, 7.8],
			"to": [8.5, 5.75, 8.325],
			"faces": {
				"north": {"uv": [6.5, 9.25, 6.125, 9.375], "texture": "#0"},
				"east": {"uv": [6.375, 9.25, 6.5, 9.375], "texture": "#0"},
				"south": {"uv": [6.125, 9.25, 6.5, 9.375], "texture": "#0"},
				"west": {"uv": [6.125, 9.25, 6.25, 9.375], "texture": "#0"},
				"up": {"uv": [6.125, 9.25, 6.5, 9.375], "texture": "#0"},
				"down": {"uv": [6.125, 9.25, 6.5, 9.375], "texture": "#0"}
			}
		},
		{
			"name": "carian_sword_26",
			"from": [6.75, 5.75, 7.85],
			"to": [6.875, 6, 8.275],
			"faces": {
				"north": {"uv": [4.875, 10, 4.75, 10.25], "texture": "#0"},
				"east": {"uv": [4.75, 10, 4.875, 10.25], "texture": "#0"},
				"south": {"uv": [4.75, 10, 4.875, 10.25], "texture": "#0"},
				"west": {"uv": [4.75, 10, 4.875, 10.25], "texture": "#0"},
				"up": {"uv": [4.75, 10, 4.875, 10.125], "texture": "#0"},
				"down": {"uv": [4.75, 10.125, 4.875, 10.25], "texture": "#0"}
			}
		},
		{
			"name": "carian_sword_27",
			"from": [7.5, 5.75, 7.85],
			"to": [7.75, 6, 8.275],
			"faces": {
				"north": {"uv": [5.75, 10, 5.5, 10.25], "texture": "#0"},
				"east": {"uv": [5.625, 10, 5.75, 10.25], "texture": "#0"},
				"south": {"uv": [5.5, 10, 5.75, 10.25], "texture": "#0"},
				"west": {"uv": [5.5, 10, 5.625, 10.25], "texture": "#0"},
				"up": {"uv": [5.5, 10, 5.75, 10.125], "texture": "#0"},
				"down": {"uv": [5.5, 10.125, 5.75, 10.25], "texture": "#0"}
			}
		},
		{
			"name": "carian_sword_28",
			"from": [8.125, 5.75, 7.85],
			"to": [8.375, 6, 8.275],
			"faces": {
				"north": {"uv": [6.375, 10, 6.125, 10.25], "texture": "#0"},
				"east": {"uv": [6.25, 10, 6.375, 10.25], "texture": "#0"},
				"south": {"uv": [6.125, 10, 6.375, 10.25], "texture": "#0"},
				"west": {"uv": [6.125, 10, 6.25, 10.25], "texture": "#0"},
				"up": {"uv": [6.125, 10, 6.375, 10.125], "texture": "#0"},
				"down": {"uv": [6.125, 10.125, 6.375, 10.25], "texture": "#0"}
			}
		},
		{
			"name": "carian_sword_29",
			"from": [9, 5.75, 7.85],
			"to": [9.125, 6, 8.275],
			"faces": {
				"north": {"uv": [7.125, 10, 7, 10.25], "texture": "#0"},
				"east": {"uv": [7, 10, 7.125, 10.25], "texture": "#0"},
				"south": {"uv": [7, 10, 7.125, 10.25], "texture": "#0"},
				"west": {"uv": [7, 10, 7.125, 10.25], "texture": "#0"},
				"up": {"uv": [7, 10, 7.125, 10.125], "texture": "#0"},
				"down": {"uv": [7, 10.125, 7.125, 10.25], "texture": "#0"}
			}
		},
		{
			"name": "carian_sword_30",
			"from": [6.625, 5.5, 7.9],
			"to": [6.75, 5.875, 8.225],
			"faces": {
				"north": {"uv": [4.5, 10.125, 4.375, 10.5], "texture": "#0"},
				"east": {"uv": [4.375, 10.125, 4.5, 10.5], "texture": "#0"},
				"south": {"uv": [4.375, 10.125, 4.5, 10.5], "texture": "#0"},
				"west": {"uv": [4.375, 10.125, 4.5, 10.5], "texture": "#0"},
				"up": {"uv": [4.375, 10.125, 4.5, 10.25], "texture": "#0"},
				"down": {"uv": [4.375, 10.375, 4.5, 10.5], "texture": "#0"}
			}
		},
		{
			"name": "carian_sword_31",
			"from": [6.875, 5.5, 7.85],
			"to": [7.375, 5.875, 8.275],
			"faces": {
				"north": {"uv": [5.375, 10.125, 4.875, 10.5], "texture": "#0"},
				"east": {"uv": [5.25, 10.125, 5.375, 10.5], "texture": "#0"},
				"south": {"uv": [4.875, 10.125, 5.375, 10.5], "texture": "#0"},
				"west": {"uv": [4.875, 10.125, 5, 10.5], "texture": "#0"},
				"up": {"uv": [4.875, 10.125, 5.375, 10.25], "texture": "#0"},
				"down": {"uv": [4.875, 10.375, 5.375, 10.5], "texture": "#0"}
			}
		},
		{
			"name": "carian_sword_32",
			"from": [7.375, 5.75, 7.85],
			"to": [7.5, 5.875, 8.275],
			"faces": {
				"north": {"uv": [5.5, 10.125, 5.375, 10.25], "texture": "#0"},
				"east": {"uv": [5.375, 10.125, 5.5, 10.25], "texture": "#0"},
				"south": {"uv": [5.375, 10.125, 5.5, 10.25], "texture": "#0"},
				"west": {"uv": [5.375, 10.125, 5.5, 10.25], "texture": "#0"},
				"up": {"uv": [5.375, 10.125, 5.5, 10.25], "texture": "#0"},
				"down": {"uv": [5.375, 10.125, 5.5, 10.25], "texture": "#0"}
			}
		},
		{
			"name": "carian_sword_33",
			"from": [8.375, 5.75, 7.85],
			"to": [9, 5.875, 8.275],
			"faces": {
				"north": {"uv": [7, 10.125, 6.375, 10.25], "texture": "#0"},
				"east": {"uv": [6.875, 10.125, 7, 10.25], "texture": "#0"},
				"south": {"uv": [6.375, 10.125, 7, 10.25], "texture": "#0"},
				"west": {"uv": [6.375, 10.125, 6.5, 10.25], "texture": "#0"},
				"up": {"uv": [6.375, 10.125, 7, 10.25], "texture": "#0"},
				"down": {"uv": [6.375, 10.125, 7, 10.25], "texture": "#0"}
			}
		},
		{
			"name": "carian_sword_34",
			"from": [9.125, 5.5, 7.9],
			"to": [9.25, 5.875, 8.225],
			"faces": {
				"north": {"uv": [7.5, 10.125, 7.375, 10.5], "texture": "#0"},
				"east": {"uv": [7.375, 10.125, 7.5, 10.5], "texture": "#0"},
				"south": {"uv": [7.375, 10.125, 7.5, 10.5], "texture": "#0"},
				"west": {"uv": [7.375, 10.125, 7.5, 10.5], "texture": "#0"},
				"up": {"uv": [7.375, 10.125, 7.5, 10.25], "texture": "#0"},
				"down": {"uv": [7.375, 10.375, 7.5, 10.5], "texture": "#0"}
			}
		},
		{
			"name": "carian_sword_35",
			"from": [6.5, 5.625, 7.9],
			"to": [6.625, 5.75, 8.225],
			"faces": {
				"north": {"uv": [4.375, 10.25, 4.25, 10.375], "texture": "#0"},
				"east": {"uv": [4.25, 10.25, 4.375, 10.375], "texture": "#0"},
				"south": {"uv": [4.25, 10.25, 4.375, 10.375], "texture": "#0"},
				"west": {"uv": [4.25, 10.25, 4.375, 10.375], "texture": "#0"},
				"up": {"uv": [4.25, 10.25, 4.375, 10.375], "texture": "#0"},
				"down": {"uv": [4.25, 10.25, 4.375, 10.375], "texture": "#0"}
			}
		},
		{
			"name": "carian_sword_36",
			"from": [6.75, 5.625, 7.9],
			"to": [6.875, 5.75, 8.225],
			"faces": {
				"north": {"uv": [4.625, 10.25, 4.5, 10.375], "texture": "#0"},
				"east": {"uv": [4.5, 10.25, 4.625, 10.375], "texture": "#0"},
				"south": {"uv": [4.5, 10.25, 4.625, 10.375], "texture": "#0"},
				"west": {"uv": [4.5, 10.25, 4.625, 10.375], "texture": "#0"},
				"up": {"uv": [4.5, 10.25, 4.625, 10.375], "texture": "#0"},
				"down": {"uv": [4.5, 10.25, 4.625, 10.375], "texture": "#0"}
			}
		},
		{
			"name": "carian_sword_37",
			"from": [8.5, 5.5, 7.85],
			"to": [9, 5.75, 8.275],
			"faces": {
				"north": {"uv": [7, 10.25, 6.5, 10.5], "texture": "#0"},
				"east": {"uv": [6.875, 10.25, 7, 10.5], "texture": "#0"},
				"south": {"uv": [6.5, 10.25, 7, 10.5], "texture": "#0"},
				"west": {"uv": [6.5, 10.25, 6.625, 10.5], "texture": "#0"},
				"up": {"uv": [6.5, 10.25, 7, 10.375], "texture": "#0"},
				"down": {"uv": [6.5, 10.375, 7, 10.5], "texture": "#0"}
			}
		},
		{
			"name": "carian_sword_38",
			"from": [9, 5.625, 7.9],
			"to": [9.125, 5.75, 8.225],
			"faces": {
				"north": {"uv": [7.375, 10.25, 7.25, 10.375], "texture": "#0"},
				"east": {"uv": [7.25, 10.25, 7.375, 10.375], "texture": "#0"},
				"south": {"uv": [7.25, 10.25, 7.375, 10.375], "texture": "#0"},
				"west": {"uv": [7.25, 10.25, 7.375, 10.375], "texture": "#0"},
				"up": {"uv": [7.25, 10.25, 7.375, 10.375], "texture": "#0"},
				"down": {"uv": [7.25, 10.25, 7.375, 10.375], "texture": "#0"}
			}
		},
		{
			"name": "carian_sword_39",
			"from": [9.25, 5.625, 7.9],
			"to": [9.375, 5.75, 8.225],
			"faces": {
				"north": {"uv": [7.625, 10.25, 7.5, 10.375], "texture": "#0"},
				"east": {"uv": [7.5, 10.25, 7.625, 10.375], "texture": "#0"},
				"south": {"uv": [7.5, 10.25, 7.625, 10.375], "texture": "#0"},
				"west": {"uv": [7.5, 10.25, 7.625, 10.375], "texture": "#0"},
				"up": {"uv": [7.5, 10.25, 7.625, 10.375], "texture": "#0"},
				"down": {"uv": [7.5, 10.25, 7.625, 10.375], "texture": "#0"}
			}
		},
		{
			"name": "carian_sword_40",
			"from": [6.75, 5.375, 7.85],
			"to": [6.875, 5.625, 8.275],
			"faces": {
				"north": {"uv": [4.875, 10.375, 4.75, 10.625], "texture": "#0"},
				"east": {"uv": [4.75, 10.375, 4.875, 10.625], "texture": "#0"},
				"south": {"uv": [4.75, 10.375, 4.875, 10.625], "texture": "#0"},
				"west": {"uv": [4.75, 10.375, 4.875, 10.625], "texture": "#0"},
				"up": {"uv": [4.75, 10.375, 4.875, 10.5], "texture": "#0"},
				"down": {"uv": [4.75, 10.5, 4.875, 10.625], "texture": "#0"}
			}
		},
		{
			"name": "carian_sword_41",
			"from": [7.375, 5.5, 7.85],
			"to": [7.75, 5.625, 8.275],
			"faces": {
				"north": {"uv": [5.75, 10.375, 5.375, 10.5], "texture": "#0"},
				"east": {"uv": [5.625, 10.375, 5.75, 10.5], "texture": "#0"},
				"south": {"uv": [5.375, 10.375, 5.75, 10.5], "texture": "#0"},
				"west": {"uv": [5.375, 10.375, 5.5, 10.5], "texture": "#0"},
				"up": {"uv": [5.375, 10.375, 5.75, 10.5], "texture": "#0"},
				"down": {"uv": [5.375, 10.375, 5.75, 10.5], "texture": "#0"}
			}
		},
		{
			"name": "carian_sword_42",
			"from": [8.125, 5.375, 7.85],
			"to": [8.375, 5.625, 8.275],
			"faces": {
				"north": {"uv": [6.375, 10.375, 6.125, 10.625], "texture": "#0"},
				"east": {"uv": [6.25, 10.375, 6.375, 10.625], "texture": "#0"},
				"south": {"uv": [6.125, 10.375, 6.375, 10.625], "texture": "#0"},
				"west": {"uv": [6.125, 10.375, 6.25, 10.625], "texture": "#0"},
				"up": {"uv": [6.125, 10.375, 6.375, 10.5], "texture": "#0"},
				"down": {"uv": [6.125, 10.5, 6.375, 10.625], "texture": "#0"}
			}
		},
		{
			"name": "carian_sword_43",
			"from": [8.375, 5.5, 7.85],
			"to": [8.5, 5.625, 8.275],
			"faces": {
				"north": {"uv": [6.5, 10.375, 6.375, 10.5], "texture": "#0"},
				"east": {"uv": [6.375, 10.375, 6.5, 10.5], "texture": "#0"},
				"south": {"uv": [6.375, 10.375, 6.5, 10.5], "texture": "#0"},
				"west": {"uv": [6.375, 10.375, 6.5, 10.5], "texture": "#0"},
				"up": {"uv": [6.375, 10.375, 6.5, 10.5], "texture": "#0"},
				"down": {"uv": [6.375, 10.375, 6.5, 10.5], "texture": "#0"}
			}
		},
		{
			"name": "carian_sword_44",
			"from": [9, 5.375, 7.85],
			"to": [9.125, 5.625, 8.275],
			"faces": {
				"north": {"uv": [7.125, 10.375, 7, 10.625], "texture": "#0"},
				"east": {"uv": [7, 10.375, 7.125, 10.625], "texture": "#0"},
				"south": {"uv": [7, 10.375, 7.125, 10.625], "texture": "#0"},
				"west": {"uv": [7, 10.375, 7.125, 10.625], "texture": "#0"},
				"up": {"uv": [7, 10.375, 7.125, 10.5], "texture": "#0"},
				"down": {"uv": [7, 10.5, 7.125, 10.625], "texture": "#0"}
			}
		},
		{
			"name": "carian_sword_45",
			"from": [7.5, 5.375, 7.85],
			"to": [7.875, 5.5, 8.275],
			"faces": {
				"north": {"uv": [5.875, 10.5, 5.5, 10.625], "texture": "#0"},
				"east": {"uv": [5.75, 10.5, 5.875, 10.625], "texture": "#0"},
				"south": {"uv": [5.5, 10.5, 5.875, 10.625], "texture": "#0"},
				"west": {"uv": [5.5, 10.5, 5.625, 10.625], "texture": "#0"},
				"up": {"uv": [5.5, 10.5, 5.875, 10.625], "texture": "#0"},
				"down": {"uv": [5.5, 10.5, 5.875, 10.625], "texture": "#0"}
			}
		},
		{
			"name": "carian_sword_46",
			"from": [8, 5, 7.85],
			"to": [8.125, 5.5, 8.275],
			"faces": {
				"north": {"uv": [6.125, 10.5, 6, 11], "texture": "#0"},
				"east": {"uv": [6, 10.5, 6.125, 11], "texture": "#0"},
				"south": {"uv": [6, 10.5, 6.125, 11], "texture": "#0"},
				"west": {"uv": [6, 10.5, 6.125, 11], "texture": "#0"},
				"up": {"uv": [6, 10.5, 6.125, 10.625], "texture": "#0"},
				"down": {"uv": [6, 10.875, 6.125, 11], "texture": "#0"}
			}
		},
		{
			"name": "carian_sword_47",
			"from": [7.625, 5.25, 7.85],
			"to": [7.875, 5.375, 8.275],
			"faces": {
				"north": {"uv": [5.875, 10.625, 5.625, 10.75], "texture": "#0"},
				"east": {"uv": [5.75, 10.625, 5.875, 10.75], "texture": "#0"},
				"south": {"uv": [5.625, 10.625, 5.875, 10.75], "texture": "#0"},
				"west": {"uv": [5.625, 10.625, 5.75, 10.75], "texture": "#0"},
				"up": {"uv": [5.625, 10.625, 5.875, 10.75], "texture": "#0"},
				"down": {"uv": [5.625, 10.625, 5.875, 10.75], "texture": "#0"}
			}
		},
		{
			"name": "carian_sword_48",
			"from": [8.125, 5.25, 7.85],
			"to": [8.25, 5.375, 8.275],
			"faces": {
				"north": {"uv": [6.25, 10.625, 6.125, 10.75], "texture": "#0"},
				"east": {"uv": [6.125, 10.625, 6.25, 10.75], "texture": "#0"},
				"south": {"uv": [6.125, 10.625, 6.25, 10.75], "texture": "#0"},
				"west": {"uv": [6.125, 10.625, 6.25, 10.75], "texture": "#0"},
				"up": {"uv": [6.125, 10.625, 6.25, 10.75], "texture": "#0"},
				"down": {"uv": [6.125, 10.625, 6.25, 10.75], "texture": "#0"}
			}
		},
		{
			"name": "carian_sword_49",
			"from": [7.75, 5, 7.85],
			"to": [7.875, 5.25, 8.275],
			"faces": {
				"north": {"uv": [5.875, 10.75, 5.75, 11], "texture": "#0"},
				"east": {"uv": [5.75, 10.75, 5.875, 11], "texture": "#0"},
				"south": {"uv": [5.75, 10.75, 5.875, 11], "texture": "#0"},
				"west": {"uv": [5.75, 10.75, 5.875, 11], "texture": "#0"},
				"up": {"uv": [5.75, 10.75, 5.875, 10.875], "texture": "#0"},
				"down": {"uv": [5.75, 10.875, 5.875, 11], "texture": "#0"}
			}
		},
		{
			"name": "carian_sword_50",
			"from": [7.875, 5, 7.85],
			"to": [8, 5.125, 8.275],
			"faces": {
				"north": {"uv": [6, 10.875, 5.875, 11], "texture": "#0"},
				"east": {"uv": [5.875, 10.875, 6, 11], "texture": "#0"},
				"south": {"uv": [5.875, 10.875, 6, 11], "texture": "#0"},
				"west": {"uv": [5.875, 10.875, 6, 11], "texture": "#0"},
				"up": {"uv": [5.875, 10.875, 6, 11], "texture": "#0"},
				"down": {"uv": [5.875, 10.875, 6, 11], "texture": "#0"}
			}
		},
		{
			"name": "carian_sword_51",
			"from": [7.625, 3.75, 7.8],
			"to": [8.25, 5, 8.325],
			"faces": {
				"north": {"uv": [6.25, 11.25, 5.625, 12.5], "texture": "#0"},
				"east": {"uv": [6.25, 11.25, 5.625, 12.5], "texture": "#0"},
				"south": {"uv": [5.625, 11.25, 6.25, 12.5], "texture": "#0"},
				"west": {"uv": [6.25, 11.25, 5.625, 12.5], "texture": "#0"},
				"up": {"uv": [5.625, 11.25, 6.25, 11.375], "texture": "#0"},
				"down": {"uv": [5.625, 12.375, 6.25, 12.5], "texture": "#0"}
			}
		},
		{
			"name": "carian_sword_52",
			"from": [7.75, 2.75, 7.9],
			"to": [8.125, 3.75, 8.225],
			"faces": {
				"north": {"uv": [6.125, 12.75, 5.75, 13.75], "texture": "#0"},
				"east": {"uv": [6.125, 12.75, 5.75, 13.75], "texture": "#0"},
				"south": {"uv": [5.75, 12.75, 6.125, 13.75], "texture": "#0"},
				"west": {"uv": [6.125, 12.75, 5.75, 13.75], "texture": "#0"},
				"up": {"uv": [5.75, 12.75, 6.125, 12.875], "texture": "#0"},
				"down": {"uv": [5.75, 13.625, 6.125, 13.75], "texture": "#0"}
			}
		},
		{
			"name": "carian_sword_53",
			"from": [7.625, 2.25, 7.75],
			"to": [8.25, 2.75, 8.375],
			"faces": {
				"north": {"uv": [6.25, 14, 5.625, 14.5], "texture": "#0"},
				"east": {"uv": [6.25, 14, 5.625, 14.5], "texture": "#0"},
				"south": {"uv": [5.625, 14, 6.25, 14.5], "texture": "#0"},
				"west": {"uv": [6.25, 14, 5.625, 14.5], "texture": "#0"},
				"up": {"uv": [5.625, 14, 6.25, 14.125], "texture": "#0"},
				"down": {"uv": [5.625, 14.375, 6.25, 14.5], "texture": "#0"}
			}
		},
		{
			"name": "carian_sword_54",
			"from": [7.75, 1.25, 7.8],
			"to": [8.125, 2.25, 8.325],
			"faces": {
				"north": {"uv": [6.125, 14.75, 5.75, 15.75], "texture": "#0"},
				"east": {"uv": [6, 14.75, 6.125, 15.75], "texture": "#0"},
				"south": {"uv": [5.75, 14.75, 6.125, 15.75], "texture": "#0"},
				"west": {"uv": [5.75, 14.75, 5.875, 15.75], "texture": "#0"},
				"up": {"uv": [5.75, 14.75, 6.125, 14.875], "texture": "#0"},
				"down": {"uv": [5.75, 15.625, 6.125, 15.75], "texture": "#0"}
			}
		},
		{
			"name": "carian_sword_55",
			"from": [7.625, 1.375, 7.8],
			"to": [7.75, 2.125, 8.325],
			"faces": {
				"north": {"uv": [5.75, 14.875, 5.625, 15.625], "texture": "#0"},
				"east": {"uv": [5.625, 14.875, 5.75, 15.625], "texture": "#0"},
				"south": {"uv": [5.625, 14.875, 5.75, 15.625], "texture": "#0"},
				"west": {"uv": [5.625, 14.875, 5.75, 15.625], "texture": "#0"},
				"up": {"uv": [5.625, 14.875, 5.75, 15], "texture": "#0"},
				"down": {"uv": [5.625, 15.5, 5.75, 15.625], "texture": "#0"}
			}
		},
		{
			"name": "carian_sword_56",
			"from": [8.125, 1.375, 7.8],
			"to": [8.25, 2.125, 8.325],
			"faces": {
				"north": {"uv": [6.25, 14.875, 6.125, 15.625], "texture": "#0"},
				"east": {"uv": [6.125, 14.875, 6.25, 15.625], "texture": "#0"},
				"south": {"uv": [6.125, 14.875, 6.25, 15.625], "texture": "#0"},
				"west": {"uv": [6.125, 14.875, 6.25, 15.625], "texture": "#0"},
				"up": {"uv": [6.125, 14.875, 6.25, 15], "texture": "#0"},
				"down": {"uv": [6.125, 15.5, 6.25, 15.625], "texture": "#0"}
			}
		},
		{
			"name": "carian_sword_57",
			"from": [7.5, 1.5, 7.8],
			"to": [7.625, 2, 8.325],
			"faces": {
				"north": {"uv": [5.625, 15, 5.5, 15.5], "texture": "#0"},
				"east": {"uv": [5.5, 15, 5.625, 15.5], "texture": "#0"},
				"south": {"uv": [5.5, 15, 5.625, 15.5], "texture": "#0"},
				"west": {"uv": [5.5, 15, 5.625, 15.5], "texture": "#0"},
				"up": {"uv": [5.5, 15, 5.625, 15.125], "texture": "#0"},
				"down": {"uv": [5.5, 15.375, 5.625, 15.5], "texture": "#0"}
			}
		},
		{
			"name": "carian_sword_58",
			"from": [8.25, 1.5, 7.8],
			"to": [8.375, 2, 8.325],
			"faces": {
				"north": {"uv": [6.375, 15, 6.25, 15.5], "texture": "#0"},
				"east": {"uv": [6.25, 15, 6.375, 15.5], "texture": "#0"},
				"south": {"uv": [6.25, 15, 6.375, 15.5], "texture": "#0"},
				"west": {"uv": [6.25, 15, 6.375, 15.5], "texture": "#0"},
				"up": {"uv": [6.25, 15, 6.375, 15.125], "texture": "#0"},
				"down": {"uv": [6.25, 15.375, 6.375, 15.5], "texture": "#0"}
			}
		}
	],
	"gui_light": "front",
	"display": {
		"thirdperson_righthand": {
			"rotation": [0, -90, 0],
			"translation": [0, 8.5, 1.25],
			"scale": [2.5, 2.5, 2]
		},
		"thirdperson_lefthand": {
			"rotation": [0, -90, 0],
			"translation": [0, 8.5, 1.25],
			"scale": [2.5, 2.5, 2]
		},
		"firstperson_righthand": {
			"rotation": [0, -90, -4],
			"translation": [0.75, 7.25, 1.5],
			"scale": [2, 2, 1.75]
		},
		"firstperson_lefthand": {
			"rotation": [0, 90, 1],
			"translation": [1.5, 6.75, 0.5],
			"scale": [2, 2, 1.75]
		},
		"ground": {
			"translation": [0, 8.5, 0],
			"scale": [2.5, 2.5, 2.5]
		},
		"gui": {
			"rotation": [0, 0, -42],
			"translation": [1.5, 1.5, 0],
			"scale": [2, 2, 1]
		},
		"fixed": {
			"rotation": [-180, 0, 138],
			"translation": [-1.25, 1.75, -0.75],
			"scale": [4, 4, 3]
		}
	},
	"groups": [
		{
			"name": "carian_sword",
			"origin": [8, 8, 8],
			"color": 0,
			"children": [
				0,
				1,
				2,
				3,
				4,
				5,
				6,
				7,
				8,
				9,
				10,
				11,
				12,
				13,
				14,
				15,
				16,
				17,
				18,
				19,
				20,
				21,
				22,
				23,
				24,
				25,
				26,
				27,
				28,
				29,
				30,
				31,
				32,
				33,
				34,
				35,
				36,
				37,
				38,
				39,
				40,
				41,
				42,
				43,
				44,
				45,
				46,
				47,
				48,
				49,
				50,
				51,
				52,
				53,
				54,
				55,
				56,
				57,
				58
			]
		}
	]
}