{
	"credit": "Made with Blockbench",
	"textures": {
		"0": "item/diamond_sword/corrupted_mythic_blade",
		"particle": "item/diamond_sword/corrupted_mythic_blade"
	},
	"elements": [
		{
			"name": "corrupted_mythic_blade_0",
			"from": [7.875, 14.375, 8],
			"to": [8.125, 14.875, 8.125],
			"faces": {
				"north": {"uv": [5.625, 1.125, 5.375, 1.625], "texture": "#0"},
				"east": {"uv": [5.5, 1.125, 5.625, 1.625], "texture": "#0"},
				"south": {"uv": [5.375, 1.125, 5.625, 1.625], "texture": "#0"},
				"west": {"uv": [5.375, 1.125, 5.5, 1.625], "texture": "#0"},
				"up": {"uv": [5.375, 1.125, 5.625, 1.25], "texture": "#0"},
				"down": {"uv": [5.375, 1.5, 5.625, 1.625], "texture": "#0"}
			}
		},
		{
			"name": "corrupted_mythic_blade_1",
			"from": [7.75, 13.75, 8],
			"to": [7.875, 14.375, 8.125],
			"faces": {
				"north": {"uv": [5.375, 1.625, 5.25, 2.25], "texture": "#0"},
				"east": {"uv": [5.25, 1.625, 5.375, 2.25], "texture": "#0"},
				"south": {"uv": [5.25, 1.625, 5.375, 2.25], "texture": "#0"},
				"west": {"uv": [5.25, 1.625, 5.375, 2.25], "texture": "#0"},
				"up": {"uv": [5.25, 1.625, 5.375, 1.75], "texture": "#0"},
				"down": {"uv": [5.25, 2.125, 5.375, 2.25], "texture": "#0"}
			}
		},
		{
			"name": "corrupted_mythic_blade_2",
			"from": [8.125, 13.75, 8],
			"to": [8.25, 14.375, 8.125],
			"faces": {
				"north": {"uv": [5.75, 1.625, 5.625, 2.25], "texture": "#0"},
				"east": {"uv": [5.625, 1.625, 5.75, 2.25], "texture": "#0"},
				"south": {"uv": [5.625, 1.625, 5.75, 2.25], "texture": "#0"},
				"west": {"uv": [5.625, 1.625, 5.75, 2.25], "texture": "#0"},
				"up": {"uv": [5.625, 1.625, 5.75, 1.75], "texture": "#0"},
				"down": {"uv": [5.625, 2.125, 5.75, 2.25], "texture": "#0"}
			}
		},
		{
			"name": "corrupted_mythic_blade_3",
			"from": [7.875, 11.625, 7.95],
			"to": [8.125, 14.375, 8.175],
			"faces": {
				"north": {"uv": [10.625, 1.625, 10.375, 4.375], "texture": "#0"},
				"east": {"uv": [10.5, 1.625, 10.625, 4.375], "texture": "#0"},
				"south": {"uv": [10.375, 1.625, 10.625, 4.375], "texture": "#0"},
				"west": {"uv": [10.375, 1.625, 10.5, 4.375], "texture": "#0"},
				"up": {"uv": [10.375, 1.625, 10.625, 1.75], "texture": "#0"},
				"down": {"uv": [10.375, 4.25, 10.625, 4.375], "texture": "#0"}
			}
		},
		{
			"name": "corrupted_mythic_blade_4",
			"from": [7.625, 11.25, 8],
			"to": [7.75, 13.75, 8.125],
			"faces": {
				"north": {"uv": [5.25, 2.25, 5.125, 4.75], "texture": "#0"},
				"east": {"uv": [5.125, 2.25, 5.25, 4.75], "texture": "#0"},
				"south": {"uv": [5.125, 2.25, 5.25, 4.75], "texture": "#0"},
				"west": {"uv": [5.125, 2.25, 5.25, 4.75], "texture": "#0"},
				"up": {"uv": [5.125, 2.25, 5.25, 2.375], "texture": "#0"},
				"down": {"uv": [5.125, 4.625, 5.25, 4.75], "texture": "#0"}
			}
		},
		{
			"name": "corrupted_mythic_blade_5",
			"from": [8.25, 11.25, 8],
			"to": [8.375, 13.75, 8.125],
			"faces": {
				"north": {"uv": [5.875, 2.25, 5.75, 4.75], "texture": "#0"},
				"east": {"uv": [5.75, 2.25, 5.875, 4.75], "texture": "#0"},
				"south": {"uv": [5.75, 2.25, 5.875, 4.75], "texture": "#0"},
				"west": {"uv": [5.75, 2.25, 5.875, 4.75], "texture": "#0"},
				"up": {"uv": [5.75, 2.25, 5.875, 2.375], "texture": "#0"},
				"down": {"uv": [5.75, 4.625, 5.875, 4.75], "texture": "#0"}
			}
		},
		{
			"name": "corrupted_mythic_blade_6",
			"from": [7.75, 11.25, 7.95],
			"to": [7.875, 13.75, 8.175],
			"faces": {
				"north": {"uv": [10.375, 2.25, 10.25, 4.75], "texture": "#0"},
				"east": {"uv": [10.25, 2.25, 10.375, 4.75], "texture": "#0"},
				"south": {"uv": [10.25, 2.25, 10.375, 4.75], "texture": "#0"},
				"west": {"uv": [10.25, 2.25, 10.375, 4.75], "texture": "#0"},
				"up": {"uv": [10.25, 2.25, 10.375, 2.375], "texture": "#0"},
				"down": {"uv": [10.25, 4.625, 10.375, 4.75], "texture": "#0"}
			}
		},
		{
			"name": "corrupted_mythic_blade_7",
			"from": [8.125, 11.25, 7.95],
			"to": [8.25, 13.75, 8.175],
			"faces": {
				"north": {"uv": [10.75, 2.25, 10.625, 4.75], "texture": "#0"},
				"east": {"uv": [10.625, 2.25, 10.75, 4.75], "texture": "#0"},
				"south": {"uv": [10.625, 2.25, 10.75, 4.75], "texture": "#0"},
				"west": {"uv": [10.625, 2.25, 10.75, 4.75], "texture": "#0"},
				"up": {"uv": [10.625, 2.25, 10.75, 2.375], "texture": "#0"},
				"down": {"uv": [10.625, 4.625, 10.75, 4.75], "texture": "#0"}
			}
		},
		{
			"name": "corrupted_mythic_blade_8",
			"from": [7.875, 7, 8],
			"to": [8.125, 11.625, 8.125],
			"faces": {
				"north": {"uv": [8.125, 4.375, 7.875, 9], "texture": "#0"},
				"east": {"uv": [8, 4.375, 8.125, 9], "texture": "#0"},
				"south": {"uv": [7.875, 4.375, 8.125, 9], "texture": "#0"},
				"west": {"uv": [7.875, 4.375, 8, 9], "texture": "#0"},
				"up": {"uv": [7.875, 4.375, 8.125, 4.5], "texture": "#0"},
				"down": {"uv": [7.875, 8.875, 8.125, 9], "texture": "#0"}
			}
		},
		{
			"name": "corrupted_mythic_blade_9",
			"from": [7.5, 8.375, 8],
			"to": [7.625, 11.25, 8.125],
			"faces": {
				"north": {"uv": [5.125, 4.75, 5, 7.625], "texture": "#0"},
				"east": {"uv": [5, 4.75, 5.125, 7.625], "texture": "#0"},
				"south": {"uv": [5, 4.75, 5.125, 7.625], "texture": "#0"},
				"west": {"uv": [5, 4.75, 5.125, 7.625], "texture": "#0"},
				"up": {"uv": [5, 4.75, 5.125, 4.875], "texture": "#0"},
				"down": {"uv": [5, 7.5, 5.125, 7.625], "texture": "#0"}
			}
		},
		{
			"name": "corrupted_mythic_blade_10",
			"from": [8.375, 8.375, 8],
			"to": [8.5, 11.25, 8.125],
			"faces": {
				"north": {"uv": [6, 4.75, 5.875, 7.625], "texture": "#0"},
				"east": {"uv": [5.875, 4.75, 6, 7.625], "texture": "#0"},
				"south": {"uv": [5.875, 4.75, 6, 7.625], "texture": "#0"},
				"west": {"uv": [5.875, 4.75, 6, 7.625], "texture": "#0"},
				"up": {"uv": [5.875, 4.75, 6, 4.875], "texture": "#0"},
				"down": {"uv": [5.875, 7.5, 6, 7.625], "texture": "#0"}
			}
		},
		{
			"name": "corrupted_mythic_blade_11",
			"from": [7.75, 6.875, 8],
			"to": [7.875, 11.25, 8.125],
			"faces": {
				"north": {"uv": [7.875, 4.75, 7.75, 9.125], "texture": "#0"},
				"east": {"uv": [7.75, 4.75, 7.875, 9.125], "texture": "#0"},
				"south": {"uv": [7.75, 4.75, 7.875, 9.125], "texture": "#0"},
				"west": {"uv": [7.75, 4.75, 7.875, 9.125], "texture": "#0"},
				"up": {"uv": [7.75, 4.75, 7.875, 4.875], "texture": "#0"},
				"down": {"uv": [7.75, 9, 7.875, 9.125], "texture": "#0"}
			}
		},
		{
			"name": "corrupted_mythic_blade_12",
			"from": [8.125, 6.875, 8],
			"to": [8.25, 11.25, 8.125],
			"faces": {
				"north": {"uv": [8.25, 4.75, 8.125, 9.125], "texture": "#0"},
				"east": {"uv": [8.125, 4.75, 8.25, 9.125], "texture": "#0"},
				"south": {"uv": [8.125, 4.75, 8.25, 9.125], "texture": "#0"},
				"west": {"uv": [8.125, 4.75, 8.25, 9.125], "texture": "#0"},
				"up": {"uv": [8.125, 4.75, 8.25, 4.875], "texture": "#0"},
				"down": {"uv": [8.125, 9, 8.25, 9.125], "texture": "#0"}
			}
		},
		{
			"name": "corrupted_mythic_blade_13",
			"from": [7.625, 8.25, 7.95],
			"to": [7.75, 11.25, 8.175],
			"faces": {
				"north": {"uv": [10.25, 4.75, 10.125, 7.75], "texture": "#0"},
				"east": {"uv": [10.125, 4.75, 10.25, 7.75], "texture": "#0"},
				"south": {"uv": [10.125, 4.75, 10.25, 7.75], "texture": "#0"},
				"west": {"uv": [10.125, 4.75, 10.25, 7.75], "texture": "#0"},
				"up": {"uv": [10.125, 4.75, 10.25, 4.875], "texture": "#0"},
				"down": {"uv": [10.125, 7.625, 10.25, 7.75], "texture": "#0"}
			}
		},
		{
			"name": "corrupted_mythic_blade_14",
			"from": [8.25, 8.25, 7.95],
			"to": [8.375, 11.25, 8.175],
			"faces": {
				"north": {"uv": [10.875, 4.75, 10.75, 7.75], "texture": "#0"},
				"east": {"uv": [10.75, 4.75, 10.875, 7.75], "texture": "#0"},
				"south": {"uv": [10.75, 4.75, 10.875, 7.75], "texture": "#0"},
				"west": {"uv": [10.75, 4.75, 10.875, 7.75], "texture": "#0"},
				"up": {"uv": [10.75, 4.75, 10.875, 4.875], "texture": "#0"},
				"down": {"uv": [10.75, 7.625, 10.875, 7.75], "texture": "#0"}
			}
		},
		{
			"name": "corrupted_mythic_blade_15",
			"from": [7.375, 8.625, 8],
			"to": [7.5, 9.125, 8.125],
			"faces": {
				"north": {"uv": [5, 6.875, 4.875, 7.375], "texture": "#0"},
				"east": {"uv": [4.875, 6.875, 5, 7.375], "texture": "#0"},
				"south": {"uv": [4.875, 6.875, 5, 7.375], "texture": "#0"},
				"west": {"uv": [4.875, 6.875, 5, 7.375], "texture": "#0"},
				"up": {"uv": [4.875, 6.875, 5, 7], "texture": "#0"},
				"down": {"uv": [4.875, 7.25, 5, 7.375], "texture": "#0"}
			}
		},
		{
			"name": "corrupted_mythic_blade_16",
			"from": [8.5, 8.625, 8],
			"to": [8.625, 9.125, 8.125],
			"faces": {
				"north": {"uv": [6.125, 6.875, 6, 7.375], "texture": "#0"},
				"east": {"uv": [6, 6.875, 6.125, 7.375], "texture": "#0"},
				"south": {"uv": [6, 6.875, 6.125, 7.375], "texture": "#0"},
				"west": {"uv": [6, 6.875, 6.125, 7.375], "texture": "#0"},
				"up": {"uv": [6, 6.875, 6.125, 7], "texture": "#0"},
				"down": {"uv": [6, 7.25, 6.125, 7.375], "texture": "#0"}
			}
		},
		{
			"name": "corrupted_mythic_blade_17",
			"from": [7.25, 8.875, 8],
			"to": [7.375, 9, 8.125],
			"faces": {
				"north": {"uv": [4.875, 7, 4.75, 7.125], "texture": "#0"},
				"east": {"uv": [4.75, 7, 4.875, 7.125], "texture": "#0"},
				"south": {"uv": [4.75, 7, 4.875, 7.125], "texture": "#0"},
				"west": {"uv": [4.75, 7, 4.875, 7.125], "texture": "#0"},
				"up": {"uv": [4.75, 7, 4.875, 7.125], "texture": "#0"},
				"down": {"uv": [4.75, 7, 4.875, 7.125], "texture": "#0"}
			}
		},
		{
			"name": "corrupted_mythic_blade_18",
			"from": [8.625, 8.875, 8],
			"to": [8.75, 9, 8.125],
			"faces": {
				"north": {"uv": [6.25, 7, 6.125, 7.125], "texture": "#0"},
				"east": {"uv": [6.125, 7, 6.25, 7.125], "texture": "#0"},
				"south": {"uv": [6.125, 7, 6.25, 7.125], "texture": "#0"},
				"west": {"uv": [6.125, 7, 6.25, 7.125], "texture": "#0"},
				"up": {"uv": [6.125, 7, 6.25, 7.125], "texture": "#0"},
				"down": {"uv": [6.125, 7, 6.25, 7.125], "texture": "#0"}
			}
		},
		{
			"name": "corrupted_mythic_blade_19",
			"from": [7.125, 7.5, 7.9],
			"to": [7.25, 7.875, 8.225],
			"faces": {
				"north": {"uv": [2.25, 7.625, 2.125, 8], "texture": "#0"},
				"east": {"uv": [2.125, 7.625, 2.25, 8], "texture": "#0"},
				"south": {"uv": [2.125, 7.625, 2.25, 8], "texture": "#0"},
				"west": {"uv": [2.125, 7.625, 2.25, 8], "texture": "#0"},
				"up": {"uv": [2.125, 7.625, 2.25, 7.75], "texture": "#0"},
				"down": {"uv": [2.125, 7.875, 2.25, 8], "texture": "#0"}
			}
		},
		{
			"name": "corrupted_mythic_blade_20",
			"from": [8.75, 7.5, 7.9],
			"to": [8.875, 7.875, 8.225],
			"faces": {
				"north": {"uv": [3.875, 7.625, 3.75, 8], "texture": "#0"},
				"east": {"uv": [3.75, 7.625, 3.875, 8], "texture": "#0"},
				"south": {"uv": [3.75, 7.625, 3.875, 8], "texture": "#0"},
				"west": {"uv": [3.75, 7.625, 3.875, 8], "texture": "#0"},
				"up": {"uv": [3.75, 7.625, 3.875, 7.75], "texture": "#0"},
				"down": {"uv": [3.75, 7.875, 3.875, 8], "texture": "#0"}
			}
		},
		{
			"name": "corrupted_mythic_blade_21",
			"from": [7.375, 7.75, 8],
			"to": [7.5, 8.375, 8.125],
			"faces": {
				"north": {"uv": [5, 7.625, 4.875, 8.25], "texture": "#0"},
				"east": {"uv": [4.875, 7.625, 5, 8.25], "texture": "#0"},
				"south": {"uv": [4.875, 7.625, 5, 8.25], "texture": "#0"},
				"west": {"uv": [4.875, 7.625, 5, 8.25], "texture": "#0"},
				"up": {"uv": [4.875, 7.625, 5, 7.75], "texture": "#0"},
				"down": {"uv": [4.875, 8.125, 5, 8.25], "texture": "#0"}
			}
		},
		{
			"name": "corrupted_mythic_blade_22",
			"from": [8.5, 7.75, 8],
			"to": [8.625, 8.375, 8.125],
			"faces": {
				"north": {"uv": [6.125, 7.625, 6, 8.25], "texture": "#0"},
				"east": {"uv": [6, 7.625, 6.125, 8.25], "texture": "#0"},
				"south": {"uv": [6, 7.625, 6.125, 8.25], "texture": "#0"},
				"west": {"uv": [6, 7.625, 6.125, 8.25], "texture": "#0"},
				"up": {"uv": [6, 7.625, 6.125, 7.75], "texture": "#0"},
				"down": {"uv": [6, 8.125, 6.125, 8.25], "texture": "#0"}
			}
		},
		{
			"name": "corrupted_mythic_blade_23",
			"from": [7.5, 7.75, 7.95],
			"to": [7.625, 8.375, 8.175],
			"faces": {
				"north": {"uv": [10.125, 7.625, 10, 8.25], "texture": "#0"},
				"east": {"uv": [10, 7.625, 10.125, 8.25], "texture": "#0"},
				"south": {"uv": [10, 7.625, 10.125, 8.25], "texture": "#0"},
				"west": {"uv": [10, 7.625, 10.125, 8.25], "texture": "#0"},
				"up": {"uv": [10, 7.625, 10.125, 7.75], "texture": "#0"},
				"down": {"uv": [10, 8.125, 10.125, 8.25], "texture": "#0"}
			}
		},
		{
			"name": "corrupted_mythic_blade_24",
			"from": [8.375, 7.75, 7.95],
			"to": [8.5, 8.375, 8.175],
			"faces": {
				"north": {"uv": [11, 7.625, 10.875, 8.25], "texture": "#0"},
				"east": {"uv": [10.875, 7.625, 11, 8.25], "texture": "#0"},
				"south": {"uv": [10.875, 7.625, 11, 8.25], "texture": "#0"},
				"west": {"uv": [10.875, 7.625, 11, 8.25], "texture": "#0"},
				"up": {"uv": [10.875, 7.625, 11, 7.75], "texture": "#0"},
				"down": {"uv": [10.875, 8.125, 11, 8.25], "texture": "#0"}
			}
		},
		{
			"name": "corrupted_mythic_blade_25",
			"from": [7.625, 7.25, 8],
			"to": [7.75, 8.25, 8.125],
			"faces": {
				"north": {"uv": [7.75, 7.75, 7.625, 8.75], "texture": "#0"},
				"east": {"uv": [7.625, 7.75, 7.75, 8.75], "texture": "#0"},
				"south": {"uv": [7.625, 7.75, 7.75, 8.75], "texture": "#0"},
				"west": {"uv": [7.625, 7.75, 7.75, 8.75], "texture": "#0"},
				"up": {"uv": [7.625, 7.75, 7.75, 7.875], "texture": "#0"},
				"down": {"uv": [7.625, 8.625, 7.75, 8.75], "texture": "#0"}
			}
		},
		{
			"name": "corrupted_mythic_blade_26",
			"from": [8.25, 7.25, 8],
			"to": [8.375, 8.25, 8.125],
			"faces": {
				"north": {"uv": [8.375, 7.75, 8.25, 8.75], "texture": "#0"},
				"east": {"uv": [8.25, 7.75, 8.375, 8.75], "texture": "#0"},
				"south": {"uv": [8.25, 7.75, 8.375, 8.75], "texture": "#0"},
				"west": {"uv": [8.25, 7.75, 8.375, 8.75], "texture": "#0"},
				"up": {"uv": [8.25, 7.75, 8.375, 7.875], "texture": "#0"},
				"down": {"uv": [8.25, 8.625, 8.375, 8.75], "texture": "#0"}
			}
		},
		{
			"name": "corrupted_mythic_blade_27",
			"from": [7.25, 7.5, 7.9],
			"to": [7.5, 7.625, 8.225],
			"faces": {
				"north": {"uv": [2.5, 7.875, 2.25, 8], "texture": "#0"},
				"east": {"uv": [2.375, 7.875, 2.5, 8], "texture": "#0"},
				"south": {"uv": [2.25, 7.875, 2.5, 8], "texture": "#0"},
				"west": {"uv": [2.25, 7.875, 2.375, 8], "texture": "#0"},
				"up": {"uv": [2.25, 7.875, 2.5, 8], "texture": "#0"},
				"down": {"uv": [2.25, 7.875, 2.5, 8], "texture": "#0"}
			}
		},
		{
			"name": "corrupted_mythic_blade_28",
			"from": [8.5, 7.5, 7.9],
			"to": [8.75, 7.625, 8.225],
			"faces": {
				"north": {"uv": [3.75, 7.875, 3.5, 8], "texture": "#0"},
				"east": {"uv": [3.625, 7.875, 3.75, 8], "texture": "#0"},
				"south": {"uv": [3.5, 7.875, 3.75, 8], "texture": "#0"},
				"west": {"uv": [3.5, 7.875, 3.625, 8], "texture": "#0"},
				"up": {"uv": [3.5, 7.875, 3.75, 8], "texture": "#0"},
				"down": {"uv": [3.5, 7.875, 3.75, 8], "texture": "#0"}
			}
		},
		{
			"name": "corrupted_mythic_blade_29",
			"from": [7.375, 7.375, 7.9],
			"to": [7.625, 7.5, 8.225],
			"faces": {
				"north": {"uv": [2.625, 8, 2.375, 8.125], "texture": "#0"},
				"east": {"uv": [2.5, 8, 2.625, 8.125], "texture": "#0"},
				"south": {"uv": [2.375, 8, 2.625, 8.125], "texture": "#0"},
				"west": {"uv": [2.375, 8, 2.5, 8.125], "texture": "#0"},
				"up": {"uv": [2.375, 8, 2.625, 8.125], "texture": "#0"},
				"down": {"uv": [2.375, 8, 2.625, 8.125], "texture": "#0"}
			}
		},
		{
			"name": "corrupted_mythic_blade_30",
			"from": [8.375, 7.375, 7.9],
			"to": [8.625, 7.5, 8.225],
			"faces": {
				"north": {"uv": [3.625, 8, 3.375, 8.125], "texture": "#0"},
				"east": {"uv": [3.5, 8, 3.625, 8.125], "texture": "#0"},
				"south": {"uv": [3.375, 8, 3.625, 8.125], "texture": "#0"},
				"west": {"uv": [3.375, 8, 3.5, 8.125], "texture": "#0"},
				"up": {"uv": [3.375, 8, 3.625, 8.125], "texture": "#0"},
				"down": {"uv": [3.375, 8, 3.625, 8.125], "texture": "#0"}
			}
		},
		{
			"name": "corrupted_mythic_blade_31",
			"from": [7.5, 6.625, 7.9],
			"to": [7.625, 7.375, 8.225],
			"faces": {
				"north": {"uv": [2.625, 8.125, 2.5, 8.875], "texture": "#0"},
				"east": {"uv": [2.5, 8.125, 2.625, 8.875], "texture": "#0"},
				"south": {"uv": [2.5, 8.125, 2.625, 8.875], "texture": "#0"},
				"west": {"uv": [2.5, 8.125, 2.625, 8.875], "texture": "#0"},
				"up": {"uv": [2.5, 8.125, 2.625, 8.25], "texture": "#0"},
				"down": {"uv": [2.5, 8.75, 2.625, 8.875], "texture": "#0"}
			}
		},
		{
			"name": "corrupted_mythic_blade_32",
			"from": [8.375, 6.625, 7.9],
			"to": [8.5, 7.375, 8.225],
			"faces": {
				"north": {"uv": [3.5, 8.125, 3.375, 8.875], "texture": "#0"},
				"east": {"uv": [3.375, 8.125, 3.5, 8.875], "texture": "#0"},
				"south": {"uv": [3.375, 8.125, 3.5, 8.875], "texture": "#0"},
				"west": {"uv": [3.375, 8.125, 3.5, 8.875], "texture": "#0"},
				"up": {"uv": [3.375, 8.125, 3.5, 8.25], "texture": "#0"},
				"down": {"uv": [3.375, 8.75, 3.5, 8.875], "texture": "#0"}
			}
		},
		{
			"name": "corrupted_mythic_blade_33",
			"from": [7.625, 6.25, 7.9],
			"to": [7.75, 7.25, 8.225],
			"faces": {
				"north": {"uv": [2.75, 8.25, 2.625, 9.25], "texture": "#0"},
				"east": {"uv": [2.625, 8.25, 2.75, 9.25], "texture": "#0"},
				"south": {"uv": [2.625, 8.25, 2.75, 9.25], "texture": "#0"},
				"west": {"uv": [2.625, 8.25, 2.75, 9.25], "texture": "#0"},
				"up": {"uv": [2.625, 8.25, 2.75, 8.375], "texture": "#0"},
				"down": {"uv": [2.625, 9.125, 2.75, 9.25], "texture": "#0"}
			}
		},
		{
			"name": "corrupted_mythic_blade_34",
			"from": [8.25, 6.25, 7.9],
			"to": [8.375, 7.25, 8.225],
			"faces": {
				"north": {"uv": [3.375, 8.25, 3.25, 9.25], "texture": "#0"},
				"east": {"uv": [3.25, 8.25, 3.375, 9.25], "texture": "#0"},
				"south": {"uv": [3.25, 8.25, 3.375, 9.25], "texture": "#0"},
				"west": {"uv": [3.25, 8.25, 3.375, 9.25], "texture": "#0"},
				"up": {"uv": [3.25, 8.25, 3.375, 8.375], "texture": "#0"},
				"down": {"uv": [3.25, 9.125, 3.375, 9.25], "texture": "#0"}
			}
		},
		{
			"name": "corrupted_mythic_blade_35",
			"from": [7.25, 7.625, 8],
			"to": [7.375, 7.75, 8.125],
			"faces": {
				"north": {"uv": [4.875, 8.25, 4.75, 8.375], "texture": "#0"},
				"east": {"uv": [4.75, 8.25, 4.875, 8.375], "texture": "#0"},
				"south": {"uv": [4.75, 8.25, 4.875, 8.375], "texture": "#0"},
				"west": {"uv": [4.75, 8.25, 4.875, 8.375], "texture": "#0"},
				"up": {"uv": [4.75, 8.25, 4.875, 8.375], "texture": "#0"},
				"down": {"uv": [4.75, 8.25, 4.875, 8.375], "texture": "#0"}
			}
		},
		{
			"name": "corrupted_mythic_blade_36",
			"from": [8.625, 7.625, 8],
			"to": [8.75, 7.75, 8.125],
			"faces": {
				"north": {"uv": [6.25, 8.25, 6.125, 8.375], "texture": "#0"},
				"east": {"uv": [6.125, 8.25, 6.25, 8.375], "texture": "#0"},
				"south": {"uv": [6.125, 8.25, 6.25, 8.375], "texture": "#0"},
				"west": {"uv": [6.125, 8.25, 6.25, 8.375], "texture": "#0"},
				"up": {"uv": [6.125, 8.25, 6.25, 8.375], "texture": "#0"},
				"down": {"uv": [6.125, 8.25, 6.25, 8.375], "texture": "#0"}
			}
		},
		{
			"name": "corrupted_mythic_blade_37",
			"from": [7.5, 7.5, 8],
			"to": [7.625, 7.75, 8.125],
			"faces": {
				"north": {"uv": [7.625, 8.25, 7.5, 8.5], "texture": "#0"},
				"east": {"uv": [7.5, 8.25, 7.625, 8.5], "texture": "#0"},
				"south": {"uv": [7.5, 8.25, 7.625, 8.5], "texture": "#0"},
				"west": {"uv": [7.5, 8.25, 7.625, 8.5], "texture": "#0"},
				"up": {"uv": [7.5, 8.25, 7.625, 8.375], "texture": "#0"},
				"down": {"uv": [7.5, 8.375, 7.625, 8.5], "texture": "#0"}
			}
		},
		{
			"name": "corrupted_mythic_blade_38",
			"from": [8.375, 7.5, 8],
			"to": [8.5, 7.75, 8.125],
			"faces": {
				"north": {"uv": [8.5, 8.25, 8.375, 8.5], "texture": "#0"},
				"east": {"uv": [8.375, 8.25, 8.5, 8.5], "texture": "#0"},
				"south": {"uv": [8.375, 8.25, 8.5, 8.5], "texture": "#0"},
				"west": {"uv": [8.375, 8.25, 8.5, 8.5], "texture": "#0"},
				"up": {"uv": [8.375, 8.25, 8.5, 8.375], "texture": "#0"},
				"down": {"uv": [8.375, 8.375, 8.5, 8.5], "texture": "#0"}
			}
		},
		{
			"name": "corrupted_mythic_blade_39",
			"from": [7.375, 7.625, 7.95],
			"to": [7.5, 7.75, 8.175],
			"faces": {
				"north": {"uv": [10, 8.25, 9.875, 8.375], "texture": "#0"},
				"east": {"uv": [9.875, 8.25, 10, 8.375], "texture": "#0"},
				"south": {"uv": [9.875, 8.25, 10, 8.375], "texture": "#0"},
				"west": {"uv": [9.875, 8.25, 10, 8.375], "texture": "#0"},
				"up": {"uv": [9.875, 8.25, 10, 8.375], "texture": "#0"},
				"down": {"uv": [9.875, 8.25, 10, 8.375], "texture": "#0"}
			}
		},
		{
			"name": "corrupted_mythic_blade_40",
			"from": [8.5, 7.625, 7.95],
			"to": [8.625, 7.75, 8.175],
			"faces": {
				"north": {"uv": [11.125, 8.25, 11, 8.375], "texture": "#0"},
				"east": {"uv": [11, 8.25, 11.125, 8.375], "texture": "#0"},
				"south": {"uv": [11, 8.25, 11.125, 8.375], "texture": "#0"},
				"west": {"uv": [11, 8.25, 11.125, 8.375], "texture": "#0"},
				"up": {"uv": [11, 8.25, 11.125, 8.375], "texture": "#0"},
				"down": {"uv": [11, 8.25, 11.125, 8.375], "texture": "#0"}
			}
		},
		{
			"name": "corrupted_mythic_blade_41",
			"from": [7.75, 6.625, 7.9],
			"to": [7.875, 6.875, 8.225],
			"faces": {
				"north": {"uv": [2.875, 8.625, 2.75, 8.875], "texture": "#0"},
				"east": {"uv": [2.75, 8.625, 2.875, 8.875], "texture": "#0"},
				"south": {"uv": [2.75, 8.625, 2.875, 8.875], "texture": "#0"},
				"west": {"uv": [2.75, 8.625, 2.875, 8.875], "texture": "#0"},
				"up": {"uv": [2.75, 8.625, 2.875, 8.75], "texture": "#0"},
				"down": {"uv": [2.75, 8.75, 2.875, 8.875], "texture": "#0"}
			}
		},
		{
			"name": "corrupted_mythic_blade_42",
			"from": [8.125, 6.625, 7.9],
			"to": [8.25, 6.875, 8.225],
			"faces": {
				"north": {"uv": [3.25, 8.625, 3.125, 8.875], "texture": "#0"},
				"east": {"uv": [3.125, 8.625, 3.25, 8.875], "texture": "#0"},
				"south": {"uv": [3.125, 8.625, 3.25, 8.875], "texture": "#0"},
				"west": {"uv": [3.125, 8.625, 3.25, 8.875], "texture": "#0"},
				"up": {"uv": [3.125, 8.625, 3.25, 8.75], "texture": "#0"},
				"down": {"uv": [3.125, 8.75, 3.25, 8.875], "texture": "#0"}
			}
		},
		{
			"name": "corrupted_mythic_blade_43",
			"from": [7.5, 6.25, 7.9],
			"to": [7.625, 6.5, 8.225],
			"faces": {
				"north": {"uv": [2.625, 9, 2.5, 9.25], "texture": "#0"},
				"east": {"uv": [2.5, 9, 2.625, 9.25], "texture": "#0"},
				"south": {"uv": [2.5, 9, 2.625, 9.25], "texture": "#0"},
				"west": {"uv": [2.5, 9, 2.625, 9.25], "texture": "#0"},
				"up": {"uv": [2.5, 9, 2.625, 9.125], "texture": "#0"},
				"down": {"uv": [2.5, 9.125, 2.625, 9.25], "texture": "#0"}
			}
		},
		{
			"name": "corrupted_mythic_blade_44",
			"from": [7.875, 6.125, 7.85],
			"to": [8.125, 7, 8.275],
			"faces": {
				"north": {"uv": [3.125, 9, 2.875, 9.875], "texture": "#0"},
				"east": {"uv": [3, 9, 3.125, 9.875], "texture": "#0"},
				"south": {"uv": [2.875, 9, 3.125, 9.875], "texture": "#0"},
				"west": {"uv": [2.875, 9, 3, 9.875], "texture": "#0"},
				"up": {"uv": [2.875, 9, 3.125, 9.125], "texture": "#0"},
				"down": {"uv": [2.875, 9.75, 3.125, 9.875], "texture": "#0"}
			}
		},
		{
			"name": "corrupted_mythic_blade_45",
			"from": [8.375, 6.25, 7.9],
			"to": [8.5, 6.5, 8.225],
			"faces": {
				"north": {"uv": [3.5, 9, 3.375, 9.25], "texture": "#0"},
				"east": {"uv": [3.375, 9, 3.5, 9.25], "texture": "#0"},
				"south": {"uv": [3.375, 9, 3.5, 9.25], "texture": "#0"},
				"west": {"uv": [3.375, 9, 3.5, 9.25], "texture": "#0"},
				"up": {"uv": [3.375, 9, 3.5, 9.125], "texture": "#0"},
				"down": {"uv": [3.375, 9.125, 3.5, 9.25], "texture": "#0"}
			}
		},
		{
			"name": "corrupted_mythic_blade_46",
			"from": [7.375, 6.25, 7.9],
			"to": [7.5, 6.375, 8.225],
			"faces": {
				"north": {"uv": [2.5, 9.125, 2.375, 9.25], "texture": "#0"},
				"east": {"uv": [2.375, 9.125, 2.5, 9.25], "texture": "#0"},
				"south": {"uv": [2.375, 9.125, 2.5, 9.25], "texture": "#0"},
				"west": {"uv": [2.375, 9.125, 2.5, 9.25], "texture": "#0"},
				"up": {"uv": [2.375, 9.125, 2.5, 9.25], "texture": "#0"},
				"down": {"uv": [2.375, 9.125, 2.5, 9.25], "texture": "#0"}
			}
		},
		{
			"name": "corrupted_mythic_blade_47",
			"from": [8.5, 6.25, 7.9],
			"to": [8.625, 6.375, 8.225],
			"faces": {
				"north": {"uv": [3.625, 9.125, 3.5, 9.25], "texture": "#0"},
				"east": {"uv": [3.5, 9.125, 3.625, 9.25], "texture": "#0"},
				"south": {"uv": [3.5, 9.125, 3.625, 9.25], "texture": "#0"},
				"west": {"uv": [3.5, 9.125, 3.625, 9.25], "texture": "#0"},
				"up": {"uv": [3.5, 9.125, 3.625, 9.25], "texture": "#0"},
				"down": {"uv": [3.5, 9.125, 3.625, 9.25], "texture": "#0"}
			}
		},
		{
			"name": "corrupted_mythic_blade_48",
			"from": [7.75, 5.875, 7.85],
			"to": [7.875, 6.625, 8.275],
			"faces": {
				"north": {"uv": [2.875, 9.375, 2.75, 10.125], "texture": "#0"},
				"east": {"uv": [2.75, 9.375, 2.875, 10.125], "texture": "#0"},
				"south": {"uv": [2.75, 9.375, 2.875, 10.125], "texture": "#0"},
				"west": {"uv": [2.75, 9.375, 2.875, 10.125], "texture": "#0"},
				"up": {"uv": [2.75, 9.375, 2.875, 9.5], "texture": "#0"},
				"down": {"uv": [2.75, 10, 2.875, 10.125], "texture": "#0"}
			}
		},
		{
			"name": "corrupted_mythic_blade_49",
			"from": [8.125, 5.875, 7.85],
			"to": [8.25, 6.625, 8.275],
			"faces": {
				"north": {"uv": [3.25, 9.375, 3.125, 10.125], "texture": "#0"},
				"east": {"uv": [3.125, 9.375, 3.25, 10.125], "texture": "#0"},
				"south": {"uv": [3.125, 9.375, 3.25, 10.125], "texture": "#0"},
				"west": {"uv": [3.125, 9.375, 3.25, 10.125], "texture": "#0"},
				"up": {"uv": [3.125, 9.375, 3.25, 9.5], "texture": "#0"},
				"down": {"uv": [3.125, 10, 3.25, 10.125], "texture": "#0"}
			}
		},
		{
			"name": "corrupted_mythic_blade_50",
			"from": [6.75, 5.625, 7.85],
			"to": [7, 6.5, 8.275],
			"faces": {
				"north": {"uv": [2, 9.5, 1.75, 10.375], "texture": "#0"},
				"east": {"uv": [1.875, 9.5, 2, 10.375], "texture": "#0"},
				"south": {"uv": [1.75, 9.5, 2, 10.375], "texture": "#0"},
				"west": {"uv": [1.75, 9.5, 1.875, 10.375], "texture": "#0"},
				"up": {"uv": [1.75, 9.5, 2, 9.625], "texture": "#0"},
				"down": {"uv": [1.75, 10.25, 2, 10.375], "texture": "#0"}
			}
		},
		{
			"name": "corrupted_mythic_blade_51",
			"from": [7, 6.375, 7.85],
			"to": [7.125, 6.5, 8.275],
			"faces": {
				"north": {"uv": [2.125, 9.5, 2, 9.625], "texture": "#0"},
				"east": {"uv": [2, 9.5, 2.125, 9.625], "texture": "#0"},
				"south": {"uv": [2, 9.5, 2.125, 9.625], "texture": "#0"},
				"west": {"uv": [2, 9.5, 2.125, 9.625], "texture": "#0"},
				"up": {"uv": [2, 9.5, 2.125, 9.625], "texture": "#0"},
				"down": {"uv": [2, 9.5, 2.125, 9.625], "texture": "#0"}
			}
		},
		{
			"name": "corrupted_mythic_blade_52",
			"from": [8.875, 6.375, 7.85],
			"to": [9.25, 6.5, 8.275],
			"faces": {
				"north": {"uv": [4.25, 9.5, 3.875, 9.625], "texture": "#0"},
				"east": {"uv": [4.125, 9.5, 4.25, 9.625], "texture": "#0"},
				"south": {"uv": [3.875, 9.5, 4.25, 9.625], "texture": "#0"},
				"west": {"uv": [3.875, 9.5, 4, 9.625], "texture": "#0"},
				"up": {"uv": [3.875, 9.5, 4.25, 9.625], "texture": "#0"},
				"down": {"uv": [3.875, 9.5, 4.25, 9.625], "texture": "#0"}
			}
		},
		{
			"name": "corrupted_mythic_blade_53",
			"from": [9, 5.625, 7.85],
			"to": [9.25, 6.375, 8.275],
			"faces": {
				"north": {"uv": [4.25, 9.625, 4, 10.375], "texture": "#0"},
				"east": {"uv": [4.125, 9.625, 4.25, 10.375], "texture": "#0"},
				"south": {"uv": [4, 9.625, 4.25, 10.375], "texture": "#0"},
				"west": {"uv": [4, 9.625, 4.125, 10.375], "texture": "#0"},
				"up": {"uv": [4, 9.625, 4.25, 9.75], "texture": "#0"},
				"down": {"uv": [4, 10.25, 4.25, 10.375], "texture": "#0"}
			}
		},
		{
			"name": "corrupted_mythic_blade_54",
			"from": [6.625, 4.875, 7.85],
			"to": [6.75, 6.25, 8.275],
			"faces": {
				"north": {"uv": [1.75, 9.75, 1.625, 11.125], "texture": "#0"},
				"east": {"uv": [1.625, 9.75, 1.75, 11.125], "texture": "#0"},
				"south": {"uv": [1.625, 9.75, 1.75, 11.125], "texture": "#0"},
				"west": {"uv": [1.625, 9.75, 1.75, 11.125], "texture": "#0"},
				"up": {"uv": [1.625, 9.75, 1.75, 9.875], "texture": "#0"},
				"down": {"uv": [1.625, 11, 1.75, 11.125], "texture": "#0"}
			}
		},
		{
			"name": "corrupted_mythic_blade_55",
			"from": [7.25, 5.875, 7.85],
			"to": [7.75, 6.25, 8.275],
			"faces": {
				"north": {"uv": [2.75, 9.75, 2.25, 10.125], "texture": "#0"},
				"east": {"uv": [2.625, 9.75, 2.75, 10.125], "texture": "#0"},
				"south": {"uv": [2.25, 9.75, 2.75, 10.125], "texture": "#0"},
				"west": {"uv": [2.25, 9.75, 2.375, 10.125], "texture": "#0"},
				"up": {"uv": [2.25, 9.75, 2.75, 9.875], "texture": "#0"},
				"down": {"uv": [2.25, 10, 2.75, 10.125], "texture": "#0"}
			}
		},
		{
			"name": "corrupted_mythic_blade_56",
			"from": [8.25, 5.875, 7.85],
			"to": [8.75, 6.25, 8.275],
			"faces": {
				"north": {"uv": [3.75, 9.75, 3.25, 10.125], "texture": "#0"},
				"east": {"uv": [3.625, 9.75, 3.75, 10.125], "texture": "#0"},
				"south": {"uv": [3.25, 9.75, 3.75, 10.125], "texture": "#0"},
				"west": {"uv": [3.25, 9.75, 3.375, 10.125], "texture": "#0"},
				"up": {"uv": [3.25, 9.75, 3.75, 9.875], "texture": "#0"},
				"down": {"uv": [3.25, 10, 3.75, 10.125], "texture": "#0"}
			}
		},
		{
			"name": "corrupted_mythic_blade_57",
			"from": [9.25, 4.875, 7.85],
			"to": [9.375, 6.25, 8.275],
			"faces": {
				"north": {"uv": [4.375, 9.75, 4.25, 11.125], "texture": "#0"},
				"east": {"uv": [4.25, 9.75, 4.375, 11.125], "texture": "#0"},
				"south": {"uv": [4.25, 9.75, 4.375, 11.125], "texture": "#0"},
				"west": {"uv": [4.25, 9.75, 4.375, 11.125], "texture": "#0"},
				"up": {"uv": [4.25, 9.75, 4.375, 9.875], "texture": "#0"},
				"down": {"uv": [4.25, 11, 4.375, 11.125], "texture": "#0"}
			}
		},
		{
			"name": "corrupted_mythic_blade_58",
			"from": [7, 5.75, 7.85],
			"to": [7.25, 6.125, 8.275],
			"faces": {
				"north": {"uv": [2.25, 9.875, 2, 10.25], "texture": "#0"},
				"east": {"uv": [2.125, 9.875, 2.25, 10.25], "texture": "#0"},
				"south": {"uv": [2, 9.875, 2.25, 10.25], "texture": "#0"},
				"west": {"uv": [2, 9.875, 2.125, 10.25], "texture": "#0"},
				"up": {"uv": [2, 9.875, 2.25, 10], "texture": "#0"},
				"down": {"uv": [2, 10.125, 2.25, 10.25], "texture": "#0"}
			}
		},
		{
			"name": "corrupted_mythic_blade_59",
			"from": [8.75, 5.75, 7.85],
			"to": [9, 6.125, 8.275],
			"faces": {
				"north": {"uv": [4, 9.875, 3.75, 10.25], "texture": "#0"},
				"east": {"uv": [3.875, 9.875, 4, 10.25], "texture": "#0"},
				"south": {"uv": [3.75, 9.875, 4, 10.25], "texture": "#0"},
				"west": {"uv": [3.75, 9.875, 3.875, 10.25], "texture": "#0"},
				"up": {"uv": [3.75, 9.875, 4, 10], "texture": "#0"},
				"down": {"uv": [3.75, 10.125, 4, 10.25], "texture": "#0"}
			}
		},
		{
			"name": "corrupted_mythic_blade_60",
			"from": [7.875, 5.375, 7.9],
			"to": [8.125, 6.125, 8.225],
			"faces": {
				"north": {"uv": [5.375, 9.875, 5.125, 10.625], "texture": "#0"},
				"east": {"uv": [5.25, 9.875, 5.375, 10.625], "texture": "#0"},
				"south": {"uv": [5.125, 9.875, 5.375, 10.625], "texture": "#0"},
				"west": {"uv": [5.125, 9.875, 5.25, 10.625], "texture": "#0"},
				"up": {"uv": [5.125, 9.875, 5.375, 10], "texture": "#0"},
				"down": {"uv": [5.125, 10.5, 5.375, 10.625], "texture": "#0"}
			}
		},
		{
			"name": "corrupted_mythic_blade_61",
			"from": [6.5, 5.125, 7.85],
			"to": [6.625, 6, 8.275],
			"faces": {
				"north": {"uv": [1.625, 10, 1.5, 10.875], "texture": "#0"},
				"east": {"uv": [1.5, 10, 1.625, 10.875], "texture": "#0"},
				"south": {"uv": [1.5, 10, 1.625, 10.875], "texture": "#0"},
				"west": {"uv": [1.5, 10, 1.625, 10.875], "texture": "#0"},
				"up": {"uv": [1.5, 10, 1.625, 10.125], "texture": "#0"},
				"down": {"uv": [1.5, 10.75, 1.625, 10.875], "texture": "#0"}
			}
		},
		{
			"name": "corrupted_mythic_blade_62",
			"from": [9.375, 5.125, 7.85],
			"to": [9.5, 6, 8.275],
			"faces": {
				"north": {"uv": [4.5, 10, 4.375, 10.875], "texture": "#0"},
				"east": {"uv": [4.375, 10, 4.5, 10.875], "texture": "#0"},
				"south": {"uv": [4.375, 10, 4.5, 10.875], "texture": "#0"},
				"west": {"uv": [4.375, 10, 4.5, 10.875], "texture": "#0"},
				"up": {"uv": [4.375, 10, 4.5, 10.125], "texture": "#0"},
				"down": {"uv": [4.375, 10.75, 4.5, 10.875], "texture": "#0"}
			}
		},
		{
			"name": "corrupted_mythic_blade_63",
			"from": [7.25, 5.75, 7.85],
			"to": [7.625, 5.875, 8.275],
			"faces": {
				"north": {"uv": [2.625, 10.125, 2.25, 10.25], "texture": "#0"},
				"east": {"uv": [2.5, 10.125, 2.625, 10.25], "texture": "#0"},
				"south": {"uv": [2.25, 10.125, 2.625, 10.25], "texture": "#0"},
				"west": {"uv": [2.25, 10.125, 2.375, 10.25], "texture": "#0"},
				"up": {"uv": [2.25, 10.125, 2.625, 10.25], "texture": "#0"},
				"down": {"uv": [2.25, 10.125, 2.625, 10.25], "texture": "#0"}
			}
		},
		{
			"name": "corrupted_mythic_blade_64",
			"from": [8.375, 5.75, 7.85],
			"to": [8.75, 5.875, 8.275],
			"faces": {
				"north": {"uv": [3.75, 10.125, 3.375, 10.25], "texture": "#0"},
				"east": {"uv": [3.625, 10.125, 3.75, 10.25], "texture": "#0"},
				"south": {"uv": [3.375, 10.125, 3.75, 10.25], "texture": "#0"},
				"west": {"uv": [3.375, 10.125, 3.5, 10.25], "texture": "#0"},
				"up": {"uv": [3.375, 10.125, 3.75, 10.25], "texture": "#0"},
				"down": {"uv": [3.375, 10.125, 3.75, 10.25], "texture": "#0"}
			}
		},
		{
			"name": "corrupted_mythic_blade_65",
			"from": [7.625, 5.625, 7.9],
			"to": [7.875, 5.875, 8.225],
			"faces": {
				"north": {"uv": [5.125, 10.125, 4.875, 10.375], "texture": "#0"},
				"east": {"uv": [5, 10.125, 5.125, 10.375], "texture": "#0"},
				"south": {"uv": [4.875, 10.125, 5.125, 10.375], "texture": "#0"},
				"west": {"uv": [4.875, 10.125, 5, 10.375], "texture": "#0"},
				"up": {"uv": [4.875, 10.125, 5.125, 10.25], "texture": "#0"},
				"down": {"uv": [4.875, 10.25, 5.125, 10.375], "texture": "#0"}
			}
		},
		{
			"name": "corrupted_mythic_blade_66",
			"from": [8.125, 5.625, 7.9],
			"to": [8.375, 5.875, 8.225],
			"faces": {
				"north": {"uv": [5.625, 10.125, 5.375, 10.375], "texture": "#0"},
				"east": {"uv": [5.5, 10.125, 5.625, 10.375], "texture": "#0"},
				"south": {"uv": [5.375, 10.125, 5.625, 10.375], "texture": "#0"},
				"west": {"uv": [5.375, 10.125, 5.5, 10.375], "texture": "#0"},
				"up": {"uv": [5.375, 10.125, 5.625, 10.25], "texture": "#0"},
				"down": {"uv": [5.375, 10.25, 5.625, 10.375], "texture": "#0"}
			}
		},
		{
			"name": "corrupted_mythic_blade_67",
			"from": [6.375, 5.375, 7.85],
			"to": [6.5, 5.75, 8.275],
			"faces": {
				"north": {"uv": [1.5, 10.25, 1.375, 10.625], "texture": "#0"},
				"east": {"uv": [1.375, 10.25, 1.5, 10.625], "texture": "#0"},
				"south": {"uv": [1.375, 10.25, 1.5, 10.625], "texture": "#0"},
				"west": {"uv": [1.375, 10.25, 1.5, 10.625], "texture": "#0"},
				"up": {"uv": [1.375, 10.25, 1.5, 10.375], "texture": "#0"},
				"down": {"uv": [1.375, 10.5, 1.5, 10.625], "texture": "#0"}
			}
		},
		{
			"name": "corrupted_mythic_blade_68",
			"from": [7.5, 5.5, 7.85],
			"to": [7.625, 5.75, 8.275],
			"faces": {
				"north": {"uv": [2.625, 10.25, 2.5, 10.5], "texture": "#0"},
				"east": {"uv": [2.5, 10.25, 2.625, 10.5], "texture": "#0"},
				"south": {"uv": [2.5, 10.25, 2.625, 10.5], "texture": "#0"},
				"west": {"uv": [2.5, 10.25, 2.625, 10.5], "texture": "#0"},
				"up": {"uv": [2.5, 10.25, 2.625, 10.375], "texture": "#0"},
				"down": {"uv": [2.5, 10.375, 2.625, 10.5], "texture": "#0"}
			}
		},
		{
			"name": "corrupted_mythic_blade_69",
			"from": [8.375, 5.5, 7.85],
			"to": [8.5, 5.75, 8.275],
			"faces": {
				"north": {"uv": [3.5, 10.25, 3.375, 10.5], "texture": "#0"},
				"east": {"uv": [3.375, 10.25, 3.5, 10.5], "texture": "#0"},
				"south": {"uv": [3.375, 10.25, 3.5, 10.5], "texture": "#0"},
				"west": {"uv": [3.375, 10.25, 3.5, 10.5], "texture": "#0"},
				"up": {"uv": [3.375, 10.25, 3.5, 10.375], "texture": "#0"},
				"down": {"uv": [3.375, 10.375, 3.5, 10.5], "texture": "#0"}
			}
		},
		{
			"name": "corrupted_mythic_blade_70",
			"from": [9.5, 5.375, 7.85],
			"to": [9.625, 5.75, 8.275],
			"faces": {
				"north": {"uv": [4.625, 10.25, 4.5, 10.625], "texture": "#0"},
				"east": {"uv": [4.5, 10.25, 4.625, 10.625], "texture": "#0"},
				"south": {"uv": [4.5, 10.25, 4.625, 10.625], "texture": "#0"},
				"west": {"uv": [4.5, 10.25, 4.625, 10.625], "texture": "#0"},
				"up": {"uv": [4.5, 10.25, 4.625, 10.375], "texture": "#0"},
				"down": {"uv": [4.5, 10.5, 4.625, 10.625], "texture": "#0"}
			}
		},
		{
			"name": "corrupted_mythic_blade_71",
			"from": [7.625, 5.25, 7.85],
			"to": [7.875, 5.625, 8.275],
			"faces": {
				"north": {"uv": [2.875, 10.375, 2.625, 10.75], "texture": "#0"},
				"east": {"uv": [2.75, 10.375, 2.875, 10.75], "texture": "#0"},
				"south": {"uv": [2.625, 10.375, 2.875, 10.75], "texture": "#0"},
				"west": {"uv": [2.625, 10.375, 2.75, 10.75], "texture": "#0"},
				"up": {"uv": [2.625, 10.375, 2.875, 10.5], "texture": "#0"},
				"down": {"uv": [2.625, 10.625, 2.875, 10.75], "texture": "#0"}
			}
		},
		{
			"name": "corrupted_mythic_blade_72",
			"from": [8.125, 5.25, 7.85],
			"to": [8.375, 5.625, 8.275],
			"faces": {
				"north": {"uv": [3.375, 10.375, 3.125, 10.75], "texture": "#0"},
				"east": {"uv": [3.25, 10.375, 3.375, 10.75], "texture": "#0"},
				"south": {"uv": [3.125, 10.375, 3.375, 10.75], "texture": "#0"},
				"west": {"uv": [3.125, 10.375, 3.25, 10.75], "texture": "#0"},
				"up": {"uv": [3.125, 10.375, 3.375, 10.5], "texture": "#0"},
				"down": {"uv": [3.125, 10.625, 3.375, 10.75], "texture": "#0"}
			}
		},
		{
			"name": "corrupted_mythic_blade_73",
			"from": [7.875, 5, 7.85],
			"to": [8.125, 5.375, 8.275],
			"faces": {
				"north": {"uv": [3.125, 10.625, 2.875, 11], "texture": "#0"},
				"east": {"uv": [3, 10.625, 3.125, 11], "texture": "#0"},
				"south": {"uv": [2.875, 10.625, 3.125, 11], "texture": "#0"},
				"west": {"uv": [2.875, 10.625, 3, 11], "texture": "#0"},
				"up": {"uv": [2.875, 10.625, 3.125, 10.75], "texture": "#0"},
				"down": {"uv": [2.875, 10.875, 3.125, 11], "texture": "#0"}
			}
		},
		{
			"name": "corrupted_mythic_blade_74",
			"from": [7.75, 5.125, 7.85],
			"to": [7.875, 5.25, 8.275],
			"faces": {
				"north": {"uv": [2.875, 10.75, 2.75, 10.875], "texture": "#0"},
				"east": {"uv": [2.75, 10.75, 2.875, 10.875], "texture": "#0"},
				"south": {"uv": [2.75, 10.75, 2.875, 10.875], "texture": "#0"},
				"west": {"uv": [2.75, 10.75, 2.875, 10.875], "texture": "#0"},
				"up": {"uv": [2.75, 10.75, 2.875, 10.875], "texture": "#0"},
				"down": {"uv": [2.75, 10.75, 2.875, 10.875], "texture": "#0"}
			}
		},
		{
			"name": "corrupted_mythic_blade_75",
			"from": [8.125, 5.125, 7.85],
			"to": [8.25, 5.25, 8.275],
			"faces": {
				"north": {"uv": [3.25, 10.75, 3.125, 10.875], "texture": "#0"},
				"east": {"uv": [3.125, 10.75, 3.25, 10.875], "texture": "#0"},
				"south": {"uv": [3.125, 10.75, 3.25, 10.875], "texture": "#0"},
				"west": {"uv": [3.125, 10.75, 3.25, 10.875], "texture": "#0"},
				"up": {"uv": [3.125, 10.75, 3.25, 10.875], "texture": "#0"},
				"down": {"uv": [3.125, 10.75, 3.25, 10.875], "texture": "#0"}
			}
		},
		{
			"name": "corrupted_mythic_blade_76",
			"from": [6.75, 4.75, 7.85],
			"to": [6.875, 5.125, 8.275],
			"faces": {
				"north": {"uv": [1.875, 10.875, 1.75, 11.25], "texture": "#0"},
				"east": {"uv": [1.75, 10.875, 1.875, 11.25], "texture": "#0"},
				"south": {"uv": [1.75, 10.875, 1.875, 11.25], "texture": "#0"},
				"west": {"uv": [1.75, 10.875, 1.875, 11.25], "texture": "#0"},
				"up": {"uv": [1.75, 10.875, 1.875, 11], "texture": "#0"},
				"down": {"uv": [1.75, 11.125, 1.875, 11.25], "texture": "#0"}
			}
		},
		{
			"name": "corrupted_mythic_blade_77",
			"from": [9.125, 4.75, 7.85],
			"to": [9.25, 5.125, 8.275],
			"faces": {
				"north": {"uv": [4.25, 10.875, 4.125, 11.25], "texture": "#0"},
				"east": {"uv": [4.125, 10.875, 4.25, 11.25], "texture": "#0"},
				"south": {"uv": [4.125, 10.875, 4.25, 11.25], "texture": "#0"},
				"west": {"uv": [4.125, 10.875, 4.25, 11.25], "texture": "#0"},
				"up": {"uv": [4.125, 10.875, 4.25, 11], "texture": "#0"},
				"down": {"uv": [4.125, 11.125, 4.25, 11.25], "texture": "#0"}
			}
		},
		{
			"name": "corrupted_mythic_blade_78",
			"from": [7.75, 2.75, 7.9],
			"to": [7.875, 5.125, 8.225],
			"faces": {
				"north": {"uv": [7.875, 10.875, 7.75, 13.25], "texture": "#0"},
				"east": {"uv": [7.75, 10.875, 7.875, 13.25], "texture": "#0"},
				"south": {"uv": [7.75, 10.875, 7.875, 13.25], "texture": "#0"},
				"west": {"uv": [7.75, 10.875, 7.875, 13.25], "texture": "#0"},
				"up": {"uv": [7.75, 10.875, 7.875, 11], "texture": "#0"},
				"down": {"uv": [7.75, 13.125, 7.875, 13.25], "texture": "#0"}
			}
		},
		{
			"name": "corrupted_mythic_blade_79",
			"from": [8.125, 2.75, 7.9],
			"to": [8.25, 5.125, 8.225],
			"faces": {
				"north": {"uv": [8.25, 10.875, 8.125, 13.25], "texture": "#0"},
				"east": {"uv": [8.125, 10.875, 8.25, 13.25], "texture": "#0"},
				"south": {"uv": [8.125, 10.875, 8.25, 13.25], "texture": "#0"},
				"west": {"uv": [8.125, 10.875, 8.25, 13.25], "texture": "#0"},
				"up": {"uv": [8.125, 10.875, 8.25, 11], "texture": "#0"},
				"down": {"uv": [8.125, 13.125, 8.25, 13.25], "texture": "#0"}
			}
		},
		{
			"name": "corrupted_mythic_blade_80",
			"from": [7.875, 2.75, 7.9],
			"to": [8.125, 5, 8.225],
			"faces": {
				"north": {"uv": [8.125, 11, 7.875, 13.25], "texture": "#0"},
				"east": {"uv": [8, 11, 8.125, 13.25], "texture": "#0"},
				"south": {"uv": [7.875, 11, 8.125, 13.25], "texture": "#0"},
				"west": {"uv": [7.875, 11, 8, 13.25], "texture": "#0"},
				"up": {"uv": [7.875, 11, 8.125, 11.125], "texture": "#0"},
				"down": {"uv": [7.875, 13.125, 8.125, 13.25], "texture": "#0"}
			}
		},
		{
			"name": "corrupted_mythic_blade_81",
			"from": [7.375, 5.375, 7.95],
			"to": [7.5, 5.75, 8.175],
			"faces": {
				"north": {"uv": [2.5, 11.25, 2.375, 11.625], "texture": "#0"},
				"east": {"uv": [2.375, 11.25, 2.5, 11.625], "texture": "#0"},
				"south": {"uv": [2.375, 11.25, 2.5, 11.625], "texture": "#0"},
				"west": {"uv": [2.375, 11.25, 2.5, 11.625], "texture": "#0"},
				"up": {"uv": [2.375, 11.25, 2.5, 11.375], "texture": "#0"},
				"down": {"uv": [2.375, 11.5, 2.5, 11.625], "texture": "#0"}
			}
		},
		{
			"name": "corrupted_mythic_blade_82",
			"from": [8.5, 5.375, 7.95],
			"to": [8.625, 5.75, 8.175],
			"faces": {
				"north": {"uv": [3.625, 11.25, 3.5, 11.625], "texture": "#0"},
				"east": {"uv": [3.5, 11.25, 3.625, 11.625], "texture": "#0"},
				"south": {"uv": [3.5, 11.25, 3.625, 11.625], "texture": "#0"},
				"west": {"uv": [3.5, 11.25, 3.625, 11.625], "texture": "#0"},
				"up": {"uv": [3.5, 11.25, 3.625, 11.375], "texture": "#0"},
				"down": {"uv": [3.5, 11.5, 3.625, 11.625], "texture": "#0"}
			}
		},
		{
			"name": "corrupted_mythic_blade_83",
			"from": [7.125, 5.375, 7.95],
			"to": [7.375, 5.625, 8.175],
			"faces": {
				"north": {"uv": [2.375, 11.375, 2.125, 11.625], "texture": "#0"},
				"east": {"uv": [2.25, 11.375, 2.375, 11.625], "texture": "#0"},
				"south": {"uv": [2.125, 11.375, 2.375, 11.625], "texture": "#0"},
				"west": {"uv": [2.125, 11.375, 2.25, 11.625], "texture": "#0"},
				"up": {"uv": [2.125, 11.375, 2.375, 11.5], "texture": "#0"},
				"down": {"uv": [2.125, 11.5, 2.375, 11.625], "texture": "#0"}
			}
		},
		{
			"name": "corrupted_mythic_blade_84",
			"from": [8.625, 5.375, 7.95],
			"to": [8.875, 5.625, 8.175],
			"faces": {
				"north": {"uv": [3.875, 11.375, 3.625, 11.625], "texture": "#0"},
				"east": {"uv": [3.75, 11.375, 3.875, 11.625], "texture": "#0"},
				"south": {"uv": [3.625, 11.375, 3.875, 11.625], "texture": "#0"},
				"west": {"uv": [3.625, 11.375, 3.75, 11.625], "texture": "#0"},
				"up": {"uv": [3.625, 11.375, 3.875, 11.5], "texture": "#0"},
				"down": {"uv": [3.625, 11.5, 3.875, 11.625], "texture": "#0"}
			}
		},
		{
			"name": "corrupted_mythic_blade_85",
			"from": [6.875, 5.25, 7.95],
			"to": [7.125, 5.5, 8.175],
			"faces": {
				"north": {"uv": [2.125, 11.5, 1.875, 11.75], "texture": "#0"},
				"east": {"uv": [2, 11.5, 2.125, 11.75], "texture": "#0"},
				"south": {"uv": [1.875, 11.5, 2.125, 11.75], "texture": "#0"},
				"west": {"uv": [1.875, 11.5, 2, 11.75], "texture": "#0"},
				"up": {"uv": [1.875, 11.5, 2.125, 11.625], "texture": "#0"},
				"down": {"uv": [1.875, 11.625, 2.125, 11.75], "texture": "#0"}
			}
		},
		{
			"name": "corrupted_mythic_blade_86",
			"from": [8.875, 5.25, 7.95],
			"to": [9.125, 5.5, 8.175],
			"faces": {
				"north": {"uv": [4.125, 11.5, 3.875, 11.75], "texture": "#0"},
				"east": {"uv": [4, 11.5, 4.125, 11.75], "texture": "#0"},
				"south": {"uv": [3.875, 11.5, 4.125, 11.75], "texture": "#0"},
				"west": {"uv": [3.875, 11.5, 4, 11.75], "texture": "#0"},
				"up": {"uv": [3.875, 11.5, 4.125, 11.625], "texture": "#0"},
				"down": {"uv": [3.875, 11.625, 4.125, 11.75], "texture": "#0"}
			}
		},
		{
			"name": "corrupted_mythic_blade_87",
			"from": [7.125, 5, 8],
			"to": [7.25, 5.25, 8.125],
			"faces": {
				"north": {"uv": [2.25, 11.75, 2.125, 12], "texture": "#0"},
				"east": {"uv": [2.125, 11.75, 2.25, 12], "texture": "#0"},
				"south": {"uv": [2.125, 11.75, 2.25, 12], "texture": "#0"},
				"west": {"uv": [2.125, 11.75, 2.25, 12], "texture": "#0"},
				"up": {"uv": [2.125, 11.75, 2.25, 11.875], "texture": "#0"},
				"down": {"uv": [2.125, 11.875, 2.25, 12], "texture": "#0"}
			}
		},
		{
			"name": "corrupted_mythic_blade_88",
			"from": [8.75, 5, 8],
			"to": [8.875, 5.25, 8.125],
			"faces": {
				"north": {"uv": [3.875, 11.75, 3.75, 12], "texture": "#0"},
				"east": {"uv": [3.75, 11.75, 3.875, 12], "texture": "#0"},
				"south": {"uv": [3.75, 11.75, 3.875, 12], "texture": "#0"},
				"west": {"uv": [3.75, 11.75, 3.875, 12], "texture": "#0"},
				"up": {"uv": [3.75, 11.75, 3.875, 11.875], "texture": "#0"},
				"down": {"uv": [3.75, 11.875, 3.875, 12], "texture": "#0"}
			}
		},
		{
			"name": "corrupted_mythic_blade_89",
			"from": [7.25, 4.75, 8],
			"to": [7.375, 5, 8.125],
			"faces": {
				"north": {"uv": [2.375, 12, 2.25, 12.25], "texture": "#0"},
				"east": {"uv": [2.25, 12, 2.375, 12.25], "texture": "#0"},
				"south": {"uv": [2.25, 12, 2.375, 12.25], "texture": "#0"},
				"west": {"uv": [2.25, 12, 2.375, 12.25], "texture": "#0"},
				"up": {"uv": [2.25, 12, 2.375, 12.125], "texture": "#0"},
				"down": {"uv": [2.25, 12.125, 2.375, 12.25], "texture": "#0"}
			}
		},
		{
			"name": "corrupted_mythic_blade_90",
			"from": [8.625, 4.75, 8],
			"to": [8.75, 5, 8.125],
			"faces": {
				"north": {"uv": [3.75, 12, 3.625, 12.25], "texture": "#0"},
				"east": {"uv": [3.625, 12, 3.75, 12.25], "texture": "#0"},
				"south": {"uv": [3.625, 12, 3.75, 12.25], "texture": "#0"},
				"west": {"uv": [3.625, 12, 3.75, 12.25], "texture": "#0"},
				"up": {"uv": [3.625, 12, 3.75, 12.125], "texture": "#0"},
				"down": {"uv": [3.625, 12.125, 3.75, 12.25], "texture": "#0"}
			}
		},
		{
			"name": "corrupted_mythic_blade_91",
			"from": [7.375, 4.75, 8],
			"to": [7.5, 4.875, 8.125],
			"faces": {
				"north": {"uv": [2.5, 12.125, 2.375, 12.25], "texture": "#0"},
				"east": {"uv": [2.375, 12.125, 2.5, 12.25], "texture": "#0"},
				"south": {"uv": [2.375, 12.125, 2.5, 12.25], "texture": "#0"},
				"west": {"uv": [2.375, 12.125, 2.5, 12.25], "texture": "#0"},
				"up": {"uv": [2.375, 12.125, 2.5, 12.25], "texture": "#0"},
				"down": {"uv": [2.375, 12.125, 2.5, 12.25], "texture": "#0"}
			}
		},
		{
			"name": "corrupted_mythic_blade_92",
			"from": [8.5, 4.75, 8],
			"to": [8.625, 4.875, 8.125],
			"faces": {
				"north": {"uv": [3.625, 12.125, 3.5, 12.25], "texture": "#0"},
				"east": {"uv": [3.5, 12.125, 3.625, 12.25], "texture": "#0"},
				"south": {"uv": [3.5, 12.125, 3.625, 12.25], "texture": "#0"},
				"west": {"uv": [3.5, 12.125, 3.625, 12.25], "texture": "#0"},
				"up": {"uv": [3.5, 12.125, 3.625, 12.25], "texture": "#0"},
				"down": {"uv": [3.5, 12.125, 3.625, 12.25], "texture": "#0"}
			}
		},
		{
			"name": "corrupted_mythic_blade_93",
			"from": [7.5, 4.625, 8],
			"to": [7.75, 4.75, 8.125],
			"faces": {
				"north": {"uv": [2.75, 12.25, 2.5, 12.375], "texture": "#0"},
				"east": {"uv": [2.625, 12.25, 2.75, 12.375], "texture": "#0"},
				"south": {"uv": [2.5, 12.25, 2.75, 12.375], "texture": "#0"},
				"west": {"uv": [2.5, 12.25, 2.625, 12.375], "texture": "#0"},
				"up": {"uv": [2.5, 12.25, 2.75, 12.375], "texture": "#0"},
				"down": {"uv": [2.5, 12.25, 2.75, 12.375], "texture": "#0"}
			}
		},
		{
			"name": "corrupted_mythic_blade_94",
			"from": [8.25, 4.625, 8],
			"to": [8.5, 4.75, 8.125],
			"faces": {
				"north": {"uv": [3.5, 12.25, 3.25, 12.375], "texture": "#0"},
				"east": {"uv": [3.375, 12.25, 3.5, 12.375], "texture": "#0"},
				"south": {"uv": [3.25, 12.25, 3.5, 12.375], "texture": "#0"},
				"west": {"uv": [3.25, 12.25, 3.375, 12.375], "texture": "#0"},
				"up": {"uv": [3.25, 12.25, 3.5, 12.375], "texture": "#0"},
				"down": {"uv": [3.25, 12.25, 3.5, 12.375], "texture": "#0"}
			}
		},
		{
			"name": "corrupted_mythic_blade_95",
			"from": [7.625, 2.5, 7.8],
			"to": [8.375, 2.75, 8.325],
			"faces": {
				"north": {"uv": [9.375, 13.25, 8.625, 13.5], "texture": "#0"},
				"east": {"uv": [9.25, 13.25, 9.375, 13.5], "texture": "#0"},
				"south": {"uv": [8.625, 13.25, 9.375, 13.5], "texture": "#0"},
				"west": {"uv": [8.625, 13.25, 8.75, 13.5], "texture": "#0"},
				"up": {"uv": [8.625, 13.25, 9.375, 13.375], "texture": "#0"},
				"down": {"uv": [8.625, 13.375, 9.375, 13.5], "texture": "#0"}
			}
		},
		{
			"name": "corrupted_mythic_blade_96",
			"from": [7.75, 2.375, 7.9],
			"to": [8.25, 2.5, 8.225],
			"faces": {
				"north": {"uv": [8.25, 13.5, 7.75, 13.625], "texture": "#0"},
				"east": {"uv": [8.125, 13.5, 8.25, 13.625], "texture": "#0"},
				"south": {"uv": [7.75, 13.5, 8.25, 13.625], "texture": "#0"},
				"west": {"uv": [7.75, 13.5, 7.875, 13.625], "texture": "#0"},
				"up": {"uv": [7.75, 13.5, 8.25, 13.625], "texture": "#0"},
				"down": {"uv": [7.75, 13.5, 8.25, 13.625], "texture": "#0"}
			}
		},
		{
			"name": "corrupted_mythic_blade_97",
			"from": [7.625, 2.25, 7.8],
			"to": [8.375, 2.375, 8.325],
			"faces": {
				"north": {"uv": [9.375, 13.625, 8.625, 13.75], "texture": "#0"},
				"east": {"uv": [9.25, 13.625, 9.375, 13.75], "texture": "#0"},
				"south": {"uv": [8.625, 13.625, 9.375, 13.75], "texture": "#0"},
				"west": {"uv": [8.625, 13.625, 8.75, 13.75], "texture": "#0"},
				"up": {"uv": [8.625, 13.625, 9.375, 13.75], "texture": "#0"},
				"down": {"uv": [8.625, 13.625, 9.375, 13.75], "texture": "#0"}
			}
		},
		{
			"name": "corrupted_mythic_blade_98",
			"from": [7.75, 1.875, 7.9],
			"to": [8.25, 2.25, 8.225],
			"faces": {
				"north": {"uv": [8.25, 13.75, 7.75, 14.125], "texture": "#0"},
				"east": {"uv": [8.125, 13.75, 8.25, 14.125], "texture": "#0"},
				"south": {"uv": [7.75, 13.75, 8.25, 14.125], "texture": "#0"},
				"west": {"uv": [7.75, 13.75, 7.875, 14.125], "texture": "#0"},
				"up": {"uv": [7.75, 13.75, 8.25, 13.875], "texture": "#0"},
				"down": {"uv": [7.75, 14, 8.25, 14.125], "texture": "#0"}
			}
		},
		{
			"name": "corrupted_mythic_blade_99",
			"from": [7.375, 1.625, 7.9],
			"to": [7.5, 2.125, 8.225],
			"faces": {
				"north": {"uv": [7.5, 13.875, 7.375, 14.375], "texture": "#0"},
				"east": {"uv": [7.375, 13.875, 7.5, 14.375], "texture": "#0"},
				"south": {"uv": [7.375, 13.875, 7.5, 14.375], "texture": "#0"},
				"west": {"uv": [7.375, 13.875, 7.5, 14.375], "texture": "#0"},
				"up": {"uv": [7.375, 13.875, 7.5, 14], "texture": "#0"},
				"down": {"uv": [7.375, 14.25, 7.5, 14.375], "texture": "#0"}
			}
		},
		{
			"name": "corrupted_mythic_blade_100",
			"from": [7.625, 1.5, 7.9],
			"to": [7.75, 2.125, 8.225],
			"faces": {
				"north": {"uv": [7.75, 13.875, 7.625, 14.5], "texture": "#0"},
				"east": {"uv": [7.625, 13.875, 7.75, 14.5], "texture": "#0"},
				"south": {"uv": [7.625, 13.875, 7.75, 14.5], "texture": "#0"},
				"west": {"uv": [7.625, 13.875, 7.75, 14.5], "texture": "#0"},
				"up": {"uv": [7.625, 13.875, 7.75, 14], "texture": "#0"},
				"down": {"uv": [7.625, 14.375, 7.75, 14.5], "texture": "#0"}
			}
		},
		{
			"name": "corrupted_mythic_blade_101",
			"from": [8.25, 1.5, 7.9],
			"to": [8.375, 2.125, 8.225],
			"faces": {
				"north": {"uv": [8.375, 13.875, 8.25, 14.5], "texture": "#0"},
				"east": {"uv": [8.25, 13.875, 8.375, 14.5], "texture": "#0"},
				"south": {"uv": [8.25, 13.875, 8.375, 14.5], "texture": "#0"},
				"west": {"uv": [8.25, 13.875, 8.375, 14.5], "texture": "#0"},
				"up": {"uv": [8.25, 13.875, 8.375, 14], "texture": "#0"},
				"down": {"uv": [8.25, 14.375, 8.375, 14.5], "texture": "#0"}
			}
		},
		{
			"name": "corrupted_mythic_blade_102",
			"from": [8.5, 1.625, 7.9],
			"to": [8.625, 2.125, 8.225],
			"faces": {
				"north": {"uv": [8.625, 13.875, 8.5, 14.375], "texture": "#0"},
				"east": {"uv": [8.5, 13.875, 8.625, 14.375], "texture": "#0"},
				"south": {"uv": [8.5, 13.875, 8.625, 14.375], "texture": "#0"},
				"west": {"uv": [8.5, 13.875, 8.625, 14.375], "texture": "#0"},
				"up": {"uv": [8.5, 13.875, 8.625, 14], "texture": "#0"},
				"down": {"uv": [8.5, 14.25, 8.625, 14.375], "texture": "#0"}
			}
		},
		{
			"name": "corrupted_mythic_blade_103",
			"from": [7.5, 1.5, 7.9],
			"to": [7.625, 2, 8.225],
			"faces": {
				"north": {"uv": [7.625, 14, 7.5, 14.5], "texture": "#0"},
				"east": {"uv": [7.5, 14, 7.625, 14.5], "texture": "#0"},
				"south": {"uv": [7.5, 14, 7.625, 14.5], "texture": "#0"},
				"west": {"uv": [7.5, 14, 7.625, 14.5], "texture": "#0"},
				"up": {"uv": [7.5, 14, 7.625, 14.125], "texture": "#0"},
				"down": {"uv": [7.5, 14.375, 7.625, 14.5], "texture": "#0"}
			}
		},
		{
			"name": "corrupted_mythic_blade_104",
			"from": [8.375, 1.5, 7.9],
			"to": [8.5, 2, 8.225],
			"faces": {
				"north": {"uv": [8.5, 14, 8.375, 14.5], "texture": "#0"},
				"east": {"uv": [8.375, 14, 8.5, 14.5], "texture": "#0"},
				"south": {"uv": [8.375, 14, 8.5, 14.5], "texture": "#0"},
				"west": {"uv": [8.375, 14, 8.5, 14.5], "texture": "#0"},
				"up": {"uv": [8.375, 14, 8.5, 14.125], "texture": "#0"},
				"down": {"uv": [8.375, 14.375, 8.5, 14.5], "texture": "#0"}
			}
		},
		{
			"name": "corrupted_mythic_blade_105",
			"from": [7.75, 1.75, 8],
			"to": [7.875, 1.875, 8.125],
			"faces": {
				"north": {"uv": [7.875, 14.125, 7.75, 14.25], "texture": "#0"},
				"east": {"uv": [7.75, 14.125, 7.875, 14.25], "texture": "#0"},
				"south": {"uv": [7.75, 14.125, 7.875, 14.25], "texture": "#0"},
				"west": {"uv": [7.75, 14.125, 7.875, 14.25], "texture": "#0"},
				"up": {"uv": [7.75, 14.125, 7.875, 14.25], "texture": "#0"},
				"down": {"uv": [7.75, 14.125, 7.875, 14.25], "texture": "#0"}
			}
		},
		{
			"name": "corrupted_mythic_blade_106",
			"from": [8.125, 1.75, 8],
			"to": [8.25, 1.875, 8.125],
			"faces": {
				"north": {"uv": [8.25, 14.125, 8.125, 14.25], "texture": "#0"},
				"east": {"uv": [8.125, 14.125, 8.25, 14.25], "texture": "#0"},
				"south": {"uv": [8.125, 14.125, 8.25, 14.25], "texture": "#0"},
				"west": {"uv": [8.125, 14.125, 8.25, 14.25], "texture": "#0"},
				"up": {"uv": [8.125, 14.125, 8.25, 14.25], "texture": "#0"},
				"down": {"uv": [8.125, 14.125, 8.25, 14.25], "texture": "#0"}
			}
		},
		{
			"name": "corrupted_mythic_blade_107",
			"from": [7.75, 1.375, 8],
			"to": [7.875, 1.5, 8.125],
			"faces": {
				"north": {"uv": [7.875, 14.5, 7.75, 14.625], "texture": "#0"},
				"east": {"uv": [7.75, 14.5, 7.875, 14.625], "texture": "#0"},
				"south": {"uv": [7.75, 14.5, 7.875, 14.625], "texture": "#0"},
				"west": {"uv": [7.75, 14.5, 7.875, 14.625], "texture": "#0"},
				"up": {"uv": [7.75, 14.5, 7.875, 14.625], "texture": "#0"},
				"down": {"uv": [7.75, 14.5, 7.875, 14.625], "texture": "#0"}
			}
		},
		{
			"name": "corrupted_mythic_blade_108",
			"from": [8.125, 1.375, 8],
			"to": [8.25, 1.5, 8.125],
			"faces": {
				"north": {"uv": [8.25, 14.5, 8.125, 14.625], "texture": "#0"},
				"east": {"uv": [8.125, 14.5, 8.25, 14.625], "texture": "#0"},
				"south": {"uv": [8.125, 14.5, 8.25, 14.625], "texture": "#0"},
				"west": {"uv": [8.125, 14.5, 8.25, 14.625], "texture": "#0"},
				"up": {"uv": [8.125, 14.5, 8.25, 14.625], "texture": "#0"},
				"down": {"uv": [8.125, 14.5, 8.25, 14.625], "texture": "#0"}
			}
		},
		{
			"name": "corrupted_mythic_blade_109",
			"from": [7.875, 1.25, 8],
			"to": [8.125, 1.375, 8.125],
			"faces": {
				"north": {"uv": [8.125, 14.625, 7.875, 14.75], "texture": "#0"},
				"east": {"uv": [8, 14.625, 8.125, 14.75], "texture": "#0"},
				"south": {"uv": [7.875, 14.625, 8.125, 14.75], "texture": "#0"},
				"west": {"uv": [7.875, 14.625, 8, 14.75], "texture": "#0"},
				"up": {"uv": [7.875, 14.625, 8.125, 14.75], "texture": "#0"},
				"down": {"uv": [7.875, 14.625, 8.125, 14.75], "texture": "#0"}
			}
		}
	],
	"gui_light": "front",
	"display": {
		"thirdperson_righthand": {
			"rotation": [0, -90, 0],
			"translation": [0, 8.5, 1.25],
			"scale": [2.75, 2.75, 2.75]
		},
		"thirdperson_lefthand": {
			"rotation": [0, -90, 0],
			"translation": [0, 8.5, 1.25],
			"scale": [2.75, 2.75, 2.75]
		},
		"firstperson_righthand": {
			"rotation": [0, -90, -4],
			"translation": [0.75, 6.25, 2],
			"scale": [2, 2, 1.75]
		},
		"firstperson_lefthand": {
			"rotation": [0, 90, 1],
			"translation": [1.5, 6.75, 1.25],
			"scale": [2, 2, 1.75]
		},
		"ground": {
			"translation": [0, 8.5, 0],
			"scale": [2.5, 2.5, 2.5]
		},
		"gui": {
			"rotation": [0, 0, -42],
			"translation": [0.75, 0.75, 0],
			"scale": [2, 2, 1]
		},
		"head": {
			"rotation": [0, 0, 142],
			"translation": [0.75, -13.25, 3.5],
			"scale": [4, 4, 4]
		},
		"fixed": {
			"rotation": [-180, 0, 138],
			"translation": [-1.25, 1.75, -0.75],
			"scale": [4, 4, 3]
		}
	},
	"groups": [
		{
			"name": "corrupted_mythic_blade",
			"origin": [8, 8, 8],
			"color": 0,
			"children": [
				0,
				1,
				2,
				3,
				4,
				5,
				6,
				7,
				8,
				9,
				10,
				11,
				12,
				13,
				14,
				15,
				16,
				17,
				18,
				19,
				20,
				21,
				22,
				23,
				24,
				25,
				26,
				27,
				28,
				29,
				30,
				31,
				32,
				33,
				34,
				35,
				36,
				37,
				38,
				39,
				40,
				41,
				42,
				43,
				44,
				45,
				46,
				47,
				48,
				49,
				50,
				51,
				52,
				53,
				54,
				55,
				56,
				57,
				58,
				59,
				60,
				61,
				62,
				63,
				64,
				65,
				66,
				67,
				68,
				69,
				70,
				71,
				72,
				73,
				74,
				75,
				76,
				77,
				78,
				79,
				80,
				81,
				82,
				83,
				84,
				85,
				86,
				87,
				88,
				89,
				90,
				91,
				92,
				93,
				94,
				95,
				96,
				97,
				98,
				99,
				100,
				101,
				102,
				103,
				104,
				105,
				106,
				107,
				108,
				109
			]
		}
	]
}