{
	"credit": "Made with Blockbench",
	"textures": {
		"0": "item/diamond_sword/cybernetic_sawblade",
		"particle": "item/diamond_sword/cybernetic_sawblade"
	},
	"elements": [
		{
			"name": "cybernetic_sawblade_0",
			"from": [7.475, 13.375, 7.9],
			"to": [7.725, 13.5, 8.025],
			"faces": {
				"north": {"uv": [6.625, 2.5, 6.375, 2.625], "texture": "#0"},
				"east": {"uv": [6.5, 2.5, 6.625, 2.625], "texture": "#0"},
				"south": {"uv": [6.375, 2.5, 6.625, 2.625], "texture": "#0"},
				"west": {"uv": [6.375, 2.5, 6.5, 2.625], "texture": "#0"},
				"up": {"uv": [6.375, 2.5, 6.625, 2.625], "texture": "#0"},
				"down": {"uv": [6.375, 2.5, 6.625, 2.625], "texture": "#0"}
			}
		},
		{
			"name": "cybernetic_sawblade_1",
			"from": [7.725, 13.25, 7.85],
			"to": [8.225, 13.5, 8.075],
			"faces": {
				"north": {"uv": [7.625, 2.5, 7.125, 2.75], "texture": "#0"},
				"east": {"uv": [7.5, 2.5, 7.625, 2.75], "texture": "#0"},
				"south": {"uv": [7.125, 2.5, 7.625, 2.75], "texture": "#0"},
				"west": {"uv": [7.125, 2.5, 7.25, 2.75], "texture": "#0"},
				"up": {"uv": [7.125, 2.5, 7.625, 2.625], "texture": "#0"},
				"down": {"uv": [7.125, 2.625, 7.625, 2.75], "texture": "#0"}
			}
		},
		{
			"name": "cybernetic_sawblade_2",
			"from": [7.1, 13.25, 7.9],
			"to": [7.475, 13.375, 8.025],
			"faces": {
				"north": {"uv": [6.375, 2.625, 6, 2.75], "texture": "#0"},
				"east": {"uv": [6.25, 2.625, 6.375, 2.75], "texture": "#0"},
				"south": {"uv": [6, 2.625, 6.375, 2.75], "texture": "#0"},
				"west": {"uv": [6, 2.625, 6.125, 2.75], "texture": "#0"},
				"up": {"uv": [6, 2.625, 6.375, 2.75], "texture": "#0"},
				"down": {"uv": [6, 2.625, 6.375, 2.75], "texture": "#0"}
			}
		},
		{
			"name": "cybernetic_sawblade_3",
			"from": [7.475, 10.25, 7.85],
			"to": [7.725, 13.375, 8.075],
			"faces": {
				"north": {"uv": [7.125, 2.625, 6.875, 5.75], "texture": "#0"},
				"east": {"uv": [7, 2.625, 7.125, 5.75], "texture": "#0"},
				"south": {"uv": [6.875, 2.625, 7.125, 5.75], "texture": "#0"},
				"west": {"uv": [6.875, 2.625, 7, 5.75], "texture": "#0"},
				"up": {"uv": [6.875, 2.625, 7.125, 2.75], "texture": "#0"},
				"down": {"uv": [6.875, 5.625, 7.125, 5.75], "texture": "#0"}
			}
		},
		{
			"name": "cybernetic_sawblade_4",
			"from": [8.225, 9.5, 7.85],
			"to": [8.35, 13.375, 8.075],
			"faces": {
				"north": {"uv": [7.75, 2.625, 7.625, 6.5], "texture": "#0"},
				"east": {"uv": [7.625, 2.625, 7.75, 6.5], "texture": "#0"},
				"south": {"uv": [7.625, 2.625, 7.75, 6.5], "texture": "#0"},
				"west": {"uv": [7.625, 2.625, 7.75, 6.5], "texture": "#0"},
				"up": {"uv": [7.625, 2.625, 7.75, 2.75], "texture": "#0"},
				"down": {"uv": [7.625, 6.375, 7.75, 6.5], "texture": "#0"}
			}
		},
		{
			"name": "cybernetic_sawblade_5",
			"from": [7.225, 6, 7.9],
			"to": [7.35, 13.25, 8.025],
			"faces": {
				"north": {"uv": [6.25, 2.75, 6.125, 10], "texture": "#0"},
				"east": {"uv": [6.125, 2.75, 6.25, 10], "texture": "#0"},
				"south": {"uv": [6.125, 2.75, 6.25, 10], "texture": "#0"},
				"west": {"uv": [6.125, 2.75, 6.25, 10], "texture": "#0"},
				"up": {"uv": [6.125, 2.75, 6.25, 2.875], "texture": "#0"},
				"down": {"uv": [6.125, 9.875, 6.25, 10], "texture": "#0"}
			}
		},
		{
			"name": "cybernetic_sawblade_6",
			"from": [7.35, 12.375, 7.85],
			"to": [7.475, 13.25, 8.075],
			"faces": {
				"north": {"uv": [6.875, 2.75, 6.75, 3.625], "texture": "#0"},
				"east": {"uv": [6.75, 2.75, 6.875, 3.625], "texture": "#0"},
				"south": {"uv": [6.75, 2.75, 6.875, 3.625], "texture": "#0"},
				"west": {"uv": [6.75, 2.75, 6.875, 3.625], "texture": "#0"},
				"up": {"uv": [6.75, 2.75, 6.875, 2.875], "texture": "#0"},
				"down": {"uv": [6.75, 3.5, 6.875, 3.625], "texture": "#0"}
			}
		},
		{
			"name": "cybernetic_sawblade_7",
			"from": [7.725, 10, 7.85],
			"to": [7.975, 13.25, 8.075],
			"faces": {
				"north": {"uv": [7.375, 2.75, 7.125, 6], "texture": "#0"},
				"east": {"uv": [7.25, 2.75, 7.375, 6], "texture": "#0"},
				"south": {"uv": [7.125, 2.75, 7.375, 6], "texture": "#0"},
				"west": {"uv": [7.125, 2.75, 7.25, 6], "texture": "#0"},
				"up": {"uv": [7.125, 2.75, 7.375, 2.875], "texture": "#0"},
				"down": {"uv": [7.125, 5.875, 7.375, 6], "texture": "#0"}
			}
		},
		{
			"name": "cybernetic_sawblade_8",
			"from": [7.1, 12.75, 7.9],
			"to": [7.225, 13, 8.025],
			"faces": {
				"north": {"uv": [6.125, 3, 6, 3.25], "texture": "#0"},
				"east": {"uv": [6, 3, 6.125, 3.25], "texture": "#0"},
				"south": {"uv": [6, 3, 6.125, 3.25], "texture": "#0"},
				"west": {"uv": [6, 3, 6.125, 3.25], "texture": "#0"},
				"up": {"uv": [6, 3, 6.125, 3.125], "texture": "#0"},
				"down": {"uv": [6, 3.125, 6.125, 3.25], "texture": "#0"}
			}
		},
		{
			"name": "cybernetic_sawblade_9",
			"from": [7.975, 9.75, 7.85],
			"to": [8.225, 13, 8.075],
			"faces": {
				"north": {"uv": [7.625, 3, 7.375, 6.25], "texture": "#0"},
				"east": {"uv": [7.5, 3, 7.625, 6.25], "texture": "#0"},
				"south": {"uv": [7.375, 3, 7.625, 6.25], "texture": "#0"},
				"west": {"uv": [7.375, 3, 7.5, 6.25], "texture": "#0"},
				"up": {"uv": [7.375, 3, 7.625, 3.125], "texture": "#0"},
				"down": {"uv": [7.375, 6.125, 7.625, 6.25], "texture": "#0"}
			}
		},
		{
			"name": "cybernetic_sawblade_10",
			"from": [6.975, 12.75, 7.9],
			"to": [7.1, 12.875, 8.025],
			"faces": {
				"north": {"uv": [6, 3.125, 5.875, 3.25], "texture": "#0"},
				"east": {"uv": [5.875, 3.125, 6, 3.25], "texture": "#0"},
				"south": {"uv": [5.875, 3.125, 6, 3.25], "texture": "#0"},
				"west": {"uv": [5.875, 3.125, 6, 3.25], "texture": "#0"},
				"up": {"uv": [5.875, 3.125, 6, 3.25], "texture": "#0"},
				"down": {"uv": [5.875, 3.125, 6, 3.25], "texture": "#0"}
			}
		},
		{
			"name": "cybernetic_sawblade_11",
			"from": [7.1, 12.25, 7.9],
			"to": [7.225, 12.5, 8.025],
			"faces": {
				"north": {"uv": [6.125, 3.5, 6, 3.75], "texture": "#0"},
				"east": {"uv": [6, 3.5, 6.125, 3.75], "texture": "#0"},
				"south": {"uv": [6, 3.5, 6.125, 3.75], "texture": "#0"},
				"west": {"uv": [6, 3.5, 6.125, 3.75], "texture": "#0"},
				"up": {"uv": [6, 3.5, 6.125, 3.625], "texture": "#0"},
				"down": {"uv": [6, 3.625, 6.125, 3.75], "texture": "#0"}
			}
		},
		{
			"name": "cybernetic_sawblade_12",
			"from": [6.975, 12.25, 7.9],
			"to": [7.1, 12.375, 8.025],
			"faces": {
				"north": {"uv": [6, 3.625, 5.875, 3.75], "texture": "#0"},
				"east": {"uv": [5.875, 3.625, 6, 3.75], "texture": "#0"},
				"south": {"uv": [5.875, 3.625, 6, 3.75], "texture": "#0"},
				"west": {"uv": [5.875, 3.625, 6, 3.75], "texture": "#0"},
				"up": {"uv": [5.875, 3.625, 6, 3.75], "texture": "#0"},
				"down": {"uv": [5.875, 3.625, 6, 3.75], "texture": "#0"}
			}
		},
		{
			"name": "cybernetic_sawblade_13",
			"from": [7.35, 11.875, 7.9],
			"to": [7.475, 12.375, 8.025],
			"faces": {
				"north": {"uv": [6.375, 3.625, 6.25, 4.125], "texture": "#0"},
				"east": {"uv": [6.25, 3.625, 6.375, 4.125], "texture": "#0"},
				"south": {"uv": [6.25, 3.625, 6.375, 4.125], "texture": "#0"},
				"west": {"uv": [6.25, 3.625, 6.375, 4.125], "texture": "#0"},
				"up": {"uv": [6.25, 3.625, 6.375, 3.75], "texture": "#0"},
				"down": {"uv": [6.25, 4, 6.375, 4.125], "texture": "#0"}
			}
		},
		{
			"name": "cybernetic_sawblade_14",
			"from": [7.1, 11.75, 7.9],
			"to": [7.225, 12, 8.025],
			"faces": {
				"north": {"uv": [6.125, 4, 6, 4.25], "texture": "#0"},
				"east": {"uv": [6, 4, 6.125, 4.25], "texture": "#0"},
				"south": {"uv": [6, 4, 6.125, 4.25], "texture": "#0"},
				"west": {"uv": [6, 4, 6.125, 4.25], "texture": "#0"},
				"up": {"uv": [6, 4, 6.125, 4.125], "texture": "#0"},
				"down": {"uv": [6, 4.125, 6.125, 4.25], "texture": "#0"}
			}
		},
		{
			"name": "cybernetic_sawblade_15",
			"from": [6.975, 11.75, 7.9],
			"to": [7.1, 11.875, 8.025],
			"faces": {
				"north": {"uv": [6, 4.125, 5.875, 4.25], "texture": "#0"},
				"east": {"uv": [5.875, 4.125, 6, 4.25], "texture": "#0"},
				"south": {"uv": [5.875, 4.125, 6, 4.25], "texture": "#0"},
				"west": {"uv": [5.875, 4.125, 6, 4.25], "texture": "#0"},
				"up": {"uv": [5.875, 4.125, 6, 4.25], "texture": "#0"},
				"down": {"uv": [5.875, 4.125, 6, 4.25], "texture": "#0"}
			}
		},
		{
			"name": "cybernetic_sawblade_16",
			"from": [7.35, 11.5, 7.85],
			"to": [7.475, 11.875, 8.075],
			"faces": {
				"north": {"uv": [6.875, 4.125, 6.75, 4.5], "texture": "#0"},
				"east": {"uv": [6.75, 4.125, 6.875, 4.5], "texture": "#0"},
				"south": {"uv": [6.75, 4.125, 6.875, 4.5], "texture": "#0"},
				"west": {"uv": [6.75, 4.125, 6.875, 4.5], "texture": "#0"},
				"up": {"uv": [6.75, 4.125, 6.875, 4.25], "texture": "#0"},
				"down": {"uv": [6.75, 4.375, 6.875, 4.5], "texture": "#0"}
			}
		},
		{
			"name": "cybernetic_sawblade_17",
			"from": [7.1, 11.25, 7.9],
			"to": [7.225, 11.5, 8.025],
			"faces": {
				"north": {"uv": [6.125, 4.5, 6, 4.75], "texture": "#0"},
				"east": {"uv": [6, 4.5, 6.125, 4.75], "texture": "#0"},
				"south": {"uv": [6, 4.5, 6.125, 4.75], "texture": "#0"},
				"west": {"uv": [6, 4.5, 6.125, 4.75], "texture": "#0"},
				"up": {"uv": [6, 4.5, 6.125, 4.625], "texture": "#0"},
				"down": {"uv": [6, 4.625, 6.125, 4.75], "texture": "#0"}
			}
		},
		{
			"name": "cybernetic_sawblade_18",
			"from": [7.35, 11, 7.9],
			"to": [7.475, 11.5, 8.025],
			"faces": {
				"north": {"uv": [6.375, 4.5, 6.25, 5], "texture": "#0"},
				"east": {"uv": [6.25, 4.5, 6.375, 5], "texture": "#0"},
				"south": {"uv": [6.25, 4.5, 6.375, 5], "texture": "#0"},
				"west": {"uv": [6.25, 4.5, 6.375, 5], "texture": "#0"},
				"up": {"uv": [6.25, 4.5, 6.375, 4.625], "texture": "#0"},
				"down": {"uv": [6.25, 4.875, 6.375, 5], "texture": "#0"}
			}
		},
		{
			"name": "cybernetic_sawblade_19",
			"from": [6.975, 11.25, 7.9],
			"to": [7.1, 11.375, 8.025],
			"faces": {
				"north": {"uv": [6, 4.625, 5.875, 4.75], "texture": "#0"},
				"east": {"uv": [5.875, 4.625, 6, 4.75], "texture": "#0"},
				"south": {"uv": [5.875, 4.625, 6, 4.75], "texture": "#0"},
				"west": {"uv": [5.875, 4.625, 6, 4.75], "texture": "#0"},
				"up": {"uv": [5.875, 4.625, 6, 4.75], "texture": "#0"},
				"down": {"uv": [5.875, 4.625, 6, 4.75], "texture": "#0"}
			}
		},
		{
			"name": "cybernetic_sawblade_20",
			"from": [7.1, 10.75, 7.9],
			"to": [7.225, 11, 8.025],
			"faces": {
				"north": {"uv": [6.125, 5, 6, 5.25], "texture": "#0"},
				"east": {"uv": [6, 5, 6.125, 5.25], "texture": "#0"},
				"south": {"uv": [6, 5, 6.125, 5.25], "texture": "#0"},
				"west": {"uv": [6, 5, 6.125, 5.25], "texture": "#0"},
				"up": {"uv": [6, 5, 6.125, 5.125], "texture": "#0"},
				"down": {"uv": [6, 5.125, 6.125, 5.25], "texture": "#0"}
			}
		},
		{
			"name": "cybernetic_sawblade_21",
			"from": [7.35, 10.625, 7.85],
			"to": [7.475, 11, 8.075],
			"faces": {
				"north": {"uv": [6.875, 5, 6.75, 5.375], "texture": "#0"},
				"east": {"uv": [6.75, 5, 6.875, 5.375], "texture": "#0"},
				"south": {"uv": [6.75, 5, 6.875, 5.375], "texture": "#0"},
				"west": {"uv": [6.75, 5, 6.875, 5.375], "texture": "#0"},
				"up": {"uv": [6.75, 5, 6.875, 5.125], "texture": "#0"},
				"down": {"uv": [6.75, 5.25, 6.875, 5.375], "texture": "#0"}
			}
		},
		{
			"name": "cybernetic_sawblade_22",
			"from": [6.975, 10.75, 7.9],
			"to": [7.1, 10.875, 8.025],
			"faces": {
				"north": {"uv": [6, 5.125, 5.875, 5.25], "texture": "#0"},
				"east": {"uv": [5.875, 5.125, 6, 5.25], "texture": "#0"},
				"south": {"uv": [5.875, 5.125, 6, 5.25], "texture": "#0"},
				"west": {"uv": [5.875, 5.125, 6, 5.25], "texture": "#0"},
				"up": {"uv": [5.875, 5.125, 6, 5.25], "texture": "#0"},
				"down": {"uv": [5.875, 5.125, 6, 5.25], "texture": "#0"}
			}
		},
		{
			"name": "cybernetic_sawblade_23",
			"from": [7.35, 10.125, 7.9],
			"to": [7.475, 10.625, 8.025],
			"faces": {
				"north": {"uv": [6.375, 5.375, 6.25, 5.875], "texture": "#0"},
				"east": {"uv": [6.25, 5.375, 6.375, 5.875], "texture": "#0"},
				"south": {"uv": [6.25, 5.375, 6.375, 5.875], "texture": "#0"},
				"west": {"uv": [6.25, 5.375, 6.375, 5.875], "texture": "#0"},
				"up": {"uv": [6.25, 5.375, 6.375, 5.5], "texture": "#0"},
				"down": {"uv": [6.25, 5.75, 6.375, 5.875], "texture": "#0"}
			}
		},
		{
			"name": "cybernetic_sawblade_24",
			"from": [7.1, 10.25, 7.9],
			"to": [7.225, 10.5, 8.025],
			"faces": {
				"north": {"uv": [6.125, 5.5, 6, 5.75], "texture": "#0"},
				"east": {"uv": [6, 5.5, 6.125, 5.75], "texture": "#0"},
				"south": {"uv": [6, 5.5, 6.125, 5.75], "texture": "#0"},
				"west": {"uv": [6, 5.5, 6.125, 5.75], "texture": "#0"},
				"up": {"uv": [6, 5.5, 6.125, 5.625], "texture": "#0"},
				"down": {"uv": [6, 5.625, 6.125, 5.75], "texture": "#0"}
			}
		},
		{
			"name": "cybernetic_sawblade_25",
			"from": [6.975, 10.25, 7.9],
			"to": [7.1, 10.375, 8.025],
			"faces": {
				"north": {"uv": [6, 5.625, 5.875, 5.75], "texture": "#0"},
				"east": {"uv": [5.875, 5.625, 6, 5.75], "texture": "#0"},
				"south": {"uv": [5.875, 5.625, 6, 5.75], "texture": "#0"},
				"west": {"uv": [5.875, 5.625, 6, 5.75], "texture": "#0"},
				"up": {"uv": [5.875, 5.625, 6, 5.75], "texture": "#0"},
				"down": {"uv": [5.875, 5.625, 6, 5.75], "texture": "#0"}
			}
		},
		{
			"name": "cybernetic_sawblade_26",
			"from": [7.6, 10.125, 7.85],
			"to": [7.725, 10.25, 8.075],
			"faces": {
				"north": {"uv": [7.125, 5.75, 7, 5.875], "texture": "#0"},
				"east": {"uv": [7, 5.75, 7.125, 5.875], "texture": "#0"},
				"south": {"uv": [7, 5.75, 7.125, 5.875], "texture": "#0"},
				"west": {"uv": [7, 5.75, 7.125, 5.875], "texture": "#0"},
				"up": {"uv": [7, 5.75, 7.125, 5.875], "texture": "#0"},
				"down": {"uv": [7, 5.75, 7.125, 5.875], "texture": "#0"}
			}
		},
		{
			"name": "cybernetic_sawblade_27",
			"from": [7.475, 9.875, 7.8],
			"to": [7.6, 10.25, 8.125],
			"faces": {
				"north": {"uv": [8.5, 5.75, 8.375, 6.125], "texture": "#0"},
				"east": {"uv": [8.375, 5.75, 8.5, 6.125], "texture": "#0"},
				"south": {"uv": [8.375, 5.75, 8.5, 6.125], "texture": "#0"},
				"west": {"uv": [8.375, 5.75, 8.5, 6.125], "texture": "#0"},
				"up": {"uv": [8.375, 5.75, 8.5, 5.875], "texture": "#0"},
				"down": {"uv": [8.375, 6, 8.5, 6.125], "texture": "#0"}
			}
		},
		{
			"name": "cybernetic_sawblade_28",
			"from": [7.35, 9.75, 7.8],
			"to": [7.475, 10.125, 8.125],
			"faces": {
				"north": {"uv": [8.375, 5.875, 8.25, 6.25], "texture": "#0"},
				"east": {"uv": [8.25, 5.875, 8.375, 6.25], "texture": "#0"},
				"south": {"uv": [8.25, 5.875, 8.375, 6.25], "texture": "#0"},
				"west": {"uv": [8.25, 5.875, 8.375, 6.25], "texture": "#0"},
				"up": {"uv": [8.25, 5.875, 8.375, 6], "texture": "#0"},
				"down": {"uv": [8.25, 6.125, 8.375, 6.25], "texture": "#0"}
			}
		},
		{
			"name": "cybernetic_sawblade_29",
			"from": [7.6, 9.75, 7.8],
			"to": [7.725, 10.125, 8.125],
			"faces": {
				"north": {"uv": [8.625, 5.875, 8.5, 6.25], "texture": "#0"},
				"east": {"uv": [8.5, 5.875, 8.625, 6.25], "texture": "#0"},
				"south": {"uv": [8.5, 5.875, 8.625, 6.25], "texture": "#0"},
				"west": {"uv": [8.5, 5.875, 8.625, 6.25], "texture": "#0"},
				"up": {"uv": [8.5, 5.875, 8.625, 6], "texture": "#0"},
				"down": {"uv": [8.5, 6.125, 8.625, 6.25], "texture": "#0"}
			}
		},
		{
			"name": "cybernetic_sawblade_30",
			"from": [7.1, 9.75, 7.9],
			"to": [7.225, 10, 8.025],
			"faces": {
				"north": {"uv": [6.125, 6, 6, 6.25], "texture": "#0"},
				"east": {"uv": [6, 6, 6.125, 6.25], "texture": "#0"},
				"south": {"uv": [6, 6, 6.125, 6.25], "texture": "#0"},
				"west": {"uv": [6, 6, 6.125, 6.25], "texture": "#0"},
				"up": {"uv": [6, 6, 6.125, 6.125], "texture": "#0"},
				"down": {"uv": [6, 6.125, 6.125, 6.25], "texture": "#0"}
			}
		},
		{
			"name": "cybernetic_sawblade_31",
			"from": [7.85, 9.875, 7.85],
			"to": [7.975, 10, 8.075],
			"faces": {
				"north": {"uv": [7.375, 6, 7.25, 6.125], "texture": "#0"},
				"east": {"uv": [7.25, 6, 7.375, 6.125], "texture": "#0"},
				"south": {"uv": [7.25, 6, 7.375, 6.125], "texture": "#0"},
				"west": {"uv": [7.25, 6, 7.375, 6.125], "texture": "#0"},
				"up": {"uv": [7.25, 6, 7.375, 6.125], "texture": "#0"},
				"down": {"uv": [7.25, 6, 7.375, 6.125], "texture": "#0"}
			}
		},
		{
			"name": "cybernetic_sawblade_32",
			"from": [7.725, 9.625, 7.8],
			"to": [7.85, 10, 8.125],
			"faces": {
				"north": {"uv": [8.75, 6, 8.625, 6.375], "texture": "#0"},
				"east": {"uv": [8.625, 6, 8.75, 6.375], "texture": "#0"},
				"south": {"uv": [8.625, 6, 8.75, 6.375], "texture": "#0"},
				"west": {"uv": [8.625, 6, 8.75, 6.375], "texture": "#0"},
				"up": {"uv": [8.625, 6, 8.75, 6.125], "texture": "#0"},
				"down": {"uv": [8.625, 6.25, 8.75, 6.375], "texture": "#0"}
			}
		},
		{
			"name": "cybernetic_sawblade_33",
			"from": [6.975, 9.75, 7.9],
			"to": [7.1, 9.875, 8.025],
			"faces": {
				"north": {"uv": [6, 6.125, 5.875, 6.25], "texture": "#0"},
				"east": {"uv": [5.875, 6.125, 6, 6.25], "texture": "#0"},
				"south": {"uv": [5.875, 6.125, 6, 6.25], "texture": "#0"},
				"west": {"uv": [5.875, 6.125, 6, 6.25], "texture": "#0"},
				"up": {"uv": [5.875, 6.125, 6, 6.25], "texture": "#0"},
				"down": {"uv": [5.875, 6.125, 6, 6.25], "texture": "#0"}
			}
		},
		{
			"name": "cybernetic_sawblade_34",
			"from": [7.475, 9.375, 7.85],
			"to": [7.6, 9.875, 8.075],
			"faces": {
				"north": {"uv": [7, 6.125, 6.875, 6.625], "texture": "#0"},
				"east": {"uv": [6.875, 6.125, 7, 6.625], "texture": "#0"},
				"south": {"uv": [6.875, 6.125, 7, 6.625], "texture": "#0"},
				"west": {"uv": [6.875, 6.125, 7, 6.625], "texture": "#0"},
				"up": {"uv": [6.875, 6.125, 7, 6.25], "texture": "#0"},
				"down": {"uv": [6.875, 6.5, 7, 6.625], "texture": "#0"}
			}
		},
		{
			"name": "cybernetic_sawblade_35",
			"from": [7.85, 9.5, 7.8],
			"to": [7.975, 9.875, 8.125],
			"faces": {
				"north": {"uv": [8.875, 6.125, 8.75, 6.5], "texture": "#0"},
				"east": {"uv": [8.75, 6.125, 8.875, 6.5], "texture": "#0"},
				"south": {"uv": [8.75, 6.125, 8.875, 6.5], "texture": "#0"},
				"west": {"uv": [8.75, 6.125, 8.875, 6.5], "texture": "#0"},
				"up": {"uv": [8.75, 6.125, 8.875, 6.25], "texture": "#0"},
				"down": {"uv": [8.75, 6.375, 8.875, 6.5], "texture": "#0"}
			}
		},
		{
			"name": "cybernetic_sawblade_36",
			"from": [7.35, 9.25, 7.9],
			"to": [7.475, 9.75, 8.025],
			"faces": {
				"north": {"uv": [6.375, 6.25, 6.25, 6.75], "texture": "#0"},
				"east": {"uv": [6.25, 6.25, 6.375, 6.75], "texture": "#0"},
				"south": {"uv": [6.25, 6.25, 6.375, 6.75], "texture": "#0"},
				"west": {"uv": [6.25, 6.25, 6.375, 6.75], "texture": "#0"},
				"up": {"uv": [6.25, 6.25, 6.375, 6.375], "texture": "#0"},
				"down": {"uv": [6.25, 6.625, 6.375, 6.75], "texture": "#0"}
			}
		},
		{
			"name": "cybernetic_sawblade_37",
			"from": [7.6, 9.25, 7.85],
			"to": [7.725, 9.75, 8.075],
			"faces": {
				"north": {"uv": [7.125, 6.25, 7, 6.75], "texture": "#0"},
				"east": {"uv": [7, 6.25, 7.125, 6.75], "texture": "#0"},
				"south": {"uv": [7, 6.25, 7.125, 6.75], "texture": "#0"},
				"west": {"uv": [7, 6.25, 7.125, 6.75], "texture": "#0"},
				"up": {"uv": [7, 6.25, 7.125, 6.375], "texture": "#0"},
				"down": {"uv": [7, 6.625, 7.125, 6.75], "texture": "#0"}
			}
		},
		{
			"name": "cybernetic_sawblade_38",
			"from": [8.1, 9.625, 7.85],
			"to": [8.225, 9.75, 8.075],
			"faces": {
				"north": {"uv": [7.625, 6.25, 7.5, 6.375], "texture": "#0"},
				"east": {"uv": [7.5, 6.25, 7.625, 6.375], "texture": "#0"},
				"south": {"uv": [7.5, 6.25, 7.625, 6.375], "texture": "#0"},
				"west": {"uv": [7.5, 6.25, 7.625, 6.375], "texture": "#0"},
				"up": {"uv": [7.5, 6.25, 7.625, 6.375], "texture": "#0"},
				"down": {"uv": [7.5, 6.25, 7.625, 6.375], "texture": "#0"}
			}
		},
		{
			"name": "cybernetic_sawblade_39",
			"from": [7.975, 9.375, 7.8],
			"to": [8.1, 9.75, 8.125],
			"faces": {
				"north": {"uv": [9, 6.25, 8.875, 6.625], "texture": "#0"},
				"east": {"uv": [8.875, 6.25, 9, 6.625], "texture": "#0"},
				"south": {"uv": [8.875, 6.25, 9, 6.625], "texture": "#0"},
				"west": {"uv": [8.875, 6.25, 9, 6.625], "texture": "#0"},
				"up": {"uv": [8.875, 6.25, 9, 6.375], "texture": "#0"},
				"down": {"uv": [8.875, 6.5, 9, 6.625], "texture": "#0"}
			}
		},
		{
			"name": "cybernetic_sawblade_40",
			"from": [7.725, 9.125, 7.85],
			"to": [7.85, 9.625, 8.075],
			"faces": {
				"north": {"uv": [7.25, 6.375, 7.125, 6.875], "texture": "#0"},
				"east": {"uv": [7.125, 6.375, 7.25, 6.875], "texture": "#0"},
				"south": {"uv": [7.125, 6.375, 7.25, 6.875], "texture": "#0"},
				"west": {"uv": [7.125, 6.375, 7.25, 6.875], "texture": "#0"},
				"up": {"uv": [7.125, 6.375, 7.25, 6.5], "texture": "#0"},
				"down": {"uv": [7.125, 6.75, 7.25, 6.875], "texture": "#0"}
			}
		},
		{
			"name": "cybernetic_sawblade_41",
			"from": [8.1, 9.25, 7.8],
			"to": [8.225, 9.625, 8.125],
			"faces": {
				"north": {"uv": [9.125, 6.375, 9, 6.75], "texture": "#0"},
				"east": {"uv": [9, 6.375, 9.125, 6.75], "texture": "#0"},
				"south": {"uv": [9, 6.375, 9.125, 6.75], "texture": "#0"},
				"west": {"uv": [9, 6.375, 9.125, 6.75], "texture": "#0"},
				"up": {"uv": [9, 6.375, 9.125, 6.5], "texture": "#0"},
				"down": {"uv": [9, 6.625, 9.125, 6.75], "texture": "#0"}
			}
		},
		{
			"name": "cybernetic_sawblade_42",
			"from": [8.35, 9.25, 7.8],
			"to": [8.475, 9.625, 8.125],
			"faces": {
				"north": {"uv": [9.375, 6.375, 9.25, 6.75], "texture": "#0"},
				"east": {"uv": [9.25, 6.375, 9.375, 6.75], "texture": "#0"},
				"south": {"uv": [9.25, 6.375, 9.375, 6.75], "texture": "#0"},
				"west": {"uv": [9.25, 6.375, 9.375, 6.75], "texture": "#0"},
				"up": {"uv": [9.25, 6.375, 9.375, 6.5], "texture": "#0"},
				"down": {"uv": [9.25, 6.625, 9.375, 6.75], "texture": "#0"}
			}
		},
		{
			"name": "cybernetic_sawblade_43",
			"from": [7.1, 9.25, 7.9],
			"to": [7.225, 9.5, 8.025],
			"faces": {
				"north": {"uv": [6.125, 6.5, 6, 6.75], "texture": "#0"},
				"east": {"uv": [6, 6.5, 6.125, 6.75], "texture": "#0"},
				"south": {"uv": [6, 6.5, 6.125, 6.75], "texture": "#0"},
				"west": {"uv": [6, 6.5, 6.125, 6.75], "texture": "#0"},
				"up": {"uv": [6, 6.5, 6.125, 6.625], "texture": "#0"},
				"down": {"uv": [6, 6.625, 6.125, 6.75], "texture": "#0"}
			}
		},
		{
			"name": "cybernetic_sawblade_44",
			"from": [7.85, 9, 7.85],
			"to": [7.975, 9.5, 8.075],
			"faces": {
				"north": {"uv": [7.375, 6.5, 7.25, 7], "texture": "#0"},
				"east": {"uv": [7.25, 6.5, 7.375, 7], "texture": "#0"},
				"south": {"uv": [7.25, 6.5, 7.375, 7], "texture": "#0"},
				"west": {"uv": [7.25, 6.5, 7.375, 7], "texture": "#0"},
				"up": {"uv": [7.25, 6.5, 7.375, 6.625], "texture": "#0"},
				"down": {"uv": [7.25, 6.875, 7.375, 7], "texture": "#0"}
			}
		},
		{
			"name": "cybernetic_sawblade_45",
			"from": [8.225, 9.125, 7.8],
			"to": [8.35, 9.5, 8.125],
			"faces": {
				"north": {"uv": [9.25, 6.5, 9.125, 6.875], "texture": "#0"},
				"east": {"uv": [9.125, 6.5, 9.25, 6.875], "texture": "#0"},
				"south": {"uv": [9.125, 6.5, 9.25, 6.875], "texture": "#0"},
				"west": {"uv": [9.125, 6.5, 9.25, 6.875], "texture": "#0"},
				"up": {"uv": [9.125, 6.5, 9.25, 6.625], "texture": "#0"},
				"down": {"uv": [9.125, 6.75, 9.25, 6.875], "texture": "#0"}
			}
		},
		{
			"name": "cybernetic_sawblade_46",
			"from": [6.975, 9.25, 7.9],
			"to": [7.1, 9.375, 8.025],
			"faces": {
				"north": {"uv": [6, 6.625, 5.875, 6.75], "texture": "#0"},
				"east": {"uv": [5.875, 6.625, 6, 6.75], "texture": "#0"},
				"south": {"uv": [5.875, 6.625, 6, 6.75], "texture": "#0"},
				"west": {"uv": [5.875, 6.625, 6, 6.75], "texture": "#0"},
				"up": {"uv": [5.875, 6.625, 6, 6.75], "texture": "#0"},
				"down": {"uv": [5.875, 6.625, 6, 6.75], "texture": "#0"}
			}
		},
		{
			"name": "cybernetic_sawblade_47",
			"from": [7.975, 8.875, 7.85],
			"to": [8.1, 9.375, 8.075],
			"faces": {
				"north": {"uv": [7.5, 6.625, 7.375, 7.125], "texture": "#0"},
				"east": {"uv": [7.375, 6.625, 7.5, 7.125], "texture": "#0"},
				"south": {"uv": [7.375, 6.625, 7.5, 7.125], "texture": "#0"},
				"west": {"uv": [7.375, 6.625, 7.5, 7.125], "texture": "#0"},
				"up": {"uv": [7.375, 6.625, 7.5, 6.75], "texture": "#0"},
				"down": {"uv": [7.375, 7, 7.5, 7.125], "texture": "#0"}
			}
		},
		{
			"name": "cybernetic_sawblade_48",
			"from": [7.475, 9, 7.8],
			"to": [7.6, 9.375, 8.125],
			"faces": {
				"north": {"uv": [8.5, 6.625, 8.375, 7], "texture": "#0"},
				"east": {"uv": [8.375, 6.625, 8.5, 7], "texture": "#0"},
				"south": {"uv": [8.375, 6.625, 8.5, 7], "texture": "#0"},
				"west": {"uv": [8.375, 6.625, 8.5, 7], "texture": "#0"},
				"up": {"uv": [8.375, 6.625, 8.5, 6.75], "texture": "#0"},
				"down": {"uv": [8.375, 6.875, 8.5, 7], "texture": "#0"}
			}
		},
		{
			"name": "cybernetic_sawblade_49",
			"from": [8.1, 8.75, 7.85],
			"to": [8.225, 9.25, 8.075],
			"faces": {
				"north": {"uv": [7.625, 6.75, 7.5, 7.25], "texture": "#0"},
				"east": {"uv": [7.5, 6.75, 7.625, 7.25], "texture": "#0"},
				"south": {"uv": [7.5, 6.75, 7.625, 7.25], "texture": "#0"},
				"west": {"uv": [7.5, 6.75, 7.625, 7.25], "texture": "#0"},
				"up": {"uv": [7.5, 6.75, 7.625, 6.875], "texture": "#0"},
				"down": {"uv": [7.5, 7.125, 7.625, 7.25], "texture": "#0"}
			}
		},
		{
			"name": "cybernetic_sawblade_50",
			"from": [7.35, 8.875, 7.8],
			"to": [7.475, 9.25, 8.125],
			"faces": {
				"north": {"uv": [8.375, 6.75, 8.25, 7.125], "texture": "#0"},
				"east": {"uv": [8.25, 6.75, 8.375, 7.125], "texture": "#0"},
				"south": {"uv": [8.25, 6.75, 8.375, 7.125], "texture": "#0"},
				"west": {"uv": [8.25, 6.75, 8.375, 7.125], "texture": "#0"},
				"up": {"uv": [8.25, 6.75, 8.375, 6.875], "texture": "#0"},
				"down": {"uv": [8.25, 7, 8.375, 7.125], "texture": "#0"}
			}
		},
		{
			"name": "cybernetic_sawblade_51",
			"from": [7.6, 8.875, 7.8],
			"to": [7.725, 9.25, 8.125],
			"faces": {
				"north": {"uv": [8.625, 6.75, 8.5, 7.125], "texture": "#0"},
				"east": {"uv": [8.5, 6.75, 8.625, 7.125], "texture": "#0"},
				"south": {"uv": [8.5, 6.75, 8.625, 7.125], "texture": "#0"},
				"west": {"uv": [8.5, 6.75, 8.625, 7.125], "texture": "#0"},
				"up": {"uv": [8.5, 6.75, 8.625, 6.875], "texture": "#0"},
				"down": {"uv": [8.5, 7, 8.625, 7.125], "texture": "#0"}
			}
		},
		{
			"name": "cybernetic_sawblade_52",
			"from": [8.225, 8.625, 7.85],
			"to": [8.35, 9.125, 8.075],
			"faces": {
				"north": {"uv": [7.75, 6.875, 7.625, 7.375], "texture": "#0"},
				"east": {"uv": [7.625, 6.875, 7.75, 7.375], "texture": "#0"},
				"south": {"uv": [7.625, 6.875, 7.75, 7.375], "texture": "#0"},
				"west": {"uv": [7.625, 6.875, 7.75, 7.375], "texture": "#0"},
				"up": {"uv": [7.625, 6.875, 7.75, 7], "texture": "#0"},
				"down": {"uv": [7.625, 7.25, 7.75, 7.375], "texture": "#0"}
			}
		},
		{
			"name": "cybernetic_sawblade_53",
			"from": [7.725, 8.75, 7.8],
			"to": [7.85, 9.125, 8.125],
			"faces": {
				"north": {"uv": [8.75, 6.875, 8.625, 7.25], "texture": "#0"},
				"east": {"uv": [8.625, 6.875, 8.75, 7.25], "texture": "#0"},
				"south": {"uv": [8.625, 6.875, 8.75, 7.25], "texture": "#0"},
				"west": {"uv": [8.625, 6.875, 8.75, 7.25], "texture": "#0"},
				"up": {"uv": [8.625, 6.875, 8.75, 7], "texture": "#0"},
				"down": {"uv": [8.625, 7.125, 8.75, 7.25], "texture": "#0"}
			}
		},
		{
			"name": "cybernetic_sawblade_54",
			"from": [7.1, 8.75, 7.9],
			"to": [7.225, 9, 8.025],
			"faces": {
				"north": {"uv": [6.125, 7, 6, 7.25], "texture": "#0"},
				"east": {"uv": [6, 7, 6.125, 7.25], "texture": "#0"},
				"south": {"uv": [6, 7, 6.125, 7.25], "texture": "#0"},
				"west": {"uv": [6, 7, 6.125, 7.25], "texture": "#0"},
				"up": {"uv": [6, 7, 6.125, 7.125], "texture": "#0"},
				"down": {"uv": [6, 7.125, 6.125, 7.25], "texture": "#0"}
			}
		},
		{
			"name": "cybernetic_sawblade_55",
			"from": [7.475, 8.5, 7.85],
			"to": [7.6, 9, 8.075],
			"faces": {
				"north": {"uv": [7, 7, 6.875, 7.5], "texture": "#0"},
				"east": {"uv": [6.875, 7, 7, 7.5], "texture": "#0"},
				"south": {"uv": [6.875, 7, 7, 7.5], "texture": "#0"},
				"west": {"uv": [6.875, 7, 7, 7.5], "texture": "#0"},
				"up": {"uv": [6.875, 7, 7, 7.125], "texture": "#0"},
				"down": {"uv": [6.875, 7.375, 7, 7.5], "texture": "#0"}
			}
		},
		{
			"name": "cybernetic_sawblade_56",
			"from": [7.85, 8.625, 7.8],
			"to": [7.975, 9, 8.125],
			"faces": {
				"north": {"uv": [8.875, 7, 8.75, 7.375], "texture": "#0"},
				"east": {"uv": [8.75, 7, 8.875, 7.375], "texture": "#0"},
				"south": {"uv": [8.75, 7, 8.875, 7.375], "texture": "#0"},
				"west": {"uv": [8.75, 7, 8.875, 7.375], "texture": "#0"},
				"up": {"uv": [8.75, 7, 8.875, 7.125], "texture": "#0"},
				"down": {"uv": [8.75, 7.25, 8.875, 7.375], "texture": "#0"}
			}
		},
		{
			"name": "cybernetic_sawblade_57",
			"from": [6.975, 8.75, 7.9],
			"to": [7.1, 8.875, 8.025],
			"faces": {
				"north": {"uv": [6, 7.125, 5.875, 7.25], "texture": "#0"},
				"east": {"uv": [5.875, 7.125, 6, 7.25], "texture": "#0"},
				"south": {"uv": [5.875, 7.125, 6, 7.25], "texture": "#0"},
				"west": {"uv": [5.875, 7.125, 6, 7.25], "texture": "#0"},
				"up": {"uv": [5.875, 7.125, 6, 7.25], "texture": "#0"},
				"down": {"uv": [5.875, 7.125, 6, 7.25], "texture": "#0"}
			}
		},
		{
			"name": "cybernetic_sawblade_58",
			"from": [7.35, 8.375, 7.9],
			"to": [7.475, 8.875, 8.025],
			"faces": {
				"north": {"uv": [6.375, 7.125, 6.25, 7.625], "texture": "#0"},
				"east": {"uv": [6.25, 7.125, 6.375, 7.625], "texture": "#0"},
				"south": {"uv": [6.25, 7.125, 6.375, 7.625], "texture": "#0"},
				"west": {"uv": [6.25, 7.125, 6.375, 7.625], "texture": "#0"},
				"up": {"uv": [6.25, 7.125, 6.375, 7.25], "texture": "#0"},
				"down": {"uv": [6.25, 7.5, 6.375, 7.625], "texture": "#0"}
			}
		},
		{
			"name": "cybernetic_sawblade_59",
			"from": [7.6, 8.375, 7.85],
			"to": [7.725, 8.875, 8.075],
			"faces": {
				"north": {"uv": [7.125, 7.125, 7, 7.625], "texture": "#0"},
				"east": {"uv": [7, 7.125, 7.125, 7.625], "texture": "#0"},
				"south": {"uv": [7, 7.125, 7.125, 7.625], "texture": "#0"},
				"west": {"uv": [7, 7.125, 7.125, 7.625], "texture": "#0"},
				"up": {"uv": [7, 7.125, 7.125, 7.25], "texture": "#0"},
				"down": {"uv": [7, 7.5, 7.125, 7.625], "texture": "#0"}
			}
		},
		{
			"name": "cybernetic_sawblade_60",
			"from": [7.975, 8.5, 7.8],
			"to": [8.1, 8.875, 8.125],
			"faces": {
				"north": {"uv": [9, 7.125, 8.875, 7.5], "texture": "#0"},
				"east": {"uv": [8.875, 7.125, 9, 7.5], "texture": "#0"},
				"south": {"uv": [8.875, 7.125, 9, 7.5], "texture": "#0"},
				"west": {"uv": [8.875, 7.125, 9, 7.5], "texture": "#0"},
				"up": {"uv": [8.875, 7.125, 9, 7.25], "texture": "#0"},
				"down": {"uv": [8.875, 7.375, 9, 7.5], "texture": "#0"}
			}
		},
		{
			"name": "cybernetic_sawblade_61",
			"from": [7.725, 8.25, 7.85],
			"to": [7.85, 8.75, 8.075],
			"faces": {
				"north": {"uv": [7.25, 7.25, 7.125, 7.75], "texture": "#0"},
				"east": {"uv": [7.125, 7.25, 7.25, 7.75], "texture": "#0"},
				"south": {"uv": [7.125, 7.25, 7.25, 7.75], "texture": "#0"},
				"west": {"uv": [7.125, 7.25, 7.25, 7.75], "texture": "#0"},
				"up": {"uv": [7.125, 7.25, 7.25, 7.375], "texture": "#0"},
				"down": {"uv": [7.125, 7.625, 7.25, 7.75], "texture": "#0"}
			}
		},
		{
			"name": "cybernetic_sawblade_62",
			"from": [8.1, 8.375, 7.8],
			"to": [8.225, 8.75, 8.125],
			"faces": {
				"north": {"uv": [9.125, 7.25, 9, 7.625], "texture": "#0"},
				"east": {"uv": [9, 7.25, 9.125, 7.625], "texture": "#0"},
				"south": {"uv": [9, 7.25, 9.125, 7.625], "texture": "#0"},
				"west": {"uv": [9, 7.25, 9.125, 7.625], "texture": "#0"},
				"up": {"uv": [9, 7.25, 9.125, 7.375], "texture": "#0"},
				"down": {"uv": [9, 7.5, 9.125, 7.625], "texture": "#0"}
			}
		},
		{
			"name": "cybernetic_sawblade_63",
			"from": [8.35, 8.375, 7.8],
			"to": [8.475, 8.75, 8.125],
			"faces": {
				"north": {"uv": [9.375, 7.25, 9.25, 7.625], "texture": "#0"},
				"east": {"uv": [9.25, 7.25, 9.375, 7.625], "texture": "#0"},
				"south": {"uv": [9.25, 7.25, 9.375, 7.625], "texture": "#0"},
				"west": {"uv": [9.25, 7.25, 9.375, 7.625], "texture": "#0"},
				"up": {"uv": [9.25, 7.25, 9.375, 7.375], "texture": "#0"},
				"down": {"uv": [9.25, 7.5, 9.375, 7.625], "texture": "#0"}
			}
		},
		{
			"name": "cybernetic_sawblade_64",
			"from": [7.85, 8.125, 7.85],
			"to": [7.975, 8.625, 8.075],
			"faces": {
				"north": {"uv": [7.375, 7.375, 7.25, 7.875], "texture": "#0"},
				"east": {"uv": [7.25, 7.375, 7.375, 7.875], "texture": "#0"},
				"south": {"uv": [7.25, 7.375, 7.375, 7.875], "texture": "#0"},
				"west": {"uv": [7.25, 7.375, 7.375, 7.875], "texture": "#0"},
				"up": {"uv": [7.25, 7.375, 7.375, 7.5], "texture": "#0"},
				"down": {"uv": [7.25, 7.75, 7.375, 7.875], "texture": "#0"}
			}
		},
		{
			"name": "cybernetic_sawblade_65",
			"from": [8.225, 8.25, 7.8],
			"to": [8.35, 8.625, 8.125],
			"faces": {
				"north": {"uv": [9.25, 7.375, 9.125, 7.75], "texture": "#0"},
				"east": {"uv": [9.125, 7.375, 9.25, 7.75], "texture": "#0"},
				"south": {"uv": [9.125, 7.375, 9.25, 7.75], "texture": "#0"},
				"west": {"uv": [9.125, 7.375, 9.25, 7.75], "texture": "#0"},
				"up": {"uv": [9.125, 7.375, 9.25, 7.5], "texture": "#0"},
				"down": {"uv": [9.125, 7.625, 9.25, 7.75], "texture": "#0"}
			}
		},
		{
			"name": "cybernetic_sawblade_66",
			"from": [7.1, 8.25, 7.9],
			"to": [7.225, 8.5, 8.025],
			"faces": {
				"north": {"uv": [6.125, 7.5, 6, 7.75], "texture": "#0"},
				"east": {"uv": [6, 7.5, 6.125, 7.75], "texture": "#0"},
				"south": {"uv": [6, 7.5, 6.125, 7.75], "texture": "#0"},
				"west": {"uv": [6, 7.5, 6.125, 7.75], "texture": "#0"},
				"up": {"uv": [6, 7.5, 6.125, 7.625], "texture": "#0"},
				"down": {"uv": [6, 7.625, 6.125, 7.75], "texture": "#0"}
			}
		},
		{
			"name": "cybernetic_sawblade_67",
			"from": [7.975, 8, 7.85],
			"to": [8.1, 8.5, 8.075],
			"faces": {
				"north": {"uv": [7.5, 7.5, 7.375, 8], "texture": "#0"},
				"east": {"uv": [7.375, 7.5, 7.5, 8], "texture": "#0"},
				"south": {"uv": [7.375, 7.5, 7.5, 8], "texture": "#0"},
				"west": {"uv": [7.375, 7.5, 7.5, 8], "texture": "#0"},
				"up": {"uv": [7.375, 7.5, 7.5, 7.625], "texture": "#0"},
				"down": {"uv": [7.375, 7.875, 7.5, 8], "texture": "#0"}
			}
		},
		{
			"name": "cybernetic_sawblade_68",
			"from": [7.475, 8.125, 7.8],
			"to": [7.6, 8.5, 8.125],
			"faces": {
				"north": {"uv": [8.5, 7.5, 8.375, 7.875], "texture": "#0"},
				"east": {"uv": [8.375, 7.5, 8.5, 7.875], "texture": "#0"},
				"south": {"uv": [8.375, 7.5, 8.5, 7.875], "texture": "#0"},
				"west": {"uv": [8.375, 7.5, 8.5, 7.875], "texture": "#0"},
				"up": {"uv": [8.375, 7.5, 8.5, 7.625], "texture": "#0"},
				"down": {"uv": [8.375, 7.75, 8.5, 7.875], "texture": "#0"}
			}
		},
		{
			"name": "cybernetic_sawblade_69",
			"from": [6.975, 8.25, 7.9],
			"to": [7.1, 8.375, 8.025],
			"faces": {
				"north": {"uv": [6, 7.625, 5.875, 7.75], "texture": "#0"},
				"east": {"uv": [5.875, 7.625, 6, 7.75], "texture": "#0"},
				"south": {"uv": [5.875, 7.625, 6, 7.75], "texture": "#0"},
				"west": {"uv": [5.875, 7.625, 6, 7.75], "texture": "#0"},
				"up": {"uv": [5.875, 7.625, 6, 7.75], "texture": "#0"},
				"down": {"uv": [5.875, 7.625, 6, 7.75], "texture": "#0"}
			}
		},
		{
			"name": "cybernetic_sawblade_70",
			"from": [8.1, 7.875, 7.85],
			"to": [8.225, 8.375, 8.075],
			"faces": {
				"north": {"uv": [7.625, 7.625, 7.5, 8.125], "texture": "#0"},
				"east": {"uv": [7.5, 7.625, 7.625, 8.125], "texture": "#0"},
				"south": {"uv": [7.5, 7.625, 7.625, 8.125], "texture": "#0"},
				"west": {"uv": [7.5, 7.625, 7.625, 8.125], "texture": "#0"},
				"up": {"uv": [7.5, 7.625, 7.625, 7.75], "texture": "#0"},
				"down": {"uv": [7.5, 8, 7.625, 8.125], "texture": "#0"}
			}
		},
		{
			"name": "cybernetic_sawblade_71",
			"from": [7.35, 8, 7.8],
			"to": [7.475, 8.375, 8.125],
			"faces": {
				"north": {"uv": [8.375, 7.625, 8.25, 8], "texture": "#0"},
				"east": {"uv": [8.25, 7.625, 8.375, 8], "texture": "#0"},
				"south": {"uv": [8.25, 7.625, 8.375, 8], "texture": "#0"},
				"west": {"uv": [8.25, 7.625, 8.375, 8], "texture": "#0"},
				"up": {"uv": [8.25, 7.625, 8.375, 7.75], "texture": "#0"},
				"down": {"uv": [8.25, 7.875, 8.375, 8], "texture": "#0"}
			}
		},
		{
			"name": "cybernetic_sawblade_72",
			"from": [7.6, 8, 7.8],
			"to": [7.725, 8.375, 8.125],
			"faces": {
				"north": {"uv": [8.625, 7.625, 8.5, 8], "texture": "#0"},
				"east": {"uv": [8.5, 7.625, 8.625, 8], "texture": "#0"},
				"south": {"uv": [8.5, 7.625, 8.625, 8], "texture": "#0"},
				"west": {"uv": [8.5, 7.625, 8.625, 8], "texture": "#0"},
				"up": {"uv": [8.5, 7.625, 8.625, 7.75], "texture": "#0"},
				"down": {"uv": [8.5, 7.875, 8.625, 8], "texture": "#0"}
			}
		},
		{
			"name": "cybernetic_sawblade_73",
			"from": [8.225, 7.75, 7.85],
			"to": [8.35, 8.25, 8.075],
			"faces": {
				"north": {"uv": [7.75, 7.75, 7.625, 8.25], "texture": "#0"},
				"east": {"uv": [7.625, 7.75, 7.75, 8.25], "texture": "#0"},
				"south": {"uv": [7.625, 7.75, 7.75, 8.25], "texture": "#0"},
				"west": {"uv": [7.625, 7.75, 7.75, 8.25], "texture": "#0"},
				"up": {"uv": [7.625, 7.75, 7.75, 7.875], "texture": "#0"},
				"down": {"uv": [7.625, 8.125, 7.75, 8.25], "texture": "#0"}
			}
		},
		{
			"name": "cybernetic_sawblade_74",
			"from": [7.725, 7.875, 7.8],
			"to": [7.85, 8.25, 8.125],
			"faces": {
				"north": {"uv": [8.75, 7.75, 8.625, 8.125], "texture": "#0"},
				"east": {"uv": [8.625, 7.75, 8.75, 8.125], "texture": "#0"},
				"south": {"uv": [8.625, 7.75, 8.75, 8.125], "texture": "#0"},
				"west": {"uv": [8.625, 7.75, 8.75, 8.125], "texture": "#0"},
				"up": {"uv": [8.625, 7.75, 8.75, 7.875], "texture": "#0"},
				"down": {"uv": [8.625, 8, 8.75, 8.125], "texture": "#0"}
			}
		},
		{
			"name": "cybernetic_sawblade_75",
			"from": [7.475, 7.625, 7.85],
			"to": [7.6, 8.125, 8.075],
			"faces": {
				"north": {"uv": [7, 7.875, 6.875, 8.375], "texture": "#0"},
				"east": {"uv": [6.875, 7.875, 7, 8.375], "texture": "#0"},
				"south": {"uv": [6.875, 7.875, 7, 8.375], "texture": "#0"},
				"west": {"uv": [6.875, 7.875, 7, 8.375], "texture": "#0"},
				"up": {"uv": [6.875, 7.875, 7, 8], "texture": "#0"},
				"down": {"uv": [6.875, 8.25, 7, 8.375], "texture": "#0"}
			}
		},
		{
			"name": "cybernetic_sawblade_76",
			"from": [7.85, 7.75, 7.8],
			"to": [7.975, 8.125, 8.125],
			"faces": {
				"north": {"uv": [8.875, 7.875, 8.75, 8.25], "texture": "#0"},
				"east": {"uv": [8.75, 7.875, 8.875, 8.25], "texture": "#0"},
				"south": {"uv": [8.75, 7.875, 8.875, 8.25], "texture": "#0"},
				"west": {"uv": [8.75, 7.875, 8.875, 8.25], "texture": "#0"},
				"up": {"uv": [8.75, 7.875, 8.875, 8], "texture": "#0"},
				"down": {"uv": [8.75, 8.125, 8.875, 8.25], "texture": "#0"}
			}
		},
		{
			"name": "cybernetic_sawblade_77",
			"from": [7.1, 7.75, 7.9],
			"to": [7.225, 8, 8.025],
			"faces": {
				"north": {"uv": [6.125, 8, 6, 8.25], "texture": "#0"},
				"east": {"uv": [6, 8, 6.125, 8.25], "texture": "#0"},
				"south": {"uv": [6, 8, 6.125, 8.25], "texture": "#0"},
				"west": {"uv": [6, 8, 6.125, 8.25], "texture": "#0"},
				"up": {"uv": [6, 8, 6.125, 8.125], "texture": "#0"},
				"down": {"uv": [6, 8.125, 6.125, 8.25], "texture": "#0"}
			}
		},
		{
			"name": "cybernetic_sawblade_78",
			"from": [7.35, 7.5, 7.9],
			"to": [7.475, 8, 8.025],
			"faces": {
				"north": {"uv": [6.375, 8, 6.25, 8.5], "texture": "#0"},
				"east": {"uv": [6.25, 8, 6.375, 8.5], "texture": "#0"},
				"south": {"uv": [6.25, 8, 6.375, 8.5], "texture": "#0"},
				"west": {"uv": [6.25, 8, 6.375, 8.5], "texture": "#0"},
				"up": {"uv": [6.25, 8, 6.375, 8.125], "texture": "#0"},
				"down": {"uv": [6.25, 8.375, 6.375, 8.5], "texture": "#0"}
			}
		},
		{
			"name": "cybernetic_sawblade_79",
			"from": [7.6, 7.5, 7.85],
			"to": [7.725, 8, 8.075],
			"faces": {
				"north": {"uv": [7.125, 8, 7, 8.5], "texture": "#0"},
				"east": {"uv": [7, 8, 7.125, 8.5], "texture": "#0"},
				"south": {"uv": [7, 8, 7.125, 8.5], "texture": "#0"},
				"west": {"uv": [7, 8, 7.125, 8.5], "texture": "#0"},
				"up": {"uv": [7, 8, 7.125, 8.125], "texture": "#0"},
				"down": {"uv": [7, 8.375, 7.125, 8.5], "texture": "#0"}
			}
		},
		{
			"name": "cybernetic_sawblade_80",
			"from": [7.975, 7.625, 7.8],
			"to": [8.1, 8, 8.125],
			"faces": {
				"north": {"uv": [9, 8, 8.875, 8.375], "texture": "#0"},
				"east": {"uv": [8.875, 8, 9, 8.375], "texture": "#0"},
				"south": {"uv": [8.875, 8, 9, 8.375], "texture": "#0"},
				"west": {"uv": [8.875, 8, 9, 8.375], "texture": "#0"},
				"up": {"uv": [8.875, 8, 9, 8.125], "texture": "#0"},
				"down": {"uv": [8.875, 8.25, 9, 8.375], "texture": "#0"}
			}
		},
		{
			"name": "cybernetic_sawblade_81",
			"from": [6.975, 7.75, 7.9],
			"to": [7.1, 7.875, 8.025],
			"faces": {
				"north": {"uv": [6, 8.125, 5.875, 8.25], "texture": "#0"},
				"east": {"uv": [5.875, 8.125, 6, 8.25], "texture": "#0"},
				"south": {"uv": [5.875, 8.125, 6, 8.25], "texture": "#0"},
				"west": {"uv": [5.875, 8.125, 6, 8.25], "texture": "#0"},
				"up": {"uv": [5.875, 8.125, 6, 8.25], "texture": "#0"},
				"down": {"uv": [5.875, 8.125, 6, 8.25], "texture": "#0"}
			}
		},
		{
			"name": "cybernetic_sawblade_82",
			"from": [7.725, 7.375, 7.85],
			"to": [7.85, 7.875, 8.075],
			"faces": {
				"north": {"uv": [7.25, 8.125, 7.125, 8.625], "texture": "#0"},
				"east": {"uv": [7.125, 8.125, 7.25, 8.625], "texture": "#0"},
				"south": {"uv": [7.125, 8.125, 7.25, 8.625], "texture": "#0"},
				"west": {"uv": [7.125, 8.125, 7.25, 8.625], "texture": "#0"},
				"up": {"uv": [7.125, 8.125, 7.25, 8.25], "texture": "#0"},
				"down": {"uv": [7.125, 8.5, 7.25, 8.625], "texture": "#0"}
			}
		},
		{
			"name": "cybernetic_sawblade_83",
			"from": [8.1, 7.5, 7.8],
			"to": [8.225, 7.875, 8.125],
			"faces": {
				"north": {"uv": [9.125, 8.125, 9, 8.5], "texture": "#0"},
				"east": {"uv": [9, 8.125, 9.125, 8.5], "texture": "#0"},
				"south": {"uv": [9, 8.125, 9.125, 8.5], "texture": "#0"},
				"west": {"uv": [9, 8.125, 9.125, 8.5], "texture": "#0"},
				"up": {"uv": [9, 8.125, 9.125, 8.25], "texture": "#0"},
				"down": {"uv": [9, 8.375, 9.125, 8.5], "texture": "#0"}
			}
		},
		{
			"name": "cybernetic_sawblade_84",
			"from": [8.35, 7.5, 7.8],
			"to": [8.475, 7.875, 8.125],
			"faces": {
				"north": {"uv": [9.375, 8.125, 9.25, 8.5], "texture": "#0"},
				"east": {"uv": [9.25, 8.125, 9.375, 8.5], "texture": "#0"},
				"south": {"uv": [9.25, 8.125, 9.375, 8.5], "texture": "#0"},
				"west": {"uv": [9.25, 8.125, 9.375, 8.5], "texture": "#0"},
				"up": {"uv": [9.25, 8.125, 9.375, 8.25], "texture": "#0"},
				"down": {"uv": [9.25, 8.375, 9.375, 8.5], "texture": "#0"}
			}
		},
		{
			"name": "cybernetic_sawblade_85",
			"from": [7.85, 7.25, 7.85],
			"to": [7.975, 7.75, 8.075],
			"faces": {
				"north": {"uv": [7.375, 8.25, 7.25, 8.75], "texture": "#0"},
				"east": {"uv": [7.25, 8.25, 7.375, 8.75], "texture": "#0"},
				"south": {"uv": [7.25, 8.25, 7.375, 8.75], "texture": "#0"},
				"west": {"uv": [7.25, 8.25, 7.375, 8.75], "texture": "#0"},
				"up": {"uv": [7.25, 8.25, 7.375, 8.375], "texture": "#0"},
				"down": {"uv": [7.25, 8.625, 7.375, 8.75], "texture": "#0"}
			}
		},
		{
			"name": "cybernetic_sawblade_86",
			"from": [8.225, 7.375, 7.8],
			"to": [8.35, 7.75, 8.125],
			"faces": {
				"north": {"uv": [9.25, 8.25, 9.125, 8.625], "texture": "#0"},
				"east": {"uv": [9.125, 8.25, 9.25, 8.625], "texture": "#0"},
				"south": {"uv": [9.125, 8.25, 9.25, 8.625], "texture": "#0"},
				"west": {"uv": [9.125, 8.25, 9.25, 8.625], "texture": "#0"},
				"up": {"uv": [9.125, 8.25, 9.25, 8.375], "texture": "#0"},
				"down": {"uv": [9.125, 8.5, 9.25, 8.625], "texture": "#0"}
			}
		},
		{
			"name": "cybernetic_sawblade_87",
			"from": [7.975, 7.125, 7.85],
			"to": [8.1, 7.625, 8.075],
			"faces": {
				"north": {"uv": [7.5, 8.375, 7.375, 8.875], "texture": "#0"},
				"east": {"uv": [7.375, 8.375, 7.5, 8.875], "texture": "#0"},
				"south": {"uv": [7.375, 8.375, 7.5, 8.875], "texture": "#0"},
				"west": {"uv": [7.375, 8.375, 7.5, 8.875], "texture": "#0"},
				"up": {"uv": [7.375, 8.375, 7.5, 8.5], "texture": "#0"},
				"down": {"uv": [7.375, 8.75, 7.5, 8.875], "texture": "#0"}
			}
		},
		{
			"name": "cybernetic_sawblade_88",
			"from": [7.475, 7.25, 7.8],
			"to": [7.6, 7.625, 8.125],
			"faces": {
				"north": {"uv": [8.5, 8.375, 8.375, 8.75], "texture": "#0"},
				"east": {"uv": [8.375, 8.375, 8.5, 8.75], "texture": "#0"},
				"south": {"uv": [8.375, 8.375, 8.5, 8.75], "texture": "#0"},
				"west": {"uv": [8.375, 8.375, 8.5, 8.75], "texture": "#0"},
				"up": {"uv": [8.375, 8.375, 8.5, 8.5], "texture": "#0"},
				"down": {"uv": [8.375, 8.625, 8.5, 8.75], "texture": "#0"}
			}
		},
		{
			"name": "cybernetic_sawblade_89",
			"from": [7.1, 7.25, 7.9],
			"to": [7.225, 7.5, 8.025],
			"faces": {
				"north": {"uv": [6.125, 8.5, 6, 8.75], "texture": "#0"},
				"east": {"uv": [6, 8.5, 6.125, 8.75], "texture": "#0"},
				"south": {"uv": [6, 8.5, 6.125, 8.75], "texture": "#0"},
				"west": {"uv": [6, 8.5, 6.125, 8.75], "texture": "#0"},
				"up": {"uv": [6, 8.5, 6.125, 8.625], "texture": "#0"},
				"down": {"uv": [6, 8.625, 6.125, 8.75], "texture": "#0"}
			}
		},
		{
			"name": "cybernetic_sawblade_90",
			"from": [8.1, 7, 7.85],
			"to": [8.225, 7.5, 8.075],
			"faces": {
				"north": {"uv": [7.625, 8.5, 7.5, 9], "texture": "#0"},
				"east": {"uv": [7.5, 8.5, 7.625, 9], "texture": "#0"},
				"south": {"uv": [7.5, 8.5, 7.625, 9], "texture": "#0"},
				"west": {"uv": [7.5, 8.5, 7.625, 9], "texture": "#0"},
				"up": {"uv": [7.5, 8.5, 7.625, 8.625], "texture": "#0"},
				"down": {"uv": [7.5, 8.875, 7.625, 9], "texture": "#0"}
			}
		},
		{
			"name": "cybernetic_sawblade_91",
			"from": [7.35, 7.125, 7.8],
			"to": [7.475, 7.5, 8.125],
			"faces": {
				"north": {"uv": [8.375, 8.5, 8.25, 8.875], "texture": "#0"},
				"east": {"uv": [8.25, 8.5, 8.375, 8.875], "texture": "#0"},
				"south": {"uv": [8.25, 8.5, 8.375, 8.875], "texture": "#0"},
				"west": {"uv": [8.25, 8.5, 8.375, 8.875], "texture": "#0"},
				"up": {"uv": [8.25, 8.5, 8.375, 8.625], "texture": "#0"},
				"down": {"uv": [8.25, 8.75, 8.375, 8.875], "texture": "#0"}
			}
		},
		{
			"name": "cybernetic_sawblade_92",
			"from": [7.6, 7.125, 7.8],
			"to": [7.725, 7.5, 8.125],
			"faces": {
				"north": {"uv": [8.625, 8.5, 8.5, 8.875], "texture": "#0"},
				"east": {"uv": [8.5, 8.5, 8.625, 8.875], "texture": "#0"},
				"south": {"uv": [8.5, 8.5, 8.625, 8.875], "texture": "#0"},
				"west": {"uv": [8.5, 8.5, 8.625, 8.875], "texture": "#0"},
				"up": {"uv": [8.5, 8.5, 8.625, 8.625], "texture": "#0"},
				"down": {"uv": [8.5, 8.75, 8.625, 8.875], "texture": "#0"}
			}
		},
		{
			"name": "cybernetic_sawblade_93",
			"from": [6.975, 7.25, 7.9],
			"to": [7.1, 7.375, 8.025],
			"faces": {
				"north": {"uv": [6, 8.625, 5.875, 8.75], "texture": "#0"},
				"east": {"uv": [5.875, 8.625, 6, 8.75], "texture": "#0"},
				"south": {"uv": [5.875, 8.625, 6, 8.75], "texture": "#0"},
				"west": {"uv": [5.875, 8.625, 6, 8.75], "texture": "#0"},
				"up": {"uv": [5.875, 8.625, 6, 8.75], "texture": "#0"},
				"down": {"uv": [5.875, 8.625, 6, 8.75], "texture": "#0"}
			}
		},
		{
			"name": "cybernetic_sawblade_94",
			"from": [8.225, 6.875, 7.85],
			"to": [8.35, 7.375, 8.075],
			"faces": {
				"north": {"uv": [7.75, 8.625, 7.625, 9.125], "texture": "#0"},
				"east": {"uv": [7.625, 8.625, 7.75, 9.125], "texture": "#0"},
				"south": {"uv": [7.625, 8.625, 7.75, 9.125], "texture": "#0"},
				"west": {"uv": [7.625, 8.625, 7.75, 9.125], "texture": "#0"},
				"up": {"uv": [7.625, 8.625, 7.75, 8.75], "texture": "#0"},
				"down": {"uv": [7.625, 9, 7.75, 9.125], "texture": "#0"}
			}
		},
		{
			"name": "cybernetic_sawblade_95",
			"from": [7.725, 7, 7.8],
			"to": [7.85, 7.375, 8.125],
			"faces": {
				"north": {"uv": [8.75, 8.625, 8.625, 9], "texture": "#0"},
				"east": {"uv": [8.625, 8.625, 8.75, 9], "texture": "#0"},
				"south": {"uv": [8.625, 8.625, 8.75, 9], "texture": "#0"},
				"west": {"uv": [8.625, 8.625, 8.75, 9], "texture": "#0"},
				"up": {"uv": [8.625, 8.625, 8.75, 8.75], "texture": "#0"},
				"down": {"uv": [8.625, 8.875, 8.75, 9], "texture": "#0"}
			}
		},
		{
			"name": "cybernetic_sawblade_96",
			"from": [7.475, 6, 7.85],
			"to": [7.6, 7.25, 8.075],
			"faces": {
				"north": {"uv": [7, 8.75, 6.875, 10], "texture": "#0"},
				"east": {"uv": [6.875, 8.75, 7, 10], "texture": "#0"},
				"south": {"uv": [6.875, 8.75, 7, 10], "texture": "#0"},
				"west": {"uv": [6.875, 8.75, 7, 10], "texture": "#0"},
				"up": {"uv": [6.875, 8.75, 7, 8.875], "texture": "#0"},
				"down": {"uv": [6.875, 9.875, 7, 10], "texture": "#0"}
			}
		},
		{
			"name": "cybernetic_sawblade_97",
			"from": [7.85, 6.875, 7.8],
			"to": [7.975, 7.25, 8.125],
			"faces": {
				"north": {"uv": [8.875, 8.75, 8.75, 9.125], "texture": "#0"},
				"east": {"uv": [8.75, 8.75, 8.875, 9.125], "texture": "#0"},
				"south": {"uv": [8.75, 8.75, 8.875, 9.125], "texture": "#0"},
				"west": {"uv": [8.75, 8.75, 8.875, 9.125], "texture": "#0"},
				"up": {"uv": [8.75, 8.75, 8.875, 8.875], "texture": "#0"},
				"down": {"uv": [8.75, 9, 8.875, 9.125], "texture": "#0"}
			}
		},
		{
			"name": "cybernetic_sawblade_98",
			"from": [7.35, 6.625, 7.9],
			"to": [7.475, 7.125, 8.025],
			"faces": {
				"north": {"uv": [6.375, 8.875, 6.25, 9.375], "texture": "#0"},
				"east": {"uv": [6.25, 8.875, 6.375, 9.375], "texture": "#0"},
				"south": {"uv": [6.25, 8.875, 6.375, 9.375], "texture": "#0"},
				"west": {"uv": [6.25, 8.875, 6.375, 9.375], "texture": "#0"},
				"up": {"uv": [6.25, 8.875, 6.375, 9], "texture": "#0"},
				"down": {"uv": [6.25, 9.25, 6.375, 9.375], "texture": "#0"}
			}
		},
		{
			"name": "cybernetic_sawblade_99",
			"from": [7.6, 6, 7.85],
			"to": [7.725, 7.125, 8.075],
			"faces": {
				"north": {"uv": [7.125, 8.875, 7, 10], "texture": "#0"},
				"east": {"uv": [7, 8.875, 7.125, 10], "texture": "#0"},
				"south": {"uv": [7, 8.875, 7.125, 10], "texture": "#0"},
				"west": {"uv": [7, 8.875, 7.125, 10], "texture": "#0"},
				"up": {"uv": [7, 8.875, 7.125, 9], "texture": "#0"},
				"down": {"uv": [7, 9.875, 7.125, 10], "texture": "#0"}
			}
		},
		{
			"name": "cybernetic_sawblade_100",
			"from": [7.975, 6.75, 7.8],
			"to": [8.1, 7.125, 8.125],
			"faces": {
				"north": {"uv": [9, 8.875, 8.875, 9.25], "texture": "#0"},
				"east": {"uv": [8.875, 8.875, 9, 9.25], "texture": "#0"},
				"south": {"uv": [8.875, 8.875, 9, 9.25], "texture": "#0"},
				"west": {"uv": [8.875, 8.875, 9, 9.25], "texture": "#0"},
				"up": {"uv": [8.875, 8.875, 9, 9], "texture": "#0"},
				"down": {"uv": [8.875, 9.125, 9, 9.25], "texture": "#0"}
			}
		},
		{
			"name": "cybernetic_sawblade_101",
			"from": [7.1, 6.75, 7.9],
			"to": [7.225, 7, 8.025],
			"faces": {
				"north": {"uv": [6.125, 9, 6, 9.25], "texture": "#0"},
				"east": {"uv": [6, 9, 6.125, 9.25], "texture": "#0"},
				"south": {"uv": [6, 9, 6.125, 9.25], "texture": "#0"},
				"west": {"uv": [6, 9, 6.125, 9.25], "texture": "#0"},
				"up": {"uv": [6, 9, 6.125, 9.125], "texture": "#0"},
				"down": {"uv": [6, 9.125, 6.125, 9.25], "texture": "#0"}
			}
		},
		{
			"name": "cybernetic_sawblade_102",
			"from": [7.725, 6, 7.85],
			"to": [7.85, 7, 8.075],
			"faces": {
				"north": {"uv": [7.25, 9, 7.125, 10], "texture": "#0"},
				"east": {"uv": [7.125, 9, 7.25, 10], "texture": "#0"},
				"south": {"uv": [7.125, 9, 7.25, 10], "texture": "#0"},
				"west": {"uv": [7.125, 9, 7.25, 10], "texture": "#0"},
				"up": {"uv": [7.125, 9, 7.25, 9.125], "texture": "#0"},
				"down": {"uv": [7.125, 9.875, 7.25, 10], "texture": "#0"}
			}
		},
		{
			"name": "cybernetic_sawblade_103",
			"from": [8.1, 6.625, 7.8],
			"to": [8.225, 7, 8.125],
			"faces": {
				"north": {"uv": [9.125, 9, 9, 9.375], "texture": "#0"},
				"east": {"uv": [9, 9, 9.125, 9.375], "texture": "#0"},
				"south": {"uv": [9, 9, 9.125, 9.375], "texture": "#0"},
				"west": {"uv": [9, 9, 9.125, 9.375], "texture": "#0"},
				"up": {"uv": [9, 9, 9.125, 9.125], "texture": "#0"},
				"down": {"uv": [9, 9.25, 9.125, 9.375], "texture": "#0"}
			}
		},
		{
			"name": "cybernetic_sawblade_104",
			"from": [8.35, 6.625, 7.8],
			"to": [8.475, 7, 8.125],
			"faces": {
				"north": {"uv": [9.375, 9, 9.25, 9.375], "texture": "#0"},
				"east": {"uv": [9.25, 9, 9.375, 9.375], "texture": "#0"},
				"south": {"uv": [9.25, 9, 9.375, 9.375], "texture": "#0"},
				"west": {"uv": [9.25, 9, 9.375, 9.375], "texture": "#0"},
				"up": {"uv": [9.25, 9, 9.375, 9.125], "texture": "#0"},
				"down": {"uv": [9.25, 9.25, 9.375, 9.375], "texture": "#0"}
			}
		},
		{
			"name": "cybernetic_sawblade_105",
			"from": [6.975, 6.75, 7.9],
			"to": [7.1, 6.875, 8.025],
			"faces": {
				"north": {"uv": [6, 9.125, 5.875, 9.25], "texture": "#0"},
				"east": {"uv": [5.875, 9.125, 6, 9.25], "texture": "#0"},
				"south": {"uv": [5.875, 9.125, 6, 9.25], "texture": "#0"},
				"west": {"uv": [5.875, 9.125, 6, 9.25], "texture": "#0"},
				"up": {"uv": [5.875, 9.125, 6, 9.25], "texture": "#0"},
				"down": {"uv": [5.875, 9.125, 6, 9.25], "texture": "#0"}
			}
		},
		{
			"name": "cybernetic_sawblade_106",
			"from": [7.85, 6, 7.85],
			"to": [7.975, 6.875, 8.075],
			"faces": {
				"north": {"uv": [7.375, 9.125, 7.25, 10], "texture": "#0"},
				"east": {"uv": [7.25, 9.125, 7.375, 10], "texture": "#0"},
				"south": {"uv": [7.25, 9.125, 7.375, 10], "texture": "#0"},
				"west": {"uv": [7.25, 9.125, 7.375, 10], "texture": "#0"},
				"up": {"uv": [7.25, 9.125, 7.375, 9.25], "texture": "#0"},
				"down": {"uv": [7.25, 9.875, 7.375, 10], "texture": "#0"}
			}
		},
		{
			"name": "cybernetic_sawblade_107",
			"from": [8.225, 6.5, 7.8],
			"to": [8.35, 6.875, 8.125],
			"faces": {
				"north": {"uv": [9.25, 9.125, 9.125, 9.5], "texture": "#0"},
				"east": {"uv": [9.125, 9.125, 9.25, 9.5], "texture": "#0"},
				"south": {"uv": [9.125, 9.125, 9.25, 9.5], "texture": "#0"},
				"west": {"uv": [9.125, 9.125, 9.25, 9.5], "texture": "#0"},
				"up": {"uv": [9.125, 9.125, 9.25, 9.25], "texture": "#0"},
				"down": {"uv": [9.125, 9.375, 9.25, 9.5], "texture": "#0"}
			}
		},
		{
			"name": "cybernetic_sawblade_108",
			"from": [7.975, 6, 7.85],
			"to": [8.1, 6.75, 8.075],
			"faces": {
				"north": {"uv": [7.5, 9.25, 7.375, 10], "texture": "#0"},
				"east": {"uv": [7.375, 9.25, 7.5, 10], "texture": "#0"},
				"south": {"uv": [7.375, 9.25, 7.5, 10], "texture": "#0"},
				"west": {"uv": [7.375, 9.25, 7.5, 10], "texture": "#0"},
				"up": {"uv": [7.375, 9.25, 7.5, 9.375], "texture": "#0"},
				"down": {"uv": [7.375, 9.875, 7.5, 10], "texture": "#0"}
			}
		},
		{
			"name": "cybernetic_sawblade_109",
			"from": [7.35, 6, 7.85],
			"to": [7.475, 6.625, 8.075],
			"faces": {
				"north": {"uv": [6.875, 9.375, 6.75, 10], "texture": "#0"},
				"east": {"uv": [6.75, 9.375, 6.875, 10], "texture": "#0"},
				"south": {"uv": [6.75, 9.375, 6.875, 10], "texture": "#0"},
				"west": {"uv": [6.75, 9.375, 6.875, 10], "texture": "#0"},
				"up": {"uv": [6.75, 9.375, 6.875, 9.5], "texture": "#0"},
				"down": {"uv": [6.75, 9.875, 6.875, 10], "texture": "#0"}
			}
		},
		{
			"name": "cybernetic_sawblade_110",
			"from": [8.1, 6, 7.85],
			"to": [8.225, 6.625, 8.075],
			"faces": {
				"north": {"uv": [7.625, 9.375, 7.5, 10], "texture": "#0"},
				"east": {"uv": [7.5, 9.375, 7.625, 10], "texture": "#0"},
				"south": {"uv": [7.5, 9.375, 7.625, 10], "texture": "#0"},
				"west": {"uv": [7.5, 9.375, 7.625, 10], "texture": "#0"},
				"up": {"uv": [7.5, 9.375, 7.625, 9.5], "texture": "#0"},
				"down": {"uv": [7.5, 9.875, 7.625, 10], "texture": "#0"}
			}
		},
		{
			"name": "cybernetic_sawblade_111",
			"from": [7.1, 6.25, 7.9],
			"to": [7.225, 6.5, 8.025],
			"faces": {
				"north": {"uv": [6.125, 9.5, 6, 9.75], "texture": "#0"},
				"east": {"uv": [6, 9.5, 6.125, 9.75], "texture": "#0"},
				"south": {"uv": [6, 9.5, 6.125, 9.75], "texture": "#0"},
				"west": {"uv": [6, 9.5, 6.125, 9.75], "texture": "#0"},
				"up": {"uv": [6, 9.5, 6.125, 9.625], "texture": "#0"},
				"down": {"uv": [6, 9.625, 6.125, 9.75], "texture": "#0"}
			}
		},
		{
			"name": "cybernetic_sawblade_112",
			"from": [8.225, 6, 7.85],
			"to": [8.35, 6.5, 8.075],
			"faces": {
				"north": {"uv": [7.75, 9.5, 7.625, 10], "texture": "#0"},
				"east": {"uv": [7.625, 9.5, 7.75, 10], "texture": "#0"},
				"south": {"uv": [7.625, 9.5, 7.75, 10], "texture": "#0"},
				"west": {"uv": [7.625, 9.5, 7.75, 10], "texture": "#0"},
				"up": {"uv": [7.625, 9.5, 7.75, 9.625], "texture": "#0"},
				"down": {"uv": [7.625, 9.875, 7.75, 10], "texture": "#0"}
			}
		},
		{
			"name": "cybernetic_sawblade_113",
			"from": [6.975, 6.25, 7.9],
			"to": [7.1, 6.375, 8.025],
			"faces": {
				"north": {"uv": [6, 9.625, 5.875, 9.75], "texture": "#0"},
				"east": {"uv": [5.875, 9.625, 6, 9.75], "texture": "#0"},
				"south": {"uv": [5.875, 9.625, 6, 9.75], "texture": "#0"},
				"west": {"uv": [5.875, 9.625, 6, 9.75], "texture": "#0"},
				"up": {"uv": [5.875, 9.625, 6, 9.75], "texture": "#0"},
				"down": {"uv": [5.875, 9.625, 6, 9.75], "texture": "#0"}
			}
		},
		{
			"name": "cybernetic_sawblade_114",
			"from": [7.1, 5.625, 7.6],
			"to": [8.6, 6, 8.325],
			"faces": {
				"north": {"uv": [9.5, 10, 8, 10.375], "texture": "#0"},
				"east": {"uv": [9.375, 10, 9.5, 10.375], "texture": "#0"},
				"south": {"uv": [8, 10, 9.5, 10.375], "texture": "#0"},
				"west": {"uv": [8, 10, 8.125, 10.375], "texture": "#0"},
				"up": {"uv": [8, 10, 9.5, 10.125], "texture": "#0"},
				"down": {"uv": [8, 10.25, 9.5, 10.375], "texture": "#0"}
			}
		},
		{
			"name": "cybernetic_sawblade_115",
			"from": [7.225, 5.25, 7.85],
			"to": [7.475, 5.625, 8.075],
			"faces": {
				"north": {"uv": [6.625, 10.625, 6.375, 11], "texture": "#0"},
				"east": {"uv": [6.5, 10.625, 6.625, 11], "texture": "#0"},
				"south": {"uv": [6.375, 10.625, 6.625, 11], "texture": "#0"},
				"west": {"uv": [6.375, 10.625, 6.5, 11], "texture": "#0"},
				"up": {"uv": [6.375, 10.625, 6.625, 10.75], "texture": "#0"},
				"down": {"uv": [6.375, 10.875, 6.625, 11], "texture": "#0"}
			}
		},
		{
			"name": "cybernetic_sawblade_116",
			"from": [7.475, 5.375, 7.7],
			"to": [8.225, 5.625, 8.225],
			"faces": {
				"north": {"uv": [9.125, 10.625, 8.375, 10.875], "texture": "#0"},
				"east": {"uv": [9, 10.625, 9.125, 10.875], "texture": "#0"},
				"south": {"uv": [8.375, 10.625, 9.125, 10.875], "texture": "#0"},
				"west": {"uv": [8.375, 10.625, 8.5, 10.875], "texture": "#0"},
				"up": {"uv": [8.375, 10.625, 9.125, 10.75], "texture": "#0"},
				"down": {"uv": [8.375, 10.75, 9.125, 10.875], "texture": "#0"}
			}
		},
		{
			"name": "cybernetic_sawblade_117",
			"from": [7.6, 5.125, 7.75],
			"to": [8.1, 5.375, 8.175],
			"faces": {
				"north": {"uv": [10.25, 10.625, 9.75, 10.875], "texture": "#0"},
				"east": {"uv": [10.125, 10.625, 10.25, 10.875], "texture": "#0"},
				"south": {"uv": [9.75, 10.625, 10.25, 10.875], "texture": "#0"},
				"west": {"uv": [9.75, 10.625, 9.875, 10.875], "texture": "#0"},
				"up": {"uv": [9.75, 10.625, 10.25, 10.75], "texture": "#0"},
				"down": {"uv": [9.75, 10.75, 10.25, 10.875], "texture": "#0"}
			}
		},
		{
			"name": "cybernetic_sawblade_118",
			"from": [7.1, 4.375, 7.85],
			"to": [7.225, 5.375, 8.075],
			"faces": {
				"north": {"uv": [6.375, 10.875, 6.25, 11.875], "texture": "#0"},
				"east": {"uv": [6.25, 10.875, 6.375, 11.875], "texture": "#0"},
				"south": {"uv": [6.25, 10.875, 6.375, 11.875], "texture": "#0"},
				"west": {"uv": [6.25, 10.875, 6.375, 11.875], "texture": "#0"},
				"up": {"uv": [6.25, 10.875, 6.375, 11], "texture": "#0"},
				"down": {"uv": [6.25, 11.75, 6.375, 11.875], "texture": "#0"}
			}
		},
		{
			"name": "cybernetic_sawblade_119",
			"from": [7.6, 3, 7.8],
			"to": [7.725, 5.125, 8.125],
			"faces": {
				"north": {"uv": [7.125, 10.875, 7, 13], "texture": "#0"},
				"east": {"uv": [7, 10.875, 7.125, 13], "texture": "#0"},
				"south": {"uv": [7, 10.875, 7.125, 13], "texture": "#0"},
				"west": {"uv": [7, 10.875, 7.125, 13], "texture": "#0"},
				"up": {"uv": [7, 10.875, 7.125, 11], "texture": "#0"},
				"down": {"uv": [7, 12.875, 7.125, 13], "texture": "#0"}
			}
		},
		{
			"name": "cybernetic_sawblade_120",
			"from": [7.975, 3, 7.8],
			"to": [8.1, 5.125, 8.125],
			"faces": {
				"north": {"uv": [7.5, 10.875, 7.375, 13], "texture": "#0"},
				"east": {"uv": [7.375, 10.875, 7.5, 13], "texture": "#0"},
				"south": {"uv": [7.375, 10.875, 7.5, 13], "texture": "#0"},
				"west": {"uv": [7.375, 10.875, 7.5, 13], "texture": "#0"},
				"up": {"uv": [7.375, 10.875, 7.5, 11], "texture": "#0"},
				"down": {"uv": [7.375, 12.875, 7.5, 13], "texture": "#0"}
			}
		},
		{
			"name": "cybernetic_sawblade_121",
			"from": [7.725, 4.875, 7.75],
			"to": [7.975, 5.125, 8.175],
			"faces": {
				"north": {"uv": [10.125, 10.875, 9.875, 11.125], "texture": "#0"},
				"east": {"uv": [10, 10.875, 10.125, 11.125], "texture": "#0"},
				"south": {"uv": [9.875, 10.875, 10.125, 11.125], "texture": "#0"},
				"west": {"uv": [9.875, 10.875, 10, 11.125], "texture": "#0"},
				"up": {"uv": [9.875, 10.875, 10.125, 11], "texture": "#0"},
				"down": {"uv": [9.875, 11, 10.125, 11.125], "texture": "#0"}
			}
		},
		{
			"name": "cybernetic_sawblade_122",
			"from": [7.225, 4.375, 7.85],
			"to": [7.35, 5.25, 8.075],
			"faces": {
				"north": {"uv": [6.5, 11, 6.375, 11.875], "texture": "#0"},
				"east": {"uv": [6.375, 11, 6.5, 11.875], "texture": "#0"},
				"south": {"uv": [6.375, 11, 6.5, 11.875], "texture": "#0"},
				"west": {"uv": [6.375, 11, 6.5, 11.875], "texture": "#0"},
				"up": {"uv": [6.375, 11, 6.5, 11.125], "texture": "#0"},
				"down": {"uv": [6.375, 11.75, 6.5, 11.875], "texture": "#0"}
			}
		},
		{
			"name": "cybernetic_sawblade_123",
			"from": [7.725, 3, 7.8],
			"to": [7.975, 4.875, 8.125],
			"faces": {
				"north": {"uv": [7.375, 11.125, 7.125, 13], "texture": "#0"},
				"east": {"uv": [7.25, 11.125, 7.375, 13], "texture": "#0"},
				"south": {"uv": [7.125, 11.125, 7.375, 13], "texture": "#0"},
				"west": {"uv": [7.125, 11.125, 7.25, 13], "texture": "#0"},
				"up": {"uv": [7.125, 11.125, 7.375, 11.25], "texture": "#0"},
				"down": {"uv": [7.125, 12.875, 7.375, 13], "texture": "#0"}
			}
		},
		{
			"name": "cybernetic_sawblade_124",
			"from": [6.975, 4.375, 7.85],
			"to": [7.1, 4.625, 8.075],
			"faces": {
				"north": {"uv": [6.25, 11.625, 6.125, 11.875], "texture": "#0"},
				"east": {"uv": [6.125, 11.625, 6.25, 11.875], "texture": "#0"},
				"south": {"uv": [6.125, 11.625, 6.25, 11.875], "texture": "#0"},
				"west": {"uv": [6.125, 11.625, 6.25, 11.875], "texture": "#0"},
				"up": {"uv": [6.125, 11.625, 6.25, 11.75], "texture": "#0"},
				"down": {"uv": [6.125, 11.75, 6.25, 11.875], "texture": "#0"}
			}
		},
		{
			"name": "cybernetic_sawblade_125",
			"from": [7.475, 2.75, 7.7],
			"to": [8.225, 3, 8.225],
			"faces": {
				"north": {"uv": [8.625, 13, 7.875, 13.25], "texture": "#0"},
				"east": {"uv": [8.5, 13, 8.625, 13.25], "texture": "#0"},
				"south": {"uv": [7.875, 13, 8.625, 13.25], "texture": "#0"},
				"west": {"uv": [7.875, 13, 8, 13.25], "texture": "#0"},
				"up": {"uv": [7.875, 13, 8.625, 13.125], "texture": "#0"},
				"down": {"uv": [7.875, 13.125, 8.625, 13.25], "texture": "#0"}
			}
		},
		{
			"name": "cybernetic_sawblade_126",
			"from": [7.6, 2.125, 7.8],
			"to": [8.1, 2.75, 8.125],
			"faces": {
				"north": {"uv": [7.5, 13.25, 7, 13.875], "texture": "#0"},
				"east": {"uv": [7.375, 13.25, 7.5, 13.875], "texture": "#0"},
				"south": {"uv": [7, 13.25, 7.5, 13.875], "texture": "#0"},
				"west": {"uv": [7, 13.25, 7.125, 13.875], "texture": "#0"},
				"up": {"uv": [7, 13.25, 7.5, 13.375], "texture": "#0"},
				"down": {"uv": [7, 13.75, 7.5, 13.875], "texture": "#0"}
			}
		},
		{
			"name": "cybernetic_sawblade_127",
			"from": [7.475, 2.25, 7.8],
			"to": [7.6, 2.5, 8.125],
			"faces": {
				"north": {"uv": [7, 13.5, 6.875, 13.75], "texture": "#0"},
				"east": {"uv": [6.875, 13.5, 7, 13.75], "texture": "#0"},
				"south": {"uv": [6.875, 13.5, 7, 13.75], "texture": "#0"},
				"west": {"uv": [6.875, 13.5, 7, 13.75], "texture": "#0"},
				"up": {"uv": [6.875, 13.5, 7, 13.625], "texture": "#0"},
				"down": {"uv": [6.875, 13.625, 7, 13.75], "texture": "#0"}
			}
		},
		{
			"name": "cybernetic_sawblade_128",
			"from": [8.1, 2.25, 7.8],
			"to": [8.225, 2.5, 8.125],
			"faces": {
				"north": {"uv": [7.625, 13.5, 7.5, 13.75], "texture": "#0"},
				"east": {"uv": [7.5, 13.5, 7.625, 13.75], "texture": "#0"},
				"south": {"uv": [7.5, 13.5, 7.625, 13.75], "texture": "#0"},
				"west": {"uv": [7.5, 13.5, 7.625, 13.75], "texture": "#0"},
				"up": {"uv": [7.5, 13.5, 7.625, 13.625], "texture": "#0"},
				"down": {"uv": [7.5, 13.625, 7.625, 13.75], "texture": "#0"}
			}
		},
		{
			"name": "cybernetic_sawblade_129",
			"from": [7.35, 2.25, 7.8],
			"to": [7.475, 2.375, 8.125],
			"faces": {
				"north": {"uv": [6.875, 13.625, 6.75, 13.75], "texture": "#0"},
				"east": {"uv": [6.75, 13.625, 6.875, 13.75], "texture": "#0"},
				"south": {"uv": [6.75, 13.625, 6.875, 13.75], "texture": "#0"},
				"west": {"uv": [6.75, 13.625, 6.875, 13.75], "texture": "#0"},
				"up": {"uv": [6.75, 13.625, 6.875, 13.75], "texture": "#0"},
				"down": {"uv": [6.75, 13.625, 6.875, 13.75], "texture": "#0"}
			}
		},
		{
			"name": "cybernetic_sawblade_130",
			"from": [8.225, 2.25, 7.8],
			"to": [8.35, 2.375, 8.125],
			"faces": {
				"north": {"uv": [7.75, 13.625, 7.625, 13.75], "texture": "#0"},
				"east": {"uv": [7.625, 13.625, 7.75, 13.75], "texture": "#0"},
				"south": {"uv": [7.625, 13.625, 7.75, 13.75], "texture": "#0"},
				"west": {"uv": [7.625, 13.625, 7.75, 13.75], "texture": "#0"},
				"up": {"uv": [7.625, 13.625, 7.75, 13.75], "texture": "#0"},
				"down": {"uv": [7.625, 13.625, 7.75, 13.75], "texture": "#0"}
			}
		},
		{
			"name": "cybernetic_sawblade_131",
			"from": [7.725, 1.875, 7.8],
			"to": [7.975, 2.125, 8.125],
			"faces": {
				"north": {"uv": [7.375, 13.875, 7.125, 14.125], "texture": "#0"},
				"east": {"uv": [7.25, 13.875, 7.375, 14.125], "texture": "#0"},
				"south": {"uv": [7.125, 13.875, 7.375, 14.125], "texture": "#0"},
				"west": {"uv": [7.125, 13.875, 7.25, 14.125], "texture": "#0"},
				"up": {"uv": [7.125, 13.875, 7.375, 14], "texture": "#0"},
				"down": {"uv": [7.125, 14, 7.375, 14.125], "texture": "#0"}
			}
		}
	],
	"gui_light": "front",
	"display": {
		"thirdperson_righthand": {
			"rotation": [0, -90, 0],
			"translation": [0, 8, 1.5],
			"scale": [2.8, 2.8, 2.8]
		},
		"thirdperson_lefthand": {
			"rotation": [0, 90, 0],
			"translation": [0, 8, 1.5],
			"scale": [2.8, 2.8, 2.8]
		},
		"firstperson_righthand": {
			"rotation": [-4, -90, -8],
			"translation": [2.5, 6.5, -0.25],
			"scale": [2, 2, 2]
		},
		"firstperson_lefthand": {
			"rotation": [9, 90, -8],
			"translation": [1.75, 6, -0.5],
			"scale": [2, 2, 2]
		},
		"ground": {
			"translation": [0, 7.75, 0],
			"scale": [2, 2, 2]
		},
		"gui": {
			"rotation": [0, 0, -42],
			"translation": [1.5, -0.25, 0],
			"scale": [2, 2, 2]
		},
		"head": {
			"rotation": [0, 0, -132],
			"translation": [-2.25, -13, 3.5],
			"scale": [3.5, 3.5, 3.5]
		},
		"fixed": {
			"rotation": [-180, 0, 138],
			"translation": [-1.25, 1.75, -0.5],
			"scale": [4, 4, 3]
		}
	},
	"groups": [
		{
			"name": "cybernetic_sawblade",
			"origin": [8, 8, 8],
			"color": 0,
			"nbt": "{}",
			"children": [
				0,
				1,
				2,
				3,
				4,
				5,
				6,
				7,
				8,
				9,
				10,
				11,
				12,
				13,
				14,
				15,
				16,
				17,
				18,
				19,
				20,
				21,
				22,
				23,
				24,
				25,
				26,
				27,
				28,
				29,
				30,
				31,
				32,
				33,
				34,
				35,
				36,
				37,
				38,
				39,
				40,
				41,
				42,
				43,
				44,
				45,
				46,
				47,
				48,
				49,
				50,
				51,
				52,
				53,
				54,
				55,
				56,
				57,
				58,
				59,
				60,
				61,
				62,
				63,
				64,
				65,
				66,
				67,
				68,
				69,
				70,
				71,
				72,
				73,
				74,
				75,
				76,
				77,
				78,
				79,
				80,
				81,
				82,
				83,
				84,
				85,
				86,
				87,
				88,
				89,
				90,
				91,
				92,
				93,
				94,
				95,
				96,
				97,
				98,
				99,
				100,
				101,
				102,
				103,
				104,
				105,
				106,
				107,
				108,
				109,
				110,
				111,
				112,
				113,
				114,
				115,
				116,
				117,
				118,
				119,
				120,
				121,
				122,
				123,
				124,
				125,
				126,
				127,
				128,
				129,
				130,
				131
			]
		}
	]
}