{
	"credit": "Made with Blockbench",
	"textures": {
		"0": "item/diamond_sword/cyber_mantis_blade",
		"particle": "item/diamond_sword/cyber_mantis_blade"
	},
	"elements": [
		{
			"name": "cyber_mantis_blade_0",
			"from": [8.175, 9.35, 7.85],
			"to": [8.55, 9.725, 8.275],
			"rotation": {"angle": 0, "axis": "y", "origin": [0, 0, 8]},
			"faces": {
				"north": {"uv": [8.25, 4.875, 7.875, 5.25], "texture": "#0"},
				"east": {"uv": [8.125, 4.875, 8.25, 5.25], "texture": "#0"},
				"south": {"uv": [7.875, 4.875, 8.25, 5.25], "texture": "#0"},
				"west": {"uv": [7.875, 4.875, 8, 5.25], "texture": "#0"},
				"up": {"uv": [7.875, 4.875, 8.25, 5], "texture": "#0"},
				"down": {"uv": [7.875, 5.125, 8.25, 5.25], "texture": "#0"}
			}
		},
		{
			"name": "cyber_mantis_blade_1",
			"from": [8.55, 8.975, 7.85],
			"to": [8.675, 9.6, 8.275],
			"rotation": {"angle": 0, "axis": "y", "origin": [0, 0, 8]},
			"faces": {
				"north": {"uv": [8.375, 5, 8.25, 5.625], "texture": "#0"},
				"east": {"uv": [8.25, 5, 8.375, 5.625], "texture": "#0"},
				"south": {"uv": [8.25, 5, 8.375, 5.625], "texture": "#0"},
				"west": {"uv": [8.25, 5, 8.375, 5.625], "texture": "#0"},
				"up": {"uv": [8.25, 5, 8.375, 5.125], "texture": "#0"},
				"down": {"uv": [8.25, 5.5, 8.375, 5.625], "texture": "#0"}
			}
		},
		{
			"name": "cyber_mantis_blade_2",
			"from": [8.675, 8.85, 7.85],
			"to": [8.8, 9.475, 8.275],
			"rotation": {"angle": 0, "axis": "y", "origin": [0, 0, 8]},
			"faces": {
				"north": {"uv": [8.5, 5.125, 8.375, 5.75], "texture": "#0"},
				"east": {"uv": [8.375, 5.125, 8.5, 5.75], "texture": "#0"},
				"south": {"uv": [8.375, 5.125, 8.5, 5.75], "texture": "#0"},
				"west": {"uv": [8.375, 5.125, 8.5, 5.75], "texture": "#0"},
				"up": {"uv": [8.375, 5.125, 8.5, 5.25], "texture": "#0"},
				"down": {"uv": [8.375, 5.625, 8.5, 5.75], "texture": "#0"}
			}
		},
		{
			"name": "cyber_mantis_blade_3",
			"from": [8.3, 9.225, 7.85],
			"to": [8.55, 9.35, 8.275],
			"rotation": {"angle": 0, "axis": "y", "origin": [0, 0, 8]},
			"faces": {
				"north": {"uv": [8.25, 5.25, 8, 5.375], "texture": "#0"},
				"east": {"uv": [8.125, 5.25, 8.25, 5.375], "texture": "#0"},
				"south": {"uv": [8, 5.25, 8.25, 5.375], "texture": "#0"},
				"west": {"uv": [8, 5.25, 8.125, 5.375], "texture": "#0"},
				"up": {"uv": [8, 5.25, 8.25, 5.375], "texture": "#0"},
				"down": {"uv": [8, 5.25, 8.25, 5.375], "texture": "#0"}
			}
		},
		{
			"name": "cyber_mantis_blade_4",
			"from": [8.8, 8.85, 7.85],
			"to": [8.925, 9.35, 8.275],
			"rotation": {"angle": 0, "axis": "y", "origin": [0, 0, 8]},
			"faces": {
				"north": {"uv": [8.625, 5.25, 8.5, 5.75], "texture": "#0"},
				"east": {"uv": [8.5, 5.25, 8.625, 5.75], "texture": "#0"},
				"south": {"uv": [8.5, 5.25, 8.625, 5.75], "texture": "#0"},
				"west": {"uv": [8.5, 5.25, 8.625, 5.75], "texture": "#0"},
				"up": {"uv": [8.5, 5.25, 8.625, 5.375], "texture": "#0"},
				"down": {"uv": [8.5, 5.625, 8.625, 5.75], "texture": "#0"}
			}
		},
		{
			"name": "cyber_mantis_blade_5",
			"from": [8.425, 9.1, 7.85],
			"to": [8.55, 9.225, 8.275],
			"rotation": {"angle": 0, "axis": "y", "origin": [0, 0, 8]},
			"faces": {
				"north": {"uv": [8.25, 5.375, 8.125, 5.5], "texture": "#0"},
				"east": {"uv": [8.125, 5.375, 8.25, 5.5], "texture": "#0"},
				"south": {"uv": [8.125, 5.375, 8.25, 5.5], "texture": "#0"},
				"west": {"uv": [8.125, 5.375, 8.25, 5.5], "texture": "#0"},
				"up": {"uv": [8.125, 5.375, 8.25, 5.5], "texture": "#0"},
				"down": {"uv": [8.125, 5.375, 8.25, 5.5], "texture": "#0"}
			}
		},
		{
			"name": "cyber_mantis_blade_6",
			"from": [8.925, 8.85, 7.85],
			"to": [9.05, 9.225, 8.275],
			"rotation": {"angle": 0, "axis": "y", "origin": [0, 0, 8]},
			"faces": {
				"north": {"uv": [8.75, 5.375, 8.625, 5.75], "texture": "#0"},
				"east": {"uv": [8.625, 5.375, 8.75, 5.75], "texture": "#0"},
				"south": {"uv": [8.625, 5.375, 8.75, 5.75], "texture": "#0"},
				"west": {"uv": [8.625, 5.375, 8.75, 5.75], "texture": "#0"},
				"up": {"uv": [8.625, 5.375, 8.75, 5.5], "texture": "#0"},
				"down": {"uv": [8.625, 5.625, 8.75, 5.75], "texture": "#0"}
			}
		},
		{
			"name": "cyber_mantis_blade_7",
			"from": [7.175, 9.35, 7.95],
			"to": [8.175, 9.725, 8.175],
			"rotation": {"angle": 0, "axis": "y", "origin": [0, 0, 8]},
			"faces": {
				"north": {"uv": [7.875, 5.875, 6.875, 6.25], "texture": "#0"},
				"east": {"uv": [7.75, 5.875, 7.875, 6.25], "texture": "#0"},
				"south": {"uv": [6.875, 5.875, 7.875, 6.25], "texture": "#0"},
				"west": {"uv": [6.875, 5.875, 7, 6.25], "texture": "#0"},
				"up": {"uv": [6.875, 5.875, 7.875, 6], "texture": "#0"},
				"down": {"uv": [6.875, 6.125, 7.875, 6.25], "texture": "#0"}
			}
		},
		{
			"name": "cyber_mantis_blade_8",
			"from": [8.55, 9.6, 7.95],
			"to": [8.925, 9.725, 8.175],
			"rotation": {"angle": 0, "axis": "y", "origin": [0, 0, 8]},
			"faces": {
				"north": {"uv": [8.625, 5.875, 8.25, 6], "texture": "#0"},
				"east": {"uv": [8.5, 5.875, 8.625, 6], "texture": "#0"},
				"south": {"uv": [8.25, 5.875, 8.625, 6], "texture": "#0"},
				"west": {"uv": [8.25, 5.875, 8.375, 6], "texture": "#0"},
				"up": {"uv": [8.25, 5.875, 8.625, 6], "texture": "#0"},
				"down": {"uv": [8.25, 5.875, 8.625, 6], "texture": "#0"}
			}
		},
		{
			"name": "cyber_mantis_blade_9",
			"from": [5.8, 9.35, 7.95],
			"to": [7.175, 9.6, 8.175],
			"rotation": {"angle": 0, "axis": "y", "origin": [0, 0, 8]},
			"faces": {
				"north": {"uv": [6.875, 6, 5.5, 6.25], "texture": "#0"},
				"east": {"uv": [6.75, 6, 6.875, 6.25], "texture": "#0"},
				"south": {"uv": [5.5, 6, 6.875, 6.25], "texture": "#0"},
				"west": {"uv": [5.5, 6, 5.625, 6.25], "texture": "#0"},
				"up": {"uv": [5.5, 6, 6.875, 6.125], "texture": "#0"},
				"down": {"uv": [5.5, 6.125, 6.875, 6.25], "texture": "#0"}
			}
		},
		{
			"name": "cyber_mantis_blade_10",
			"from": [8.675, 9.475, 7.95],
			"to": [9.3, 9.6, 8.175],
			"rotation": {"angle": 0, "axis": "y", "origin": [0, 0, 8]},
			"faces": {
				"north": {"uv": [9, 6, 8.375, 6.125], "texture": "#0"},
				"east": {"uv": [8.875, 6, 9, 6.125], "texture": "#0"},
				"south": {"uv": [8.375, 6, 9, 6.125], "texture": "#0"},
				"west": {"uv": [8.375, 6, 8.5, 6.125], "texture": "#0"},
				"up": {"uv": [8.375, 6, 9, 6.125], "texture": "#0"},
				"down": {"uv": [8.375, 6, 9, 6.125], "texture": "#0"}
			}
		},
		{
			"name": "cyber_mantis_blade_11",
			"from": [5.3, 9.225, 7.95],
			"to": [5.8, 9.475, 8.175],
			"rotation": {"angle": 0, "axis": "y", "origin": [0, 0, 8]},
			"faces": {
				"north": {"uv": [5.5, 6.125, 5, 6.375], "texture": "#0"},
				"east": {"uv": [5.375, 6.125, 5.5, 6.375], "texture": "#0"},
				"south": {"uv": [5, 6.125, 5.5, 6.375], "texture": "#0"},
				"west": {"uv": [5, 6.125, 5.125, 6.375], "texture": "#0"},
				"up": {"uv": [5, 6.125, 5.5, 6.25], "texture": "#0"},
				"down": {"uv": [5, 6.25, 5.5, 6.375], "texture": "#0"}
			}
		},
		{
			"name": "cyber_mantis_blade_12",
			"from": [8.8, 9.35, 7.95],
			"to": [9.55, 9.475, 8.175],
			"rotation": {"angle": 0, "axis": "y", "origin": [0, 0, 8]},
			"faces": {
				"north": {"uv": [9.25, 6.125, 8.5, 6.25], "texture": "#0"},
				"east": {"uv": [9.125, 6.125, 9.25, 6.25], "texture": "#0"},
				"south": {"uv": [8.5, 6.125, 9.25, 6.25], "texture": "#0"},
				"west": {"uv": [8.5, 6.125, 8.625, 6.25], "texture": "#0"},
				"up": {"uv": [8.5, 6.125, 9.25, 6.25], "texture": "#0"},
				"down": {"uv": [8.5, 6.125, 9.25, 6.25], "texture": "#0"}
			}
		},
		{
			"name": "cyber_mantis_blade_13",
			"from": [4.925, 9.225, 7.95],
			"to": [5.3, 9.35, 8.175],
			"rotation": {"angle": 0, "axis": "y", "origin": [0, 0, 8]},
			"faces": {
				"north": {"uv": [5, 6.25, 4.625, 6.375], "texture": "#0"},
				"east": {"uv": [4.875, 6.25, 5, 6.375], "texture": "#0"},
				"south": {"uv": [4.625, 6.25, 5, 6.375], "texture": "#0"},
				"west": {"uv": [4.625, 6.25, 4.75, 6.375], "texture": "#0"},
				"up": {"uv": [4.625, 6.25, 5, 6.375], "texture": "#0"},
				"down": {"uv": [4.625, 6.25, 5, 6.375], "texture": "#0"}
			}
		},
		{
			"name": "cyber_mantis_blade_14",
			"from": [7.925, 9.225, 7.95],
			"to": [8.3, 9.35, 8.175],
			"rotation": {"angle": 0, "axis": "y", "origin": [0, 0, 8]},
			"faces": {
				"north": {"uv": [8, 6.25, 7.625, 6.375], "texture": "#0"},
				"east": {"uv": [7.875, 6.25, 8, 6.375], "texture": "#0"},
				"south": {"uv": [7.625, 6.25, 8, 6.375], "texture": "#0"},
				"west": {"uv": [7.625, 6.25, 7.75, 6.375], "texture": "#0"},
				"up": {"uv": [7.625, 6.25, 8, 6.375], "texture": "#0"},
				"down": {"uv": [7.625, 6.25, 8, 6.375], "texture": "#0"}
			}
		},
		{
			"name": "cyber_mantis_blade_15",
			"from": [8.925, 9.225, 7.95],
			"to": [9.55, 9.35, 8.175],
			"rotation": {"angle": 0, "axis": "y", "origin": [0, 0, 8]},
			"faces": {
				"north": {"uv": [9.25, 6.25, 8.625, 6.375], "texture": "#0"},
				"east": {"uv": [9.125, 6.25, 9.25, 6.375], "texture": "#0"},
				"south": {"uv": [8.625, 6.25, 9.25, 6.375], "texture": "#0"},
				"west": {"uv": [8.625, 6.25, 8.75, 6.375], "texture": "#0"},
				"up": {"uv": [8.625, 6.25, 9.25, 6.375], "texture": "#0"},
				"down": {"uv": [8.625, 6.25, 9.25, 6.375], "texture": "#0"}
			}
		},
		{
			"name": "cyber_mantis_blade_16",
			"from": [4.675, 9.1, 7.95],
			"to": [5.05, 9.225, 8.175],
			"rotation": {"angle": 0, "axis": "y", "origin": [0, 0, 8]},
			"faces": {
				"north": {"uv": [4.75, 6.375, 4.375, 6.5], "texture": "#0"},
				"east": {"uv": [4.625, 6.375, 4.75, 6.5], "texture": "#0"},
				"south": {"uv": [4.375, 6.375, 4.75, 6.5], "texture": "#0"},
				"west": {"uv": [4.375, 6.375, 4.5, 6.5], "texture": "#0"},
				"up": {"uv": [4.375, 6.375, 4.75, 6.5], "texture": "#0"},
				"down": {"uv": [4.375, 6.375, 4.75, 6.5], "texture": "#0"}
			}
		},
		{
			"name": "cyber_mantis_blade_17",
			"from": [9.05, 9.1, 7.95],
			"to": [9.55, 9.225, 8.175],
			"rotation": {"angle": 0, "axis": "y", "origin": [0, 0, 8]},
			"faces": {
				"north": {"uv": [9.25, 6.375, 8.75, 6.5], "texture": "#0"},
				"east": {"uv": [9.125, 6.375, 9.25, 6.5], "texture": "#0"},
				"south": {"uv": [8.75, 6.375, 9.25, 6.5], "texture": "#0"},
				"west": {"uv": [8.75, 6.375, 8.875, 6.5], "texture": "#0"},
				"up": {"uv": [8.75, 6.375, 9.25, 6.5], "texture": "#0"},
				"down": {"uv": [8.75, 6.375, 9.25, 6.5], "texture": "#0"}
			}
		},
		{
			"name": "cyber_mantis_blade_18",
			"from": [6.925, 9.1, 8],
			"to": [7.05, 9.35, 8.125],
			"rotation": {"angle": 0, "axis": "y", "origin": [0, 0, 8]},
			"faces": {
				"north": {"uv": [6.75, 6.5, 6.625, 6.75], "texture": "#0"},
				"east": {"uv": [6.625, 6.5, 6.75, 6.75], "texture": "#0"},
				"south": {"uv": [6.625, 6.5, 6.75, 6.75], "texture": "#0"},
				"west": {"uv": [6.625, 6.5, 6.75, 6.75], "texture": "#0"},
				"up": {"uv": [6.625, 6.5, 6.75, 6.625], "texture": "#0"},
				"down": {"uv": [6.625, 6.625, 6.75, 6.75], "texture": "#0"}
			}
		},
		{
			"name": "cyber_mantis_blade_19",
			"from": [7.425, 9.225, 8],
			"to": [7.925, 9.35, 8.125],
			"rotation": {"angle": 0, "axis": "y", "origin": [0, 0, 8]},
			"faces": {
				"north": {"uv": [7.625, 6.5, 7.125, 6.625], "texture": "#0"},
				"east": {"uv": [7.5, 6.5, 7.625, 6.625], "texture": "#0"},
				"south": {"uv": [7.125, 6.5, 7.625, 6.625], "texture": "#0"},
				"west": {"uv": [7.125, 6.5, 7.25, 6.625], "texture": "#0"},
				"up": {"uv": [7.125, 6.5, 7.625, 6.625], "texture": "#0"},
				"down": {"uv": [7.125, 6.5, 7.625, 6.625], "texture": "#0"}
			}
		},
		{
			"name": "cyber_mantis_blade_20",
			"from": [5.425, 8.975, 8],
			"to": [5.55, 9.225, 8.125],
			"rotation": {"angle": 0, "axis": "y", "origin": [0, 0, 8]},
			"faces": {
				"north": {"uv": [5.25, 6.625, 5.125, 6.875], "texture": "#0"},
				"east": {"uv": [5.125, 6.625, 5.25, 6.875], "texture": "#0"},
				"south": {"uv": [5.125, 6.625, 5.25, 6.875], "texture": "#0"},
				"west": {"uv": [5.125, 6.625, 5.25, 6.875], "texture": "#0"},
				"up": {"uv": [5.125, 6.625, 5.25, 6.75], "texture": "#0"},
				"down": {"uv": [5.125, 6.75, 5.25, 6.875], "texture": "#0"}
			}
		},
		{
			"name": "cyber_mantis_blade_21",
			"from": [5.8, 9.1, 8],
			"to": [6.925, 9.225, 8.125],
			"rotation": {"angle": 0, "axis": "y", "origin": [0, 0, 8]},
			"faces": {
				"north": {"uv": [6.625, 6.625, 5.5, 6.75], "texture": "#0"},
				"east": {"uv": [6.5, 6.625, 6.625, 6.75], "texture": "#0"},
				"south": {"uv": [5.5, 6.625, 6.625, 6.75], "texture": "#0"},
				"west": {"uv": [5.5, 6.625, 5.625, 6.75], "texture": "#0"},
				"up": {"uv": [5.5, 6.625, 6.625, 6.75], "texture": "#0"},
				"down": {"uv": [5.5, 6.625, 6.625, 6.75], "texture": "#0"}
			}
		},
		{
			"name": "cyber_mantis_blade_22",
			"from": [7.05, 9.1, 8],
			"to": [7.55, 9.225, 8.125],
			"rotation": {"angle": 0, "axis": "y", "origin": [0, 0, 8]},
			"faces": {
				"north": {"uv": [7.25, 6.625, 6.75, 6.75], "texture": "#0"},
				"east": {"uv": [7.125, 6.625, 7.25, 6.75], "texture": "#0"},
				"south": {"uv": [6.75, 6.625, 7.25, 6.75], "texture": "#0"},
				"west": {"uv": [6.75, 6.625, 6.875, 6.75], "texture": "#0"},
				"up": {"uv": [6.75, 6.625, 7.25, 6.75], "texture": "#0"},
				"down": {"uv": [6.75, 6.625, 7.25, 6.75], "texture": "#0"}
			}
		},
		{
			"name": "cyber_mantis_blade_23",
			"from": [4.55, 8.85, 8],
			"to": [4.8, 9.1, 8.125],
			"rotation": {"angle": 0, "axis": "y", "origin": [0, 0, 8]},
			"faces": {
				"north": {"uv": [4.5, 6.75, 4.25, 7], "texture": "#0"},
				"east": {"uv": [4.375, 6.75, 4.5, 7], "texture": "#0"},
				"south": {"uv": [4.25, 6.75, 4.5, 7], "texture": "#0"},
				"west": {"uv": [4.25, 6.75, 4.375, 7], "texture": "#0"},
				"up": {"uv": [4.25, 6.75, 4.5, 6.875], "texture": "#0"},
				"down": {"uv": [4.25, 6.875, 4.5, 7], "texture": "#0"}
			}
		},
		{
			"name": "cyber_mantis_blade_24",
			"from": [4.8, 8.975, 8],
			"to": [5.425, 9.1, 8.125],
			"rotation": {"angle": 0, "axis": "y", "origin": [0, 0, 8]},
			"faces": {
				"north": {"uv": [5.125, 6.75, 4.5, 6.875], "texture": "#0"},
				"east": {"uv": [5, 6.75, 5.125, 6.875], "texture": "#0"},
				"south": {"uv": [4.5, 6.75, 5.125, 6.875], "texture": "#0"},
				"west": {"uv": [4.5, 6.75, 4.625, 6.875], "texture": "#0"},
				"up": {"uv": [4.5, 6.75, 5.125, 6.875], "texture": "#0"},
				"down": {"uv": [4.5, 6.75, 5.125, 6.875], "texture": "#0"}
			}
		},
		{
			"name": "cyber_mantis_blade_25",
			"from": [5.55, 8.975, 8],
			"to": [5.925, 9.1, 8.125],
			"rotation": {"angle": 0, "axis": "y", "origin": [0, 0, 8]},
			"faces": {
				"north": {"uv": [5.625, 6.75, 5.25, 6.875], "texture": "#0"},
				"east": {"uv": [5.5, 6.75, 5.625, 6.875], "texture": "#0"},
				"south": {"uv": [5.25, 6.75, 5.625, 6.875], "texture": "#0"},
				"west": {"uv": [5.25, 6.75, 5.375, 6.875], "texture": "#0"},
				"up": {"uv": [5.25, 6.75, 5.625, 6.875], "texture": "#0"},
				"down": {"uv": [5.25, 6.75, 5.625, 6.875], "texture": "#0"}
			}
		},
		{
			"name": "cyber_mantis_blade_26",
			"from": [7.32127, 9.54603, 7.9],
			"to": [7.69627, 9.79603, 8.225],
			"rotation": {"angle": -45, "axis": "z", "origin": [7.2, 7.9, 8]},
			"faces": {
				"north": {"uv": [8.125, 6.75, 7.75, 7], "texture": "#0"},
				"east": {"uv": [8, 6.75, 8.125, 7], "texture": "#0"},
				"south": {"uv": [7.75, 6.75, 8.125, 7], "texture": "#0"},
				"west": {"uv": [7.75, 6.75, 7.875, 7], "texture": "#0"},
				"up": {"uv": [7.75, 6.75, 8.125, 6.875], "texture": "#0"},
				"down": {"uv": [7.75, 6.875, 8.125, 7], "texture": "#0"}
			}
		},
		{
			"name": "cyber_mantis_blade_27",
			"from": [4.425, 8.85, 8],
			"to": [4.55, 8.975, 8.125],
			"rotation": {"angle": 0, "axis": "y", "origin": [0, 0, 8]},
			"faces": {
				"north": {"uv": [4.25, 6.875, 4.125, 7], "texture": "#0"},
				"east": {"uv": [4.125, 6.875, 4.25, 7], "texture": "#0"},
				"south": {"uv": [4.125, 6.875, 4.25, 7], "texture": "#0"},
				"west": {"uv": [4.125, 6.875, 4.25, 7], "texture": "#0"},
				"up": {"uv": [4.125, 6.875, 4.25, 7], "texture": "#0"},
				"down": {"uv": [4.125, 6.875, 4.25, 7], "texture": "#0"}
			}
		},
		{
			"name": "cyber_mantis_blade_28",
			"from": [7.19627, 9.17103, 7.9],
			"to": [7.57127, 9.54603, 8.225],
			"rotation": {"angle": -45, "axis": "z", "origin": [7.2, 7.9, 8]},
			"faces": {
				"north": {"uv": [8, 7, 7.625, 7.375], "texture": "#0"},
				"east": {"uv": [7.875, 7, 8, 7.375], "texture": "#0"},
				"south": {"uv": [7.625, 7, 8, 7.375], "texture": "#0"},
				"west": {"uv": [7.625, 7, 7.75, 7.375], "texture": "#0"},
				"up": {"uv": [7.625, 7, 8, 7.125], "texture": "#0"},
				"down": {"uv": [7.625, 7.25, 8, 7.375], "texture": "#0"}
			}
		},
		{
			"name": "cyber_mantis_blade_29",
			"from": [7.07127, 7.92103, 7.9],
			"to": [7.44627, 9.17103, 8.225],
			"rotation": {"angle": -45, "axis": "z", "origin": [7.2, 7.9, 8]},
			"faces": {
				"north": {"uv": [7.875, 7.375, 7.5, 8.625], "texture": "#0"},
				"east": {"uv": [7.75, 7.375, 7.875, 8.625], "texture": "#0"},
				"south": {"uv": [7.5, 7.375, 7.875, 8.625], "texture": "#0"},
				"west": {"uv": [7.5, 7.375, 7.625, 8.625], "texture": "#0"},
				"up": {"uv": [7.5, 7.375, 7.875, 7.5], "texture": "#0"},
				"down": {"uv": [7.5, 8.5, 7.875, 8.625], "texture": "#0"}
			}
		},
		{
			"name": "cyber_mantis_blade_30",
			"from": [6.85, 7.775, 7.75],
			"to": [7.225, 8, 8.375],
			"rotation": {"angle": 0, "axis": "x", "origin": [0, 0, 8]},
			"faces": {
				"north": {"uv": [8.25, 8.875, 8.625, 9], "rotation": 180, "texture": "#0"},
				"east": {"uv": [8.5, 8.375, 8.625, 9], "rotation": 270, "texture": "#0"},
				"south": {"uv": [8.25, 8.375, 8.625, 8.5], "texture": "#0"},
				"west": {"uv": [8.25, 8.375, 8.375, 9], "rotation": 90, "texture": "#0"},
				"up": {"uv": [8.625, 8.375, 8.25, 9], "rotation": 180, "texture": "#0"},
				"down": {"uv": [8.25, 8.375, 8.625, 9], "texture": "#0"}
			}
		},
		{
			"name": "cyber_mantis_blade_31",
			"from": [7.225, 7.775, 8.25],
			"to": [8.475, 8, 8.375],
			"rotation": {"angle": 0, "axis": "x", "origin": [0, 0, 8]},
			"faces": {
				"north": {"uv": [8.625, 8.375, 9.875, 8.5], "rotation": 180, "texture": "#0"},
				"east": {"uv": [9.75, 8.375, 9.875, 8.5], "rotation": 270, "texture": "#0"},
				"south": {"uv": [8.625, 8.375, 9.875, 8.5], "texture": "#0"},
				"west": {"uv": [8.625, 8.375, 8.75, 8.5], "rotation": 90, "texture": "#0"},
				"up": {"uv": [9.875, 8.375, 8.625, 8.5], "rotation": 180, "texture": "#0"},
				"down": {"uv": [8.625, 8.375, 9.875, 8.5], "texture": "#0"}
			}
		},
		{
			"name": "cyber_mantis_blade_32",
			"from": [8.225, 7.775, 7.75],
			"to": [8.475, 8, 8.25],
			"rotation": {"angle": 0, "axis": "x", "origin": [0, 0, 8]},
			"faces": {
				"north": {"uv": [9.625, 8.875, 9.875, 9], "rotation": 180, "texture": "#0"},
				"east": {"uv": [9.75, 8.5, 9.875, 9], "rotation": 270, "texture": "#0"},
				"south": {"uv": [9.625, 8.5, 9.875, 8.625], "texture": "#0"},
				"west": {"uv": [9.625, 8.5, 9.75, 9], "rotation": 90, "texture": "#0"},
				"up": {"uv": [9.875, 8.5, 9.625, 9], "rotation": 180, "texture": "#0"},
				"down": {"uv": [9.625, 8.5, 9.875, 9], "texture": "#0"}
			}
		},
		{
			"name": "cyber_mantis_blade_33",
			"from": [7.225, 7.775, 7.75],
			"to": [8.225, 8, 7.875],
			"rotation": {"angle": 0, "axis": "x", "origin": [0, 0, 8]},
			"faces": {
				"north": {"uv": [8.625, 8.875, 9.625, 9], "rotation": 180, "texture": "#0"},
				"east": {"uv": [9.5, 8.875, 9.625, 9], "rotation": 270, "texture": "#0"},
				"south": {"uv": [8.625, 8.875, 9.625, 9], "texture": "#0"},
				"west": {"uv": [8.625, 8.875, 8.75, 9], "rotation": 90, "texture": "#0"},
				"up": {"uv": [9.625, 8.875, 8.625, 9], "rotation": 180, "texture": "#0"},
				"down": {"uv": [8.625, 8.875, 9.625, 9], "texture": "#0"}
			}
		}
	],
	"gui_light": "front",
	"display": {
		"thirdperson_righthand": {
			"rotation": [-90.93, 2.91, -89.59],
			"translation": [2.5, -2.25, 4.5],
			"scale": [3.25, 3.25, 3]
		},
		"thirdperson_lefthand": {
			"rotation": [90, 1.04, -92.63],
			"translation": [2.5, -2.25, 4.5],
			"scale": [3.25, 3.25, 3]
		},
		"firstperson_righthand": {
			"rotation": [-28.25, -76.02, -41.42],
			"translation": [-3, 4.75, 7],
			"scale": [2, 2, 1.75]
		},
		"firstperson_lefthand": {
			"rotation": [14.89, 76.93, 8.3],
			"translation": [-2, 4.5, 5.75],
			"scale": [2, 2, 1.75]
		},
		"ground": {
			"translation": [0, -4.75, 0],
			"scale": [3, 3, 2.5]
		},
		"gui": {
			"rotation": [-3.2, 21.78, -33.36],
			"translation": [-0.75, -5.25, 0],
			"scale": [4, 4, 4]
		},
		"fixed": {
			"rotation": [-180, 0, 138],
			"translation": [-0.25, -3.5, -3],
			"scale": [4, 4, 3]
		}
	},
	"groups": [
		{
			"name": "cyber_mantis_blade",
			"origin": [8, 8, 8],
			"color": 0,
			"children": [0, 1, 2, 3, 4, 5, 6, 7, 8, 9, 10, 11, 12, 13, 14, 15, 16, 17, 18, 19, 20, 21, 22, 23, 24, 25, 26, 27, 28, 29, 30, 31, 32, 33]
		}
	]
}