{
	"credit": "Made with Blockbench",
	"textures": {
		"0": "item/diamond_sword/cybernetic_knife",
		"particle": "item/diamond_sword/cybernetic_knife"
	},
	"elements": [
		{
			"name": "cybernetic_knife_0",
			"from": [8.25, 8, 7.75],
			"to": [8.375, 8.375, 7.875],
			"faces": {
				"north": {"uv": [8.625, 5.625, 8.5, 6], "texture": "#0"},
				"east": {"uv": [8.5, 5.625, 8.625, 6], "texture": "#0"},
				"south": {"uv": [8.5, 5.625, 8.625, 6], "texture": "#0"},
				"west": {"uv": [8.5, 5.625, 8.625, 6], "texture": "#0"},
				"up": {"uv": [8.5, 5.625, 8.625, 5.75], "texture": "#0"},
				"down": {"uv": [8.5, 5.875, 8.625, 6], "texture": "#0"}
			}
		},
		{
			"name": "cybernetic_knife_1",
			"from": [8.125, 7.875, 7.75],
			"to": [8.25, 8.25, 7.875],
			"faces": {
				"north": {"uv": [8.5, 5.75, 8.375, 6.125], "texture": "#0"},
				"east": {"uv": [8.375, 5.75, 8.5, 6.125], "texture": "#0"},
				"south": {"uv": [8.375, 5.75, 8.5, 6.125], "texture": "#0"},
				"west": {"uv": [8.375, 5.75, 8.5, 6.125], "texture": "#0"},
				"up": {"uv": [8.375, 5.75, 8.5, 5.875], "texture": "#0"},
				"down": {"uv": [8.375, 6, 8.5, 6.125], "texture": "#0"}
			}
		},
		{
			"name": "cybernetic_knife_2",
			"from": [8, 7.625, 7.75],
			"to": [8.125, 8.125, 7.875],
			"faces": {
				"north": {"uv": [8.375, 5.875, 8.25, 6.375], "texture": "#0"},
				"east": {"uv": [8.25, 5.875, 8.375, 6.375], "texture": "#0"},
				"south": {"uv": [8.25, 5.875, 8.375, 6.375], "texture": "#0"},
				"west": {"uv": [8.25, 5.875, 8.375, 6.375], "texture": "#0"},
				"up": {"uv": [8.25, 5.875, 8.375, 6], "texture": "#0"},
				"down": {"uv": [8.25, 6.25, 8.375, 6.375], "texture": "#0"}
			}
		},
		{
			"name": "cybernetic_knife_3",
			"from": [8.25, 5.5, 7.7],
			"to": [8.375, 8, 7.925],
			"faces": {
				"north": {"uv": [8.875, 6, 8.75, 8.5], "texture": "#0"},
				"east": {"uv": [8.75, 6, 8.875, 8.5], "texture": "#0"},
				"south": {"uv": [8.75, 6, 8.875, 8.5], "texture": "#0"},
				"west": {"uv": [8.75, 6, 8.875, 8.5], "texture": "#0"},
				"up": {"uv": [8.75, 6, 8.875, 6.125], "texture": "#0"},
				"down": {"uv": [8.75, 8.375, 8.875, 8.5], "texture": "#0"}
			}
		},
		{
			"name": "cybernetic_knife_4",
			"from": [7.875, 7.25, 7.75],
			"to": [8, 7.875, 7.875],
			"faces": {
				"north": {"uv": [8.25, 6.125, 8.125, 6.75], "texture": "#0"},
				"east": {"uv": [8.125, 6.125, 8.25, 6.75], "texture": "#0"},
				"south": {"uv": [8.125, 6.125, 8.25, 6.75], "texture": "#0"},
				"west": {"uv": [8.125, 6.125, 8.25, 6.75], "texture": "#0"},
				"up": {"uv": [8.125, 6.125, 8.25, 6.25], "texture": "#0"},
				"down": {"uv": [8.125, 6.625, 8.25, 6.75], "texture": "#0"}
			}
		},
		{
			"name": "cybernetic_knife_5",
			"from": [8.125, 4, 7.7],
			"to": [8.25, 7.875, 7.925],
			"faces": {
				"north": {"uv": [8.75, 6.125, 8.625, 10], "texture": "#0"},
				"east": {"uv": [8.625, 6.125, 8.75, 10], "texture": "#0"},
				"south": {"uv": [8.625, 6.125, 8.75, 10], "texture": "#0"},
				"west": {"uv": [8.625, 6.125, 8.75, 10], "texture": "#0"},
				"up": {"uv": [8.625, 6.125, 8.75, 6.25], "texture": "#0"},
				"down": {"uv": [8.625, 9.875, 8.75, 10], "texture": "#0"}
			}
		},
		{
			"name": "cybernetic_knife_6",
			"from": [7.75, 6.75, 7.75],
			"to": [7.875, 7.625, 7.875],
			"faces": {
				"north": {"uv": [8.125, 6.375, 8, 7.25], "texture": "#0"},
				"east": {"uv": [8, 6.375, 8.125, 7.25], "texture": "#0"},
				"south": {"uv": [8, 6.375, 8.125, 7.25], "texture": "#0"},
				"west": {"uv": [8, 6.375, 8.125, 7.25], "texture": "#0"},
				"up": {"uv": [8, 6.375, 8.125, 6.5], "texture": "#0"},
				"down": {"uv": [8, 7.125, 8.125, 7.25], "texture": "#0"}
			}
		},
		{
			"name": "cybernetic_knife_7",
			"from": [8, 4, 7.7],
			"to": [8.125, 7.625, 7.925],
			"faces": {
				"north": {"uv": [8.625, 6.375, 8.5, 10], "texture": "#0"},
				"east": {"uv": [8.5, 6.375, 8.625, 10], "texture": "#0"},
				"south": {"uv": [8.5, 6.375, 8.625, 10], "texture": "#0"},
				"west": {"uv": [8.5, 6.375, 8.625, 10], "texture": "#0"},
				"up": {"uv": [8.5, 6.375, 8.625, 6.5], "texture": "#0"},
				"down": {"uv": [8.5, 9.875, 8.625, 10], "texture": "#0"}
			}
		},
		{
			"name": "cybernetic_knife_8",
			"from": [7.625, 5.5, 7.75],
			"to": [7.75, 7.25, 7.875],
			"faces": {
				"north": {"uv": [8, 6.75, 7.875, 8.5], "texture": "#0"},
				"east": {"uv": [7.875, 6.75, 8, 8.5], "texture": "#0"},
				"south": {"uv": [7.875, 6.75, 8, 8.5], "texture": "#0"},
				"west": {"uv": [7.875, 6.75, 8, 8.5], "texture": "#0"},
				"up": {"uv": [7.875, 6.75, 8, 6.875], "texture": "#0"},
				"down": {"uv": [7.875, 8.375, 8, 8.5], "texture": "#0"}
			}
		},
		{
			"name": "cybernetic_knife_9",
			"from": [7.875, 5.5, 7.7],
			"to": [8, 7.25, 7.925],
			"faces": {
				"north": {"uv": [8.5, 6.75, 8.375, 8.5], "texture": "#0"},
				"east": {"uv": [8.375, 6.75, 8.5, 8.5], "texture": "#0"},
				"south": {"uv": [8.375, 6.75, 8.5, 8.5], "texture": "#0"},
				"west": {"uv": [8.375, 6.75, 8.5, 8.5], "texture": "#0"},
				"up": {"uv": [8.375, 6.75, 8.5, 6.875], "texture": "#0"},
				"down": {"uv": [8.375, 8.375, 8.5, 8.5], "texture": "#0"}
			}
		},
		{
			"name": "cybernetic_knife_10",
			"from": [7.5, 5.5, 7.75],
			"to": [7.625, 6.75, 7.875],
			"faces": {
				"north": {"uv": [7.875, 7.25, 7.75, 8.5], "texture": "#0"},
				"east": {"uv": [7.75, 7.25, 7.875, 8.5], "texture": "#0"},
				"south": {"uv": [7.75, 7.25, 7.875, 8.5], "texture": "#0"},
				"west": {"uv": [7.75, 7.25, 7.875, 8.5], "texture": "#0"},
				"up": {"uv": [7.75, 7.25, 7.875, 7.375], "texture": "#0"},
				"down": {"uv": [7.75, 8.375, 7.875, 8.5], "texture": "#0"}
			}
		},
		{
			"name": "cybernetic_knife_11",
			"from": [7.75, 5.875, 7.7],
			"to": [7.875, 6.75, 7.925],
			"faces": {
				"north": {"uv": [8.375, 7.25, 8.25, 8.125], "texture": "#0"},
				"east": {"uv": [8.25, 7.25, 8.375, 8.125], "texture": "#0"},
				"south": {"uv": [8.25, 7.25, 8.375, 8.125], "texture": "#0"},
				"west": {"uv": [8.25, 7.25, 8.375, 8.125], "texture": "#0"},
				"up": {"uv": [8.25, 7.25, 8.375, 7.375], "texture": "#0"},
				"down": {"uv": [8.25, 8, 8.375, 8.125], "texture": "#0"}
			}
		},
		{
			"name": "cybernetic_knife_12",
			"from": [7.75, 4, 7.75],
			"to": [7.875, 5.875, 7.875],
			"faces": {
				"north": {"uv": [8.125, 8.125, 8, 10], "texture": "#0"},
				"east": {"uv": [8, 8.125, 8.125, 10], "texture": "#0"},
				"south": {"uv": [8, 8.125, 8.125, 10], "texture": "#0"},
				"west": {"uv": [8, 8.125, 8.125, 10], "texture": "#0"},
				"up": {"uv": [8, 8.125, 8.125, 8.25], "texture": "#0"},
				"down": {"uv": [8, 9.875, 8.125, 10], "texture": "#0"}
			}
		},
		{
			"name": "cybernetic_knife_13",
			"from": [7.875, 4.5, 7.75],
			"to": [8, 5.5, 7.875],
			"faces": {
				"north": {"uv": [8.25, 8.5, 8.125, 9.5], "texture": "#0"},
				"east": {"uv": [8.125, 8.5, 8.25, 9.5], "texture": "#0"},
				"south": {"uv": [8.125, 8.5, 8.25, 9.5], "texture": "#0"},
				"west": {"uv": [8.125, 8.5, 8.25, 9.5], "texture": "#0"},
				"up": {"uv": [8.125, 8.5, 8.25, 8.625], "texture": "#0"},
				"down": {"uv": [8.125, 9.375, 8.25, 9.5], "texture": "#0"}
			}
		},
		{
			"name": "cybernetic_knife_14",
			"from": [8.25, 4.625, 7.7],
			"to": [8.375, 4.75, 7.925],
			"faces": {
				"north": {"uv": [8.875, 9.25, 8.75, 9.375], "texture": "#0"},
				"east": {"uv": [8.75, 9.25, 8.875, 9.375], "texture": "#0"},
				"south": {"uv": [8.75, 9.25, 8.875, 9.375], "texture": "#0"},
				"west": {"uv": [8.75, 9.25, 8.875, 9.375], "texture": "#0"},
				"up": {"uv": [8.75, 9.25, 8.875, 9.375], "texture": "#0"},
				"down": {"uv": [8.75, 9.25, 8.875, 9.375], "texture": "#0"}
			}
		},
		{
			"name": "cybernetic_knife_15",
			"from": [7.625, 4, 7.75],
			"to": [7.75, 4.5, 7.875],
			"faces": {
				"north": {"uv": [8, 9.5, 7.875, 10], "texture": "#0"},
				"east": {"uv": [7.875, 9.5, 8, 10], "texture": "#0"},
				"south": {"uv": [7.875, 9.5, 8, 10], "texture": "#0"},
				"west": {"uv": [7.875, 9.5, 8, 10], "texture": "#0"},
				"up": {"uv": [7.875, 9.5, 8, 9.625], "texture": "#0"},
				"down": {"uv": [7.875, 9.875, 8, 10], "texture": "#0"}
			}
		},
		{
			"name": "cybernetic_knife_16",
			"from": [7.875, 4, 7.7],
			"to": [8, 4.5, 7.925],
			"faces": {
				"north": {"uv": [8.5, 9.5, 8.375, 10], "texture": "#0"},
				"east": {"uv": [8.375, 9.5, 8.5, 10], "texture": "#0"},
				"south": {"uv": [8.375, 9.5, 8.5, 10], "texture": "#0"},
				"west": {"uv": [8.375, 9.5, 8.5, 10], "texture": "#0"},
				"up": {"uv": [8.375, 9.5, 8.5, 9.625], "texture": "#0"},
				"down": {"uv": [8.375, 9.875, 8.5, 10], "texture": "#0"}
			}
		},
		{
			"name": "cybernetic_knife_17",
			"from": [8.25, 4.375, 7.7],
			"to": [8.375, 4.5, 7.925],
			"faces": {
				"north": {"uv": [8.875, 9.5, 8.75, 9.625], "texture": "#0"},
				"east": {"uv": [8.75, 9.5, 8.875, 9.625], "texture": "#0"},
				"south": {"uv": [8.75, 9.5, 8.875, 9.625], "texture": "#0"},
				"west": {"uv": [8.75, 9.5, 8.875, 9.625], "texture": "#0"},
				"up": {"uv": [8.75, 9.5, 8.875, 9.625], "texture": "#0"},
				"down": {"uv": [8.75, 9.5, 8.875, 9.625], "texture": "#0"}
			}
		},
		{
			"name": "cybernetic_knife_18",
			"from": [8.25, 4.125, 7.7],
			"to": [8.375, 4.25, 7.925],
			"faces": {
				"north": {"uv": [8.875, 9.75, 8.75, 9.875], "texture": "#0"},
				"east": {"uv": [8.75, 9.75, 8.875, 9.875], "texture": "#0"},
				"south": {"uv": [8.75, 9.75, 8.875, 9.875], "texture": "#0"},
				"west": {"uv": [8.75, 9.75, 8.875, 9.875], "texture": "#0"},
				"up": {"uv": [8.75, 9.75, 8.875, 9.875], "texture": "#0"},
				"down": {"uv": [8.75, 9.75, 8.875, 9.875], "texture": "#0"}
			}
		},
		{
			"name": "cybernetic_knife_19",
			"from": [7.25, 3.75, 7.55],
			"to": [8.5, 4, 8.075],
			"faces": {
				"north": {"uv": [7.25, 10, 6, 10.25], "texture": "#0"},
				"east": {"uv": [7.125, 10, 7.25, 10.25], "texture": "#0"},
				"south": {"uv": [6, 10, 7.25, 10.25], "texture": "#0"},
				"west": {"uv": [6, 10, 6.125, 10.25], "texture": "#0"},
				"up": {"uv": [6, 10, 7.25, 10.125], "texture": "#0"},
				"down": {"uv": [6, 10.125, 7.25, 10.25], "texture": "#0"}
			}
		},
		{
			"name": "cybernetic_knife_20",
			"from": [7.75, 3.5, 7.6],
			"to": [8.25, 3.75, 8.025],
			"faces": {
				"north": {"uv": [7, 10.5, 6.5, 10.75], "texture": "#0"},
				"east": {"uv": [6.875, 10.5, 7, 10.75], "texture": "#0"},
				"south": {"uv": [6.5, 10.5, 7, 10.75], "texture": "#0"},
				"west": {"uv": [6.5, 10.5, 6.625, 10.75], "texture": "#0"},
				"up": {"uv": [6.5, 10.5, 7, 10.625], "texture": "#0"},
				"down": {"uv": [6.5, 10.625, 7, 10.75], "texture": "#0"}
			}
		},
		{
			"name": "cybernetic_knife_21",
			"from": [7.75, 1.375, 7.65],
			"to": [7.875, 3.5, 7.975],
			"faces": {
				"north": {"uv": [8.125, 10.5, 8, 12.625], "texture": "#0"},
				"east": {"uv": [8, 10.5, 8.125, 12.625], "texture": "#0"},
				"south": {"uv": [8, 10.5, 8.125, 12.625], "texture": "#0"},
				"west": {"uv": [8, 10.5, 8.125, 12.625], "texture": "#0"},
				"up": {"uv": [8, 10.5, 8.125, 10.625], "texture": "#0"},
				"down": {"uv": [8, 12.5, 8.125, 12.625], "texture": "#0"}
			}
		},
		{
			"name": "cybernetic_knife_22",
			"from": [8.125, 1.375, 7.65],
			"to": [8.25, 3.5, 7.975],
			"faces": {
				"north": {"uv": [8.5, 10.5, 8.375, 12.625], "texture": "#0"},
				"east": {"uv": [8.375, 10.5, 8.5, 12.625], "texture": "#0"},
				"south": {"uv": [8.375, 10.5, 8.5, 12.625], "texture": "#0"},
				"west": {"uv": [8.375, 10.5, 8.5, 12.625], "texture": "#0"},
				"up": {"uv": [8.375, 10.5, 8.5, 10.625], "texture": "#0"},
				"down": {"uv": [8.375, 12.5, 8.5, 12.625], "texture": "#0"}
			}
		},
		{
			"name": "cybernetic_knife_23",
			"from": [7.875, 3.125, 7.6],
			"to": [8.125, 3.5, 8.025],
			"faces": {
				"north": {"uv": [6.875, 10.75, 6.625, 11.125], "texture": "#0"},
				"east": {"uv": [6.75, 10.75, 6.875, 11.125], "texture": "#0"},
				"south": {"uv": [6.625, 10.75, 6.875, 11.125], "texture": "#0"},
				"west": {"uv": [6.625, 10.75, 6.75, 11.125], "texture": "#0"},
				"up": {"uv": [6.625, 10.75, 6.875, 10.875], "texture": "#0"},
				"down": {"uv": [6.625, 11, 6.875, 11.125], "texture": "#0"}
			}
		},
		{
			"name": "cybernetic_knife_24",
			"from": [7.875, 1.375, 7.65],
			"to": [8.125, 3.125, 7.975],
			"faces": {
				"north": {"uv": [8.375, 10.875, 8.125, 12.625], "texture": "#0"},
				"east": {"uv": [8.25, 10.875, 8.375, 12.625], "texture": "#0"},
				"south": {"uv": [8.125, 10.875, 8.375, 12.625], "texture": "#0"},
				"west": {"uv": [8.125, 10.875, 8.25, 12.625], "texture": "#0"},
				"up": {"uv": [8.125, 10.875, 8.375, 11], "texture": "#0"},
				"down": {"uv": [8.125, 12.5, 8.375, 12.625], "texture": "#0"}
			}
		},
		{
			"name": "cybernetic_knife_25",
			"from": [7.5, 1.125, 7.6],
			"to": [8.375, 1.375, 8.025],
			"faces": {
				"north": {"uv": [7.625, 12.625, 6.75, 12.875], "texture": "#0"},
				"east": {"uv": [7.5, 12.625, 7.625, 12.875], "texture": "#0"},
				"south": {"uv": [6.75, 12.625, 7.625, 12.875], "texture": "#0"},
				"west": {"uv": [6.75, 12.625, 6.875, 12.875], "texture": "#0"},
				"up": {"uv": [6.75, 12.625, 7.625, 12.75], "texture": "#0"},
				"down": {"uv": [6.75, 12.75, 7.625, 12.875], "texture": "#0"}
			}
		}
	],
	"gui_light": "front",
	"display": {
		"thirdperson_righthand": {
			"rotation": [180, 90, 0],
			"translation": [0, -14.75, 1.25],
			"scale": [2.4, 2.4, 2.4]
		},
		"thirdperson_lefthand": {
			"rotation": [180, -90, 0],
			"translation": [0, -15, 1.25],
			"scale": [2.4, 2.4, 2.4]
		},
		"firstperson_righthand": {
			"rotation": [-4, -90, -8],
			"translation": [2.5, 10.25, -0.25],
			"scale": [2, 2, 2]
		},
		"firstperson_lefthand": {
			"rotation": [9, 90, -8],
			"translation": [1.75, 10.5, -0.5],
			"scale": [2, 2, 2]
		},
		"ground": {
			"translation": [0, 7.75, 0],
			"scale": [2, 2, 2]
		},
		"gui": {
			"rotation": [0, 0, -42],
			"translation": [7, 7.5, 0],
			"scale": [3, 3, 3]
		},
		"head": {
			"rotation": [0, 0, -132],
			"translation": [7.25, -29.75, 4.75],
			"scale": [3, 3, 3]
		},
		"fixed": {
			"rotation": [-180, 0, 138],
			"translation": [-8.5, 10, -1.25],
			"scale": [4, 4, 3]
		}
	},
	"groups": [
		{
			"name": "cybernetic_knife",
			"origin": [8, 8, 8],
			"color": 0,
			"nbt": "{}",
			"children": [0, 1, 2, 3, 4, 5, 6, 7, 8, 9, 10, 11, 12, 13, 14, 15, 16, 17, 18, 19, 20, 21, 22, 23, 24, 25]
		}
	]
}