{
	"credit": "Made with Blockbench",
	"textures": {
		"0": "item/diamond_sword/dark_cleaver",
		"particle": "item/diamond_sword/dark_cleaver"
	},
	"elements": [
		{
			"name": "dark_cleaver_0",
			"from": [5.875, 11.75, 7.8],
			"to": [6.5, 11.875, 7.925],
			"faces": {
				"north": {"uv": [4.5, 2.625, 3.875, 2.75], "texture": "#0"},
				"east": {"uv": [4.375, 2.625, 4.5, 2.75], "texture": "#0"},
				"south": {"uv": [3.875, 2.625, 4.5, 2.75], "texture": "#0"},
				"west": {"uv": [3.875, 2.625, 4, 2.75], "texture": "#0"},
				"up": {"uv": [3.875, 2.625, 4.5, 2.75], "texture": "#0"},
				"down": {"uv": [3.875, 2.625, 4.5, 2.75], "texture": "#0"}
			}
		},
		{
			"name": "dark_cleaver_1",
			"from": [6, 11.625, 7.8],
			"to": [6.25, 11.75, 7.925],
			"faces": {
				"north": {"uv": [4.25, 2.75, 4, 2.875], "texture": "#0"},
				"south": {"uv": [4, 2.75, 4.25, 2.875], "texture": "#0"},
				"west": {"uv": [4, 2.75, 4.125, 2.875], "texture": "#0"},
				"down": {"uv": [4, 2.75, 4.25, 2.875], "texture": "#0"}
			}
		},
		{
			"name": "dark_cleaver_2",
			"from": [6.5, 11.625, 7.8],
			"to": [6.75, 11.75, 7.925],
			"faces": {
				"north": {"uv": [4.75, 2.75, 4.5, 2.875], "texture": "#0"},
				"east": {"uv": [4.625, 2.75, 4.75, 2.875], "texture": "#0"},
				"south": {"uv": [4.5, 2.75, 4.75, 2.875], "texture": "#0"},
				"up": {"uv": [4.5, 2.75, 4.75, 2.875], "texture": "#0"}
			}
		},
		{
			"name": "dark_cleaver_3",
			"from": [6.25, 11.625, 7.75],
			"to": [6.5, 11.75, 7.975],
			"faces": {
				"north": {"uv": [5.5, 2.75, 5.25, 2.875], "texture": "#0"},
				"east": {"uv": [5.375, 2.75, 5.5, 2.875], "texture": "#0"},
				"south": {"uv": [5.25, 2.75, 5.5, 2.875], "texture": "#0"},
				"west": {"uv": [5.25, 2.75, 5.375, 2.875], "texture": "#0"},
				"up": {"uv": [5.25, 2.75, 5.5, 2.875], "texture": "#0"},
				"down": {"uv": [5.25, 2.75, 5.5, 2.875], "texture": "#0"}
			}
		},
		{
			"name": "dark_cleaver_4",
			"from": [6.25, 11.5, 7.8],
			"to": [6.5, 11.625, 7.925],
			"faces": {
				"north": {"uv": [4.5, 2.875, 4.25, 3], "texture": "#0"},
				"south": {"uv": [4.25, 2.875, 4.5, 3], "texture": "#0"},
				"west": {"uv": [4.25, 2.875, 4.375, 3], "texture": "#0"},
				"down": {"uv": [4.25, 2.875, 4.5, 3], "texture": "#0"}
			}
		},
		{
			"name": "dark_cleaver_5",
			"from": [6.75, 11.5, 7.8],
			"to": [7.125, 11.625, 7.925],
			"faces": {
				"north": {"uv": [5.125, 2.875, 4.75, 3], "texture": "#0"},
				"east": {"uv": [5, 2.875, 5.125, 3], "texture": "#0"},
				"south": {"uv": [4.75, 2.875, 5.125, 3], "texture": "#0"},
				"up": {"uv": [4.75, 2.875, 5.125, 3], "texture": "#0"}
			}
		},
		{
			"name": "dark_cleaver_6",
			"from": [6.5, 11.5, 7.75],
			"to": [6.75, 11.625, 7.975],
			"faces": {
				"north": {"uv": [5.75, 2.875, 5.5, 3], "texture": "#0"},
				"east": {"uv": [5.625, 2.875, 5.75, 3], "texture": "#0"},
				"south": {"uv": [5.5, 2.875, 5.75, 3], "texture": "#0"},
				"west": {"uv": [5.5, 2.875, 5.625, 3], "texture": "#0"},
				"up": {"uv": [5.5, 2.875, 5.75, 3], "texture": "#0"},
				"down": {"uv": [5.5, 2.875, 5.75, 3], "texture": "#0"}
			}
		},
		{
			"name": "dark_cleaver_7",
			"from": [6.375, 11.375, 7.8],
			"to": [6.625, 11.5, 7.925],
			"faces": {
				"north": {"uv": [4.625, 3, 4.375, 3.125], "texture": "#0"},
				"south": {"uv": [4.375, 3, 4.625, 3.125], "texture": "#0"},
				"west": {"uv": [4.375, 3, 4.5, 3.125], "texture": "#0"},
				"down": {"uv": [4.375, 3, 4.625, 3.125], "texture": "#0"}
			}
		},
		{
			"name": "dark_cleaver_8",
			"from": [7.125, 11.375, 7.8],
			"to": [7.375, 11.5, 7.925],
			"faces": {
				"north": {"uv": [5.375, 3, 5.125, 3.125], "texture": "#0"},
				"east": {"uv": [5.25, 3, 5.375, 3.125], "texture": "#0"},
				"south": {"uv": [5.125, 3, 5.375, 3.125], "texture": "#0"},
				"up": {"uv": [5.125, 3, 5.375, 3.125], "texture": "#0"}
			}
		},
		{
			"name": "dark_cleaver_9",
			"from": [6.625, 11.375, 7.75],
			"to": [7.125, 11.5, 7.975],
			"faces": {
				"north": {"uv": [6.125, 3, 5.625, 3.125], "texture": "#0"},
				"east": {"uv": [6, 3, 6.125, 3.125], "texture": "#0"},
				"south": {"uv": [5.625, 3, 6.125, 3.125], "texture": "#0"},
				"west": {"uv": [5.625, 3, 5.75, 3.125], "texture": "#0"},
				"up": {"uv": [5.625, 3, 6.125, 3.125], "texture": "#0"},
				"down": {"uv": [5.625, 3, 6.125, 3.125], "texture": "#0"}
			}
		},
		{
			"name": "dark_cleaver_10",
			"from": [6.5, 11, 7.8],
			"to": [6.75, 11.375, 7.925],
			"faces": {
				"north": {"uv": [4.75, 3.125, 4.5, 3.5], "texture": "#0"},
				"south": {"uv": [4.5, 3.125, 4.75, 3.5], "texture": "#0"},
				"west": {"uv": [4.5, 3.125, 4.625, 3.5], "texture": "#0"}
			}
		},
		{
			"name": "dark_cleaver_11",
			"from": [6.75, 11, 7.75],
			"to": [7.5, 11.375, 7.975],
			"faces": {
				"north": {"uv": [6.5, 3.125, 5.75, 3.5], "texture": "#0"},
				"east": {"uv": [6.375, 3.125, 6.5, 3.5], "texture": "#0"},
				"south": {"uv": [5.75, 3.125, 6.5, 3.5], "texture": "#0"},
				"west": {"uv": [5.75, 3.125, 5.875, 3.5], "texture": "#0"},
				"up": {"uv": [5.75, 3.125, 6.5, 3.25], "texture": "#0"}
			}
		},
		{
			"name": "dark_cleaver_12",
			"from": [7.625, 11.125, 7.65],
			"to": [8.125, 11.375, 8.075],
			"faces": {
				"north": {"uv": [8.625, 3.125, 8.125, 3.375], "texture": "#0"},
				"east": {"uv": [8.5, 3.125, 8.625, 3.375], "texture": "#0"},
				"south": {"uv": [8.125, 3.125, 8.625, 3.375], "texture": "#0"},
				"west": {"uv": [8.125, 3.125, 8.25, 3.375], "texture": "#0"},
				"up": {"uv": [8.125, 3.125, 8.625, 3.25], "texture": "#0"}
			}
		},
		{
			"name": "dark_cleaver_13",
			"from": [7.5, 10.625, 7.55],
			"to": [8.25, 11.125, 8.175],
			"faces": {
				"north": {"uv": [9.5, 3.375, 8.75, 3.875], "texture": "#0"},
				"east": {"uv": [9.375, 3.375, 9.5, 3.875], "texture": "#0"},
				"south": {"uv": [8.75, 3.375, 9.5, 3.875], "texture": "#0"},
				"west": {"uv": [8.75, 3.375, 8.875, 3.875], "texture": "#0"},
				"up": {"uv": [8.75, 3.375, 9.5, 3.5], "texture": "#0"},
				"down": {"uv": [8.75, 3.75, 9.5, 3.875], "texture": "#0"}
			}
		},
		{
			"name": "dark_cleaver_14",
			"from": [6.375, 10.875, 7.8],
			"to": [6.625, 11, 7.925],
			"faces": {
				"north": {"uv": [4.625, 3.5, 4.375, 3.625], "texture": "#0"},
				"south": {"uv": [4.375, 3.5, 4.625, 3.625], "texture": "#0"},
				"west": {"uv": [4.375, 3.5, 4.5, 3.625], "texture": "#0"},
				"up": {"uv": [4.375, 3.5, 4.625, 3.625], "texture": "#0"}
			}
		},
		{
			"name": "dark_cleaver_15",
			"from": [6.625, 10.625, 7.75],
			"to": [6.875, 11, 7.975],
			"faces": {
				"north": {"uv": [5.875, 3.5, 5.625, 3.875], "texture": "#0"},
				"south": {"uv": [5.625, 3.5, 5.875, 3.875], "texture": "#0"},
				"west": {"uv": [5.625, 3.5, 5.75, 3.875], "texture": "#0"},
				"up": {"uv": [5.625, 3.5, 5.875, 3.625], "texture": "#0"}
			}
		},
		{
			"name": "dark_cleaver_16",
			"from": [7.125, 10.875, 7.75],
			"to": [7.5, 11, 7.975],
			"faces": {
				"north": {"uv": [6.5, 3.5, 6.125, 3.625], "texture": "#0"},
				"south": {"uv": [6.125, 3.5, 6.5, 3.625], "texture": "#0"}
			}
		},
		{
			"name": "dark_cleaver_17",
			"from": [6.875, 8.75, 7.7],
			"to": [7.125, 11, 8.025],
			"faces": {
				"north": {"uv": [7.125, 3.5, 6.875, 5.75], "texture": "#0"},
				"east": {"uv": [7, 3.5, 7.125, 5.75], "texture": "#0"},
				"south": {"uv": [6.875, 3.5, 7.125, 5.75], "texture": "#0"},
				"west": {"uv": [6.875, 3.5, 7, 5.75], "texture": "#0"},
				"up": {"uv": [6.875, 3.5, 7.125, 3.625], "texture": "#0"},
				"down": {"uv": [6.875, 5.625, 7.125, 5.75], "texture": "#0"}
			}
		},
		{
			"name": "dark_cleaver_18",
			"from": [6.25, 10.75, 7.8],
			"to": [6.5, 10.875, 7.925],
			"faces": {
				"north": {"uv": [4.5, 3.625, 4.25, 3.75], "texture": "#0"},
				"south": {"uv": [4.25, 3.625, 4.5, 3.75], "texture": "#0"},
				"west": {"uv": [4.25, 3.625, 4.375, 3.75], "texture": "#0"},
				"up": {"uv": [4.25, 3.625, 4.5, 3.75], "texture": "#0"}
			}
		},
		{
			"name": "dark_cleaver_19",
			"from": [6.5, 10.375, 7.75],
			"to": [6.625, 10.875, 7.975],
			"faces": {
				"north": {"uv": [5.625, 3.625, 5.5, 4.125], "texture": "#0"},
				"south": {"uv": [5.5, 3.625, 5.625, 4.125], "texture": "#0"},
				"west": {"uv": [5.5, 3.625, 5.625, 4.125], "texture": "#0"},
				"up": {"uv": [5.5, 3.625, 5.625, 3.75], "texture": "#0"}
			}
		},
		{
			"name": "dark_cleaver_20",
			"from": [7.125, 5.875, 7.7],
			"to": [7.5, 10.875, 8.025],
			"faces": {
				"north": {"uv": [7.5, 3.625, 7.125, 8.625], "texture": "#0"},
				"east": {"uv": [7.375, 3.625, 7.5, 8.625], "texture": "#0"},
				"south": {"uv": [7.125, 3.625, 7.5, 8.625], "texture": "#0"},
				"west": {"uv": [7.125, 3.625, 7.25, 8.625], "texture": "#0"},
				"up": {"uv": [7.125, 3.625, 7.5, 3.75], "texture": "#0"},
				"down": {"uv": [7.125, 8.5, 7.5, 8.625], "texture": "#0"}
			}
		},
		{
			"name": "dark_cleaver_21",
			"from": [6.125, 10.625, 7.8],
			"to": [6.375, 10.75, 7.925],
			"faces": {
				"north": {"uv": [4.375, 3.75, 4.125, 3.875], "texture": "#0"},
				"south": {"uv": [4.125, 3.75, 4.375, 3.875], "texture": "#0"},
				"west": {"uv": [4.125, 3.75, 4.25, 3.875], "texture": "#0"},
				"up": {"uv": [4.125, 3.75, 4.375, 3.875], "texture": "#0"}
			}
		},
		{
			"name": "dark_cleaver_22",
			"from": [6.375, 10.375, 7.75],
			"to": [6.5, 10.75, 7.975],
			"faces": {
				"north": {"uv": [5.5, 3.75, 5.375, 4.125], "texture": "#0"},
				"south": {"uv": [5.375, 3.75, 5.5, 4.125], "texture": "#0"},
				"west": {"uv": [5.375, 3.75, 5.5, 4.125], "texture": "#0"},
				"up": {"uv": [5.375, 3.75, 5.5, 3.875], "texture": "#0"}
			}
		},
		{
			"name": "dark_cleaver_23",
			"from": [6, 10.5, 7.8],
			"to": [6.25, 10.625, 7.925],
			"faces": {
				"north": {"uv": [4.25, 3.875, 4, 4], "texture": "#0"},
				"south": {"uv": [4, 3.875, 4.25, 4], "texture": "#0"},
				"west": {"uv": [4, 3.875, 4.125, 4], "texture": "#0"},
				"up": {"uv": [4, 3.875, 4.25, 4], "texture": "#0"}
			}
		},
		{
			"name": "dark_cleaver_24",
			"from": [6.25, 10.25, 7.75],
			"to": [6.375, 10.625, 7.975],
			"faces": {
				"north": {"uv": [5.375, 3.875, 5.25, 4.25], "texture": "#0"},
				"south": {"uv": [5.25, 3.875, 5.375, 4.25], "texture": "#0"},
				"west": {"uv": [5.25, 3.875, 5.375, 4.25], "texture": "#0"},
				"up": {"uv": [5.25, 3.875, 5.375, 4], "texture": "#0"}
			}
		},
		{
			"name": "dark_cleaver_25",
			"from": [6.625, 10.5, 7.75],
			"to": [6.75, 10.625, 7.975],
			"faces": {
				"north": {"uv": [5.75, 3.875, 5.625, 4], "texture": "#0"},
				"south": {"uv": [5.625, 3.875, 5.75, 4], "texture": "#0"}
			}
		},
		{
			"name": "dark_cleaver_26",
			"from": [6.75, 9.5, 7.7],
			"to": [6.875, 10.625, 8.025],
			"faces": {
				"north": {"uv": [6.875, 3.875, 6.75, 5], "texture": "#0"},
				"south": {"uv": [6.75, 3.875, 6.875, 5], "texture": "#0"},
				"west": {"uv": [6.75, 3.875, 6.875, 5], "texture": "#0"},
				"up": {"uv": [6.75, 3.875, 6.875, 4], "texture": "#0"},
				"down": {"uv": [6.75, 4.875, 6.875, 5], "texture": "#0"}
			}
		},
		{
			"name": "dark_cleaver_27",
			"from": [7.625, 8.625, 7.65],
			"to": [8.125, 10.625, 8.075],
			"faces": {
				"north": {"uv": [8.625, 3.875, 8.125, 5.875], "texture": "#0"},
				"east": {"uv": [8.5, 3.875, 8.625, 5.875], "texture": "#0"},
				"south": {"uv": [8.125, 3.875, 8.625, 5.875], "texture": "#0"},
				"west": {"uv": [8.125, 3.875, 8.25, 5.875], "texture": "#0"}
			}
		},
		{
			"name": "dark_cleaver_28",
			"from": [5.875, 10.375, 7.8],
			"to": [6.125, 10.5, 7.925],
			"faces": {
				"north": {"uv": [4.125, 4, 3.875, 4.125], "texture": "#0"},
				"south": {"uv": [3.875, 4, 4.125, 4.125], "texture": "#0"},
				"west": {"uv": [3.875, 4, 4, 4.125], "texture": "#0"},
				"up": {"uv": [3.875, 4, 4.125, 4.125], "texture": "#0"}
			}
		},
		{
			"name": "dark_cleaver_29",
			"from": [6.125, 9.875, 7.75],
			"to": [6.25, 10.5, 7.975],
			"faces": {
				"north": {"uv": [5.25, 4, 5.125, 4.625], "texture": "#0"},
				"south": {"uv": [5.125, 4, 5.25, 4.625], "texture": "#0"},
				"west": {"uv": [5.125, 4, 5.25, 4.625], "texture": "#0"},
				"up": {"uv": [5.125, 4, 5.25, 4.125], "texture": "#0"},
				"down": {"uv": [5.125, 4.5, 5.25, 4.625], "texture": "#0"}
			}
		},
		{
			"name": "dark_cleaver_30",
			"from": [6.625, 9.75, 7.7],
			"to": [6.75, 10.5, 8.025],
			"faces": {
				"north": {"uv": [6.75, 4, 6.625, 4.75], "texture": "#0"},
				"south": {"uv": [6.625, 4, 6.75, 4.75], "texture": "#0"},
				"west": {"uv": [6.625, 4, 6.75, 4.75], "texture": "#0"},
				"up": {"uv": [6.625, 4, 6.75, 4.125], "texture": "#0"},
				"down": {"uv": [6.625, 4.625, 6.75, 4.75], "texture": "#0"}
			}
		},
		{
			"name": "dark_cleaver_31",
			"from": [5.75, 10.125, 7.8],
			"to": [6, 10.375, 7.925],
			"faces": {
				"north": {"uv": [4, 4.125, 3.75, 4.375], "texture": "#0"},
				"south": {"uv": [3.75, 4.125, 4, 4.375], "texture": "#0"},
				"west": {"uv": [3.75, 4.125, 3.875, 4.375], "texture": "#0"},
				"up": {"uv": [3.75, 4.125, 4, 4.25], "texture": "#0"}
			}
		},
		{
			"name": "dark_cleaver_32",
			"from": [6, 10, 7.75],
			"to": [6.125, 10.375, 7.975],
			"faces": {
				"north": {"uv": [5.125, 4.125, 5, 4.5], "texture": "#0"},
				"south": {"uv": [5, 4.125, 5.125, 4.5], "texture": "#0"},
				"west": {"uv": [5, 4.125, 5.125, 4.5], "texture": "#0"},
				"up": {"uv": [5, 4.125, 5.125, 4.25], "texture": "#0"},
				"down": {"uv": [5, 4.375, 5.125, 4.5], "texture": "#0"}
			}
		},
		{
			"name": "dark_cleaver_33",
			"from": [6.375, 10, 7.7],
			"to": [6.625, 10.375, 8.025],
			"faces": {
				"north": {"uv": [6.625, 4.125, 6.375, 4.5], "texture": "#0"},
				"south": {"uv": [6.375, 4.125, 6.625, 4.5], "texture": "#0"},
				"west": {"uv": [6.375, 4.125, 6.5, 4.5], "texture": "#0"},
				"up": {"uv": [6.375, 4.125, 6.625, 4.25], "texture": "#0"},
				"down": {"uv": [6.375, 4.375, 6.625, 4.5], "texture": "#0"}
			}
		},
		{
			"name": "dark_cleaver_34",
			"from": [6.25, 10.125, 7.7],
			"to": [6.375, 10.25, 8.025],
			"faces": {
				"north": {"uv": [6.375, 4.25, 6.25, 4.375], "texture": "#0"},
				"south": {"uv": [6.25, 4.25, 6.375, 4.375], "texture": "#0"},
				"west": {"uv": [6.25, 4.25, 6.375, 4.375], "texture": "#0"},
				"up": {"uv": [6.25, 4.25, 6.375, 4.375], "texture": "#0"},
				"down": {"uv": [6.25, 4.25, 6.375, 4.375], "texture": "#0"}
			}
		},
		{
			"name": "dark_cleaver_35",
			"from": [5.625, 9.875, 7.8],
			"to": [5.875, 10.125, 7.925],
			"faces": {
				"north": {"uv": [3.875, 4.375, 3.625, 4.625], "texture": "#0"},
				"south": {"uv": [3.625, 4.375, 3.875, 4.625], "texture": "#0"},
				"west": {"uv": [3.625, 4.375, 3.75, 4.625], "texture": "#0"},
				"up": {"uv": [3.625, 4.375, 3.875, 4.5], "texture": "#0"},
				"down": {"uv": [3.625, 4.5, 3.875, 4.625], "texture": "#0"}
			}
		},
		{
			"name": "dark_cleaver_36",
			"from": [5.875, 10, 7.75],
			"to": [6, 10.125, 7.975],
			"faces": {
				"north": {"uv": [5, 4.375, 4.875, 4.5], "texture": "#0"},
				"south": {"uv": [4.875, 4.375, 5, 4.5], "texture": "#0"},
				"west": {"uv": [4.875, 4.375, 5, 4.5], "texture": "#0"},
				"up": {"uv": [4.875, 4.375, 5, 4.5], "texture": "#0"},
				"down": {"uv": [4.875, 4.375, 5, 4.5], "texture": "#0"}
			}
		},
		{
			"name": "dark_cleaver_37",
			"from": [6.25, 9.75, 7.75],
			"to": [6.375, 10.125, 7.975],
			"faces": {
				"north": {"uv": [5.375, 4.375, 5.25, 4.75], "texture": "#0"},
				"south": {"uv": [5.25, 4.375, 5.375, 4.75], "texture": "#0"},
				"west": {"uv": [5.25, 4.375, 5.375, 4.75], "texture": "#0"},
				"down": {"uv": [5.25, 4.625, 5.375, 4.75], "texture": "#0"}
			}
		},
		{
			"name": "dark_cleaver_38",
			"from": [5.875, 9.875, 7.8],
			"to": [6.125, 10, 7.925],
			"faces": {
				"north": {"uv": [4.125, 4.5, 3.875, 4.625], "texture": "#0"},
				"south": {"uv": [3.875, 4.5, 4.125, 4.625], "texture": "#0"},
				"down": {"uv": [3.875, 4.5, 4.125, 4.625], "texture": "#0"}
			}
		},
		{
			"name": "dark_cleaver_39",
			"from": [6.375, 9.625, 7.75],
			"to": [6.5, 10, 7.975],
			"faces": {
				"north": {"uv": [5.5, 4.5, 5.375, 4.875], "texture": "#0"},
				"south": {"uv": [5.375, 4.5, 5.5, 4.875], "texture": "#0"},
				"west": {"uv": [5.375, 4.5, 5.5, 4.875], "texture": "#0"},
				"down": {"uv": [5.375, 4.75, 5.5, 4.875], "texture": "#0"}
			}
		},
		{
			"name": "dark_cleaver_40",
			"from": [6.5, 9.875, 7.7],
			"to": [6.625, 10, 8.025],
			"faces": {
				"north": {"uv": [6.625, 4.5, 6.5, 4.625], "texture": "#0"},
				"south": {"uv": [6.5, 4.5, 6.625, 4.625], "texture": "#0"},
				"west": {"uv": [6.5, 4.5, 6.625, 4.625], "texture": "#0"},
				"down": {"uv": [6.5, 4.5, 6.625, 4.625], "texture": "#0"}
			}
		},
		{
			"name": "dark_cleaver_41",
			"from": [5.625, 9.75, 7.8],
			"to": [5.75, 9.875, 7.925],
			"faces": {
				"north": {"uv": [3.75, 4.625, 3.625, 4.75], "texture": "#0"},
				"east": {"uv": [3.625, 4.625, 3.75, 4.75], "texture": "#0"},
				"south": {"uv": [3.625, 4.625, 3.75, 4.75], "texture": "#0"},
				"west": {"uv": [3.625, 4.625, 3.75, 4.75], "texture": "#0"},
				"down": {"uv": [3.625, 4.625, 3.75, 4.75], "texture": "#0"}
			}
		},
		{
			"name": "dark_cleaver_42",
			"from": [6, 9.75, 7.8],
			"to": [6.25, 9.875, 7.925],
			"faces": {
				"north": {"uv": [4.25, 4.625, 4, 4.75], "texture": "#0"},
				"south": {"uv": [4, 4.625, 4.25, 4.75], "texture": "#0"},
				"west": {"uv": [4, 4.625, 4.125, 4.75], "texture": "#0"},
				"down": {"uv": [4, 4.625, 4.25, 4.75], "texture": "#0"}
			}
		},
		{
			"name": "dark_cleaver_43",
			"from": [6.5, 9.375, 7.75],
			"to": [6.625, 9.875, 7.975],
			"faces": {
				"north": {"uv": [5.625, 4.625, 5.5, 5.125], "texture": "#0"},
				"south": {"uv": [5.5, 4.625, 5.625, 5.125], "texture": "#0"},
				"west": {"uv": [5.5, 4.625, 5.625, 5.125], "texture": "#0"},
				"down": {"uv": [5.5, 5, 5.625, 5.125], "texture": "#0"}
			}
		},
		{
			"name": "dark_cleaver_44",
			"from": [6.125, 9.625, 7.8],
			"to": [6.375, 9.75, 7.925],
			"faces": {
				"north": {"uv": [4.375, 4.75, 4.125, 4.875], "texture": "#0"},
				"south": {"uv": [4.125, 4.75, 4.375, 4.875], "texture": "#0"},
				"west": {"uv": [4.125, 4.75, 4.25, 4.875], "texture": "#0"},
				"down": {"uv": [4.125, 4.75, 4.375, 4.875], "texture": "#0"}
			}
		},
		{
			"name": "dark_cleaver_45",
			"from": [6.625, 9, 7.75],
			"to": [6.75, 9.75, 7.975],
			"faces": {
				"north": {"uv": [5.75, 4.75, 5.625, 5.5], "texture": "#0"},
				"south": {"uv": [5.625, 4.75, 5.75, 5.5], "texture": "#0"},
				"west": {"uv": [5.625, 4.75, 5.75, 5.5], "texture": "#0"},
				"down": {"uv": [5.625, 5.375, 5.75, 5.5], "texture": "#0"}
			}
		},
		{
			"name": "dark_cleaver_46",
			"from": [6.25, 9.375, 7.8],
			"to": [6.5, 9.625, 7.925],
			"faces": {
				"north": {"uv": [4.5, 4.875, 4.25, 5.125], "texture": "#0"},
				"south": {"uv": [4.25, 4.875, 4.5, 5.125], "texture": "#0"},
				"west": {"uv": [4.25, 4.875, 4.375, 5.125], "texture": "#0"},
				"down": {"uv": [4.25, 5, 4.5, 5.125], "texture": "#0"}
			}
		},
		{
			"name": "dark_cleaver_47",
			"from": [6.75, 8.375, 7.75],
			"to": [6.875, 9.5, 7.975],
			"faces": {
				"north": {"uv": [5.875, 5, 5.75, 6.125], "texture": "#0"},
				"south": {"uv": [5.75, 5, 5.875, 6.125], "texture": "#0"},
				"west": {"uv": [5.75, 5, 5.875, 6.125], "texture": "#0"},
				"down": {"uv": [5.75, 6, 5.875, 6.125], "texture": "#0"}
			}
		},
		{
			"name": "dark_cleaver_48",
			"from": [6.375, 9, 7.8],
			"to": [6.625, 9.375, 7.925],
			"faces": {
				"north": {"uv": [4.625, 5.125, 4.375, 5.5], "texture": "#0"},
				"south": {"uv": [4.375, 5.125, 4.625, 5.5], "texture": "#0"},
				"west": {"uv": [4.375, 5.125, 4.5, 5.5], "texture": "#0"},
				"down": {"uv": [4.375, 5.375, 4.625, 5.5], "texture": "#0"}
			}
		},
		{
			"name": "dark_cleaver_49",
			"from": [6.5, 8.375, 7.8],
			"to": [6.75, 9, 7.925],
			"faces": {
				"north": {"uv": [4.75, 5.5, 4.5, 6.125], "texture": "#0"},
				"south": {"uv": [4.5, 5.5, 4.75, 6.125], "texture": "#0"},
				"west": {"uv": [4.5, 5.5, 4.625, 6.125], "texture": "#0"},
				"down": {"uv": [4.5, 6, 4.75, 6.125], "texture": "#0"}
			}
		},
		{
			"name": "dark_cleaver_50",
			"from": [6.875, 7.125, 7.75],
			"to": [7, 8.75, 7.975],
			"faces": {
				"north": {"uv": [6, 5.75, 5.875, 7.375], "texture": "#0"},
				"south": {"uv": [5.875, 5.75, 6, 7.375], "texture": "#0"},
				"west": {"uv": [5.875, 5.75, 6, 7.375], "texture": "#0"}
			}
		},
		{
			"name": "dark_cleaver_51",
			"from": [7, 6.25, 7.7],
			"to": [7.125, 8.75, 8.025],
			"faces": {
				"north": {"uv": [7.125, 5.75, 7, 8.25], "texture": "#0"},
				"south": {"uv": [7, 5.75, 7.125, 8.25], "texture": "#0"},
				"west": {"uv": [7, 5.75, 7.125, 8.25], "texture": "#0"},
				"down": {"uv": [7, 8.125, 7.125, 8.25], "texture": "#0"}
			}
		},
		{
			"name": "dark_cleaver_52",
			"from": [7.5, 8.625, 7.7],
			"to": [7.625, 8.75, 8.025],
			"faces": {
				"north": {"uv": [7.625, 5.75, 7.5, 5.875], "texture": "#0"},
				"south": {"uv": [7.5, 5.75, 7.625, 5.875], "texture": "#0"},
				"up": {"uv": [7.5, 5.75, 7.625, 5.875], "texture": "#0"}
			}
		},
		{
			"name": "dark_cleaver_53",
			"from": [7.5, 8.125, 7.55],
			"to": [8.25, 8.625, 8.175],
			"faces": {
				"north": {"uv": [9.5, 5.875, 8.75, 6.375], "texture": "#0"},
				"east": {"uv": [9.375, 5.875, 9.5, 6.375], "texture": "#0"},
				"south": {"uv": [8.75, 5.875, 9.5, 6.375], "texture": "#0"},
				"west": {"uv": [8.75, 5.875, 8.875, 6.375], "texture": "#0"},
				"up": {"uv": [8.75, 5.875, 9.5, 6], "texture": "#0"},
				"down": {"uv": [8.75, 6.25, 9.5, 6.375], "texture": "#0"}
			}
		},
		{
			"name": "dark_cleaver_54",
			"from": [6.625, 7.5, 7.8],
			"to": [6.875, 8.375, 7.925],
			"faces": {
				"north": {"uv": [4.875, 6.125, 4.625, 7], "texture": "#0"},
				"south": {"uv": [4.625, 6.125, 4.875, 7], "texture": "#0"},
				"west": {"uv": [4.625, 6.125, 4.75, 7], "texture": "#0"}
			}
		},
		{
			"name": "dark_cleaver_55",
			"from": [7.5, 8, 7.7],
			"to": [7.625, 8.125, 8.025],
			"faces": {
				"north": {"uv": [7.625, 6.375, 7.5, 6.5], "texture": "#0"},
				"south": {"uv": [7.5, 6.375, 7.625, 6.5], "texture": "#0"},
				"down": {"uv": [7.5, 6.375, 7.625, 6.5], "texture": "#0"}
			}
		},
		{
			"name": "dark_cleaver_56",
			"from": [7.625, 6.375, 7.65],
			"to": [8.125, 8.125, 8.075],
			"faces": {
				"north": {"uv": [8.625, 6.375, 8.125, 8.125], "texture": "#0"},
				"east": {"uv": [8.5, 6.375, 8.625, 8.125], "texture": "#0"},
				"south": {"uv": [8.125, 6.375, 8.625, 8.125], "texture": "#0"},
				"west": {"uv": [8.125, 6.375, 8.25, 8.125], "texture": "#0"}
			}
		},
		{
			"name": "dark_cleaver_57",
			"from": [6.5, 7.125, 7.8],
			"to": [6.75, 7.5, 7.925],
			"faces": {
				"north": {"uv": [4.75, 7, 4.5, 7.375], "texture": "#0"},
				"south": {"uv": [4.5, 7, 4.75, 7.375], "texture": "#0"},
				"west": {"uv": [4.5, 7, 4.625, 7.375], "texture": "#0"},
				"up": {"uv": [4.5, 7, 4.75, 7.125], "texture": "#0"}
			}
		},
		{
			"name": "dark_cleaver_58",
			"from": [6.75, 6.875, 7.75],
			"to": [6.875, 7.5, 7.975],
			"faces": {
				"north": {"uv": [5.875, 7, 5.75, 7.625], "texture": "#0"},
				"south": {"uv": [5.75, 7, 5.875, 7.625], "texture": "#0"},
				"west": {"uv": [5.75, 7, 5.875, 7.625], "texture": "#0"},
				"up": {"uv": [5.75, 7, 5.875, 7.125], "texture": "#0"}
			}
		},
		{
			"name": "dark_cleaver_59",
			"from": [6.375, 6.875, 7.8],
			"to": [6.625, 7.125, 7.925],
			"faces": {
				"north": {"uv": [4.625, 7.375, 4.375, 7.625], "texture": "#0"},
				"south": {"uv": [4.375, 7.375, 4.625, 7.625], "texture": "#0"},
				"west": {"uv": [4.375, 7.375, 4.5, 7.625], "texture": "#0"},
				"up": {"uv": [4.375, 7.375, 4.625, 7.5], "texture": "#0"}
			}
		},
		{
			"name": "dark_cleaver_60",
			"from": [6.625, 6.625, 7.75],
			"to": [6.75, 7.125, 7.975],
			"faces": {
				"north": {"uv": [5.75, 7.375, 5.625, 7.875], "texture": "#0"},
				"south": {"uv": [5.625, 7.375, 5.75, 7.875], "texture": "#0"},
				"west": {"uv": [5.625, 7.375, 5.75, 7.875], "texture": "#0"},
				"up": {"uv": [5.625, 7.375, 5.75, 7.5], "texture": "#0"},
				"down": {"uv": [5.625, 7.75, 5.75, 7.875], "texture": "#0"}
			}
		},
		{
			"name": "dark_cleaver_61",
			"from": [6.875, 6.625, 7.7],
			"to": [7, 7.125, 8.025],
			"faces": {
				"north": {"uv": [7, 7.375, 6.875, 7.875], "texture": "#0"},
				"south": {"uv": [6.875, 7.375, 7, 7.875], "texture": "#0"},
				"west": {"uv": [6.875, 7.375, 7, 7.875], "texture": "#0"},
				"up": {"uv": [6.875, 7.375, 7, 7.5], "texture": "#0"},
				"down": {"uv": [6.875, 7.75, 7, 7.875], "texture": "#0"}
			}
		},
		{
			"name": "dark_cleaver_62",
			"from": [6.25, 6.75, 7.8],
			"to": [6.5, 6.875, 7.925],
			"faces": {
				"north": {"uv": [4.5, 7.625, 4.25, 7.75], "texture": "#0"},
				"south": {"uv": [4.25, 7.625, 4.5, 7.75], "texture": "#0"},
				"west": {"uv": [4.25, 7.625, 4.375, 7.75], "texture": "#0"},
				"up": {"uv": [4.25, 7.625, 4.5, 7.75], "texture": "#0"},
				"down": {"uv": [4.25, 7.625, 4.5, 7.75], "texture": "#0"}
			}
		},
		{
			"name": "dark_cleaver_63",
			"from": [6.5, 6.75, 7.75],
			"to": [6.625, 6.875, 7.975],
			"faces": {
				"north": {"uv": [5.625, 7.625, 5.5, 7.75], "texture": "#0"},
				"south": {"uv": [5.5, 7.625, 5.625, 7.75], "texture": "#0"},
				"west": {"uv": [5.5, 7.625, 5.625, 7.75], "texture": "#0"},
				"up": {"uv": [5.5, 7.625, 5.625, 7.75], "texture": "#0"},
				"down": {"uv": [5.5, 7.625, 5.625, 7.75], "texture": "#0"}
			}
		},
		{
			"name": "dark_cleaver_64",
			"from": [6.75, 6.75, 7.7],
			"to": [6.875, 6.875, 8.025],
			"faces": {
				"north": {"uv": [6.875, 7.625, 6.75, 7.75], "texture": "#0"},
				"south": {"uv": [6.75, 7.625, 6.875, 7.75], "texture": "#0"},
				"west": {"uv": [6.75, 7.625, 6.875, 7.75], "texture": "#0"},
				"up": {"uv": [6.75, 7.625, 6.875, 7.75], "texture": "#0"},
				"down": {"uv": [6.75, 7.625, 6.875, 7.75], "texture": "#0"}
			}
		},
		{
			"name": "dark_cleaver_65",
			"from": [6.375, 6.625, 7.8],
			"to": [6.625, 6.75, 7.925],
			"faces": {
				"north": {"uv": [4.625, 7.75, 4.375, 7.875], "texture": "#0"},
				"south": {"uv": [4.375, 7.75, 4.625, 7.875], "texture": "#0"},
				"west": {"uv": [4.375, 7.75, 4.5, 7.875], "texture": "#0"},
				"down": {"uv": [4.375, 7.75, 4.625, 7.875], "texture": "#0"}
			}
		},
		{
			"name": "dark_cleaver_66",
			"from": [6.75, 6.375, 7.75],
			"to": [6.875, 6.75, 7.975],
			"faces": {
				"north": {"uv": [5.875, 7.75, 5.75, 8.125], "texture": "#0"},
				"south": {"uv": [5.75, 7.75, 5.875, 8.125], "texture": "#0"},
				"west": {"uv": [5.75, 7.75, 5.875, 8.125], "texture": "#0"},
				"down": {"uv": [5.75, 8, 5.875, 8.125], "texture": "#0"}
			}
		},
		{
			"name": "dark_cleaver_67",
			"from": [6.5, 6.5, 7.8],
			"to": [6.75, 6.625, 7.925],
			"faces": {
				"north": {"uv": [4.75, 7.875, 4.5, 8], "texture": "#0"},
				"south": {"uv": [4.5, 7.875, 4.75, 8], "texture": "#0"},
				"west": {"uv": [4.5, 7.875, 4.625, 8], "texture": "#0"},
				"down": {"uv": [4.5, 7.875, 4.75, 8], "texture": "#0"}
			}
		},
		{
			"name": "dark_cleaver_68",
			"from": [6.875, 5.75, 7.75],
			"to": [7, 6.625, 7.975],
			"faces": {
				"north": {"uv": [6, 7.875, 5.875, 8.75], "texture": "#0"},
				"east": {"uv": [5.875, 7.875, 6, 8.75], "texture": "#0"},
				"south": {"uv": [5.875, 7.875, 6, 8.75], "texture": "#0"},
				"west": {"uv": [5.875, 7.875, 6, 8.75], "texture": "#0"},
				"down": {"uv": [5.875, 8.625, 6, 8.75], "texture": "#0"}
			}
		},
		{
			"name": "dark_cleaver_69",
			"from": [6.625, 5.625, 7.8],
			"to": [6.75, 6.5, 7.925],
			"faces": {
				"north": {"uv": [4.75, 8, 4.625, 8.875], "texture": "#0"},
				"east": {"uv": [4.625, 8, 4.75, 8.875], "texture": "#0"},
				"south": {"uv": [4.625, 8, 4.75, 8.875], "texture": "#0"},
				"west": {"uv": [4.625, 8, 4.75, 8.875], "texture": "#0"},
				"down": {"uv": [4.625, 8.75, 4.75, 8.875], "texture": "#0"}
			}
		},
		{
			"name": "dark_cleaver_70",
			"from": [6.75, 6.125, 7.8],
			"to": [6.875, 6.375, 7.925],
			"faces": {
				"north": {"uv": [4.875, 8.125, 4.75, 8.375], "texture": "#0"},
				"south": {"uv": [4.75, 8.125, 4.875, 8.375], "texture": "#0"}
			}
		},
		{
			"name": "dark_cleaver_71",
			"from": [7.5, 5.875, 7.55],
			"to": [8.25, 6.375, 8.175],
			"faces": {
				"north": {"uv": [9.5, 8.125, 8.75, 8.625], "texture": "#0"},
				"east": {"uv": [9.375, 8.125, 9.5, 8.625], "texture": "#0"},
				"south": {"uv": [8.75, 8.125, 9.5, 8.625], "texture": "#0"},
				"west": {"uv": [8.75, 8.125, 8.875, 8.625], "texture": "#0"},
				"up": {"uv": [8.75, 8.125, 9.5, 8.25], "texture": "#0"},
				"down": {"uv": [8.75, 8.5, 9.5, 8.625], "texture": "#0"}
			}
		},
		{
			"name": "dark_cleaver_72",
			"from": [7, 5.875, 7.75],
			"to": [7.125, 6.25, 7.975],
			"faces": {
				"north": {"uv": [6.125, 8.25, 6, 8.625], "texture": "#0"},
				"south": {"uv": [6, 8.25, 6.125, 8.625], "texture": "#0"},
				"down": {"uv": [6, 8.5, 6.125, 8.625], "texture": "#0"}
			}
		},
		{
			"name": "dark_cleaver_73",
			"from": [6.5, 5.375, 7.8],
			"to": [6.625, 6.125, 7.925],
			"faces": {
				"north": {"uv": [4.625, 8.375, 4.5, 9.125], "texture": "#0"},
				"east": {"uv": [4.5, 8.375, 4.625, 9.125], "texture": "#0"},
				"south": {"uv": [4.5, 8.375, 4.625, 9.125], "texture": "#0"},
				"west": {"uv": [4.5, 8.375, 4.625, 9.125], "texture": "#0"},
				"up": {"uv": [4.5, 8.375, 4.625, 8.5], "texture": "#0"},
				"down": {"uv": [4.5, 9, 4.625, 9.125], "texture": "#0"}
			}
		},
		{
			"name": "dark_cleaver_74",
			"from": [6.75, 5.75, 7.75],
			"to": [6.875, 6.125, 7.975],
			"faces": {
				"north": {"uv": [5.875, 8.375, 5.75, 8.75], "texture": "#0"},
				"south": {"uv": [5.75, 8.375, 5.875, 8.75], "texture": "#0"},
				"west": {"uv": [5.75, 8.375, 5.875, 8.75], "texture": "#0"},
				"up": {"uv": [5.75, 8.375, 5.875, 8.5], "texture": "#0"},
				"down": {"uv": [5.75, 8.625, 5.875, 8.75], "texture": "#0"}
			}
		},
		{
			"name": "dark_cleaver_75",
			"from": [7.375, 5.75, 7.7],
			"to": [7.625, 5.875, 8.025],
			"faces": {
				"north": {"uv": [7.625, 8.625, 7.375, 8.75], "texture": "#0"},
				"south": {"uv": [7.375, 8.625, 7.625, 8.75], "texture": "#0"},
				"west": {"uv": [7.375, 8.625, 7.5, 8.75], "texture": "#0"},
				"down": {"uv": [7.375, 8.625, 7.625, 8.75], "texture": "#0"}
			}
		},
		{
			"name": "dark_cleaver_76",
			"from": [7.625, 5.375, 7.65],
			"to": [8.125, 5.875, 8.075],
			"faces": {
				"north": {"uv": [8.625, 8.625, 8.125, 9.125], "texture": "#0"},
				"east": {"uv": [8.5, 8.625, 8.625, 9.125], "texture": "#0"},
				"south": {"uv": [8.125, 8.625, 8.625, 9.125], "texture": "#0"},
				"west": {"uv": [8.125, 8.625, 8.25, 9.125], "texture": "#0"}
			}
		},
		{
			"name": "dark_cleaver_77",
			"from": [6.375, 5.375, 7.8],
			"to": [6.5, 5.625, 7.925],
			"faces": {
				"north": {"uv": [4.5, 8.875, 4.375, 9.125], "texture": "#0"},
				"south": {"uv": [4.375, 8.875, 4.5, 9.125], "texture": "#0"},
				"west": {"uv": [4.375, 8.875, 4.5, 9.125], "texture": "#0"},
				"up": {"uv": [4.375, 8.875, 4.5, 9], "texture": "#0"},
				"down": {"uv": [4.375, 9, 4.5, 9.125], "texture": "#0"}
			}
		},
		{
			"name": "dark_cleaver_78",
			"from": [7.5, 5.25, 7.6],
			"to": [8.25, 5.375, 8.125],
			"faces": {
				"north": {"uv": [10, 9.125, 9.25, 9.25], "texture": "#0"},
				"east": {"uv": [9.875, 9.125, 10, 9.25], "texture": "#0"},
				"south": {"uv": [9.25, 9.125, 10, 9.25], "texture": "#0"},
				"west": {"uv": [9.25, 9.125, 9.375, 9.25], "texture": "#0"},
				"up": {"uv": [9.25, 9.125, 10, 9.25], "texture": "#0"}
			}
		},
		{
			"name": "dark_cleaver_79",
			"from": [7.375, 5.125, 7.55],
			"to": [8.375, 5.25, 8.175],
			"faces": {
				"north": {"uv": [10.125, 9.5, 9.125, 9.625], "texture": "#0"},
				"east": {"uv": [10, 9.5, 10.125, 9.625], "texture": "#0"},
				"south": {"uv": [9.125, 9.5, 10.125, 9.625], "texture": "#0"},
				"west": {"uv": [9.125, 9.5, 9.25, 9.625], "texture": "#0"},
				"up": {"uv": [9.125, 9.5, 10.125, 9.625], "texture": "#0"}
			}
		},
		{
			"name": "dark_cleaver_80",
			"from": [7.25, 5, 7.5],
			"to": [8.5, 5.125, 8.225],
			"faces": {
				"north": {"uv": [10.25, 9.875, 9, 10], "texture": "#0"},
				"east": {"uv": [10.125, 9.875, 10.25, 10], "texture": "#0"},
				"south": {"uv": [9, 9.875, 10.25, 10], "texture": "#0"},
				"west": {"uv": [9, 9.875, 9.125, 10], "texture": "#0"},
				"up": {"uv": [9, 9.875, 10.25, 10], "texture": "#0"},
				"down": {"uv": [9, 9.875, 10.25, 10], "texture": "#0"}
			}
		},
		{
			"name": "dark_cleaver_81",
			"from": [7.625, 2, 7.65],
			"to": [8.125, 4.5, 8.075],
			"faces": {
				"north": {"uv": [8.625, 10, 8.125, 12.5], "texture": "#0"},
				"east": {"uv": [8.5, 10, 8.625, 12.5], "texture": "#0"},
				"south": {"uv": [8.125, 10, 8.625, 12.5], "texture": "#0"},
				"west": {"uv": [8.125, 10, 8.25, 12.5], "texture": "#0"}
			}
		},
		{
			"name": "dark_cleaver_82",
			"from": [7.375, 4.75, 7.55],
			"to": [8.375, 5, 8.175],
			"faces": {
				"north": {"uv": [10.125, 10.25, 9.125, 10.5], "texture": "#0"},
				"east": {"uv": [10, 10.25, 10.125, 10.5], "texture": "#0"},
				"south": {"uv": [9.125, 10.25, 10.125, 10.5], "texture": "#0"},
				"west": {"uv": [9.125, 10.25, 9.25, 10.5], "texture": "#0"},
				"down": {"uv": [9.125, 10.375, 10.125, 10.5], "texture": "#0"}
			}
		},
		{
			"name": "dark_cleaver_83",
			"from": [7.5, 4.5, 7.6],
			"to": [8.25, 4.75, 8.125],
			"faces": {
				"north": {"uv": [10, 10.75, 9.25, 11], "texture": "#0"},
				"east": {"uv": [9.875, 10.75, 10, 11], "texture": "#0"},
				"south": {"uv": [9.25, 10.75, 10, 11], "texture": "#0"},
				"west": {"uv": [9.25, 10.75, 9.375, 11], "texture": "#0"},
				"down": {"uv": [9.25, 10.875, 10, 11], "texture": "#0"}
			}
		},
		{
			"name": "dark_cleaver_84",
			"from": [7.375, 1.625, 7.5],
			"to": [8.375, 2, 8.225],
			"faces": {
				"north": {"uv": [7.875, 12.5, 6.875, 12.875], "texture": "#0"},
				"east": {"uv": [7.75, 12.5, 7.875, 12.875], "texture": "#0"},
				"south": {"uv": [6.875, 12.5, 7.875, 12.875], "texture": "#0"},
				"west": {"uv": [6.875, 12.5, 7, 12.875], "texture": "#0"},
				"up": {"uv": [6.875, 12.5, 7.875, 12.625], "texture": "#0"},
				"down": {"uv": [6.875, 12.75, 7.875, 12.875], "texture": "#0"}
			}
		},
		{
			"name": "dark_cleaver_85",
			"from": [7.75, 1.375, 7.7],
			"to": [8, 1.625, 8.025],
			"faces": {
				"north": {"uv": [8.5, 12.875, 8.25, 13.125], "texture": "#0"},
				"east": {"uv": [8.375, 12.875, 8.5, 13.125], "texture": "#0"},
				"south": {"uv": [8.25, 12.875, 8.5, 13.125], "texture": "#0"},
				"west": {"uv": [8.25, 12.875, 8.375, 13.125], "texture": "#0"},
				"down": {"uv": [8.25, 13, 8.5, 13.125], "texture": "#0"}
			}
		},
		{
			"name": "dark_cleaver_86",
			"from": [7.625, 1, 7.8],
			"to": [7.75, 1.5, 7.925],
			"faces": {
				"north": {"uv": [8.25, 13, 8.125, 13.5], "texture": "#0"},
				"east": {"uv": [8.125, 13, 8.25, 13.5], "texture": "#0"},
				"south": {"uv": [8.125, 13, 8.25, 13.5], "texture": "#0"},
				"west": {"uv": [8.125, 13, 8.25, 13.5], "texture": "#0"},
				"up": {"uv": [8.125, 13, 8.25, 13.125], "texture": "#0"},
				"down": {"uv": [8.125, 13.375, 8.25, 13.5], "texture": "#0"}
			}
		},
		{
			"name": "dark_cleaver_87",
			"from": [8, 1, 7.8],
			"to": [8.125, 1.5, 7.925],
			"faces": {
				"north": {"uv": [8.625, 13, 8.5, 13.5], "texture": "#0"},
				"east": {"uv": [8.5, 13, 8.625, 13.5], "texture": "#0"},
				"south": {"uv": [8.5, 13, 8.625, 13.5], "texture": "#0"},
				"west": {"uv": [8.5, 13, 8.625, 13.5], "texture": "#0"},
				"up": {"uv": [8.5, 13, 8.625, 13.125], "texture": "#0"},
				"down": {"uv": [8.5, 13.375, 8.625, 13.5], "texture": "#0"}
			}
		},
		{
			"name": "dark_cleaver_88",
			"from": [7.75, 1, 7.8],
			"to": [8, 1.125, 7.925],
			"faces": {
				"north": {"uv": [8.5, 13.375, 8.25, 13.5], "texture": "#0"},
				"south": {"uv": [8.25, 13.375, 8.5, 13.5], "texture": "#0"},
				"up": {"uv": [8.25, 13.375, 8.5, 13.5], "texture": "#0"},
				"down": {"uv": [8.25, 13.375, 8.5, 13.5], "texture": "#0"}
			}
		}
	],
	"gui_light": "front",
	"display": {
		"thirdperson_righthand": {
			"rotation": [0, -90, 0],
			"translation": [0, 10.25, 1.25],
			"scale": [2.8, 2.8, 2.5]
		},
		"thirdperson_lefthand": {
			"rotation": [0, 90, 0],
			"translation": [0, 10.25, 1.25],
			"scale": [2.8, 2.8, 2.5]
		},
		"firstperson_righthand": {
			"rotation": [-4, -90, -8],
			"translation": [2.5, 9, -0.25],
			"scale": [2, 2, 2]
		},
		"firstperson_lefthand": {
			"rotation": [9, 90, -8],
			"translation": [1.75, 9.5, -0.5],
			"scale": [2, 2, 2]
		},
		"ground": {
			"translation": [0, 7.75, 0],
			"scale": [2, 2, 2]
		},
		"gui": {
			"rotation": [0, 0, -47],
			"translation": [2.5, 1, 0],
			"scale": [2, 2, 2]
		},
		"head": {
			"rotation": [0, 0, -132],
			"translation": [3.5, -16.5, 3.5],
			"scale": [3.5, 3.5, 3.5]
		},
		"fixed": {
			"rotation": [-180, 0, 138],
			"translation": [-1.25, 1.75, -0.5],
			"scale": [4, 4, 3]
		}
	},
	"groups": [
		{
			"name": "dark_cleaver",
			"origin": [8, 8, 8],
			"color": 0,
			"nbt": "{}",
			"children": [
				0,
				1,
				2,
				3,
				4,
				5,
				6,
				7,
				8,
				9,
				10,
				11,
				12,
				13,
				14,
				15,
				16,
				17,
				18,
				19,
				20,
				21,
				22,
				23,
				24,
				25,
				26,
				27,
				28,
				29,
				30,
				31,
				32,
				33,
				34,
				35,
				36,
				37,
				38,
				39,
				40,
				41,
				42,
				43,
				44,
				45,
				46,
				47,
				48,
				49,
				50,
				51,
				52,
				53,
				54,
				55,
				56,
				57,
				58,
				59,
				60,
				61,
				62,
				63,
				64,
				65,
				66,
				67,
				68,
				69,
				70,
				71,
				72,
				73,
				74,
				75,
				76,
				77,
				78,
				79,
				80,
				81,
				82,
				83,
				84,
				85,
				86,
				87,
				88
			]
		}
	]
}