{
	"credit": "Made with Blockbench",
	"textures": {
		"0": "item/diamond_sword/death_name_sword",
		"particle": "item/diamond_sword/death_name_sword"
	},
	"elements": [
		{
			"name": "death_name_sword_0",
			"from": [8, 14.25, 8],
			"to": [8.125, 15.75, 8.125],
			"faces": {
				"north": {"uv": [1.375, 0.25, 1.25, 1.75], "texture": "#0"},
				"east": {"uv": [1.25, 0.25, 1.375, 1.75], "texture": "#0"},
				"south": {"uv": [1.25, 0.25, 1.375, 1.75], "texture": "#0"},
				"west": {"uv": [1.25, 0.25, 1.375, 1.75], "texture": "#0"},
				"up": {"uv": [1.25, 0.25, 1.375, 0.375], "texture": "#0"}
			}
		},
		{
			"name": "death_name_sword_1",
			"from": [7.875, 14, 8],
			"to": [8, 15.375, 8.125],
			"faces": {
				"north": {"uv": [1.25, 0.625, 1.125, 2], "texture": "#0"},
				"south": {"uv": [1.125, 0.625, 1.25, 2], "texture": "#0"},
				"west": {"uv": [1.125, 0.625, 1.25, 2], "texture": "#0"},
				"up": {"uv": [1.125, 0.625, 1.25, 0.75], "texture": "#0"}
			}
		},
		{
			"name": "death_name_sword_2",
			"from": [8.125, 14, 8],
			"to": [8.25, 15.375, 8.125],
			"faces": {
				"north": {"uv": [1.5, 0.625, 1.375, 2], "texture": "#0"},
				"east": {"uv": [1.375, 0.625, 1.5, 2], "texture": "#0"},
				"south": {"uv": [1.375, 0.625, 1.5, 2], "texture": "#0"},
				"up": {"uv": [1.375, 0.625, 1.5, 0.75], "texture": "#0"}
			}
		},
		{
			"name": "death_name_sword_3",
			"from": [7.75, 13.75, 8],
			"to": [7.875, 15, 8.125],
			"faces": {
				"north": {"uv": [1.125, 1, 1, 2.25], "texture": "#0"},
				"south": {"uv": [1, 1, 1.125, 2.25], "texture": "#0"},
				"west": {"uv": [1, 1, 1.125, 2.25], "texture": "#0"},
				"up": {"uv": [1, 1, 1.125, 1.125], "texture": "#0"}
			}
		},
		{
			"name": "death_name_sword_4",
			"from": [8.25, 13.75, 8],
			"to": [8.375, 15, 8.125],
			"faces": {
				"north": {"uv": [1.625, 1, 1.5, 2.25], "texture": "#0"},
				"east": {"uv": [1.5, 1, 1.625, 2.25], "texture": "#0"},
				"south": {"uv": [1.5, 1, 1.625, 2.25], "texture": "#0"},
				"up": {"uv": [1.5, 1, 1.625, 1.125], "texture": "#0"}
			}
		},
		{
			"name": "death_name_sword_5",
			"from": [7.625, 7.5, 8],
			"to": [7.75, 14.5, 8.125],
			"faces": {
				"north": {"uv": [1, 1.5, 0.875, 8.5], "texture": "#0"},
				"south": {"uv": [0.875, 1.5, 1, 8.5], "texture": "#0"},
				"west": {"uv": [0.875, 1.5, 1, 8.5], "texture": "#0"},
				"up": {"uv": [0.875, 1.5, 1, 1.625], "texture": "#0"}
			}
		},
		{
			"name": "death_name_sword_6",
			"from": [8.375, 7.5, 8],
			"to": [8.5, 14.5, 8.125],
			"faces": {
				"north": {"uv": [1.75, 1.5, 1.625, 8.5], "texture": "#0"},
				"east": {"uv": [1.625, 1.5, 1.75, 8.5], "texture": "#0"},
				"south": {"uv": [1.625, 1.5, 1.75, 8.5], "texture": "#0"},
				"up": {"uv": [1.625, 1.5, 1.75, 1.625], "texture": "#0"}
			}
		},
		{
			"name": "death_name_sword_7",
			"from": [8, 13.875, 7.95],
			"to": [8.125, 14.25, 8.175],
			"faces": {
				"north": {"uv": [8.625, 1.75, 8.5, 2.125], "texture": "#0"},
				"east": {"uv": [8.5, 1.75, 8.625, 2.125], "texture": "#0"},
				"south": {"uv": [8.5, 1.75, 8.625, 2.125], "texture": "#0"},
				"west": {"uv": [8.5, 1.75, 8.625, 2.125], "texture": "#0"},
				"up": {"uv": [8.5, 1.75, 8.625, 1.875], "texture": "#0"},
				"down": {"uv": [8.5, 2, 8.625, 2.125], "texture": "#0"}
			}
		},
		{
			"name": "death_name_sword_8",
			"from": [7.875, 13.625, 7.95],
			"to": [8, 14, 8.175],
			"faces": {
				"north": {"uv": [8.5, 2, 8.375, 2.375], "texture": "#0"},
				"east": {"uv": [8.375, 2, 8.5, 2.375], "texture": "#0"},
				"south": {"uv": [8.375, 2, 8.5, 2.375], "texture": "#0"},
				"west": {"uv": [8.375, 2, 8.5, 2.375], "texture": "#0"},
				"up": {"uv": [8.375, 2, 8.5, 2.125], "texture": "#0"},
				"down": {"uv": [8.375, 2.25, 8.5, 2.375], "texture": "#0"}
			}
		},
		{
			"name": "death_name_sword_9",
			"from": [8.125, 13.625, 7.95],
			"to": [8.25, 14, 8.175],
			"faces": {
				"north": {"uv": [8.75, 2, 8.625, 2.375], "texture": "#0"},
				"east": {"uv": [8.625, 2, 8.75, 2.375], "texture": "#0"},
				"south": {"uv": [8.625, 2, 8.75, 2.375], "texture": "#0"},
				"west": {"uv": [8.625, 2, 8.75, 2.375], "texture": "#0"},
				"up": {"uv": [8.625, 2, 8.75, 2.125], "texture": "#0"},
				"down": {"uv": [8.625, 2.25, 8.75, 2.375], "texture": "#0"}
			}
		},
		{
			"name": "death_name_sword_10",
			"from": [7.5, 13.25, 8],
			"to": [7.625, 13.875, 8.125],
			"faces": {
				"north": {"uv": [0.875, 2.125, 0.75, 2.75], "texture": "#0"},
				"south": {"uv": [0.75, 2.125, 0.875, 2.75], "texture": "#0"},
				"west": {"uv": [0.75, 2.125, 0.875, 2.75], "texture": "#0"},
				"up": {"uv": [0.75, 2.125, 0.875, 2.25], "texture": "#0"},
				"down": {"uv": [0.75, 2.625, 0.875, 2.75], "texture": "#0"}
			}
		},
		{
			"name": "death_name_sword_11",
			"from": [8.5, 13.25, 8],
			"to": [8.625, 13.875, 8.125],
			"faces": {
				"north": {"uv": [1.875, 2.125, 1.75, 2.75], "texture": "#0"},
				"east": {"uv": [1.75, 2.125, 1.875, 2.75], "texture": "#0"},
				"south": {"uv": [1.75, 2.125, 1.875, 2.75], "texture": "#0"},
				"up": {"uv": [1.75, 2.125, 1.875, 2.25], "texture": "#0"},
				"down": {"uv": [1.75, 2.625, 1.875, 2.75], "texture": "#0"}
			}
		},
		{
			"name": "death_name_sword_12",
			"from": [8, 13.125, 8],
			"to": [8.125, 13.875, 8.125],
			"faces": {
				"north": {"uv": [6.625, 2.125, 6.5, 2.875], "texture": "#0"},
				"south": {"uv": [6.5, 2.125, 6.625, 2.875], "texture": "#0"}
			}
		},
		{
			"name": "death_name_sword_13",
			"from": [7.75, 13.375, 7.95],
			"to": [7.875, 13.75, 8.175],
			"faces": {
				"north": {"uv": [8.375, 2.25, 8.25, 2.625], "texture": "#0"},
				"east": {"uv": [8.25, 2.25, 8.375, 2.625], "texture": "#0"},
				"south": {"uv": [8.25, 2.25, 8.375, 2.625], "texture": "#0"},
				"west": {"uv": [8.25, 2.25, 8.375, 2.625], "texture": "#0"},
				"up": {"uv": [8.25, 2.25, 8.375, 2.375], "texture": "#0"},
				"down": {"uv": [8.25, 2.5, 8.375, 2.625], "texture": "#0"}
			}
		},
		{
			"name": "death_name_sword_14",
			"from": [8.25, 13.375, 7.95],
			"to": [8.375, 13.75, 8.175],
			"faces": {
				"north": {"uv": [8.875, 2.25, 8.75, 2.625], "texture": "#0"},
				"east": {"uv": [8.75, 2.25, 8.875, 2.625], "texture": "#0"},
				"south": {"uv": [8.75, 2.25, 8.875, 2.625], "texture": "#0"},
				"west": {"uv": [8.75, 2.25, 8.875, 2.625], "texture": "#0"},
				"up": {"uv": [8.75, 2.25, 8.875, 2.375], "texture": "#0"},
				"down": {"uv": [8.75, 2.5, 8.875, 2.625], "texture": "#0"}
			}
		},
		{
			"name": "death_name_sword_15",
			"from": [7.875, 13.5, 8],
			"to": [8, 13.625, 8.125],
			"faces": {
				"north": {"uv": [6.5, 2.375, 6.375, 2.5], "texture": "#0"},
				"south": {"uv": [6.375, 2.375, 6.5, 2.5], "texture": "#0"}
			}
		},
		{
			"name": "death_name_sword_16",
			"from": [8.125, 13.5, 8],
			"to": [8.25, 13.625, 8.125],
			"faces": {
				"north": {"uv": [6.75, 2.375, 6.625, 2.5], "texture": "#0"},
				"south": {"uv": [6.625, 2.375, 6.75, 2.5], "texture": "#0"}
			}
		},
		{
			"name": "death_name_sword_17",
			"from": [7.875, 8.625, 7.95],
			"to": [8, 13.5, 8.175],
			"faces": {
				"north": {"uv": [8.5, 2.5, 8.375, 7.375], "texture": "#0"},
				"east": {"uv": [8.375, 2.5, 8.5, 7.375], "texture": "#0"},
				"south": {"uv": [8.375, 2.5, 8.5, 7.375], "texture": "#0"},
				"west": {"uv": [8.375, 2.5, 8.5, 7.375], "texture": "#0"},
				"up": {"uv": [8.375, 2.5, 8.5, 2.625], "texture": "#0"}
			}
		},
		{
			"name": "death_name_sword_18",
			"from": [8.125, 8.625, 7.95],
			"to": [8.25, 13.5, 8.175],
			"faces": {
				"north": {"uv": [8.75, 2.5, 8.625, 7.375], "texture": "#0"},
				"east": {"uv": [8.625, 2.5, 8.75, 7.375], "texture": "#0"},
				"south": {"uv": [8.625, 2.5, 8.75, 7.375], "texture": "#0"},
				"west": {"uv": [8.625, 2.5, 8.75, 7.375], "texture": "#0"},
				"up": {"uv": [8.625, 2.5, 8.75, 2.625], "texture": "#0"}
			}
		},
		{
			"name": "death_name_sword_19",
			"from": [7.75, 8.125, 8],
			"to": [7.875, 13.375, 8.125],
			"faces": {
				"north": {"uv": [1.125, 2.625, 1, 7.875], "texture": "#0"},
				"south": {"uv": [1, 2.625, 1.125, 7.875], "texture": "#0"}
			}
		},
		{
			"name": "death_name_sword_20",
			"from": [8.25, 8.125, 8],
			"to": [8.375, 13.375, 8.125],
			"faces": {
				"north": {"uv": [1.625, 2.625, 1.5, 7.875], "texture": "#0"},
				"south": {"uv": [1.5, 2.625, 1.625, 7.875], "texture": "#0"}
			}
		},
		{
			"name": "death_name_sword_21",
			"from": [8, 9.375, 7.95],
			"to": [8.125, 13.125, 8.175],
			"faces": {
				"north": {"uv": [8.625, 2.875, 8.5, 6.625], "texture": "#0"},
				"south": {"uv": [8.5, 2.875, 8.625, 6.625], "texture": "#0"},
				"up": {"uv": [8.5, 2.875, 8.625, 3], "texture": "#0"}
			}
		},
		{
			"name": "death_name_sword_22",
			"from": [8, 8, 7.9],
			"to": [8.125, 9.375, 8.225],
			"faces": {
				"north": {"uv": [7.875, 6.625, 7.75, 8], "texture": "#0"},
				"east": {"uv": [7.75, 6.625, 7.875, 8], "texture": "#0"},
				"south": {"uv": [7.75, 6.625, 7.875, 8], "texture": "#0"},
				"west": {"uv": [7.75, 6.625, 7.875, 8], "texture": "#0"},
				"up": {"uv": [7.75, 6.625, 7.875, 6.75], "texture": "#0"}
			}
		},
		{
			"name": "death_name_sword_23",
			"from": [7.875, 8, 7.9],
			"to": [8, 8.625, 8.225],
			"faces": {
				"north": {"uv": [7.75, 7.375, 7.625, 8], "texture": "#0"},
				"south": {"uv": [7.625, 7.375, 7.75, 8], "texture": "#0"},
				"west": {"uv": [7.625, 7.375, 7.75, 8], "texture": "#0"},
				"up": {"uv": [7.625, 7.375, 7.75, 7.5], "texture": "#0"}
			}
		},
		{
			"name": "death_name_sword_24",
			"from": [8.125, 8, 7.9],
			"to": [8.25, 8.625, 8.225],
			"faces": {
				"north": {"uv": [8, 7.375, 7.875, 8], "texture": "#0"},
				"east": {"uv": [7.875, 7.375, 8, 8], "texture": "#0"},
				"south": {"uv": [7.875, 7.375, 8, 8], "texture": "#0"},
				"up": {"uv": [7.875, 7.375, 8, 7.5], "texture": "#0"}
			}
		},
		{
			"name": "death_name_sword_25",
			"from": [7.5, 7, 8],
			"to": [7.625, 8.375, 8.125],
			"faces": {
				"north": {"uv": [0.875, 7.625, 0.75, 9], "texture": "#0"},
				"south": {"uv": [0.75, 7.625, 0.875, 9], "texture": "#0"},
				"west": {"uv": [0.75, 7.625, 0.875, 9], "texture": "#0"},
				"up": {"uv": [0.75, 7.625, 0.875, 7.75], "texture": "#0"}
			}
		},
		{
			"name": "death_name_sword_26",
			"from": [8.5, 7, 8],
			"to": [8.625, 8.375, 8.125],
			"faces": {
				"north": {"uv": [1.875, 7.625, 1.75, 9], "texture": "#0"},
				"east": {"uv": [1.75, 7.625, 1.875, 9], "texture": "#0"},
				"south": {"uv": [1.75, 7.625, 1.875, 9], "texture": "#0"},
				"up": {"uv": [1.75, 7.625, 1.875, 7.75], "texture": "#0"}
			}
		},
		{
			"name": "death_name_sword_27",
			"from": [7.75, 7.5, 7.9],
			"to": [7.875, 8.125, 8.225],
			"faces": {
				"north": {"uv": [7.625, 7.875, 7.5, 8.5], "texture": "#0"},
				"south": {"uv": [7.5, 7.875, 7.625, 8.5], "texture": "#0"},
				"west": {"uv": [7.5, 7.875, 7.625, 8.5], "texture": "#0"},
				"up": {"uv": [7.5, 7.875, 7.625, 8], "texture": "#0"}
			}
		},
		{
			"name": "death_name_sword_28",
			"from": [8.25, 7.5, 7.9],
			"to": [8.375, 8.125, 8.225],
			"faces": {
				"north": {"uv": [8.125, 7.875, 8, 8.5], "texture": "#0"},
				"east": {"uv": [8, 7.875, 8.125, 8.5], "texture": "#0"},
				"south": {"uv": [8, 7.875, 8.125, 8.5], "texture": "#0"},
				"up": {"uv": [8, 7.875, 8.125, 8], "texture": "#0"}
			}
		},
		{
			"name": "death_name_sword_29",
			"from": [7.125, 7.125, 7.95],
			"to": [7.375, 7.75, 8.175],
			"faces": {
				"north": {"uv": [7.125, 8, 6.875, 8.625], "texture": "#0"},
				"east": {"uv": [7, 8, 7.125, 8.625], "texture": "#0"},
				"south": {"uv": [6.875, 8, 7.125, 8.625], "texture": "#0"},
				"west": {"uv": [6.875, 8, 7, 8.625], "texture": "#0"},
				"up": {"uv": [6.875, 8, 7.125, 8.125], "texture": "#0"},
				"down": {"uv": [6.875, 8.5, 7.125, 8.625], "texture": "#0"}
			}
		},
		{
			"name": "death_name_sword_30",
			"from": [8.75, 7.125, 7.95],
			"to": [9, 7.75, 8.175],
			"faces": {
				"north": {"uv": [8.75, 8, 8.5, 8.625], "texture": "#0"},
				"east": {"uv": [8.625, 8, 8.75, 8.625], "texture": "#0"},
				"south": {"uv": [8.5, 8, 8.75, 8.625], "texture": "#0"},
				"west": {"uv": [8.5, 8, 8.625, 8.625], "texture": "#0"},
				"up": {"uv": [8.5, 8, 8.75, 8.125], "texture": "#0"},
				"down": {"uv": [8.5, 8.5, 8.75, 8.625], "texture": "#0"}
			}
		},
		{
			"name": "death_name_sword_31",
			"from": [7.875, 7.875, 7.85],
			"to": [8.25, 8, 8.275],
			"faces": {
				"north": {"uv": [14, 8, 13.625, 8.125], "texture": "#0"},
				"east": {"uv": [13.875, 8, 14, 8.125], "texture": "#0"},
				"south": {"uv": [13.625, 8, 14, 8.125], "texture": "#0"},
				"west": {"uv": [13.625, 8, 13.75, 8.125], "texture": "#0"},
				"up": {"uv": [13.625, 8, 14, 8.125], "texture": "#0"},
				"down": {"uv": [13.625, 8, 14, 8.125], "texture": "#0"}
			}
		},
		{
			"name": "death_name_sword_32",
			"from": [7.375, 7.5, 8],
			"to": [7.5, 7.875, 8.125],
			"faces": {
				"north": {"uv": [0.75, 8.125, 0.625, 8.5], "texture": "#0"},
				"south": {"uv": [0.625, 8.125, 0.75, 8.5], "texture": "#0"},
				"west": {"uv": [0.625, 8.125, 0.75, 8.5], "texture": "#0"},
				"up": {"uv": [0.625, 8.125, 0.75, 8.25], "texture": "#0"}
			}
		},
		{
			"name": "death_name_sword_33",
			"from": [8.625, 7.5, 8],
			"to": [8.75, 7.875, 8.125],
			"faces": {
				"north": {"uv": [2, 8.125, 1.875, 8.5], "texture": "#0"},
				"east": {"uv": [1.875, 8.125, 2, 8.5], "texture": "#0"},
				"south": {"uv": [1.875, 8.125, 2, 8.5], "texture": "#0"},
				"up": {"uv": [1.875, 8.125, 2, 8.25], "texture": "#0"}
			}
		},
		{
			"name": "death_name_sword_34",
			"from": [7.875, 7.375, 7.9],
			"to": [8, 7.875, 8.225],
			"faces": {
				"north": {"uv": [7.75, 8.125, 7.625, 8.625], "texture": "#0"},
				"south": {"uv": [7.625, 8.125, 7.75, 8.625], "texture": "#0"}
			}
		},
		{
			"name": "death_name_sword_35",
			"from": [8.125, 7.375, 7.9],
			"to": [8.25, 7.875, 8.225],
			"faces": {
				"north": {"uv": [8, 8.125, 7.875, 8.625], "texture": "#0"},
				"south": {"uv": [7.875, 8.125, 8, 8.625], "texture": "#0"}
			}
		},
		{
			"name": "death_name_sword_36",
			"from": [8, 6.75, 7.85],
			"to": [8.125, 7.875, 8.275],
			"faces": {
				"north": {"uv": [13.875, 8.125, 13.75, 9.25], "texture": "#0"},
				"east": {"uv": [13.75, 8.125, 13.875, 9.25], "texture": "#0"},
				"south": {"uv": [13.75, 8.125, 13.875, 9.25], "texture": "#0"},
				"west": {"uv": [13.75, 8.125, 13.875, 9.25], "texture": "#0"},
				"down": {"uv": [13.75, 9.125, 13.875, 9.25], "texture": "#0"}
			}
		},
		{
			"name": "death_name_sword_37",
			"from": [6.75, 7.375, 7.95],
			"to": [7.125, 7.5, 8.175],
			"faces": {
				"north": {"uv": [6.875, 8.25, 6.5, 8.375], "texture": "#0"},
				"south": {"uv": [6.5, 8.25, 6.875, 8.375], "texture": "#0"},
				"west": {"uv": [6.5, 8.25, 6.625, 8.375], "texture": "#0"},
				"up": {"uv": [6.5, 8.25, 6.875, 8.375], "texture": "#0"},
				"down": {"uv": [6.5, 8.25, 6.875, 8.375], "texture": "#0"}
			}
		},
		{
			"name": "death_name_sword_38",
			"from": [7.375, 6.875, 7.95],
			"to": [7.5, 7.5, 8.175],
			"faces": {
				"north": {"uv": [7.25, 8.25, 7.125, 8.875], "texture": "#0"},
				"east": {"uv": [7.125, 8.25, 7.25, 8.875], "texture": "#0"},
				"south": {"uv": [7.125, 8.25, 7.25, 8.875], "texture": "#0"},
				"west": {"uv": [7.125, 8.25, 7.25, 8.875], "texture": "#0"},
				"up": {"uv": [7.125, 8.25, 7.25, 8.375], "texture": "#0"}
			}
		},
		{
			"name": "death_name_sword_39",
			"from": [8.625, 6.875, 7.95],
			"to": [8.75, 7.5, 8.175],
			"faces": {
				"north": {"uv": [8.5, 8.25, 8.375, 8.875], "texture": "#0"},
				"east": {"uv": [8.375, 8.25, 8.5, 8.875], "texture": "#0"},
				"south": {"uv": [8.375, 8.25, 8.5, 8.875], "texture": "#0"},
				"west": {"uv": [8.375, 8.25, 8.5, 8.875], "texture": "#0"},
				"up": {"uv": [8.375, 8.25, 8.5, 8.375], "texture": "#0"}
			}
		},
		{
			"name": "death_name_sword_40",
			"from": [9, 7.25, 7.95],
			"to": [9.25, 7.5, 8.175],
			"faces": {
				"north": {"uv": [9, 8.25, 8.75, 8.5], "texture": "#0"},
				"east": {"uv": [8.875, 8.25, 9, 8.5], "texture": "#0"},
				"south": {"uv": [8.75, 8.25, 9, 8.5], "texture": "#0"},
				"up": {"uv": [8.75, 8.25, 9, 8.375], "texture": "#0"},
				"down": {"uv": [8.75, 8.375, 9, 8.5], "texture": "#0"}
			}
		},
		{
			"name": "death_name_sword_41",
			"from": [9.25, 7.375, 7.95],
			"to": [9.375, 7.5, 8.175],
			"faces": {
				"north": {"uv": [9.125, 8.25, 9, 8.375], "texture": "#0"},
				"east": {"uv": [9, 8.25, 9.125, 8.375], "texture": "#0"},
				"south": {"uv": [9, 8.25, 9.125, 8.375], "texture": "#0"},
				"up": {"uv": [9, 8.25, 9.125, 8.375], "texture": "#0"},
				"down": {"uv": [9, 8.25, 9.125, 8.375], "texture": "#0"}
			}
		},
		{
			"name": "death_name_sword_42",
			"from": [6.875, 7.25, 7.95],
			"to": [7.125, 7.375, 8.175],
			"faces": {
				"north": {"uv": [6.875, 8.375, 6.625, 8.5], "texture": "#0"},
				"south": {"uv": [6.625, 8.375, 6.875, 8.5], "texture": "#0"},
				"west": {"uv": [6.625, 8.375, 6.75, 8.5], "texture": "#0"},
				"down": {"uv": [6.625, 8.375, 6.875, 8.5], "texture": "#0"}
			}
		},
		{
			"name": "death_name_sword_43",
			"from": [7.625, 6.875, 7.9],
			"to": [7.75, 7.5, 8.225],
			"faces": {
				"north": {"uv": [7.5, 8.5, 7.375, 9.125], "texture": "#0"},
				"south": {"uv": [7.375, 8.5, 7.5, 9.125], "texture": "#0"},
				"west": {"uv": [7.375, 8.5, 7.5, 9.125], "texture": "#0"},
				"up": {"uv": [7.375, 8.5, 7.5, 8.625], "texture": "#0"}
			}
		},
		{
			"name": "death_name_sword_44",
			"from": [8.375, 6.875, 7.9],
			"to": [8.5, 7.5, 8.225],
			"faces": {
				"north": {"uv": [8.25, 8.5, 8.125, 9.125], "texture": "#0"},
				"east": {"uv": [8.125, 8.5, 8.25, 9.125], "texture": "#0"},
				"south": {"uv": [8.125, 8.5, 8.25, 9.125], "texture": "#0"},
				"up": {"uv": [8.125, 8.5, 8.25, 8.625], "texture": "#0"}
			}
		},
		{
			"name": "death_name_sword_45",
			"from": [7.75, 7.125, 7.85],
			"to": [7.875, 7.5, 8.275],
			"faces": {
				"north": {"uv": [13.625, 8.5, 13.5, 8.875], "texture": "#0"},
				"east": {"uv": [13.5, 8.5, 13.625, 8.875], "texture": "#0"},
				"south": {"uv": [13.5, 8.5, 13.625, 8.875], "texture": "#0"},
				"west": {"uv": [13.5, 8.5, 13.625, 8.875], "texture": "#0"},
				"up": {"uv": [13.5, 8.5, 13.625, 8.625], "texture": "#0"},
				"down": {"uv": [13.5, 8.75, 13.625, 8.875], "texture": "#0"}
			}
		},
		{
			"name": "death_name_sword_46",
			"from": [8.25, 7.125, 7.85],
			"to": [8.375, 7.5, 8.275],
			"faces": {
				"north": {"uv": [14.125, 8.5, 14, 8.875], "texture": "#0"},
				"east": {"uv": [14, 8.5, 14.125, 8.875], "texture": "#0"},
				"south": {"uv": [14, 8.5, 14.125, 8.875], "texture": "#0"},
				"west": {"uv": [14, 8.5, 14.125, 8.875], "texture": "#0"},
				"up": {"uv": [14, 8.5, 14.125, 8.625], "texture": "#0"},
				"down": {"uv": [14, 8.75, 14.125, 8.875], "texture": "#0"}
			}
		},
		{
			"name": "death_name_sword_47",
			"from": [7.25, 7, 7.95],
			"to": [7.375, 7.125, 8.175],
			"faces": {
				"north": {"uv": [7.125, 8.625, 7, 8.75], "texture": "#0"},
				"south": {"uv": [7, 8.625, 7.125, 8.75], "texture": "#0"},
				"west": {"uv": [7, 8.625, 7.125, 8.75], "texture": "#0"},
				"down": {"uv": [7, 8.625, 7.125, 8.75], "texture": "#0"}
			}
		},
		{
			"name": "death_name_sword_48",
			"from": [8.75, 7, 7.95],
			"to": [8.875, 7.125, 8.175],
			"faces": {
				"north": {"uv": [8.625, 8.625, 8.5, 8.75], "texture": "#0"},
				"east": {"uv": [8.5, 8.625, 8.625, 8.75], "texture": "#0"},
				"south": {"uv": [8.5, 8.625, 8.625, 8.75], "texture": "#0"},
				"down": {"uv": [8.5, 8.625, 8.625, 8.75], "texture": "#0"}
			}
		},
		{
			"name": "death_name_sword_49",
			"from": [7.875, 7.25, 7.85],
			"to": [8, 7.375, 8.275],
			"faces": {
				"north": {"uv": [13.75, 8.625, 13.625, 8.75], "texture": "#0"},
				"south": {"uv": [13.625, 8.625, 13.75, 8.75], "texture": "#0"},
				"up": {"uv": [13.625, 8.625, 13.75, 8.75], "texture": "#0"},
				"down": {"uv": [13.625, 8.625, 13.75, 8.75], "texture": "#0"}
			}
		},
		{
			"name": "death_name_sword_50",
			"from": [8.125, 7.25, 7.85],
			"to": [8.25, 7.375, 8.275],
			"faces": {
				"north": {"uv": [14, 8.625, 13.875, 8.75], "texture": "#0"},
				"south": {"uv": [13.875, 8.625, 14, 8.75], "texture": "#0"},
				"up": {"uv": [13.875, 8.625, 14, 8.75], "texture": "#0"},
				"down": {"uv": [13.875, 8.625, 14, 8.75], "texture": "#0"}
			}
		},
		{
			"name": "death_name_sword_51",
			"from": [7.875, 7, 7.9],
			"to": [8, 7.25, 8.225],
			"faces": {
				"north": {"uv": [7.75, 8.75, 7.625, 9], "texture": "#0"},
				"south": {"uv": [7.625, 8.75, 7.75, 9], "texture": "#0"}
			}
		},
		{
			"name": "death_name_sword_52",
			"from": [8.125, 7, 7.9],
			"to": [8.25, 7.25, 8.225],
			"faces": {
				"north": {"uv": [8, 8.75, 7.875, 9], "texture": "#0"},
				"south": {"uv": [7.875, 8.75, 8, 9], "texture": "#0"}
			}
		},
		{
			"name": "death_name_sword_53",
			"from": [7.75, 6.875, 7.9],
			"to": [7.875, 7.125, 8.225],
			"faces": {
				"north": {"uv": [7.625, 8.875, 7.5, 9.125], "texture": "#0"},
				"south": {"uv": [7.5, 8.875, 7.625, 9.125], "texture": "#0"}
			}
		},
		{
			"name": "death_name_sword_54",
			"from": [8.25, 6.875, 7.9],
			"to": [8.375, 7.125, 8.225],
			"faces": {
				"north": {"uv": [8.125, 8.875, 8, 9.125], "texture": "#0"},
				"south": {"uv": [8, 8.875, 8.125, 9.125], "texture": "#0"}
			}
		},
		{
			"name": "death_name_sword_55",
			"from": [7.5, 6.75, 7.9],
			"to": [7.625, 7, 8.225],
			"faces": {
				"north": {"uv": [7.375, 9, 7.25, 9.25], "texture": "#0"},
				"south": {"uv": [7.25, 9, 7.375, 9.25], "texture": "#0"},
				"west": {"uv": [7.25, 9, 7.375, 9.25], "texture": "#0"},
				"up": {"uv": [7.25, 9, 7.375, 9.125], "texture": "#0"}
			}
		},
		{
			"name": "death_name_sword_56",
			"from": [8.5, 6.75, 7.9],
			"to": [8.625, 7, 8.225],
			"faces": {
				"north": {"uv": [8.375, 9, 8.25, 9.25], "texture": "#0"},
				"east": {"uv": [8.25, 9, 8.375, 9.25], "texture": "#0"},
				"south": {"uv": [8.25, 9, 8.375, 9.25], "texture": "#0"},
				"up": {"uv": [8.25, 9, 8.375, 9.125], "texture": "#0"}
			}
		},
		{
			"name": "death_name_sword_57",
			"from": [7.875, 6.75, 7.85],
			"to": [8, 7, 8.275],
			"faces": {
				"north": {"uv": [13.75, 9, 13.625, 9.25], "texture": "#0"},
				"south": {"uv": [13.625, 9, 13.75, 9.25], "texture": "#0"},
				"west": {"uv": [13.625, 9, 13.75, 9.25], "texture": "#0"},
				"up": {"uv": [13.625, 9, 13.75, 9.125], "texture": "#0"},
				"down": {"uv": [13.625, 9.125, 13.75, 9.25], "texture": "#0"}
			}
		},
		{
			"name": "death_name_sword_58",
			"from": [8.125, 6.75, 7.85],
			"to": [8.25, 7, 8.275],
			"faces": {
				"north": {"uv": [14, 9, 13.875, 9.25], "texture": "#0"},
				"east": {"uv": [13.875, 9, 14, 9.25], "texture": "#0"},
				"south": {"uv": [13.875, 9, 14, 9.25], "texture": "#0"},
				"up": {"uv": [13.875, 9, 14, 9.125], "texture": "#0"},
				"down": {"uv": [13.875, 9.125, 14, 9.25], "texture": "#0"}
			}
		},
		{
			"name": "death_name_sword_59",
			"from": [7.125, 6.75, 7.9],
			"to": [7.5, 6.875, 8.225],
			"faces": {
				"north": {"uv": [7.25, 9.125, 6.875, 9.25], "texture": "#0"},
				"south": {"uv": [6.875, 9.125, 7.25, 9.25], "texture": "#0"},
				"west": {"uv": [6.875, 9.125, 7, 9.25], "texture": "#0"},
				"up": {"uv": [6.875, 9.125, 7.25, 9.25], "texture": "#0"},
				"down": {"uv": [6.875, 9.125, 7.25, 9.25], "texture": "#0"}
			}
		},
		{
			"name": "death_name_sword_60",
			"from": [8.625, 6.625, 7.9],
			"to": [8.875, 6.875, 8.225],
			"faces": {
				"north": {"uv": [8.625, 9.125, 8.375, 9.375], "texture": "#0"},
				"east": {"uv": [8.5, 9.125, 8.625, 9.375], "texture": "#0"},
				"south": {"uv": [8.375, 9.125, 8.625, 9.375], "texture": "#0"},
				"up": {"uv": [8.375, 9.125, 8.625, 9.25], "texture": "#0"}
			}
		},
		{
			"name": "death_name_sword_61",
			"from": [8.875, 6.75, 7.9],
			"to": [9, 6.875, 8.225],
			"faces": {
				"north": {"uv": [8.75, 9.125, 8.625, 9.25], "texture": "#0"},
				"east": {"uv": [8.625, 9.125, 8.75, 9.25], "texture": "#0"},
				"south": {"uv": [8.625, 9.125, 8.75, 9.25], "texture": "#0"},
				"up": {"uv": [8.625, 9.125, 8.75, 9.25], "texture": "#0"},
				"down": {"uv": [8.625, 9.125, 8.75, 9.25], "texture": "#0"}
			}
		},
		{
			"name": "death_name_sword_62",
			"from": [7.625, 6.625, 7.85],
			"to": [7.875, 6.875, 8.275],
			"faces": {
				"north": {"uv": [13.625, 9.125, 13.375, 9.375], "texture": "#0"},
				"east": {"uv": [13.5, 9.125, 13.625, 9.375], "texture": "#0"},
				"south": {"uv": [13.375, 9.125, 13.625, 9.375], "texture": "#0"},
				"west": {"uv": [13.375, 9.125, 13.5, 9.375], "texture": "#0"},
				"up": {"uv": [13.375, 9.125, 13.625, 9.25], "texture": "#0"},
				"down": {"uv": [13.375, 9.25, 13.625, 9.375], "texture": "#0"}
			}
		},
		{
			"name": "death_name_sword_63",
			"from": [8.25, 6.625, 7.85],
			"to": [8.5, 6.875, 8.275],
			"faces": {
				"north": {"uv": [14.25, 9.125, 14, 9.375], "texture": "#0"},
				"east": {"uv": [14.125, 9.125, 14.25, 9.375], "texture": "#0"},
				"south": {"uv": [14, 9.125, 14.25, 9.375], "texture": "#0"},
				"west": {"uv": [14, 9.125, 14.125, 9.375], "texture": "#0"},
				"up": {"uv": [14, 9.125, 14.25, 9.25], "texture": "#0"},
				"down": {"uv": [14, 9.25, 14.25, 9.375], "texture": "#0"}
			}
		},
		{
			"name": "death_name_sword_64",
			"from": [7.25, 6.625, 7.9],
			"to": [7.5, 6.75, 8.225],
			"faces": {
				"north": {"uv": [7.25, 9.25, 7, 9.375], "texture": "#0"},
				"south": {"uv": [7, 9.25, 7.25, 9.375], "texture": "#0"},
				"west": {"uv": [7, 9.25, 7.125, 9.375], "texture": "#0"}
			}
		},
		{
			"name": "death_name_sword_65",
			"from": [7.5, 6.375, 7.85],
			"to": [7.625, 6.75, 8.275],
			"faces": {
				"north": {"uv": [13.375, 9.25, 13.25, 9.625], "texture": "#0"},
				"east": {"uv": [13.25, 9.25, 13.375, 9.625], "texture": "#0"},
				"south": {"uv": [13.25, 9.25, 13.375, 9.625], "texture": "#0"},
				"west": {"uv": [13.25, 9.25, 13.375, 9.625], "texture": "#0"},
				"up": {"uv": [13.25, 9.25, 13.375, 9.375], "texture": "#0"},
				"down": {"uv": [13.25, 9.5, 13.375, 9.625], "texture": "#0"}
			}
		},
		{
			"name": "death_name_sword_66",
			"from": [8.5, 6.375, 7.85],
			"to": [8.625, 6.75, 8.275],
			"faces": {
				"north": {"uv": [14.375, 9.25, 14.25, 9.625], "texture": "#0"},
				"east": {"uv": [14.25, 9.25, 14.375, 9.625], "texture": "#0"},
				"south": {"uv": [14.25, 9.25, 14.375, 9.625], "texture": "#0"},
				"west": {"uv": [14.25, 9.25, 14.375, 9.625], "texture": "#0"},
				"up": {"uv": [14.25, 9.25, 14.375, 9.375], "texture": "#0"},
				"down": {"uv": [14.25, 9.5, 14.375, 9.625], "texture": "#0"}
			}
		},
		{
			"name": "death_name_sword_67",
			"from": [8, 6.25, 7.95],
			"to": [8.125, 6.75, 8.175],
			"faces": {
				"north": {"uv": [15.375, 9.25, 15.25, 9.75], "texture": "#0"},
				"east": {"uv": [15.25, 9.25, 15.375, 9.75], "texture": "#0"},
				"south": {"uv": [15.25, 9.25, 15.375, 9.75], "texture": "#0"},
				"west": {"uv": [15.25, 9.25, 15.375, 9.75], "texture": "#0"},
				"down": {"uv": [15.25, 9.625, 15.375, 9.75], "texture": "#0"}
			}
		},
		{
			"name": "death_name_sword_68",
			"from": [6.625, 5.75, 7.9],
			"to": [6.75, 6.625, 8.225],
			"faces": {
				"north": {"uv": [5.75, 9.375, 5.625, 10.25], "texture": "#0"},
				"east": {"uv": [5.625, 9.375, 5.75, 10.25], "texture": "#0"},
				"south": {"uv": [5.625, 9.375, 5.75, 10.25], "texture": "#0"},
				"west": {"uv": [5.625, 9.375, 5.75, 10.25], "texture": "#0"},
				"up": {"uv": [5.625, 9.375, 5.75, 9.5], "texture": "#0"},
				"down": {"uv": [5.625, 10.125, 5.75, 10.25], "texture": "#0"}
			}
		},
		{
			"name": "death_name_sword_69",
			"from": [7.125, 6.375, 7.9],
			"to": [7.375, 6.625, 8.225],
			"faces": {
				"north": {"uv": [7.125, 9.375, 6.875, 9.625], "texture": "#0"},
				"south": {"uv": [6.875, 9.375, 7.125, 9.625], "texture": "#0"},
				"west": {"uv": [6.875, 9.375, 7, 9.625], "texture": "#0"},
				"up": {"uv": [6.875, 9.375, 7.125, 9.5], "texture": "#0"}
			}
		},
		{
			"name": "death_name_sword_70",
			"from": [8.75, 6.375, 7.9],
			"to": [9, 6.625, 8.225],
			"faces": {
				"north": {"uv": [8.75, 9.375, 8.5, 9.625], "texture": "#0"},
				"east": {"uv": [8.625, 9.375, 8.75, 9.625], "texture": "#0"},
				"south": {"uv": [8.5, 9.375, 8.75, 9.625], "texture": "#0"},
				"up": {"uv": [8.5, 9.375, 8.75, 9.5], "texture": "#0"}
			}
		},
		{
			"name": "death_name_sword_71",
			"from": [9.375, 5.75, 7.9],
			"to": [9.5, 6.625, 8.225],
			"faces": {
				"north": {"uv": [10, 9.375, 9.875, 10.25], "texture": "#0"},
				"east": {"uv": [9.875, 9.375, 10, 10.25], "texture": "#0"},
				"south": {"uv": [9.875, 9.375, 10, 10.25], "texture": "#0"},
				"west": {"uv": [9.875, 9.375, 10, 10.25], "texture": "#0"},
				"up": {"uv": [9.875, 9.375, 10, 9.5], "texture": "#0"},
				"down": {"uv": [9.875, 10.125, 10, 10.25], "texture": "#0"}
			}
		},
		{
			"name": "death_name_sword_72",
			"from": [7.375, 5.75, 7.85],
			"to": [7.5, 6.625, 8.275],
			"faces": {
				"north": {"uv": [13.25, 9.375, 13.125, 10.25], "texture": "#0"},
				"east": {"uv": [13.125, 9.375, 13.25, 10.25], "texture": "#0"},
				"south": {"uv": [13.125, 9.375, 13.25, 10.25], "texture": "#0"},
				"west": {"uv": [13.125, 9.375, 13.25, 10.25], "texture": "#0"},
				"up": {"uv": [13.125, 9.375, 13.25, 9.5], "texture": "#0"},
				"down": {"uv": [13.125, 10.125, 13.25, 10.25], "texture": "#0"}
			}
		},
		{
			"name": "death_name_sword_73",
			"from": [7.625, 6.5, 7.85],
			"to": [7.75, 6.625, 8.275],
			"faces": {
				"north": {"uv": [13.5, 9.375, 13.375, 9.5], "texture": "#0"},
				"east": {"uv": [13.375, 9.375, 13.5, 9.5], "texture": "#0"},
				"south": {"uv": [13.375, 9.375, 13.5, 9.5], "texture": "#0"},
				"down": {"uv": [13.375, 9.375, 13.5, 9.5], "texture": "#0"}
			}
		},
		{
			"name": "death_name_sword_74",
			"from": [8.375, 6.5, 7.85],
			"to": [8.5, 6.625, 8.275],
			"faces": {
				"north": {"uv": [14.25, 9.375, 14.125, 9.5], "texture": "#0"},
				"south": {"uv": [14.125, 9.375, 14.25, 9.5], "texture": "#0"},
				"west": {"uv": [14.125, 9.375, 14.25, 9.5], "texture": "#0"},
				"down": {"uv": [14.125, 9.375, 14.25, 9.5], "texture": "#0"}
			}
		},
		{
			"name": "death_name_sword_75",
			"from": [8.625, 5.75, 7.85],
			"to": [8.75, 6.625, 8.275],
			"faces": {
				"north": {"uv": [14.5, 9.375, 14.375, 10.25], "texture": "#0"},
				"east": {"uv": [14.375, 9.375, 14.5, 10.25], "texture": "#0"},
				"south": {"uv": [14.375, 9.375, 14.5, 10.25], "texture": "#0"},
				"west": {"uv": [14.375, 9.375, 14.5, 10.25], "texture": "#0"},
				"up": {"uv": [14.375, 9.375, 14.5, 9.5], "texture": "#0"},
				"down": {"uv": [14.375, 10.125, 14.5, 10.25], "texture": "#0"}
			}
		},
		{
			"name": "death_name_sword_76",
			"from": [6.125, 5.875, 7.95],
			"to": [6.25, 6.5, 8.175],
			"faces": {
				"north": {"uv": [5, 9.5, 4.875, 10.125], "texture": "#0"},
				"east": {"uv": [4.875, 9.5, 5, 10.125], "texture": "#0"},
				"south": {"uv": [4.875, 9.5, 5, 10.125], "texture": "#0"},
				"west": {"uv": [4.875, 9.5, 5, 10.125], "texture": "#0"},
				"up": {"uv": [4.875, 9.5, 5, 9.625], "texture": "#0"},
				"down": {"uv": [4.875, 10, 5, 10.125], "texture": "#0"}
			}
		},
		{
			"name": "death_name_sword_77",
			"from": [6.5, 5.875, 7.9],
			"to": [6.625, 6.5, 8.225],
			"faces": {
				"north": {"uv": [5.625, 9.5, 5.5, 10.125], "texture": "#0"},
				"south": {"uv": [5.5, 9.5, 5.625, 10.125], "texture": "#0"},
				"west": {"uv": [5.5, 9.5, 5.625, 10.125], "texture": "#0"},
				"up": {"uv": [5.5, 9.5, 5.625, 9.625], "texture": "#0"},
				"down": {"uv": [5.5, 10, 5.625, 10.125], "texture": "#0"}
			}
		},
		{
			"name": "death_name_sword_78",
			"from": [6.75, 5.875, 7.9],
			"to": [6.875, 6.5, 8.225],
			"faces": {
				"north": {"uv": [5.875, 9.5, 5.75, 10.125], "texture": "#0"},
				"east": {"uv": [5.75, 9.5, 5.875, 10.125], "texture": "#0"},
				"south": {"uv": [5.75, 9.5, 5.875, 10.125], "texture": "#0"},
				"up": {"uv": [5.75, 9.5, 5.875, 9.625], "texture": "#0"},
				"down": {"uv": [5.75, 10, 5.875, 10.125], "texture": "#0"}
			}
		},
		{
			"name": "death_name_sword_79",
			"from": [7, 5.875, 7.9],
			"to": [7.125, 6.5, 8.225],
			"faces": {
				"north": {"uv": [6.875, 9.5, 6.75, 10.125], "texture": "#0"},
				"south": {"uv": [6.75, 9.5, 6.875, 10.125], "texture": "#0"},
				"west": {"uv": [6.75, 9.5, 6.875, 10.125], "texture": "#0"},
				"up": {"uv": [6.75, 9.5, 6.875, 9.625], "texture": "#0"},
				"down": {"uv": [6.75, 10, 6.875, 10.125], "texture": "#0"}
			}
		},
		{
			"name": "death_name_sword_80",
			"from": [9, 5.875, 7.9],
			"to": [9.125, 6.5, 8.225],
			"faces": {
				"north": {"uv": [8.875, 9.5, 8.75, 10.125], "texture": "#0"},
				"east": {"uv": [8.75, 9.5, 8.875, 10.125], "texture": "#0"},
				"south": {"uv": [8.75, 9.5, 8.875, 10.125], "texture": "#0"},
				"up": {"uv": [8.75, 9.5, 8.875, 9.625], "texture": "#0"},
				"down": {"uv": [8.75, 10, 8.875, 10.125], "texture": "#0"}
			}
		},
		{
			"name": "death_name_sword_81",
			"from": [9.25, 5.875, 7.9],
			"to": [9.375, 6.5, 8.225],
			"faces": {
				"north": {"uv": [9.875, 9.5, 9.75, 10.125], "texture": "#0"},
				"south": {"uv": [9.75, 9.5, 9.875, 10.125], "texture": "#0"},
				"west": {"uv": [9.75, 9.5, 9.875, 10.125], "texture": "#0"},
				"up": {"uv": [9.75, 9.5, 9.875, 9.625], "texture": "#0"},
				"down": {"uv": [9.75, 10, 9.875, 10.125], "texture": "#0"}
			}
		},
		{
			"name": "death_name_sword_82",
			"from": [9.5, 5.875, 7.9],
			"to": [9.625, 6.5, 8.225],
			"faces": {
				"north": {"uv": [10.125, 9.5, 10, 10.125], "texture": "#0"},
				"east": {"uv": [10, 9.5, 10.125, 10.125], "texture": "#0"},
				"south": {"uv": [10, 9.5, 10.125, 10.125], "texture": "#0"},
				"up": {"uv": [10, 9.5, 10.125, 9.625], "texture": "#0"},
				"down": {"uv": [10, 10, 10.125, 10.125], "texture": "#0"}
			}
		},
		{
			"name": "death_name_sword_83",
			"from": [9.875, 5.875, 7.95],
			"to": [10, 6.5, 8.175],
			"faces": {
				"north": {"uv": [10.75, 9.5, 10.625, 10.125], "texture": "#0"},
				"east": {"uv": [10.625, 9.5, 10.75, 10.125], "texture": "#0"},
				"south": {"uv": [10.625, 9.5, 10.75, 10.125], "texture": "#0"},
				"west": {"uv": [10.625, 9.5, 10.75, 10.125], "texture": "#0"},
				"up": {"uv": [10.625, 9.5, 10.75, 9.625], "texture": "#0"},
				"down": {"uv": [10.625, 10, 10.75, 10.125], "texture": "#0"}
			}
		},
		{
			"name": "death_name_sword_84",
			"from": [7.875, 5.875, 7.95],
			"to": [8, 6.5, 8.175],
			"faces": {
				"north": {"uv": [15.25, 9.5, 15.125, 10.125], "texture": "#0"},
				"east": {"uv": [15.125, 9.5, 15.25, 10.125], "texture": "#0"},
				"south": {"uv": [15.125, 9.5, 15.25, 10.125], "texture": "#0"},
				"west": {"uv": [15.125, 9.5, 15.25, 10.125], "texture": "#0"},
				"up": {"uv": [15.125, 9.5, 15.25, 9.625], "texture": "#0"},
				"down": {"uv": [15.125, 10, 15.25, 10.125], "texture": "#0"}
			}
		},
		{
			"name": "death_name_sword_85",
			"from": [8.125, 5.875, 7.95],
			"to": [8.25, 6.5, 8.175],
			"faces": {
				"north": {"uv": [15.5, 9.5, 15.375, 10.125], "texture": "#0"},
				"east": {"uv": [15.375, 9.5, 15.5, 10.125], "texture": "#0"},
				"south": {"uv": [15.375, 9.5, 15.5, 10.125], "texture": "#0"},
				"west": {"uv": [15.375, 9.5, 15.5, 10.125], "texture": "#0"},
				"up": {"uv": [15.375, 9.5, 15.5, 9.625], "texture": "#0"},
				"down": {"uv": [15.375, 10, 15.5, 10.125], "texture": "#0"}
			}
		},
		{
			"name": "death_name_sword_86",
			"from": [5.875, 6, 7.95],
			"to": [6.125, 6.375, 8.175],
			"faces": {
				"north": {"uv": [4.875, 9.625, 4.625, 10], "texture": "#0"},
				"south": {"uv": [4.625, 9.625, 4.875, 10], "texture": "#0"},
				"west": {"uv": [4.625, 9.625, 4.75, 10], "texture": "#0"},
				"up": {"uv": [4.625, 9.625, 4.875, 9.75], "texture": "#0"},
				"down": {"uv": [4.625, 9.875, 4.875, 10], "texture": "#0"}
			}
		},
		{
			"name": "death_name_sword_87",
			"from": [6.25, 6, 7.95],
			"to": [6.375, 6.375, 8.175],
			"faces": {
				"north": {"uv": [5.125, 9.625, 5, 10], "texture": "#0"},
				"south": {"uv": [5, 9.625, 5.125, 10], "texture": "#0"},
				"up": {"uv": [5, 9.625, 5.125, 9.75], "texture": "#0"},
				"down": {"uv": [5, 9.875, 5.125, 10], "texture": "#0"}
			}
		},
		{
			"name": "death_name_sword_88",
			"from": [6.375, 6, 7.9],
			"to": [6.5, 6.375, 8.225],
			"faces": {
				"north": {"uv": [5.5, 9.625, 5.375, 10], "texture": "#0"},
				"south": {"uv": [5.375, 9.625, 5.5, 10], "texture": "#0"},
				"west": {"uv": [5.375, 9.625, 5.5, 10], "texture": "#0"},
				"up": {"uv": [5.375, 9.625, 5.5, 9.75], "texture": "#0"},
				"down": {"uv": [5.375, 9.875, 5.5, 10], "texture": "#0"}
			}
		},
		{
			"name": "death_name_sword_89",
			"from": [6.875, 6, 7.9],
			"to": [7, 6.375, 8.225],
			"faces": {
				"north": {"uv": [6, 9.625, 5.875, 10], "texture": "#0"},
				"south": {"uv": [5.875, 9.625, 6, 10], "texture": "#0"},
				"up": {"uv": [5.875, 9.625, 6, 9.75], "texture": "#0"},
				"down": {"uv": [5.875, 9.875, 6, 10], "texture": "#0"}
			}
		},
		{
			"name": "death_name_sword_90",
			"from": [7.125, 5.75, 7.9],
			"to": [7.25, 6.375, 8.225],
			"faces": {
				"north": {"uv": [7, 9.625, 6.875, 10.25], "texture": "#0"},
				"south": {"uv": [6.875, 9.625, 7, 10.25], "texture": "#0"},
				"west": {"uv": [6.875, 9.625, 7, 10.25], "texture": "#0"},
				"down": {"uv": [6.875, 10.125, 7, 10.25], "texture": "#0"}
			}
		},
		{
			"name": "death_name_sword_91",
			"from": [8.875, 5.75, 7.9],
			"to": [9, 6.375, 8.225],
			"faces": {
				"north": {"uv": [8.75, 9.625, 8.625, 10.25], "texture": "#0"},
				"east": {"uv": [8.625, 9.625, 8.75, 10.25], "texture": "#0"},
				"south": {"uv": [8.625, 9.625, 8.75, 10.25], "texture": "#0"},
				"down": {"uv": [8.625, 10.125, 8.75, 10.25], "texture": "#0"}
			}
		},
		{
			"name": "death_name_sword_92",
			"from": [9.125, 6, 7.9],
			"to": [9.25, 6.375, 8.225],
			"faces": {
				"north": {"uv": [9.75, 9.625, 9.625, 10], "texture": "#0"},
				"south": {"uv": [9.625, 9.625, 9.75, 10], "texture": "#0"},
				"up": {"uv": [9.625, 9.625, 9.75, 9.75], "texture": "#0"},
				"down": {"uv": [9.625, 9.875, 9.75, 10], "texture": "#0"}
			}
		},
		{
			"name": "death_name_sword_93",
			"from": [9.625, 6, 7.9],
			"to": [9.75, 6.375, 8.225],
			"faces": {
				"north": {"uv": [10.25, 9.625, 10.125, 10], "texture": "#0"},
				"east": {"uv": [10.125, 9.625, 10.25, 10], "texture": "#0"},
				"south": {"uv": [10.125, 9.625, 10.25, 10], "texture": "#0"},
				"up": {"uv": [10.125, 9.625, 10.25, 9.75], "texture": "#0"},
				"down": {"uv": [10.125, 9.875, 10.25, 10], "texture": "#0"}
			}
		},
		{
			"name": "death_name_sword_94",
			"from": [9.75, 6, 7.95],
			"to": [9.875, 6.375, 8.175],
			"faces": {
				"north": {"uv": [10.625, 9.625, 10.5, 10], "texture": "#0"},
				"south": {"uv": [10.5, 9.625, 10.625, 10], "texture": "#0"},
				"up": {"uv": [10.5, 9.625, 10.625, 9.75], "texture": "#0"},
				"down": {"uv": [10.5, 9.875, 10.625, 10], "texture": "#0"}
			}
		},
		{
			"name": "death_name_sword_95",
			"from": [10, 6, 7.95],
			"to": [10.25, 6.375, 8.175],
			"faces": {
				"north": {"uv": [11, 9.625, 10.75, 10], "texture": "#0"},
				"east": {"uv": [10.875, 9.625, 11, 10], "texture": "#0"},
				"south": {"uv": [10.75, 9.625, 11, 10], "texture": "#0"},
				"up": {"uv": [10.75, 9.625, 11, 9.75], "texture": "#0"},
				"down": {"uv": [10.75, 9.875, 11, 10], "texture": "#0"}
			}
		},
		{
			"name": "death_name_sword_96",
			"from": [7.25, 6, 7.85],
			"to": [7.375, 6.375, 8.275],
			"faces": {
				"north": {"uv": [13.125, 9.625, 13, 10], "texture": "#0"},
				"south": {"uv": [13, 9.625, 13.125, 10], "texture": "#0"},
				"west": {"uv": [13, 9.625, 13.125, 10], "texture": "#0"},
				"up": {"uv": [13, 9.625, 13.125, 9.75], "texture": "#0"},
				"down": {"uv": [13, 9.875, 13.125, 10], "texture": "#0"}
			}
		},
		{
			"name": "death_name_sword_97",
			"from": [8.75, 6, 7.85],
			"to": [8.875, 6.375, 8.275],
			"faces": {
				"north": {"uv": [14.625, 9.625, 14.5, 10], "texture": "#0"},
				"east": {"uv": [14.5, 9.625, 14.625, 10], "texture": "#0"},
				"south": {"uv": [14.5, 9.625, 14.625, 10], "texture": "#0"},
				"up": {"uv": [14.5, 9.625, 14.625, 9.75], "texture": "#0"},
				"down": {"uv": [14.5, 9.875, 14.625, 10], "texture": "#0"}
			}
		},
		{
			"name": "death_name_sword_98",
			"from": [7.75, 6, 7.95],
			"to": [7.875, 6.375, 8.175],
			"faces": {
				"north": {"uv": [15.125, 9.625, 15, 10], "texture": "#0"},
				"south": {"uv": [15, 9.625, 15.125, 10], "texture": "#0"},
				"west": {"uv": [15, 9.625, 15.125, 10], "texture": "#0"},
				"up": {"uv": [15, 9.625, 15.125, 9.75], "texture": "#0"},
				"down": {"uv": [15, 9.875, 15.125, 10], "texture": "#0"}
			}
		},
		{
			"name": "death_name_sword_99",
			"from": [8.25, 6, 7.95],
			"to": [8.375, 6.375, 8.175],
			"faces": {
				"north": {"uv": [15.625, 9.625, 15.5, 10], "texture": "#0"},
				"east": {"uv": [15.5, 9.625, 15.625, 10], "texture": "#0"},
				"south": {"uv": [15.5, 9.625, 15.625, 10], "texture": "#0"},
				"up": {"uv": [15.5, 9.625, 15.625, 9.75], "texture": "#0"},
				"down": {"uv": [15.5, 9.875, 15.625, 10], "texture": "#0"}
			}
		},
		{
			"name": "death_name_sword_100",
			"from": [5.625, 6.125, 7.95],
			"to": [5.875, 6.25, 8.175],
			"faces": {
				"north": {"uv": [4.625, 9.75, 4.375, 9.875], "texture": "#0"},
				"south": {"uv": [4.375, 9.75, 4.625, 9.875], "texture": "#0"},
				"west": {"uv": [4.375, 9.75, 4.5, 9.875], "texture": "#0"},
				"up": {"uv": [4.375, 9.75, 4.625, 9.875], "texture": "#0"},
				"down": {"uv": [4.375, 9.75, 4.625, 9.875], "texture": "#0"}
			}
		},
		{
			"name": "death_name_sword_101",
			"from": [10.25, 6.125, 7.95],
			"to": [10.5, 6.25, 8.175],
			"faces": {
				"north": {"uv": [11.25, 9.75, 11, 9.875], "texture": "#0"},
				"east": {"uv": [11.125, 9.75, 11.25, 9.875], "texture": "#0"},
				"south": {"uv": [11, 9.75, 11.25, 9.875], "texture": "#0"},
				"up": {"uv": [11, 9.75, 11.25, 9.875], "texture": "#0"},
				"down": {"uv": [11, 9.75, 11.25, 9.875], "texture": "#0"}
			}
		},
		{
			"name": "death_name_sword_102",
			"from": [7.5, 6.125, 7.95],
			"to": [7.75, 6.25, 8.175],
			"faces": {
				"north": {"uv": [15, 9.75, 14.75, 9.875], "texture": "#0"},
				"south": {"uv": [14.75, 9.75, 15, 9.875], "texture": "#0"},
				"up": {"uv": [14.75, 9.75, 15, 9.875], "texture": "#0"},
				"down": {"uv": [14.75, 9.75, 15, 9.875], "texture": "#0"}
			}
		},
		{
			"name": "death_name_sword_103",
			"from": [8.375, 6.125, 7.95],
			"to": [8.625, 6.25, 8.175],
			"faces": {
				"north": {"uv": [15.875, 9.75, 15.625, 9.875], "texture": "#0"},
				"south": {"uv": [15.625, 9.75, 15.875, 9.875], "texture": "#0"},
				"up": {"uv": [15.625, 9.75, 15.875, 9.875], "texture": "#0"},
				"down": {"uv": [15.625, 9.75, 15.875, 9.875], "texture": "#0"}
			}
		},
		{
			"name": "death_name_sword_104",
			"from": [8, 5.625, 7.95],
			"to": [8.125, 6.125, 8.175],
			"faces": {
				"north": {"uv": [15.375, 9.875, 15.25, 10.375], "texture": "#0"},
				"east": {"uv": [15.25, 9.875, 15.375, 10.375], "texture": "#0"},
				"south": {"uv": [15.25, 9.875, 15.375, 10.375], "texture": "#0"},
				"west": {"uv": [15.25, 9.875, 15.375, 10.375], "texture": "#0"},
				"up": {"uv": [15.25, 9.875, 15.375, 10], "texture": "#0"}
			}
		},
		{
			"name": "death_name_sword_105",
			"from": [7.25, 5.625, 7.9],
			"to": [7.375, 6, 8.225],
			"faces": {
				"north": {"uv": [7.125, 10, 7, 10.375], "texture": "#0"},
				"south": {"uv": [7, 10, 7.125, 10.375], "texture": "#0"},
				"west": {"uv": [7, 10, 7.125, 10.375], "texture": "#0"},
				"down": {"uv": [7, 10.25, 7.125, 10.375], "texture": "#0"}
			}
		},
		{
			"name": "death_name_sword_106",
			"from": [8.75, 5.625, 7.9],
			"to": [8.875, 6, 8.225],
			"faces": {
				"north": {"uv": [8.625, 10, 8.5, 10.375], "texture": "#0"},
				"east": {"uv": [8.5, 10, 8.625, 10.375], "texture": "#0"},
				"south": {"uv": [8.5, 10, 8.625, 10.375], "texture": "#0"},
				"down": {"uv": [8.5, 10.25, 8.625, 10.375], "texture": "#0"}
			}
		},
		{
			"name": "death_name_sword_107",
			"from": [7.5, 5.625, 7.85],
			"to": [7.625, 6, 8.275],
			"faces": {
				"north": {"uv": [13.375, 10, 13.25, 10.375], "texture": "#0"},
				"east": {"uv": [13.25, 10, 13.375, 10.375], "texture": "#0"},
				"south": {"uv": [13.25, 10, 13.375, 10.375], "texture": "#0"},
				"west": {"uv": [13.25, 10, 13.375, 10.375], "texture": "#0"},
				"up": {"uv": [13.25, 10, 13.375, 10.125], "texture": "#0"},
				"down": {"uv": [13.25, 10.25, 13.375, 10.375], "texture": "#0"}
			}
		},
		{
			"name": "death_name_sword_108",
			"from": [8.5, 5.625, 7.85],
			"to": [8.625, 6, 8.275],
			"faces": {
				"north": {"uv": [14.375, 10, 14.25, 10.375], "texture": "#0"},
				"east": {"uv": [14.25, 10, 14.375, 10.375], "texture": "#0"},
				"south": {"uv": [14.25, 10, 14.375, 10.375], "texture": "#0"},
				"west": {"uv": [14.25, 10, 14.375, 10.375], "texture": "#0"},
				"up": {"uv": [14.25, 10, 14.375, 10.125], "texture": "#0"},
				"down": {"uv": [14.25, 10.25, 14.375, 10.375], "texture": "#0"}
			}
		},
		{
			"name": "death_name_sword_109",
			"from": [6.75, 5.625, 8],
			"to": [6.875, 5.875, 8.125],
			"faces": {
				"north": {"uv": [6.625, 10.125, 6.5, 10.375], "texture": "#0"},
				"east": {"uv": [6.5, 10.125, 6.625, 10.375], "texture": "#0"},
				"south": {"uv": [6.5, 10.125, 6.625, 10.375], "texture": "#0"},
				"west": {"uv": [6.5, 10.125, 6.625, 10.375], "texture": "#0"},
				"down": {"uv": [6.5, 10.25, 6.625, 10.375], "texture": "#0"}
			}
		},
		{
			"name": "death_name_sword_110",
			"from": [9.25, 5.625, 8],
			"to": [9.375, 5.875, 8.125],
			"faces": {
				"north": {"uv": [9.125, 10.125, 9, 10.375], "texture": "#0"},
				"east": {"uv": [9, 10.125, 9.125, 10.375], "texture": "#0"},
				"south": {"uv": [9, 10.125, 9.125, 10.375], "texture": "#0"},
				"west": {"uv": [9, 10.125, 9.125, 10.375], "texture": "#0"},
				"down": {"uv": [9, 10.25, 9.125, 10.375], "texture": "#0"}
			}
		},
		{
			"name": "death_name_sword_111",
			"from": [7.625, 5.5, 7.85],
			"to": [7.75, 5.875, 8.275],
			"faces": {
				"north": {"uv": [13.5, 10.125, 13.375, 10.5], "texture": "#0"},
				"east": {"uv": [13.375, 10.125, 13.5, 10.5], "texture": "#0"},
				"south": {"uv": [13.375, 10.125, 13.5, 10.5], "texture": "#0"},
				"west": {"uv": [13.375, 10.125, 13.5, 10.5], "texture": "#0"},
				"up": {"uv": [13.375, 10.125, 13.5, 10.25], "texture": "#0"},
				"down": {"uv": [13.375, 10.375, 13.5, 10.5], "texture": "#0"}
			}
		},
		{
			"name": "death_name_sword_112",
			"from": [8.375, 5.5, 7.85],
			"to": [8.5, 5.875, 8.275],
			"faces": {
				"north": {"uv": [14.25, 10.125, 14.125, 10.5], "texture": "#0"},
				"east": {"uv": [14.125, 10.125, 14.25, 10.5], "texture": "#0"},
				"south": {"uv": [14.125, 10.125, 14.25, 10.5], "texture": "#0"},
				"west": {"uv": [14.125, 10.125, 14.25, 10.5], "texture": "#0"},
				"up": {"uv": [14.125, 10.125, 14.25, 10.25], "texture": "#0"},
				"down": {"uv": [14.125, 10.375, 14.25, 10.5], "texture": "#0"}
			}
		},
		{
			"name": "death_name_sword_113",
			"from": [7.375, 5.5, 7.9],
			"to": [7.5, 5.75, 8.225],
			"faces": {
				"north": {"uv": [7.25, 10.25, 7.125, 10.5], "texture": "#0"},
				"south": {"uv": [7.125, 10.25, 7.25, 10.5], "texture": "#0"},
				"west": {"uv": [7.125, 10.25, 7.25, 10.5], "texture": "#0"},
				"down": {"uv": [7.125, 10.375, 7.25, 10.5], "texture": "#0"}
			}
		},
		{
			"name": "death_name_sword_114",
			"from": [8.625, 5.5, 7.9],
			"to": [8.75, 5.75, 8.225],
			"faces": {
				"north": {"uv": [8.5, 10.25, 8.375, 10.5], "texture": "#0"},
				"east": {"uv": [8.375, 10.25, 8.5, 10.5], "texture": "#0"},
				"south": {"uv": [8.375, 10.25, 8.5, 10.5], "texture": "#0"},
				"down": {"uv": [8.375, 10.375, 8.5, 10.5], "texture": "#0"}
			}
		},
		{
			"name": "death_name_sword_115",
			"from": [7.75, 5.5, 7.85],
			"to": [7.875, 5.75, 8.275],
			"faces": {
				"north": {"uv": [13.625, 10.25, 13.5, 10.5], "texture": "#0"},
				"east": {"uv": [13.5, 10.25, 13.625, 10.5], "texture": "#0"},
				"south": {"uv": [13.5, 10.25, 13.625, 10.5], "texture": "#0"},
				"up": {"uv": [13.5, 10.25, 13.625, 10.375], "texture": "#0"},
				"down": {"uv": [13.5, 10.375, 13.625, 10.5], "texture": "#0"}
			}
		},
		{
			"name": "death_name_sword_116",
			"from": [8.25, 5.5, 7.85],
			"to": [8.375, 5.75, 8.275],
			"faces": {
				"north": {"uv": [14.125, 10.25, 14, 10.5], "texture": "#0"},
				"south": {"uv": [14, 10.25, 14.125, 10.5], "texture": "#0"},
				"west": {"uv": [14, 10.25, 14.125, 10.5], "texture": "#0"},
				"up": {"uv": [14, 10.25, 14.125, 10.375], "texture": "#0"},
				"down": {"uv": [14, 10.375, 14.125, 10.5], "texture": "#0"}
			}
		},
		{
			"name": "death_name_sword_117",
			"from": [6.875, 5.375, 8],
			"to": [7, 5.625, 8.125],
			"faces": {
				"north": {"uv": [6.75, 10.375, 6.625, 10.625], "texture": "#0"},
				"east": {"uv": [6.625, 10.375, 6.75, 10.625], "texture": "#0"},
				"south": {"uv": [6.625, 10.375, 6.75, 10.625], "texture": "#0"},
				"west": {"uv": [6.625, 10.375, 6.75, 10.625], "texture": "#0"},
				"up": {"uv": [6.625, 10.375, 6.75, 10.5], "texture": "#0"},
				"down": {"uv": [6.625, 10.5, 6.75, 10.625], "texture": "#0"}
			}
		},
		{
			"name": "death_name_sword_118",
			"from": [7.5, 5.5, 7.9],
			"to": [7.625, 5.625, 8.225],
			"faces": {
				"north": {"uv": [7.375, 10.375, 7.25, 10.5], "texture": "#0"},
				"south": {"uv": [7.25, 10.375, 7.375, 10.5], "texture": "#0"},
				"down": {"uv": [7.25, 10.375, 7.375, 10.5], "texture": "#0"}
			}
		},
		{
			"name": "death_name_sword_119",
			"from": [8.5, 5.5, 7.9],
			"to": [8.625, 5.625, 8.225],
			"faces": {
				"north": {"uv": [8.375, 10.375, 8.25, 10.5], "texture": "#0"},
				"south": {"uv": [8.25, 10.375, 8.375, 10.5], "texture": "#0"},
				"down": {"uv": [8.25, 10.375, 8.375, 10.5], "texture": "#0"}
			}
		},
		{
			"name": "death_name_sword_120",
			"from": [9.125, 5.375, 8],
			"to": [9.25, 5.625, 8.125],
			"faces": {
				"north": {"uv": [9, 10.375, 8.875, 10.625], "texture": "#0"},
				"east": {"uv": [8.875, 10.375, 9, 10.625], "texture": "#0"},
				"south": {"uv": [8.875, 10.375, 9, 10.625], "texture": "#0"},
				"west": {"uv": [8.875, 10.375, 9, 10.625], "texture": "#0"},
				"up": {"uv": [8.875, 10.375, 9, 10.5], "texture": "#0"},
				"down": {"uv": [8.875, 10.5, 9, 10.625], "texture": "#0"}
			}
		},
		{
			"name": "death_name_sword_121",
			"from": [7.875, 5.375, 7.85],
			"to": [8.25, 5.625, 8.275],
			"faces": {
				"north": {"uv": [14, 10.375, 13.625, 10.625], "texture": "#0"},
				"east": {"uv": [13.875, 10.375, 14, 10.625], "texture": "#0"},
				"south": {"uv": [13.625, 10.375, 14, 10.625], "texture": "#0"},
				"west": {"uv": [13.625, 10.375, 13.75, 10.625], "texture": "#0"},
				"up": {"uv": [13.625, 10.375, 14, 10.5], "texture": "#0"}
			}
		},
		{
			"name": "death_name_sword_122",
			"from": [7.625, 5.375, 7.9],
			"to": [7.875, 5.5, 8.225],
			"faces": {
				"north": {"uv": [7.625, 10.5, 7.375, 10.625], "texture": "#0"},
				"south": {"uv": [7.375, 10.5, 7.625, 10.625], "texture": "#0"},
				"west": {"uv": [7.375, 10.5, 7.5, 10.625], "texture": "#0"}
			}
		},
		{
			"name": "death_name_sword_123",
			"from": [8.25, 5.375, 7.9],
			"to": [8.5, 5.5, 8.225],
			"faces": {
				"north": {"uv": [8.25, 10.5, 8, 10.625], "texture": "#0"},
				"east": {"uv": [8.125, 10.5, 8.25, 10.625], "texture": "#0"},
				"south": {"uv": [8, 10.5, 8.25, 10.625], "texture": "#0"}
			}
		},
		{
			"name": "death_name_sword_124",
			"from": [7, 5.25, 8],
			"to": [7.25, 5.375, 8.125],
			"faces": {
				"north": {"uv": [7, 10.625, 6.75, 10.75], "texture": "#0"},
				"east": {"uv": [6.875, 10.625, 7, 10.75], "texture": "#0"},
				"south": {"uv": [6.75, 10.625, 7, 10.75], "texture": "#0"},
				"west": {"uv": [6.75, 10.625, 6.875, 10.75], "texture": "#0"},
				"up": {"uv": [6.75, 10.625, 7, 10.75], "texture": "#0"},
				"down": {"uv": [6.75, 10.625, 7, 10.75], "texture": "#0"}
			}
		},
		{
			"name": "death_name_sword_125",
			"from": [8.875, 5.25, 8],
			"to": [9.125, 5.375, 8.125],
			"faces": {
				"north": {"uv": [8.875, 10.625, 8.625, 10.75], "texture": "#0"},
				"east": {"uv": [8.75, 10.625, 8.875, 10.75], "texture": "#0"},
				"south": {"uv": [8.625, 10.625, 8.875, 10.75], "texture": "#0"},
				"west": {"uv": [8.625, 10.625, 8.75, 10.75], "texture": "#0"},
				"up": {"uv": [8.625, 10.625, 8.875, 10.75], "texture": "#0"},
				"down": {"uv": [8.625, 10.625, 8.875, 10.75], "texture": "#0"}
			}
		},
		{
			"name": "death_name_sword_126",
			"from": [7.625, 5, 7.8],
			"to": [8.5, 5.375, 8.325],
			"faces": {
				"north": {"uv": [10.25, 10.625, 9.375, 11], "texture": "#0"},
				"east": {"uv": [10.125, 10.625, 10.25, 11], "texture": "#0"},
				"south": {"uv": [9.375, 10.625, 10.25, 11], "texture": "#0"},
				"west": {"uv": [9.375, 10.625, 9.5, 11], "texture": "#0"},
				"up": {"uv": [9.375, 10.625, 10.25, 10.75], "texture": "#0"},
				"down": {"uv": [9.375, 10.875, 10.25, 11], "texture": "#0"}
			}
		},
		{
			"name": "death_name_sword_127",
			"from": [7.25, 5.125, 8],
			"to": [7.625, 5.25, 8.125],
			"faces": {
				"north": {"uv": [7.375, 10.75, 7, 10.875], "texture": "#0"},
				"south": {"uv": [7, 10.75, 7.375, 10.875], "texture": "#0"},
				"west": {"uv": [7, 10.75, 7.125, 10.875], "texture": "#0"},
				"up": {"uv": [7, 10.75, 7.375, 10.875], "texture": "#0"},
				"down": {"uv": [7, 10.75, 7.375, 10.875], "texture": "#0"}
			}
		},
		{
			"name": "death_name_sword_128",
			"from": [8.5, 5.125, 8],
			"to": [8.875, 5.25, 8.125],
			"faces": {
				"north": {"uv": [8.625, 10.75, 8.25, 10.875], "texture": "#0"},
				"east": {"uv": [8.5, 10.75, 8.625, 10.875], "texture": "#0"},
				"south": {"uv": [8.25, 10.75, 8.625, 10.875], "texture": "#0"},
				"up": {"uv": [8.25, 10.75, 8.625, 10.875], "texture": "#0"},
				"down": {"uv": [8.25, 10.75, 8.625, 10.875], "texture": "#0"}
			}
		},
		{
			"name": "death_name_sword_129",
			"from": [7.5, 4.75, 7.8],
			"to": [7.625, 5.125, 8.325],
			"faces": {
				"north": {"uv": [9.375, 10.875, 9.25, 11.25], "texture": "#0"},
				"south": {"uv": [9.25, 10.875, 9.375, 11.25], "texture": "#0"},
				"west": {"uv": [9.25, 10.875, 9.375, 11.25], "texture": "#0"},
				"up": {"uv": [9.25, 10.875, 9.375, 11], "texture": "#0"},
				"down": {"uv": [9.25, 11.125, 9.375, 11.25], "texture": "#0"}
			}
		},
		{
			"name": "death_name_sword_130",
			"from": [8.5, 4.75, 7.8],
			"to": [8.625, 5.125, 8.325],
			"faces": {
				"north": {"uv": [10.375, 10.875, 10.25, 11.25], "texture": "#0"},
				"east": {"uv": [10.25, 10.875, 10.375, 11.25], "texture": "#0"},
				"south": {"uv": [10.25, 10.875, 10.375, 11.25], "texture": "#0"},
				"up": {"uv": [10.25, 10.875, 10.375, 11], "texture": "#0"},
				"down": {"uv": [10.25, 11.125, 10.375, 11.25], "texture": "#0"}
			}
		},
		{
			"name": "death_name_sword_131",
			"from": [7.875, 4.625, 7.9],
			"to": [8.25, 5, 8.225],
			"faces": {
				"north": {"uv": [8, 11, 7.625, 11.375], "texture": "#0"},
				"east": {"uv": [7.875, 11, 8, 11.375], "texture": "#0"},
				"south": {"uv": [7.625, 11, 8, 11.375], "texture": "#0"},
				"west": {"uv": [7.625, 11, 7.75, 11.375], "texture": "#0"}
			}
		},
		{
			"name": "death_name_sword_132",
			"from": [7.625, 4.875, 7.8],
			"to": [7.875, 5, 8.325],
			"faces": {
				"north": {"uv": [9.625, 11, 9.375, 11.125], "texture": "#0"},
				"east": {"uv": [9.5, 11, 9.625, 11.125], "texture": "#0"},
				"south": {"uv": [9.375, 11, 9.625, 11.125], "texture": "#0"},
				"down": {"uv": [9.375, 11, 9.625, 11.125], "texture": "#0"}
			}
		},
		{
			"name": "death_name_sword_133",
			"from": [8.25, 4.875, 7.8],
			"to": [8.5, 5, 8.325],
			"faces": {
				"north": {"uv": [10.25, 11, 10, 11.125], "texture": "#0"},
				"south": {"uv": [10, 11, 10.25, 11.125], "texture": "#0"},
				"west": {"uv": [10, 11, 10.125, 11.125], "texture": "#0"},
				"down": {"uv": [10, 11, 10.25, 11.125], "texture": "#0"}
			}
		},
		{
			"name": "death_name_sword_134",
			"from": [7.625, 4.75, 7.8],
			"to": [7.75, 4.875, 8.325],
			"faces": {
				"north": {"uv": [9.5, 11.125, 9.375, 11.25], "texture": "#0"},
				"east": {"uv": [9.375, 11.125, 9.5, 11.25], "texture": "#0"},
				"south": {"uv": [9.375, 11.125, 9.5, 11.25], "texture": "#0"},
				"down": {"uv": [9.375, 11.125, 9.5, 11.25], "texture": "#0"}
			}
		},
		{
			"name": "death_name_sword_135",
			"from": [8.375, 4.75, 7.8],
			"to": [8.5, 4.875, 8.325],
			"faces": {
				"north": {"uv": [10.25, 11.125, 10.125, 11.25], "texture": "#0"},
				"south": {"uv": [10.125, 11.125, 10.25, 11.25], "texture": "#0"},
				"west": {"uv": [10.125, 11.125, 10.25, 11.25], "texture": "#0"},
				"down": {"uv": [10.125, 11.125, 10.25, 11.25], "texture": "#0"}
			}
		},
		{
			"name": "death_name_sword_136",
			"from": [7.75, 4.375, 7.8],
			"to": [8.375, 4.625, 8.325],
			"faces": {
				"north": {"uv": [8.875, 11.375, 8.25, 11.625], "texture": "#0"},
				"east": {"uv": [8.75, 11.375, 8.875, 11.625], "texture": "#0"},
				"south": {"uv": [8.25, 11.375, 8.875, 11.625], "texture": "#0"},
				"west": {"uv": [8.25, 11.375, 8.375, 11.625], "texture": "#0"},
				"up": {"uv": [8.25, 11.375, 8.875, 11.5], "texture": "#0"},
				"down": {"uv": [8.25, 11.5, 8.875, 11.625], "texture": "#0"}
			}
		},
		{
			"name": "death_name_sword_137",
			"from": [7.875, 2.25, 7.9],
			"to": [8.25, 4.375, 8.225],
			"faces": {
				"north": {"uv": [8, 11.625, 7.625, 13.75], "texture": "#0"},
				"east": {"uv": [7.875, 11.625, 8, 13.75], "texture": "#0"},
				"south": {"uv": [7.625, 11.625, 8, 13.75], "texture": "#0"},
				"west": {"uv": [7.625, 11.625, 7.75, 13.75], "texture": "#0"}
			}
		},
		{
			"name": "death_name_sword_138",
			"from": [8, 1.125, 8],
			"to": [8.125, 1.625, 8.125],
			"faces": {
				"north": {"uv": [6.625, 13.625, 6.5, 14.125], "texture": "#0"},
				"south": {"uv": [6.5, 13.625, 6.625, 14.125], "texture": "#0"}
			}
		},
		{
			"name": "death_name_sword_139",
			"from": [7.875, 1.25, 8],
			"to": [8, 1.5, 8.125],
			"faces": {
				"north": {"uv": [6.5, 13.75, 6.375, 14], "texture": "#0"},
				"south": {"uv": [6.375, 13.75, 6.5, 14], "texture": "#0"}
			}
		},
		{
			"name": "death_name_sword_140",
			"from": [8.125, 1.25, 8],
			"to": [8.25, 1.5, 8.125],
			"faces": {
				"north": {"uv": [6.75, 13.75, 6.625, 14], "texture": "#0"},
				"south": {"uv": [6.625, 13.75, 6.75, 14], "texture": "#0"}
			}
		},
		{
			"name": "death_name_sword_141",
			"from": [7.75, 2, 7.8],
			"to": [8.375, 2.25, 8.325],
			"faces": {
				"north": {"uv": [8.875, 13.75, 8.25, 14], "texture": "#0"},
				"east": {"uv": [8.75, 13.75, 8.875, 14], "texture": "#0"},
				"south": {"uv": [8.25, 13.75, 8.875, 14], "texture": "#0"},
				"west": {"uv": [8.25, 13.75, 8.375, 14], "texture": "#0"},
				"up": {"uv": [8.25, 13.75, 8.875, 13.875], "texture": "#0"},
				"down": {"uv": [8.25, 13.875, 8.875, 14], "texture": "#0"}
			}
		},
		{
			"name": "death_name_sword_142",
			"from": [7.875, 1.625, 7.9],
			"to": [8.25, 2, 8.225],
			"faces": {
				"north": {"uv": [8, 14, 7.625, 14.375], "texture": "#0"},
				"east": {"uv": [7.875, 14, 8, 14.375], "texture": "#0"},
				"south": {"uv": [7.625, 14, 8, 14.375], "texture": "#0"},
				"west": {"uv": [7.625, 14, 7.75, 14.375], "texture": "#0"},
				"down": {"uv": [7.625, 14.25, 8, 14.375], "texture": "#0"}
			}
		},
		{
			"name": "death_name_sword_143",
			"from": [7.625, 1.25, 7.85],
			"to": [7.75, 1.875, 8.275],
			"faces": {
				"north": {"uv": [6.25, 14.125, 6.125, 14.75], "texture": "#0"},
				"east": {"uv": [6.125, 14.125, 6.25, 14.75], "texture": "#0"},
				"south": {"uv": [6.125, 14.125, 6.25, 14.75], "texture": "#0"},
				"west": {"uv": [6.125, 14.125, 6.25, 14.75], "texture": "#0"},
				"up": {"uv": [6.125, 14.125, 6.25, 14.25], "texture": "#0"},
				"down": {"uv": [6.125, 14.625, 6.25, 14.75], "texture": "#0"}
			}
		},
		{
			"name": "death_name_sword_144",
			"from": [8.375, 1.25, 7.85],
			"to": [8.5, 1.875, 8.275],
			"faces": {
				"north": {"uv": [7, 14.125, 6.875, 14.75], "texture": "#0"},
				"east": {"uv": [6.875, 14.125, 7, 14.75], "texture": "#0"},
				"south": {"uv": [6.875, 14.125, 7, 14.75], "texture": "#0"},
				"west": {"uv": [6.875, 14.125, 7, 14.75], "texture": "#0"},
				"up": {"uv": [6.875, 14.125, 7, 14.25], "texture": "#0"},
				"down": {"uv": [6.875, 14.625, 7, 14.75], "texture": "#0"}
			}
		},
		{
			"name": "death_name_sword_145",
			"from": [7.5, 1.375, 7.9],
			"to": [7.625, 1.75, 8.225],
			"faces": {
				"north": {"uv": [6.125, 14.25, 6, 14.625], "texture": "#0"},
				"south": {"uv": [6, 14.25, 6.125, 14.625], "texture": "#0"},
				"west": {"uv": [6, 14.25, 6.125, 14.625], "texture": "#0"},
				"up": {"uv": [6, 14.25, 6.125, 14.375], "texture": "#0"},
				"down": {"uv": [6, 14.5, 6.125, 14.625], "texture": "#0"}
			}
		},
		{
			"name": "death_name_sword_146",
			"from": [8.5, 1.375, 7.9],
			"to": [8.625, 1.75, 8.225],
			"faces": {
				"north": {"uv": [7.125, 14.25, 7, 14.625], "texture": "#0"},
				"east": {"uv": [7, 14.25, 7.125, 14.625], "texture": "#0"},
				"south": {"uv": [7, 14.25, 7.125, 14.625], "texture": "#0"},
				"up": {"uv": [7, 14.25, 7.125, 14.375], "texture": "#0"},
				"down": {"uv": [7, 14.5, 7.125, 14.625], "texture": "#0"}
			}
		},
		{
			"name": "death_name_sword_147",
			"from": [7.375, 1.25, 7.95],
			"to": [7.5, 1.625, 8.175],
			"faces": {
				"north": {"uv": [6, 14.375, 5.875, 14.75], "texture": "#0"},
				"east": {"uv": [5.875, 14.375, 6, 14.75], "texture": "#0"},
				"south": {"uv": [5.875, 14.375, 6, 14.75], "texture": "#0"},
				"west": {"uv": [5.875, 14.375, 6, 14.75], "texture": "#0"},
				"up": {"uv": [5.875, 14.375, 6, 14.5], "texture": "#0"},
				"down": {"uv": [5.875, 14.625, 6, 14.75], "texture": "#0"}
			}
		},
		{
			"name": "death_name_sword_148",
			"from": [7.75, 1.5, 7.85],
			"to": [8, 1.625, 8.275],
			"faces": {
				"north": {"uv": [6.5, 14.375, 6.25, 14.5], "texture": "#0"},
				"east": {"uv": [6.375, 14.375, 6.5, 14.5], "texture": "#0"},
				"south": {"uv": [6.25, 14.375, 6.5, 14.5], "texture": "#0"},
				"up": {"uv": [6.25, 14.375, 6.5, 14.5], "texture": "#0"},
				"down": {"uv": [6.25, 14.375, 6.5, 14.5], "texture": "#0"}
			}
		},
		{
			"name": "death_name_sword_149",
			"from": [8.125, 1.5, 7.85],
			"to": [8.375, 1.625, 8.275],
			"faces": {
				"north": {"uv": [6.875, 14.375, 6.625, 14.5], "texture": "#0"},
				"south": {"uv": [6.625, 14.375, 6.875, 14.5], "texture": "#0"},
				"west": {"uv": [6.625, 14.375, 6.75, 14.5], "texture": "#0"},
				"up": {"uv": [6.625, 14.375, 6.875, 14.5], "texture": "#0"},
				"down": {"uv": [6.625, 14.375, 6.875, 14.5], "texture": "#0"}
			}
		},
		{
			"name": "death_name_sword_150",
			"from": [8.625, 1.25, 7.95],
			"to": [8.75, 1.625, 8.175],
			"faces": {
				"north": {"uv": [7.25, 14.375, 7.125, 14.75], "texture": "#0"},
				"east": {"uv": [7.125, 14.375, 7.25, 14.75], "texture": "#0"},
				"south": {"uv": [7.125, 14.375, 7.25, 14.75], "texture": "#0"},
				"west": {"uv": [7.125, 14.375, 7.25, 14.75], "texture": "#0"},
				"up": {"uv": [7.125, 14.375, 7.25, 14.5], "texture": "#0"},
				"down": {"uv": [7.125, 14.625, 7.25, 14.75], "texture": "#0"}
			}
		},
		{
			"name": "death_name_sword_151",
			"from": [7.75, 1.125, 7.85],
			"to": [7.875, 1.5, 8.275],
			"faces": {
				"north": {"uv": [6.375, 14.5, 6.25, 14.875], "texture": "#0"},
				"east": {"uv": [6.25, 14.5, 6.375, 14.875], "texture": "#0"},
				"south": {"uv": [6.25, 14.5, 6.375, 14.875], "texture": "#0"},
				"west": {"uv": [6.25, 14.5, 6.375, 14.875], "texture": "#0"},
				"down": {"uv": [6.25, 14.75, 6.375, 14.875], "texture": "#0"}
			}
		},
		{
			"name": "death_name_sword_152",
			"from": [8.25, 1.125, 7.85],
			"to": [8.375, 1.5, 8.275],
			"faces": {
				"north": {"uv": [6.875, 14.5, 6.75, 14.875], "texture": "#0"},
				"east": {"uv": [6.75, 14.5, 6.875, 14.875], "texture": "#0"},
				"south": {"uv": [6.75, 14.5, 6.875, 14.875], "texture": "#0"},
				"west": {"uv": [6.75, 14.5, 6.875, 14.875], "texture": "#0"},
				"down": {"uv": [6.75, 14.75, 6.875, 14.875], "texture": "#0"}
			}
		},
		{
			"name": "death_name_sword_153",
			"from": [7.875, 0.75, 7.85],
			"to": [8, 1.25, 8.275],
			"faces": {
				"north": {"uv": [6.5, 14.75, 6.375, 15.25], "texture": "#0"},
				"east": {"uv": [6.375, 14.75, 6.5, 15.25], "texture": "#0"},
				"south": {"uv": [6.375, 14.75, 6.5, 15.25], "texture": "#0"},
				"west": {"uv": [6.375, 14.75, 6.5, 15.25], "texture": "#0"},
				"up": {"uv": [6.375, 14.75, 6.5, 14.875], "texture": "#0"},
				"down": {"uv": [6.375, 15.125, 6.5, 15.25], "texture": "#0"}
			}
		},
		{
			"name": "death_name_sword_154",
			"from": [8.125, 0.75, 7.85],
			"to": [8.25, 1.25, 8.275],
			"faces": {
				"north": {"uv": [6.75, 14.75, 6.625, 15.25], "texture": "#0"},
				"east": {"uv": [6.625, 14.75, 6.75, 15.25], "texture": "#0"},
				"south": {"uv": [6.625, 14.75, 6.75, 15.25], "texture": "#0"},
				"west": {"uv": [6.625, 14.75, 6.75, 15.25], "texture": "#0"},
				"up": {"uv": [6.625, 14.75, 6.75, 14.875], "texture": "#0"},
				"down": {"uv": [6.625, 15.125, 6.75, 15.25], "texture": "#0"}
			}
		},
		{
			"name": "death_name_sword_155",
			"from": [8, 0.75, 7.85],
			"to": [8.125, 1.125, 8.275],
			"faces": {
				"north": {"uv": [6.625, 14.875, 6.5, 15.25], "texture": "#0"},
				"south": {"uv": [6.5, 14.875, 6.625, 15.25], "texture": "#0"},
				"up": {"uv": [6.5, 14.875, 6.625, 15], "texture": "#0"},
				"down": {"uv": [6.5, 15.125, 6.625, 15.25], "texture": "#0"}
			}
		},
		{
			"name": "death_name_sword_156",
			"from": [7.625, 0.5, 8],
			"to": [7.75, 0.75, 8.125],
			"faces": {
				"north": {"uv": [6.25, 15.5, 6.125, 15.75], "texture": "#0"},
				"east": {"uv": [6.125, 15.5, 6.25, 15.75], "texture": "#0"},
				"south": {"uv": [6.125, 15.5, 6.25, 15.75], "texture": "#0"},
				"west": {"uv": [6.125, 15.5, 6.25, 15.75], "texture": "#0"},
				"up": {"uv": [6.125, 15.5, 6.25, 15.625], "texture": "#0"},
				"down": {"uv": [6.125, 15.625, 6.25, 15.75], "texture": "#0"}
			}
		},
		{
			"name": "death_name_sword_157",
			"from": [8, 0.375, 8],
			"to": [8.125, 0.75, 8.125],
			"faces": {
				"north": {"uv": [6.625, 15.5, 6.5, 15.875], "texture": "#0"},
				"east": {"uv": [6.5, 15.5, 6.625, 15.875], "texture": "#0"},
				"south": {"uv": [6.5, 15.5, 6.625, 15.875], "texture": "#0"},
				"west": {"uv": [6.5, 15.5, 6.625, 15.875], "texture": "#0"},
				"down": {"uv": [6.5, 15.75, 6.625, 15.875], "texture": "#0"}
			}
		},
		{
			"name": "death_name_sword_158",
			"from": [8.375, 0.5, 8],
			"to": [8.5, 0.75, 8.125],
			"faces": {
				"north": {"uv": [7, 15.5, 6.875, 15.75], "texture": "#0"},
				"east": {"uv": [6.875, 15.5, 7, 15.75], "texture": "#0"},
				"south": {"uv": [6.875, 15.5, 7, 15.75], "texture": "#0"},
				"west": {"uv": [6.875, 15.5, 7, 15.75], "texture": "#0"},
				"up": {"uv": [6.875, 15.5, 7, 15.625], "texture": "#0"},
				"down": {"uv": [6.875, 15.625, 7, 15.75], "texture": "#0"}
			}
		},
		{
			"name": "death_name_sword_159",
			"from": [7.75, 0.5, 8],
			"to": [8, 0.625, 8.125],
			"faces": {
				"north": {"uv": [6.5, 15.625, 6.25, 15.75], "texture": "#0"},
				"south": {"uv": [6.25, 15.625, 6.5, 15.75], "texture": "#0"},
				"up": {"uv": [6.25, 15.625, 6.5, 15.75], "texture": "#0"},
				"down": {"uv": [6.25, 15.625, 6.5, 15.75], "texture": "#0"}
			}
		},
		{
			"name": "death_name_sword_160",
			"from": [8.125, 0.5, 8],
			"to": [8.375, 0.625, 8.125],
			"faces": {
				"north": {"uv": [6.875, 15.625, 6.625, 15.75], "texture": "#0"},
				"south": {"uv": [6.625, 15.625, 6.875, 15.75], "texture": "#0"},
				"up": {"uv": [6.625, 15.625, 6.875, 15.75], "texture": "#0"},
				"down": {"uv": [6.625, 15.625, 6.875, 15.75], "texture": "#0"}
			}
		},
		{
			"name": "death_name_sword_161",
			"from": [7.875, 0.375, 8],
			"to": [8, 0.5, 8.125],
			"faces": {
				"north": {"uv": [6.5, 15.75, 6.375, 15.875], "texture": "#0"},
				"south": {"uv": [6.375, 15.75, 6.5, 15.875], "texture": "#0"},
				"west": {"uv": [6.375, 15.75, 6.5, 15.875], "texture": "#0"},
				"down": {"uv": [6.375, 15.75, 6.5, 15.875], "texture": "#0"}
			}
		},
		{
			"name": "death_name_sword_162",
			"from": [8.125, 0.375, 8],
			"to": [8.25, 0.5, 8.125],
			"faces": {
				"north": {"uv": [6.75, 15.75, 6.625, 15.875], "texture": "#0"},
				"east": {"uv": [6.625, 15.75, 6.75, 15.875], "texture": "#0"},
				"south": {"uv": [6.625, 15.75, 6.75, 15.875], "texture": "#0"},
				"down": {"uv": [6.625, 15.75, 6.75, 15.875], "texture": "#0"}
			}
		}
	],
	"gui_light": "front",
	"display": {
		"thirdperson_righthand": {
			"rotation": [0, -90, 0],
			"translation": [0, 9.5, 1.25],
			"scale": [2.5, 2.5, 2.5]
		},
		"thirdperson_lefthand": {
			"rotation": [0, -90, 0],
			"translation": [0, 9.25, 1.25],
			"scale": [2.5, 2.5, 2.5]
		},
		"firstperson_righthand": {
			"rotation": [-4, -90, -8],
			"translation": [2.5, 7, -0.25],
			"scale": [2, 2, 2]
		},
		"firstperson_lefthand": {
			"rotation": [9, 90, -8],
			"translation": [1.75, 6.75, -0.5],
			"scale": [2, 2, 2]
		},
		"ground": {
			"translation": [0, 7.75, 0],
			"scale": [2, 2, 2]
		},
		"gui": {
			"rotation": [0, 0, -42],
			"translation": [-0.25, -0.25, 0],
			"scale": [1.75, 1.75, 1.75]
		},
		"head": {
			"rotation": [0, 0, -132],
			"translation": [-2.25, -13, 3.5],
			"scale": [3.5, 3.5, 3.5]
		},
		"fixed": {
			"rotation": [-180, 0, 138],
			"translation": [-1.25, 1.75, 0.25],
			"scale": [4, 4, 3]
		}
	},
	"groups": [
		{
			"name": "death_name_sword",
			"origin": [8, 8, 8],
			"color": 0,
			"nbt": "{}",
			"children": [
				0,
				1,
				2,
				3,
				4,
				5,
				6,
				7,
				8,
				9,
				10,
				11,
				12,
				13,
				14,
				15,
				16,
				17,
				18,
				19,
				20,
				21,
				22,
				23,
				24,
				25,
				26,
				27,
				28,
				29,
				30,
				31,
				32,
				33,
				34,
				35,
				36,
				37,
				38,
				39,
				40,
				41,
				42,
				43,
				44,
				45,
				46,
				47,
				48,
				49,
				50,
				51,
				52,
				53,
				54,
				55,
				56,
				57,
				58,
				59,
				60,
				61,
				62,
				63,
				64,
				65,
				66,
				67,
				68,
				69,
				70,
				71,
				72,
				73,
				74,
				75,
				76,
				77,
				78,
				79,
				80,
				81,
				82,
				83,
				84,
				85,
				86,
				87,
				88,
				89,
				90,
				91,
				92,
				93,
				94,
				95,
				96,
				97,
				98,
				99,
				100,
				101,
				102,
				103,
				104,
				105,
				106,
				107,
				108,
				109,
				110,
				111,
				112,
				113,
				114,
				115,
				116,
				117,
				118,
				119,
				120,
				121,
				122,
				123,
				124,
				125,
				126,
				127,
				128,
				129,
				130,
				131,
				132,
				133,
				134,
				135,
				136,
				137,
				138,
				139,
				140,
				141,
				142,
				143,
				144,
				145,
				146,
				147,
				148,
				149,
				150,
				151,
				152,
				153,
				154,
				155,
				156,
				157,
				158,
				159,
				160,
				161,
				162
			]
		}
	]
}