{
	"credit": "Made with Blockbench",
	"textures": {
		"0": "item/diamond_sword/demigods_unholy_blade",
		"1": "item/diamond_sword/red_particle_finished",
		"particle": "item/diamond_sword/demigods_unholy_blade"
	},
	"elements": [
		{
			"name": "demigods_unholy_blade_0",
			"from": [7.75, 11.5, 7.9],
			"to": [7.875, 12.625, 8.025],
			"faces": {
				"north": {"uv": [7.875, 3.375, 7.75, 4.5], "texture": "#0"},
				"east": {"uv": [7.75, 3.375, 7.875, 4.5], "texture": "#0"},
				"south": {"uv": [7.75, 3.375, 7.875, 4.5], "texture": "#0"},
				"west": {"uv": [7.75, 3.375, 7.875, 4.5], "texture": "#0"},
				"up": {"uv": [7.75, 3.375, 7.875, 3.5], "texture": "#0"},
				"down": {"uv": [7.75, 4.375, 7.875, 4.5], "texture": "#0"}
			}
		},
		{
			"name": "demigods_unholy_blade_1",
			"from": [7.625, 5.875, 7.9],
			"to": [7.75, 12.5, 8.025],
			"faces": {
				"north": {"uv": [7.75, 3.5, 7.625, 10.125], "texture": "#0"},
				"east": {"uv": [7.625, 3.5, 7.75, 10.125], "texture": "#0"},
				"south": {"uv": [7.625, 3.5, 7.75, 10.125], "texture": "#0"},
				"west": {"uv": [7.625, 3.5, 7.75, 10.125], "texture": "#0"},
				"up": {"uv": [7.625, 3.5, 7.75, 3.625], "texture": "#0"},
				"down": {"uv": [7.625, 10, 7.75, 10.125], "texture": "#0"}
			}
		},
		{
			"name": "demigods_unholy_blade_2",
			"from": [7.875, 5.875, 7.9],
			"to": [8, 12.5, 8.025],
			"faces": {
				"north": {"uv": [8, 3.5, 7.875, 10.125], "texture": "#0"},
				"east": {"uv": [7.875, 3.5, 8, 10.125], "texture": "#0"},
				"south": {"uv": [7.875, 3.5, 8, 10.125], "texture": "#0"},
				"west": {"uv": [7.875, 3.5, 8, 10.125], "texture": "#0"},
				"up": {"uv": [7.875, 3.5, 8, 3.625], "texture": "#0"},
				"down": {"uv": [7.875, 10, 8, 10.125], "texture": "#0"}
			}
		},
		{
			"name": "demigods_unholy_blade_3",
			"from": [7.75, 5.375, 7.85],
			"to": [7.875, 11.5, 8.075],
			"faces": {
				"north": {"uv": [7.125, 4.5, 7, 10.625], "texture": "#0"},
				"east": {"uv": [7, 4.5, 7.125, 10.625], "texture": "#0"},
				"south": {"uv": [7, 4.5, 7.125, 10.625], "texture": "#0"},
				"west": {"uv": [7, 4.5, 7.125, 10.625], "texture": "#0"},
				"up": {"uv": [7, 4.5, 7.125, 4.625], "texture": "#0"},
				"down": {"uv": [7, 10.5, 7.125, 10.625], "texture": "#0"}
			}
		},
		{
			"name": "demigods_unholy_blade_4",
			"from": [7.5, 5.875, 7.9],
			"to": [7.625, 6.375, 8.025],
			"faces": {
				"north": {"uv": [7.625, 9.625, 7.5, 10.125], "texture": "#0"},
				"east": {"uv": [7.5, 9.625, 7.625, 10.125], "texture": "#0"},
				"south": {"uv": [7.5, 9.625, 7.625, 10.125], "texture": "#0"},
				"west": {"uv": [7.5, 9.625, 7.625, 10.125], "texture": "#0"},
				"up": {"uv": [7.5, 9.625, 7.625, 9.75], "texture": "#0"},
				"down": {"uv": [7.5, 10, 7.625, 10.125], "texture": "#0"}
			}
		},
		{
			"name": "demigods_unholy_blade_5",
			"from": [8, 5.875, 7.9],
			"to": [8.125, 6.375, 8.025],
			"faces": {
				"north": {"uv": [8.125, 9.625, 8, 10.125], "texture": "#0"},
				"east": {"uv": [8, 9.625, 8.125, 10.125], "texture": "#0"},
				"south": {"uv": [8, 9.625, 8.125, 10.125], "texture": "#0"},
				"west": {"uv": [8, 9.625, 8.125, 10.125], "texture": "#0"},
				"up": {"uv": [8, 9.625, 8.125, 9.75], "texture": "#0"},
				"down": {"uv": [8, 10, 8.125, 10.125], "texture": "#0"}
			}
		},
		{
			"name": "demigods_unholy_blade_6",
			"from": [7.375, 5.875, 7.9],
			"to": [7.5, 6, 8.025],
			"faces": {
				"north": {"uv": [7.5, 10, 7.375, 10.125], "texture": "#0"},
				"east": {"uv": [7.375, 10, 7.5, 10.125], "texture": "#0"},
				"south": {"uv": [7.375, 10, 7.5, 10.125], "texture": "#0"},
				"west": {"uv": [7.375, 10, 7.5, 10.125], "texture": "#0"},
				"up": {"uv": [7.375, 10, 7.5, 10.125], "texture": "#0"},
				"down": {"uv": [7.375, 10, 7.5, 10.125], "texture": "#0"}
			}
		},
		{
			"name": "demigods_unholy_blade_7",
			"from": [8.125, 5.875, 7.9],
			"to": [8.25, 6, 8.025],
			"faces": {
				"north": {"uv": [8.25, 10, 8.125, 10.125], "texture": "#0"},
				"east": {"uv": [8.125, 10, 8.25, 10.125], "texture": "#0"},
				"south": {"uv": [8.125, 10, 8.25, 10.125], "texture": "#0"},
				"west": {"uv": [8.125, 10, 8.25, 10.125], "texture": "#0"},
				"up": {"uv": [8.125, 10, 8.25, 10.125], "texture": "#0"},
				"down": {"uv": [8.125, 10, 8.25, 10.125], "texture": "#0"}
			}
		},
		{
			"name": "demigods_unholy_blade_8",
			"from": [7.5, 5.75, 7.85],
			"to": [7.75, 5.875, 8.075],
			"faces": {
				"north": {"uv": [7, 10.125, 6.75, 10.25], "texture": "#0"},
				"east": {"uv": [6.875, 10.125, 7, 10.25], "texture": "#0"},
				"south": {"uv": [6.75, 10.125, 7, 10.25], "texture": "#0"},
				"west": {"uv": [6.75, 10.125, 6.875, 10.25], "texture": "#0"},
				"up": {"uv": [6.75, 10.125, 7, 10.25], "texture": "#0"},
				"down": {"uv": [6.75, 10.125, 7, 10.25], "texture": "#0"}
			}
		},
		{
			"name": "demigods_unholy_blade_9",
			"from": [7.875, 5.75, 7.85],
			"to": [8.125, 5.875, 8.075],
			"faces": {
				"north": {"uv": [7.375, 10.125, 7.125, 10.25], "texture": "#0"},
				"east": {"uv": [7.25, 10.125, 7.375, 10.25], "texture": "#0"},
				"south": {"uv": [7.125, 10.125, 7.375, 10.25], "texture": "#0"},
				"west": {"uv": [7.125, 10.125, 7.25, 10.25], "texture": "#0"},
				"up": {"uv": [7.125, 10.125, 7.375, 10.25], "texture": "#0"},
				"down": {"uv": [7.125, 10.125, 7.375, 10.25], "texture": "#0"}
			}
		},
		{
			"name": "demigods_unholy_blade_10",
			"from": [7.625, 5.625, 7.9],
			"to": [7.75, 5.75, 8.025],
			"faces": {
				"north": {"uv": [7.75, 10.25, 7.625, 10.375], "texture": "#0"},
				"east": {"uv": [7.625, 10.25, 7.75, 10.375], "texture": "#0"},
				"south": {"uv": [7.625, 10.25, 7.75, 10.375], "texture": "#0"},
				"west": {"uv": [7.625, 10.25, 7.75, 10.375], "texture": "#0"},
				"up": {"uv": [7.625, 10.25, 7.75, 10.375], "texture": "#0"},
				"down": {"uv": [7.625, 10.25, 7.75, 10.375], "texture": "#0"}
			}
		},
		{
			"name": "demigods_unholy_blade_11",
			"from": [7.875, 5.625, 7.9],
			"to": [8, 5.75, 8.025],
			"faces": {
				"north": {"uv": [8, 10.25, 7.875, 10.375], "texture": "#0"},
				"east": {"uv": [7.875, 10.25, 8, 10.375], "texture": "#0"},
				"south": {"uv": [7.875, 10.25, 8, 10.375], "texture": "#0"},
				"west": {"uv": [7.875, 10.25, 8, 10.375], "texture": "#0"},
				"up": {"uv": [7.875, 10.25, 8, 10.375], "texture": "#0"},
				"down": {"uv": [7.875, 10.25, 8, 10.375], "texture": "#0"}
			}
		},
		{
			"name": "demigods_unholy_blade_12",
			"from": [7.5, 5.5, 7.85],
			"to": [7.75, 5.625, 8.075],
			"faces": {
				"north": {"uv": [7, 10.375, 6.75, 10.5], "texture": "#0"},
				"east": {"uv": [6.875, 10.375, 7, 10.5], "texture": "#0"},
				"south": {"uv": [6.75, 10.375, 7, 10.5], "texture": "#0"},
				"west": {"uv": [6.75, 10.375, 6.875, 10.5], "texture": "#0"},
				"up": {"uv": [6.75, 10.375, 7, 10.5], "texture": "#0"},
				"down": {"uv": [6.75, 10.375, 7, 10.5], "texture": "#0"}
			}
		},
		{
			"name": "demigods_unholy_blade_13",
			"from": [7.875, 5.5, 7.85],
			"to": [8.125, 5.625, 8.075],
			"faces": {
				"north": {"uv": [7.375, 10.375, 7.125, 10.5], "texture": "#0"},
				"east": {"uv": [7.25, 10.375, 7.375, 10.5], "texture": "#0"},
				"south": {"uv": [7.125, 10.375, 7.375, 10.5], "texture": "#0"},
				"west": {"uv": [7.125, 10.375, 7.25, 10.5], "texture": "#0"},
				"up": {"uv": [7.125, 10.375, 7.375, 10.5], "texture": "#0"},
				"down": {"uv": [7.125, 10.375, 7.375, 10.5], "texture": "#0"}
			}
		},
		{
			"name": "demigods_unholy_blade_14",
			"from": [7.625, 5.375, 7.9],
			"to": [7.75, 5.5, 8.025],
			"faces": {
				"north": {"uv": [7.75, 10.5, 7.625, 10.625], "texture": "#0"},
				"east": {"uv": [7.625, 10.5, 7.75, 10.625], "texture": "#0"},
				"south": {"uv": [7.625, 10.5, 7.75, 10.625], "texture": "#0"},
				"west": {"uv": [7.625, 10.5, 7.75, 10.625], "texture": "#0"},
				"up": {"uv": [7.625, 10.5, 7.75, 10.625], "texture": "#0"},
				"down": {"uv": [7.625, 10.5, 7.75, 10.625], "texture": "#0"}
			}
		},
		{
			"name": "demigods_unholy_blade_15",
			"from": [7.875, 5.375, 7.9],
			"to": [8, 5.5, 8.025],
			"faces": {
				"north": {"uv": [8, 10.5, 7.875, 10.625], "texture": "#0"},
				"east": {"uv": [7.875, 10.5, 8, 10.625], "texture": "#0"},
				"south": {"uv": [7.875, 10.5, 8, 10.625], "texture": "#0"},
				"west": {"uv": [7.875, 10.5, 8, 10.625], "texture": "#0"},
				"up": {"uv": [7.875, 10.5, 8, 10.625], "texture": "#0"},
				"down": {"uv": [7.875, 10.5, 8, 10.625], "texture": "#0"}
			}
		},
		{
			"name": "demigods_unholy_blade_16",
			"from": [6.875, 4.875, 7.8],
			"to": [7, 5.375, 8.125],
			"faces": {
				"north": {"uv": [6, 10.875, 5.875, 11.375], "texture": "#0"},
				"east": {"uv": [5.875, 10.875, 6, 11.375], "texture": "#0"},
				"south": {"uv": [5.875, 10.875, 6, 11.375], "texture": "#0"},
				"west": {"uv": [5.875, 10.875, 6, 11.375], "texture": "#0"},
				"up": {"uv": [5.875, 10.875, 6, 11], "texture": "#0"},
				"down": {"uv": [5.875, 11.25, 6, 11.375], "texture": "#0"}
			}
		},
		{
			"name": "demigods_unholy_blade_17",
			"from": [7.5, 4.875, 7.75],
			"to": [8.125, 5.375, 8.175],
			"faces": {
				"north": {"uv": [7.375, 10.875, 6.75, 11.375], "texture": "#0"},
				"east": {"uv": [7.25, 10.875, 7.375, 11.375], "texture": "#0"},
				"south": {"uv": [6.75, 10.875, 7.375, 11.375], "texture": "#0"},
				"west": {"uv": [6.75, 10.875, 6.875, 11.375], "texture": "#0"},
				"up": {"uv": [6.75, 10.875, 7.375, 11], "texture": "#0"},
				"down": {"uv": [6.75, 11.25, 7.375, 11.375], "texture": "#0"}
			}
		},
		{
			"name": "demigods_unholy_blade_18",
			"from": [8.625, 4.875, 7.8],
			"to": [8.75, 5.375, 8.125],
			"faces": {
				"north": {"uv": [8.25, 10.875, 8.125, 11.375], "texture": "#0"},
				"east": {"uv": [8.125, 10.875, 8.25, 11.375], "texture": "#0"},
				"south": {"uv": [8.125, 10.875, 8.25, 11.375], "texture": "#0"},
				"west": {"uv": [8.125, 10.875, 8.25, 11.375], "texture": "#0"},
				"up": {"uv": [8.125, 10.875, 8.25, 11], "texture": "#0"},
				"down": {"uv": [8.125, 11.25, 8.25, 11.375], "texture": "#0"}
			}
		},
		{
			"name": "demigods_unholy_blade_19",
			"from": [6.75, 5, 7.8],
			"to": [6.875, 5.25, 8.125],
			"faces": {
				"north": {"uv": [5.875, 11, 5.75, 11.25], "texture": "#0"},
				"east": {"uv": [5.75, 11, 5.875, 11.25], "texture": "#0"},
				"south": {"uv": [5.75, 11, 5.875, 11.25], "texture": "#0"},
				"west": {"uv": [5.75, 11, 5.875, 11.25], "texture": "#0"},
				"up": {"uv": [5.75, 11, 5.875, 11.125], "texture": "#0"},
				"down": {"uv": [5.75, 11.125, 5.875, 11.25], "texture": "#0"}
			}
		},
		{
			"name": "demigods_unholy_blade_20",
			"from": [7, 5, 7.8],
			"to": [7.5, 5.25, 8.125],
			"faces": {
				"north": {"uv": [6.5, 11, 6, 11.25], "texture": "#0"},
				"east": {"uv": [6.375, 11, 6.5, 11.25], "texture": "#0"},
				"south": {"uv": [6, 11, 6.5, 11.25], "texture": "#0"},
				"west": {"uv": [6, 11, 6.125, 11.25], "texture": "#0"},
				"up": {"uv": [6, 11, 6.5, 11.125], "texture": "#0"},
				"down": {"uv": [6, 11.125, 6.5, 11.25], "texture": "#0"}
			}
		},
		{
			"name": "demigods_unholy_blade_21",
			"from": [8.125, 5, 7.8],
			"to": [8.625, 5.25, 8.125],
			"faces": {
				"north": {"uv": [8.125, 11, 7.625, 11.25], "texture": "#0"},
				"east": {"uv": [8, 11, 8.125, 11.25], "texture": "#0"},
				"south": {"uv": [7.625, 11, 8.125, 11.25], "texture": "#0"},
				"west": {"uv": [7.625, 11, 7.75, 11.25], "texture": "#0"},
				"up": {"uv": [7.625, 11, 8.125, 11.125], "texture": "#0"},
				"down": {"uv": [7.625, 11.125, 8.125, 11.25], "texture": "#0"}
			}
		},
		{
			"name": "demigods_unholy_blade_22",
			"from": [8.75, 5, 7.8],
			"to": [8.875, 5.25, 8.125],
			"faces": {
				"north": {"uv": [8.375, 11, 8.25, 11.25], "texture": "#0"},
				"east": {"uv": [8.25, 11, 8.375, 11.25], "texture": "#0"},
				"south": {"uv": [8.25, 11, 8.375, 11.25], "texture": "#0"},
				"west": {"uv": [8.25, 11, 8.375, 11.25], "texture": "#0"},
				"up": {"uv": [8.25, 11, 8.375, 11.125], "texture": "#0"},
				"down": {"uv": [8.25, 11.125, 8.375, 11.25], "texture": "#0"}
			}
		},
		{
			"name": "demigods_unholy_blade_23",
			"from": [7.625, 4.625, 7.8],
			"to": [8, 4.875, 8.125],
			"faces": {
				"north": {"uv": [7.25, 11.625, 6.875, 11.875], "texture": "#0"},
				"east": {"uv": [7.125, 11.625, 7.25, 11.875], "texture": "#0"},
				"south": {"uv": [6.875, 11.625, 7.25, 11.875], "texture": "#0"},
				"west": {"uv": [6.875, 11.625, 7, 11.875], "texture": "#0"},
				"up": {"uv": [6.875, 11.625, 7.25, 11.75], "texture": "#0"},
				"down": {"uv": [6.875, 11.75, 7.25, 11.875], "texture": "#0"}
			}
		},
		{
			"name": "demigods_unholy_blade_24",
			"from": [7.5, 4.375, 7.75],
			"to": [8.125, 4.625, 8.175],
			"faces": {
				"north": {"uv": [8.125, 11.875, 7.5, 12.125], "texture": "#0"},
				"east": {"uv": [8, 11.875, 8.125, 12.125], "texture": "#0"},
				"south": {"uv": [7.5, 11.875, 8.125, 12.125], "texture": "#0"},
				"west": {"uv": [7.5, 11.875, 7.625, 12.125], "texture": "#0"},
				"up": {"uv": [7.5, 11.875, 8.125, 12], "texture": "#0"},
				"down": {"uv": [7.5, 12, 8.125, 12.125], "texture": "#0"}
			}
		},
		{
			"name": "demigods_unholy_blade_25",
			"from": [7.625, 2.25, 7.8],
			"to": [8, 4.375, 8.125],
			"faces": {
				"north": {"uv": [7.25, 12.125, 6.875, 14.25], "texture": "#0"},
				"east": {"uv": [7.25, 12.125, 6.875, 14.25], "texture": "#0"},
				"south": {"uv": [6.875, 12.125, 7.25, 14.25], "texture": "#0"},
				"west": {"uv": [7.25, 12.125, 6.875, 14.25], "texture": "#0"},
				"up": {"uv": [6.875, 12.125, 7.25, 12.25], "texture": "#0"},
				"down": {"uv": [6.875, 14.125, 7.25, 14.25], "texture": "#0"}
			}
		},
		{
			"name": "demigods_unholy_blade_26",
			"from": [7.5, 2, 7.7],
			"to": [8.125, 2.25, 8.225],
			"faces": {
				"north": {"uv": [7.375, 14.5, 6.75, 14.75], "texture": "#0"},
				"east": {"uv": [7.25, 14.5, 7.375, 14.75], "texture": "#0"},
				"south": {"uv": [6.75, 14.5, 7.375, 14.75], "texture": "#0"},
				"west": {"uv": [6.75, 14.5, 6.875, 14.75], "texture": "#0"},
				"up": {"uv": [6.75, 14.5, 7.375, 14.625], "texture": "#0"},
				"down": {"uv": [6.75, 14.625, 7.375, 14.75], "texture": "#0"}
			}
		},
		{
			"name": "demigods_unholy_blade_27",
			"from": [7.625, 1.75, 7.8],
			"to": [8, 2, 8.125],
			"faces": {
				"north": {"uv": [7.25, 15, 6.875, 15.25], "texture": "#0"},
				"east": {"uv": [7.125, 15, 7.25, 15.25], "texture": "#0"},
				"south": {"uv": [6.875, 15, 7.25, 15.25], "texture": "#0"},
				"west": {"uv": [6.875, 15, 7, 15.25], "texture": "#0"},
				"up": {"uv": [6.875, 15, 7.25, 15.125], "texture": "#0"},
				"down": {"uv": [6.875, 15.125, 7.25, 15.25], "texture": "#0"}
			}
		},
		{
			"name": "demigods_unholy_blade_28",
			"from": [7.75, 1.5, 7.9],
			"to": [7.875, 1.75, 8.025],
			"faces": {
				"north": {"uv": [7.125, 15.5, 7, 15.75], "texture": "#0"},
				"east": {"uv": [7, 15.5, 7.125, 15.75], "texture": "#0"},
				"south": {"uv": [7, 15.5, 7.125, 15.75], "texture": "#0"},
				"west": {"uv": [7, 15.5, 7.125, 15.75], "texture": "#0"},
				"up": {"uv": [7, 15.5, 7.125, 15.625], "texture": "#0"},
				"down": {"uv": [7, 15.625, 7.125, 15.75], "texture": "#0"}
			}
		},
		{
			"from": [1.3, 5.75, 9.9],
			"to": [4.3, 12.75, 9.9],
			"rotation": {"angle": 22.5, "axis": "y", "origin": [0, 0, 0]},
			"faces": {
				"north": {"uv": [8, 0, 16, 16], "texture": "#1"}
			}
		},
		{
			"from": [4, 5.75, 10.8],
			"to": [7, 12.75, 10.8],
			"rotation": {"angle": 22.5, "axis": "y", "origin": [0, 0, 0]},
			"faces": {
				"south": {"uv": [8, 0, 16, 16], "texture": "#1"}
			}
		},
		{
			"from": [7.5, 5.75, 4.8],
			"to": [10.5, 12.75, 4.8],
			"rotation": {"angle": -22.5, "axis": "y", "origin": [0, 0, 0]},
			"faces": {
				"south": {"uv": [0, 0, 8, 16], "texture": "#1"}
			}
		},
		{
			"from": [10, 5.75, 3.9],
			"to": [13, 12.75, 3.9],
			"rotation": {"angle": -22.5, "axis": "y", "origin": [0, 0, 0]},
			"faces": {
				"north": {"uv": [0, 0, 8, 16], "texture": "#1"}
			}
		}
	],
	"gui_light": "front",
	"display": {
		"thirdperson_righthand": {
			"rotation": [0, -90, 0],
			"translation": [0.25, 13, 2],
			"scale": [3.5, 3.5, 2.5]
		},
		"thirdperson_lefthand": {
			"rotation": [0, 90, 0],
			"translation": [0.25, 13, 1.5],
			"scale": [3.5, 3.5, 2.5]
		},
		"firstperson_righthand": {
			"rotation": [0, -90, -4],
			"translation": [0.75, 7.25, 1.5],
			"scale": [2, 2, 1.75]
		},
		"firstperson_lefthand": {
			"rotation": [0, 90, 1],
			"translation": [1.5, 6.75, 0.5],
			"scale": [2, 2, 1.75]
		},
		"ground": {
			"translation": [0, 12.5, 0],
			"scale": [3.75, 3.75, 2.5]
		},
		"gui": {
			"rotation": [0, 0, -42],
			"translation": [2, 1.5, 0],
			"scale": [2.5, 2.5, 1]
		},
		"fixed": {
			"rotation": [-180, 0, 138],
			"translation": [-1.25, 1.75, -0.75],
			"scale": [4, 4, 3]
		}
	},
	"groups": [
		{
			"name": "demigods_unholy_blade",
			"origin": [8, 8, 8],
			"color": 0,
			"children": [0, 1, 2, 3, 4, 5, 6, 7, 8, 9, 10, 11, 12, 13, 14, 15, 16, 17, 18, 19, 20, 21, 22, 23, 24, 25, 26, 27, 28]
		},
		29,
		30,
		31,
		32
	]
}