{
	"credit": "Made with Blockbench",
	"textures": {
		"0": "item/diamond_sword/divine_punisher",
		"particle": "item/diamond_sword/divine_punisher"
	},
	"elements": [
		{
			"name": "divine_punisher_0",
			"from": [8.375, 12.875, 8],
			"to": [8.5, 14.25, 8.125],
			"faces": {
				"north": {"uv": [8.5, 1.75, 8.375, 3.125], "texture": "#0"},
				"east": {"uv": [8.375, 1.75, 8.5, 3.125], "texture": "#0"},
				"south": {"uv": [8.375, 1.75, 8.5, 3.125], "texture": "#0"},
				"west": {"uv": [8.375, 1.75, 8.5, 3.125], "texture": "#0"},
				"up": {"uv": [8.375, 1.75, 8.5, 1.875], "texture": "#0"}
			}
		},
		{
			"name": "divine_punisher_1",
			"from": [8.25, 12.375, 8],
			"to": [8.375, 14, 8.125],
			"faces": {
				"north": {"uv": [8.375, 2, 8.25, 3.625], "texture": "#0"},
				"south": {"uv": [8.25, 2, 8.375, 3.625], "texture": "#0"},
				"west": {"uv": [8.25, 2, 8.375, 3.625], "texture": "#0"},
				"up": {"uv": [8.25, 2, 8.375, 2.125], "texture": "#0"}
			}
		},
		{
			"name": "divine_punisher_2",
			"from": [8.5, 12.375, 8],
			"to": [8.625, 14, 8.125],
			"faces": {
				"north": {"uv": [8.625, 2, 8.5, 3.625], "texture": "#0"},
				"east": {"uv": [8.5, 2, 8.625, 3.625], "texture": "#0"},
				"south": {"uv": [8.5, 2, 8.625, 3.625], "texture": "#0"},
				"up": {"uv": [8.5, 2, 8.625, 2.125], "texture": "#0"}
			}
		},
		{
			"name": "divine_punisher_3",
			"from": [8.125, 11.75, 8],
			"to": [8.25, 13.625, 8.125],
			"faces": {
				"north": {"uv": [8.25, 2.375, 8.125, 4.25], "texture": "#0"},
				"south": {"uv": [8.125, 2.375, 8.25, 4.25], "texture": "#0"},
				"west": {"uv": [8.125, 2.375, 8.25, 4.25], "texture": "#0"},
				"up": {"uv": [8.125, 2.375, 8.25, 2.5], "texture": "#0"}
			}
		},
		{
			"name": "divine_punisher_4",
			"from": [8.625, 11.75, 8],
			"to": [8.75, 13.625, 8.125],
			"faces": {
				"north": {"uv": [8.75, 2.375, 8.625, 4.25], "texture": "#0"},
				"east": {"uv": [8.625, 2.375, 8.75, 4.25], "texture": "#0"},
				"south": {"uv": [8.625, 2.375, 8.75, 4.25], "texture": "#0"},
				"up": {"uv": [8.625, 2.375, 8.75, 2.5], "texture": "#0"}
			}
		},
		{
			"name": "divine_punisher_5",
			"from": [8, 9.875, 8],
			"to": [8.125, 13.25, 8.125],
			"faces": {
				"north": {"uv": [8.125, 2.75, 8, 6.125], "texture": "#0"},
				"south": {"uv": [8, 2.75, 8.125, 6.125], "texture": "#0"},
				"west": {"uv": [8, 2.75, 8.125, 6.125], "texture": "#0"},
				"up": {"uv": [8, 2.75, 8.125, 2.875], "texture": "#0"},
				"down": {"uv": [8, 6, 8.125, 6.125], "texture": "#0"}
			}
		},
		{
			"name": "divine_punisher_6",
			"from": [8.75, 9.875, 8],
			"to": [8.875, 13.25, 8.125],
			"faces": {
				"north": {"uv": [8.875, 2.75, 8.75, 6.125], "texture": "#0"},
				"east": {"uv": [8.75, 2.75, 8.875, 6.125], "texture": "#0"},
				"south": {"uv": [8.75, 2.75, 8.875, 6.125], "texture": "#0"},
				"up": {"uv": [8.75, 2.75, 8.875, 2.875], "texture": "#0"},
				"down": {"uv": [8.75, 6, 8.875, 6.125], "texture": "#0"}
			}
		},
		{
			"name": "divine_punisher_7",
			"from": [8.375, 12.125, 7.95],
			"to": [8.5, 12.875, 8.175],
			"faces": {
				"north": {"uv": [10, 3.125, 9.875, 3.875], "texture": "#0"},
				"east": {"uv": [9.875, 3.125, 10, 3.875], "texture": "#0"},
				"south": {"uv": [9.875, 3.125, 10, 3.875], "texture": "#0"},
				"west": {"uv": [9.875, 3.125, 10, 3.875], "texture": "#0"},
				"up": {"uv": [9.875, 3.125, 10, 3.25], "texture": "#0"}
			}
		},
		{
			"name": "divine_punisher_8",
			"from": [7.875, 11.75, 8],
			"to": [8, 12.625, 8.125],
			"faces": {
				"north": {"uv": [8, 3.375, 7.875, 4.25], "texture": "#0"},
				"south": {"uv": [7.875, 3.375, 8, 4.25], "texture": "#0"},
				"west": {"uv": [7.875, 3.375, 8, 4.25], "texture": "#0"},
				"up": {"uv": [7.875, 3.375, 8, 3.5], "texture": "#0"},
				"down": {"uv": [7.875, 4.125, 8, 4.25], "texture": "#0"}
			}
		},
		{
			"name": "divine_punisher_9",
			"from": [8.875, 11.75, 8],
			"to": [9, 12.625, 8.125],
			"faces": {
				"north": {"uv": [9, 3.375, 8.875, 4.25], "texture": "#0"},
				"east": {"uv": [8.875, 3.375, 9, 4.25], "texture": "#0"},
				"south": {"uv": [8.875, 3.375, 9, 4.25], "texture": "#0"},
				"up": {"uv": [8.875, 3.375, 9, 3.5], "texture": "#0"},
				"down": {"uv": [8.875, 4.125, 9, 4.25], "texture": "#0"}
			}
		},
		{
			"name": "divine_punisher_10",
			"from": [7.625, 12, 8],
			"to": [7.875, 12.375, 8.125],
			"faces": {
				"north": {"uv": [7.875, 3.625, 7.625, 4], "texture": "#0"},
				"south": {"uv": [7.625, 3.625, 7.875, 4], "texture": "#0"},
				"west": {"uv": [7.625, 3.625, 7.75, 4], "texture": "#0"},
				"up": {"uv": [7.625, 3.625, 7.875, 3.75], "texture": "#0"},
				"down": {"uv": [7.625, 3.875, 7.875, 4], "texture": "#0"}
			}
		},
		{
			"name": "divine_punisher_11",
			"from": [9, 12, 8],
			"to": [9.25, 12.375, 8.125],
			"faces": {
				"north": {"uv": [9.25, 3.625, 9, 4], "texture": "#0"},
				"east": {"uv": [9.125, 3.625, 9.25, 4], "texture": "#0"},
				"south": {"uv": [9, 3.625, 9.25, 4], "texture": "#0"},
				"up": {"uv": [9, 3.625, 9.25, 3.75], "texture": "#0"},
				"down": {"uv": [9, 3.875, 9.25, 4], "texture": "#0"}
			}
		},
		{
			"name": "divine_punisher_12",
			"from": [8.25, 11.625, 7.95],
			"to": [8.375, 12.375, 8.175],
			"faces": {
				"north": {"uv": [9.875, 3.625, 9.75, 4.375], "texture": "#0"},
				"south": {"uv": [9.75, 3.625, 9.875, 4.375], "texture": "#0"},
				"west": {"uv": [9.75, 3.625, 9.875, 4.375], "texture": "#0"},
				"up": {"uv": [9.75, 3.625, 9.875, 3.75], "texture": "#0"}
			}
		},
		{
			"name": "divine_punisher_13",
			"from": [8.5, 11.625, 7.95],
			"to": [8.625, 12.375, 8.175],
			"faces": {
				"north": {"uv": [10.125, 3.625, 10, 4.375], "texture": "#0"},
				"east": {"uv": [10, 3.625, 10.125, 4.375], "texture": "#0"},
				"south": {"uv": [10, 3.625, 10.125, 4.375], "texture": "#0"},
				"up": {"uv": [10, 3.625, 10.125, 3.75], "texture": "#0"}
			}
		},
		{
			"name": "divine_punisher_14",
			"from": [7.375, 12.125, 8],
			"to": [7.625, 12.25, 8.125],
			"faces": {
				"north": {"uv": [7.625, 3.75, 7.375, 3.875], "texture": "#0"},
				"south": {"uv": [7.375, 3.75, 7.625, 3.875], "texture": "#0"},
				"west": {"uv": [7.375, 3.75, 7.5, 3.875], "texture": "#0"},
				"up": {"uv": [7.375, 3.75, 7.625, 3.875], "texture": "#0"},
				"down": {"uv": [7.375, 3.75, 7.625, 3.875], "texture": "#0"}
			}
		},
		{
			"name": "divine_punisher_15",
			"from": [9.25, 12.125, 8],
			"to": [9.5, 12.25, 8.125],
			"faces": {
				"north": {"uv": [9.5, 3.75, 9.25, 3.875], "texture": "#0"},
				"east": {"uv": [9.375, 3.75, 9.5, 3.875], "texture": "#0"},
				"south": {"uv": [9.25, 3.75, 9.5, 3.875], "texture": "#0"},
				"up": {"uv": [9.25, 3.75, 9.5, 3.875], "texture": "#0"},
				"down": {"uv": [9.25, 3.75, 9.5, 3.875], "texture": "#0"}
			}
		},
		{
			"name": "divine_punisher_16",
			"from": [8.375, 5.25, 7.9],
			"to": [8.5, 12.125, 8.225],
			"faces": {
				"north": {"uv": [6.75, 3.875, 6.625, 10.75], "texture": "#0"},
				"east": {"uv": [6.625, 3.875, 6.75, 10.75], "texture": "#0"},
				"south": {"uv": [6.625, 3.875, 6.75, 10.75], "texture": "#0"},
				"west": {"uv": [6.625, 3.875, 6.75, 10.75], "texture": "#0"},
				"up": {"uv": [6.625, 3.875, 6.75, 4], "texture": "#0"}
			}
		},
		{
			"name": "divine_punisher_17",
			"from": [8.125, 10.875, 7.95],
			"to": [8.25, 11.75, 8.175],
			"faces": {
				"north": {"uv": [9.75, 4.25, 9.625, 5.125], "texture": "#0"},
				"south": {"uv": [9.625, 4.25, 9.75, 5.125], "texture": "#0"},
				"west": {"uv": [9.625, 4.25, 9.75, 5.125], "texture": "#0"},
				"up": {"uv": [9.625, 4.25, 9.75, 4.375], "texture": "#0"}
			}
		},
		{
			"name": "divine_punisher_18",
			"from": [8.625, 10.875, 7.95],
			"to": [8.75, 11.75, 8.175],
			"faces": {
				"north": {"uv": [10.25, 4.25, 10.125, 5.125], "texture": "#0"},
				"east": {"uv": [10.125, 4.25, 10.25, 5.125], "texture": "#0"},
				"south": {"uv": [10.125, 4.25, 10.25, 5.125], "texture": "#0"},
				"up": {"uv": [10.125, 4.25, 10.25, 4.375], "texture": "#0"}
			}
		},
		{
			"name": "divine_punisher_19",
			"from": [8.25, 5.25, 7.9],
			"to": [8.375, 11.625, 8.225],
			"faces": {
				"north": {"uv": [6.625, 4.375, 6.5, 10.75], "texture": "#0"},
				"south": {"uv": [6.5, 4.375, 6.625, 10.75], "texture": "#0"},
				"west": {"uv": [6.5, 4.375, 6.625, 10.75], "texture": "#0"},
				"up": {"uv": [6.5, 4.375, 6.625, 4.5], "texture": "#0"}
			}
		},
		{
			"name": "divine_punisher_20",
			"from": [8.5, 5.25, 7.9],
			"to": [8.625, 11.625, 8.225],
			"faces": {
				"north": {"uv": [6.875, 4.375, 6.75, 10.75], "texture": "#0"},
				"east": {"uv": [6.75, 4.375, 6.875, 10.75], "texture": "#0"},
				"south": {"uv": [6.75, 4.375, 6.875, 10.75], "texture": "#0"},
				"up": {"uv": [6.75, 4.375, 6.875, 4.5], "texture": "#0"}
			}
		},
		{
			"name": "divine_punisher_21",
			"from": [8.125, 10.125, 7.9],
			"to": [8.25, 10.875, 8.225],
			"faces": {
				"north": {"uv": [6.5, 5.125, 6.375, 5.875], "texture": "#0"},
				"south": {"uv": [6.375, 5.125, 6.5, 5.875], "texture": "#0"},
				"west": {"uv": [6.375, 5.125, 6.5, 5.875], "texture": "#0"},
				"up": {"uv": [6.375, 5.125, 6.5, 5.25], "texture": "#0"},
				"down": {"uv": [6.375, 5.75, 6.5, 5.875], "texture": "#0"}
			}
		},
		{
			"name": "divine_punisher_22",
			"from": [8.625, 10.125, 7.9],
			"to": [8.75, 10.875, 8.225],
			"faces": {
				"north": {"uv": [7, 5.125, 6.875, 5.875], "texture": "#0"},
				"east": {"uv": [6.875, 5.125, 7, 5.875], "texture": "#0"},
				"south": {"uv": [6.875, 5.125, 7, 5.875], "texture": "#0"},
				"up": {"uv": [6.875, 5.125, 7, 5.25], "texture": "#0"},
				"down": {"uv": [6.875, 5.75, 7, 5.875], "texture": "#0"}
			}
		},
		{
			"name": "divine_punisher_23",
			"from": [8.125, 9.125, 8],
			"to": [8.25, 10.125, 8.125],
			"faces": {
				"north": {"uv": [8.25, 5.875, 8.125, 6.875], "texture": "#0"},
				"south": {"uv": [8.125, 5.875, 8.25, 6.875], "texture": "#0"},
				"west": {"uv": [8.125, 5.875, 8.25, 6.875], "texture": "#0"}
			}
		},
		{
			"name": "divine_punisher_24",
			"from": [8.625, 9.125, 8],
			"to": [8.75, 10.125, 8.125],
			"faces": {
				"north": {"uv": [8.75, 5.875, 8.625, 6.875], "texture": "#0"},
				"east": {"uv": [8.625, 5.875, 8.75, 6.875], "texture": "#0"},
				"south": {"uv": [8.625, 5.875, 8.75, 6.875], "texture": "#0"}
			}
		},
		{
			"name": "divine_punisher_25",
			"from": [8, 8.375, 8],
			"to": [8.125, 9.625, 8.125],
			"faces": {
				"north": {"uv": [8.125, 6.375, 8, 7.625], "texture": "#0"},
				"south": {"uv": [8, 6.375, 8.125, 7.625], "texture": "#0"},
				"west": {"uv": [8, 6.375, 8.125, 7.625], "texture": "#0"},
				"up": {"uv": [8, 6.375, 8.125, 6.5], "texture": "#0"}
			}
		},
		{
			"name": "divine_punisher_26",
			"from": [8.75, 8.375, 8],
			"to": [8.875, 9.625, 8.125],
			"faces": {
				"north": {"uv": [8.875, 6.375, 8.75, 7.625], "texture": "#0"},
				"east": {"uv": [8.75, 6.375, 8.875, 7.625], "texture": "#0"},
				"south": {"uv": [8.75, 6.375, 8.875, 7.625], "texture": "#0"},
				"up": {"uv": [8.75, 6.375, 8.875, 6.5], "texture": "#0"}
			}
		},
		{
			"name": "divine_punisher_27",
			"from": [8.125, 7.5, 7.9],
			"to": [8.25, 9.125, 8.225],
			"faces": {
				"north": {"uv": [6.5, 6.875, 6.375, 8.5], "texture": "#0"},
				"south": {"uv": [6.375, 6.875, 6.5, 8.5], "texture": "#0"},
				"west": {"uv": [6.375, 6.875, 6.5, 8.5], "texture": "#0"},
				"up": {"uv": [6.375, 6.875, 6.5, 7], "texture": "#0"},
				"down": {"uv": [6.375, 8.375, 6.5, 8.5], "texture": "#0"}
			}
		},
		{
			"name": "divine_punisher_28",
			"from": [8.625, 7.5, 7.9],
			"to": [8.75, 9.125, 8.225],
			"faces": {
				"north": {"uv": [7, 6.875, 6.875, 8.5], "texture": "#0"},
				"east": {"uv": [6.875, 6.875, 7, 8.5], "texture": "#0"},
				"south": {"uv": [6.875, 6.875, 7, 8.5], "texture": "#0"},
				"up": {"uv": [6.875, 6.875, 7, 7], "texture": "#0"},
				"down": {"uv": [6.875, 8.375, 7, 8.5], "texture": "#0"}
			}
		},
		{
			"name": "divine_punisher_29",
			"from": [7.875, 7.5, 8],
			"to": [8, 9.125, 8.125],
			"faces": {
				"north": {"uv": [8, 6.875, 7.875, 8.5], "texture": "#0"},
				"south": {"uv": [7.875, 6.875, 8, 8.5], "texture": "#0"},
				"west": {"uv": [7.875, 6.875, 8, 8.5], "texture": "#0"},
				"up": {"uv": [7.875, 6.875, 8, 7], "texture": "#0"},
				"down": {"uv": [7.875, 8.375, 8, 8.5], "texture": "#0"}
			}
		},
		{
			"name": "divine_punisher_30",
			"from": [8.875, 7.5, 8],
			"to": [9, 9.125, 8.125],
			"faces": {
				"north": {"uv": [9, 6.875, 8.875, 8.5], "texture": "#0"},
				"east": {"uv": [8.875, 6.875, 9, 8.5], "texture": "#0"},
				"south": {"uv": [8.875, 6.875, 9, 8.5], "texture": "#0"},
				"up": {"uv": [8.875, 6.875, 9, 7], "texture": "#0"},
				"down": {"uv": [8.875, 8.375, 9, 8.5], "texture": "#0"}
			}
		},
		{
			"name": "divine_punisher_31",
			"from": [7.75, 8, 8],
			"to": [7.875, 8.75, 8.125],
			"faces": {
				"north": {"uv": [7.875, 7.25, 7.75, 8], "texture": "#0"},
				"south": {"uv": [7.75, 7.25, 7.875, 8], "texture": "#0"},
				"west": {"uv": [7.75, 7.25, 7.875, 8], "texture": "#0"},
				"up": {"uv": [7.75, 7.25, 7.875, 7.375], "texture": "#0"},
				"down": {"uv": [7.75, 7.875, 7.875, 8], "texture": "#0"}
			}
		},
		{
			"name": "divine_punisher_32",
			"from": [9, 8, 8],
			"to": [9.125, 8.75, 8.125],
			"faces": {
				"north": {"uv": [9.125, 7.25, 9, 8], "texture": "#0"},
				"east": {"uv": [9, 7.25, 9.125, 8], "texture": "#0"},
				"south": {"uv": [9, 7.25, 9.125, 8], "texture": "#0"},
				"up": {"uv": [9, 7.25, 9.125, 7.375], "texture": "#0"},
				"down": {"uv": [9, 7.875, 9.125, 8], "texture": "#0"}
			}
		},
		{
			"name": "divine_punisher_33",
			"from": [7.625, 8.125, 8],
			"to": [7.75, 8.5, 8.125],
			"faces": {
				"north": {"uv": [7.75, 7.5, 7.625, 7.875], "texture": "#0"},
				"south": {"uv": [7.625, 7.5, 7.75, 7.875], "texture": "#0"},
				"west": {"uv": [7.625, 7.5, 7.75, 7.875], "texture": "#0"},
				"up": {"uv": [7.625, 7.5, 7.75, 7.625], "texture": "#0"},
				"down": {"uv": [7.625, 7.75, 7.75, 7.875], "texture": "#0"}
			}
		},
		{
			"name": "divine_punisher_34",
			"from": [9.125, 8.125, 8],
			"to": [9.25, 8.5, 8.125],
			"faces": {
				"north": {"uv": [9.25, 7.5, 9.125, 7.875], "texture": "#0"},
				"east": {"uv": [9.125, 7.5, 9.25, 7.875], "texture": "#0"},
				"south": {"uv": [9.125, 7.5, 9.25, 7.875], "texture": "#0"},
				"up": {"uv": [9.125, 7.5, 9.25, 7.625], "texture": "#0"},
				"down": {"uv": [9.125, 7.75, 9.25, 7.875], "texture": "#0"}
			}
		},
		{
			"name": "divine_punisher_35",
			"from": [8, 8.25, 7.9],
			"to": [8.125, 8.375, 8.225],
			"faces": {
				"north": {"uv": [6.375, 7.625, 6.25, 7.75], "texture": "#0"},
				"south": {"uv": [6.25, 7.625, 6.375, 7.75], "texture": "#0"},
				"west": {"uv": [6.25, 7.625, 6.375, 7.75], "texture": "#0"},
				"up": {"uv": [6.25, 7.625, 6.375, 7.75], "texture": "#0"},
				"down": {"uv": [6.25, 7.625, 6.375, 7.75], "texture": "#0"}
			}
		},
		{
			"name": "divine_punisher_36",
			"from": [8.75, 8.25, 7.9],
			"to": [8.875, 8.375, 8.225],
			"faces": {
				"north": {"uv": [7.125, 7.625, 7, 7.75], "texture": "#0"},
				"east": {"uv": [7, 7.625, 7.125, 7.75], "texture": "#0"},
				"south": {"uv": [7, 7.625, 7.125, 7.75], "texture": "#0"},
				"up": {"uv": [7, 7.625, 7.125, 7.75], "texture": "#0"},
				"down": {"uv": [7, 7.625, 7.125, 7.75], "texture": "#0"}
			}
		},
		{
			"name": "divine_punisher_37",
			"from": [7.375, 8.25, 8],
			"to": [7.625, 8.375, 8.125],
			"faces": {
				"north": {"uv": [7.625, 7.625, 7.375, 7.75], "texture": "#0"},
				"south": {"uv": [7.375, 7.625, 7.625, 7.75], "texture": "#0"},
				"west": {"uv": [7.375, 7.625, 7.5, 7.75], "texture": "#0"},
				"up": {"uv": [7.375, 7.625, 7.625, 7.75], "texture": "#0"},
				"down": {"uv": [7.375, 7.625, 7.625, 7.75], "texture": "#0"}
			}
		},
		{
			"name": "divine_punisher_38",
			"from": [9.25, 8.25, 8],
			"to": [9.5, 8.375, 8.125],
			"faces": {
				"north": {"uv": [9.5, 7.625, 9.25, 7.75], "texture": "#0"},
				"east": {"uv": [9.375, 7.625, 9.5, 7.75], "texture": "#0"},
				"south": {"uv": [9.25, 7.625, 9.5, 7.75], "texture": "#0"},
				"up": {"uv": [9.25, 7.625, 9.5, 7.75], "texture": "#0"},
				"down": {"uv": [9.25, 7.625, 9.5, 7.75], "texture": "#0"}
			}
		},
		{
			"name": "divine_punisher_39",
			"from": [8, 6.125, 8],
			"to": [8.125, 8.25, 8.125],
			"faces": {
				"north": {"uv": [8.125, 7.75, 8, 9.875], "texture": "#0"},
				"south": {"uv": [8, 7.75, 8.125, 9.875], "texture": "#0"},
				"west": {"uv": [8, 7.75, 8.125, 9.875], "texture": "#0"}
			}
		},
		{
			"name": "divine_punisher_40",
			"from": [8.75, 6.125, 8],
			"to": [8.875, 8.25, 8.125],
			"faces": {
				"north": {"uv": [8.875, 7.75, 8.75, 9.875], "texture": "#0"},
				"east": {"uv": [8.75, 7.75, 8.875, 9.875], "texture": "#0"},
				"south": {"uv": [8.75, 7.75, 8.875, 9.875], "texture": "#0"}
			}
		},
		{
			"name": "divine_punisher_41",
			"from": [8.125, 6.875, 8],
			"to": [8.25, 7.5, 8.125],
			"faces": {
				"north": {"uv": [8.25, 8.5, 8.125, 9.125], "texture": "#0"},
				"south": {"uv": [8.125, 8.5, 8.25, 9.125], "texture": "#0"}
			}
		},
		{
			"name": "divine_punisher_42",
			"from": [8.625, 6.875, 8],
			"to": [8.75, 7.5, 8.125],
			"faces": {
				"north": {"uv": [8.75, 8.5, 8.625, 9.125], "texture": "#0"},
				"south": {"uv": [8.625, 8.5, 8.75, 9.125], "texture": "#0"}
			}
		},
		{
			"name": "divine_punisher_43",
			"from": [8.125, 5.25, 7.9],
			"to": [8.25, 6.875, 8.225],
			"faces": {
				"north": {"uv": [6.5, 9.125, 6.375, 10.75], "texture": "#0"},
				"south": {"uv": [6.375, 9.125, 6.5, 10.75], "texture": "#0"},
				"west": {"uv": [6.375, 9.125, 6.5, 10.75], "texture": "#0"},
				"up": {"uv": [6.375, 9.125, 6.5, 9.25], "texture": "#0"}
			}
		},
		{
			"name": "divine_punisher_44",
			"from": [8.625, 5.25, 7.9],
			"to": [8.75, 6.875, 8.225],
			"faces": {
				"north": {"uv": [7, 9.125, 6.875, 10.75], "texture": "#0"},
				"east": {"uv": [6.875, 9.125, 7, 10.75], "texture": "#0"},
				"south": {"uv": [6.875, 9.125, 7, 10.75], "texture": "#0"},
				"up": {"uv": [6.875, 9.125, 7, 9.25], "texture": "#0"}
			}
		},
		{
			"name": "divine_punisher_45",
			"from": [7.875, 5.625, 8],
			"to": [8, 6.875, 8.125],
			"faces": {
				"north": {"uv": [8, 9.125, 7.875, 10.375], "texture": "#0"},
				"south": {"uv": [7.875, 9.125, 8, 10.375], "texture": "#0"},
				"west": {"uv": [7.875, 9.125, 8, 10.375], "texture": "#0"},
				"up": {"uv": [7.875, 9.125, 8, 9.25], "texture": "#0"}
			}
		},
		{
			"name": "divine_punisher_46",
			"from": [8.875, 5.625, 8],
			"to": [9, 6.875, 8.125],
			"faces": {
				"north": {"uv": [9, 9.125, 8.875, 10.375], "texture": "#0"},
				"east": {"uv": [8.875, 9.125, 9, 10.375], "texture": "#0"},
				"south": {"uv": [8.875, 9.125, 9, 10.375], "texture": "#0"},
				"up": {"uv": [8.875, 9.125, 9, 9.25], "texture": "#0"}
			}
		},
		{
			"name": "divine_punisher_47",
			"from": [8, 5.25, 7.9],
			"to": [8.125, 6.125, 8.225],
			"faces": {
				"north": {"uv": [6.375, 9.875, 6.25, 10.75], "texture": "#0"},
				"south": {"uv": [6.25, 9.875, 6.375, 10.75], "texture": "#0"},
				"west": {"uv": [6.25, 9.875, 6.375, 10.75], "texture": "#0"},
				"up": {"uv": [6.25, 9.875, 6.375, 10], "texture": "#0"}
			}
		},
		{
			"name": "divine_punisher_48",
			"from": [8.75, 5.25, 7.9],
			"to": [8.875, 6.125, 8.225],
			"faces": {
				"north": {"uv": [7.125, 9.875, 7, 10.75], "texture": "#0"},
				"east": {"uv": [7, 9.875, 7.125, 10.75], "texture": "#0"},
				"south": {"uv": [7, 9.875, 7.125, 10.75], "texture": "#0"},
				"up": {"uv": [7, 9.875, 7.125, 10], "texture": "#0"}
			}
		},
		{
			"name": "divine_punisher_49",
			"from": [6, 5.875, 7.975],
			"to": [7.125, 6, 8.15],
			"faces": {
				"north": {"uv": [3.875, 10, 2.75, 10.125], "texture": "#0"},
				"east": {"uv": [3.75, 10, 3.875, 10.125], "texture": "#0"},
				"south": {"uv": [2.75, 10, 3.875, 10.125], "texture": "#0"},
				"west": {"uv": [2.75, 10, 2.875, 10.125], "texture": "#0"},
				"up": {"uv": [2.75, 10, 3.875, 10.125], "texture": "#0"},
				"down": {"uv": [2.75, 10, 3.875, 10.125], "texture": "#0"}
			}
		},
		{
			"name": "divine_punisher_50",
			"from": [9.75, 5.5, 7.975],
			"to": [10.5, 6, 8.15],
			"faces": {
				"north": {"uv": [13.75, 10, 13, 10.5], "texture": "#0"},
				"east": {"uv": [13.625, 10, 13.75, 10.5], "texture": "#0"},
				"south": {"uv": [13, 10, 13.75, 10.5], "texture": "#0"},
				"west": {"uv": [13, 10, 13.125, 10.5], "texture": "#0"},
				"up": {"uv": [13, 10, 13.75, 10.125], "texture": "#0"},
				"down": {"uv": [13, 10.375, 13.75, 10.5], "texture": "#0"}
			}
		},
		{
			"name": "divine_punisher_51",
			"from": [10.5, 5.875, 7.975],
			"to": [10.875, 6, 8.15],
			"faces": {
				"north": {"uv": [14.125, 10, 13.75, 10.125], "texture": "#0"},
				"east": {"uv": [14, 10, 14.125, 10.125], "texture": "#0"},
				"south": {"uv": [13.75, 10, 14.125, 10.125], "texture": "#0"},
				"up": {"uv": [13.75, 10, 14.125, 10.125], "texture": "#0"},
				"down": {"uv": [13.75, 10, 14.125, 10.125], "texture": "#0"}
			}
		},
		{
			"name": "divine_punisher_52",
			"from": [6.25, 5.625, 7.975],
			"to": [7.125, 5.875, 8.15],
			"faces": {
				"north": {"uv": [3.875, 10.125, 3, 10.375], "texture": "#0"},
				"east": {"uv": [3.75, 10.125, 3.875, 10.375], "texture": "#0"},
				"south": {"uv": [3, 10.125, 3.875, 10.375], "texture": "#0"},
				"west": {"uv": [3, 10.125, 3.125, 10.375], "texture": "#0"},
				"down": {"uv": [3, 10.25, 3.875, 10.375], "texture": "#0"}
			}
		},
		{
			"name": "divine_punisher_53",
			"from": [7.75, 5.625, 8],
			"to": [7.875, 5.875, 8.125],
			"faces": {
				"north": {"uv": [7.875, 10.125, 7.75, 10.375], "texture": "#0"},
				"south": {"uv": [7.75, 10.125, 7.875, 10.375], "texture": "#0"},
				"west": {"uv": [7.75, 10.125, 7.875, 10.375], "texture": "#0"},
				"up": {"uv": [7.75, 10.125, 7.875, 10.25], "texture": "#0"}
			}
		},
		{
			"name": "divine_punisher_54",
			"from": [9, 5.625, 8],
			"to": [9.125, 5.875, 8.125],
			"faces": {
				"north": {"uv": [9.125, 10.125, 9, 10.375], "texture": "#0"},
				"east": {"uv": [9, 10.125, 9.125, 10.375], "texture": "#0"},
				"south": {"uv": [9, 10.125, 9.125, 10.375], "texture": "#0"},
				"up": {"uv": [9, 10.125, 9.125, 10.25], "texture": "#0"}
			}
		},
		{
			"name": "divine_punisher_55",
			"from": [10.5, 5.625, 7.975],
			"to": [10.625, 5.875, 8.15],
			"faces": {
				"north": {"uv": [13.875, 10.125, 13.75, 10.375], "texture": "#0"},
				"east": {"uv": [13.75, 10.125, 13.875, 10.375], "texture": "#0"},
				"south": {"uv": [13.75, 10.125, 13.875, 10.375], "texture": "#0"},
				"down": {"uv": [13.75, 10.25, 13.875, 10.375], "texture": "#0"}
			}
		},
		{
			"name": "divine_punisher_56",
			"from": [7.125, 5.375, 7.975],
			"to": [7.25, 5.75, 8.15],
			"faces": {
				"north": {"uv": [4, 10.25, 3.875, 10.625], "texture": "#0"},
				"east": {"uv": [3.875, 10.25, 4, 10.625], "texture": "#0"},
				"south": {"uv": [3.875, 10.25, 4, 10.625], "texture": "#0"},
				"up": {"uv": [3.875, 10.25, 4, 10.375], "texture": "#0"},
				"down": {"uv": [3.875, 10.5, 4, 10.625], "texture": "#0"}
			}
		},
		{
			"name": "divine_punisher_57",
			"from": [9.625, 5.375, 7.975],
			"to": [9.75, 5.75, 8.15],
			"faces": {
				"north": {"uv": [13, 10.25, 12.875, 10.625], "texture": "#0"},
				"east": {"uv": [12.875, 10.25, 13, 10.625], "texture": "#0"},
				"south": {"uv": [12.875, 10.25, 13, 10.625], "texture": "#0"},
				"west": {"uv": [12.875, 10.25, 13, 10.625], "texture": "#0"},
				"up": {"uv": [12.875, 10.25, 13, 10.375], "texture": "#0"},
				"down": {"uv": [12.875, 10.5, 13, 10.625], "texture": "#0"}
			}
		},
		{
			"name": "divine_punisher_58",
			"from": [6.375, 5.5, 7.975],
			"to": [7.125, 5.625, 8.15],
			"faces": {
				"north": {"uv": [3.875, 10.375, 3.125, 10.5], "texture": "#0"},
				"south": {"uv": [3.125, 10.375, 3.875, 10.5], "texture": "#0"},
				"west": {"uv": [3.125, 10.375, 3.25, 10.5], "texture": "#0"},
				"down": {"uv": [3.125, 10.375, 3.875, 10.5], "texture": "#0"}
			}
		},
		{
			"name": "divine_punisher_59",
			"from": [7.25, 5.25, 7.975],
			"to": [7.5, 5.625, 8.15],
			"faces": {
				"north": {"uv": [4.25, 10.375, 4, 10.75], "texture": "#0"},
				"east": {"uv": [4.125, 10.375, 4.25, 10.75], "texture": "#0"},
				"south": {"uv": [4, 10.375, 4.25, 10.75], "texture": "#0"},
				"west": {"uv": [4, 10.375, 4.125, 10.75], "texture": "#0"},
				"up": {"uv": [4, 10.375, 4.25, 10.5], "texture": "#0"},
				"down": {"uv": [4, 10.625, 4.25, 10.75], "texture": "#0"}
			}
		},
		{
			"name": "divine_punisher_60",
			"from": [7.75, 5.125, 7.975],
			"to": [8, 5.625, 8.15],
			"faces": {
				"north": {"uv": [4.75, 10.375, 4.5, 10.875], "texture": "#0"},
				"south": {"uv": [4.5, 10.375, 4.75, 10.875], "texture": "#0"},
				"west": {"uv": [4.5, 10.375, 4.625, 10.875], "texture": "#0"},
				"up": {"uv": [4.5, 10.375, 4.75, 10.5], "texture": "#0"}
			}
		},
		{
			"name": "divine_punisher_61",
			"from": [7.625, 5.5, 8],
			"to": [7.75, 5.625, 8.125],
			"faces": {
				"north": {"uv": [7.75, 10.375, 7.625, 10.5], "texture": "#0"},
				"south": {"uv": [7.625, 10.375, 7.75, 10.5], "texture": "#0"},
				"west": {"uv": [7.625, 10.375, 7.75, 10.5], "texture": "#0"},
				"up": {"uv": [7.625, 10.375, 7.75, 10.5], "texture": "#0"}
			}
		},
		{
			"name": "divine_punisher_62",
			"from": [9.125, 5.5, 8],
			"to": [9.25, 5.625, 8.125],
			"faces": {
				"north": {"uv": [9.25, 10.375, 9.125, 10.5], "texture": "#0"},
				"east": {"uv": [9.125, 10.375, 9.25, 10.5], "texture": "#0"},
				"south": {"uv": [9.125, 10.375, 9.25, 10.5], "texture": "#0"},
				"up": {"uv": [9.125, 10.375, 9.25, 10.5], "texture": "#0"}
			}
		},
		{
			"name": "divine_punisher_63",
			"from": [8.875, 5.125, 7.975],
			"to": [9.125, 5.625, 8.15],
			"faces": {
				"north": {"uv": [12.375, 10.375, 12.125, 10.875], "texture": "#0"},
				"east": {"uv": [12.25, 10.375, 12.375, 10.875], "texture": "#0"},
				"south": {"uv": [12.125, 10.375, 12.375, 10.875], "texture": "#0"},
				"up": {"uv": [12.125, 10.375, 12.375, 10.5], "texture": "#0"}
			}
		},
		{
			"name": "divine_punisher_64",
			"from": [9.375, 5.25, 7.975],
			"to": [9.625, 5.625, 8.15],
			"faces": {
				"north": {"uv": [12.875, 10.375, 12.625, 10.75], "texture": "#0"},
				"east": {"uv": [12.75, 10.375, 12.875, 10.75], "texture": "#0"},
				"south": {"uv": [12.625, 10.375, 12.875, 10.75], "texture": "#0"},
				"west": {"uv": [12.625, 10.375, 12.75, 10.75], "texture": "#0"},
				"up": {"uv": [12.625, 10.375, 12.875, 10.5], "texture": "#0"},
				"down": {"uv": [12.625, 10.625, 12.875, 10.75], "texture": "#0"}
			}
		},
		{
			"name": "divine_punisher_65",
			"from": [6.75, 5.375, 7.975],
			"to": [7.125, 5.5, 8.15],
			"faces": {
				"north": {"uv": [3.875, 10.5, 3.5, 10.625], "texture": "#0"},
				"south": {"uv": [3.5, 10.5, 3.875, 10.625], "texture": "#0"},
				"west": {"uv": [3.5, 10.5, 3.625, 10.625], "texture": "#0"},
				"down": {"uv": [3.5, 10.5, 3.875, 10.625], "texture": "#0"}
			}
		},
		{
			"name": "divine_punisher_66",
			"from": [7.5, 5.125, 7.975],
			"to": [7.75, 5.5, 8.15],
			"faces": {
				"north": {"uv": [4.5, 10.5, 4.25, 10.875], "texture": "#0"},
				"south": {"uv": [4.25, 10.5, 4.5, 10.875], "texture": "#0"},
				"up": {"uv": [4.25, 10.5, 4.5, 10.625], "texture": "#0"},
				"down": {"uv": [4.25, 10.75, 4.5, 10.875], "texture": "#0"}
			}
		},
		{
			"name": "divine_punisher_67",
			"from": [9.125, 5.125, 7.975],
			"to": [9.375, 5.5, 8.15],
			"faces": {
				"north": {"uv": [12.625, 10.5, 12.375, 10.875], "texture": "#0"},
				"south": {"uv": [12.375, 10.5, 12.625, 10.875], "texture": "#0"},
				"up": {"uv": [12.375, 10.5, 12.625, 10.625], "texture": "#0"},
				"down": {"uv": [12.375, 10.75, 12.625, 10.875], "texture": "#0"}
			}
		},
		{
			"name": "divine_punisher_68",
			"from": [9.75, 5.375, 8],
			"to": [10.125, 5.5, 8.125],
			"faces": {
				"north": {"uv": [13.375, 10.5, 13, 10.625], "texture": "#0"},
				"east": {"uv": [13.25, 10.5, 13.375, 10.625], "texture": "#0"},
				"south": {"uv": [13, 10.5, 13.375, 10.625], "texture": "#0"},
				"down": {"uv": [13, 10.5, 13.375, 10.625], "texture": "#0"}
			}
		},
		{
			"name": "divine_punisher_69",
			"from": [7.375, 5.125, 7.975],
			"to": [7.5, 5.25, 8.15],
			"faces": {
				"north": {"uv": [4.25, 10.75, 4.125, 10.875], "texture": "#0"},
				"south": {"uv": [4.125, 10.75, 4.25, 10.875], "texture": "#0"},
				"west": {"uv": [4.125, 10.75, 4.25, 10.875], "texture": "#0"},
				"down": {"uv": [4.125, 10.75, 4.25, 10.875], "texture": "#0"}
			}
		},
		{
			"name": "divine_punisher_70",
			"from": [8, 5, 7.85],
			"to": [8.875, 5.25, 8.275],
			"faces": {
				"north": {"uv": [8.875, 10.75, 8, 11], "texture": "#0"},
				"east": {"uv": [8.75, 10.75, 8.875, 11], "texture": "#0"},
				"south": {"uv": [8, 10.75, 8.875, 11], "texture": "#0"},
				"west": {"uv": [8, 10.75, 8.125, 11], "texture": "#0"},
				"up": {"uv": [8, 10.75, 8.875, 10.875], "texture": "#0"},
				"down": {"uv": [8, 10.875, 8.875, 11], "texture": "#0"}
			}
		},
		{
			"name": "divine_punisher_71",
			"from": [9.375, 5.125, 7.975],
			"to": [9.5, 5.25, 8.15],
			"faces": {
				"north": {"uv": [12.75, 10.75, 12.625, 10.875], "texture": "#0"},
				"east": {"uv": [12.625, 10.75, 12.75, 10.875], "texture": "#0"},
				"south": {"uv": [12.625, 10.75, 12.75, 10.875], "texture": "#0"},
				"down": {"uv": [12.625, 10.75, 12.75, 10.875], "texture": "#0"}
			}
		},
		{
			"name": "divine_punisher_72",
			"from": [7.625, 4.875, 7.85],
			"to": [8, 5.125, 8.275],
			"faces": {
				"north": {"uv": [8, 10.875, 7.625, 11.125], "texture": "#0"},
				"south": {"uv": [7.625, 10.875, 8, 11.125], "texture": "#0"},
				"west": {"uv": [7.625, 10.875, 7.75, 11.125], "texture": "#0"},
				"up": {"uv": [7.625, 10.875, 8, 11], "texture": "#0"},
				"down": {"uv": [7.625, 11, 8, 11.125], "texture": "#0"}
			}
		},
		{
			"name": "divine_punisher_73",
			"from": [8.875, 4.875, 7.85],
			"to": [9.25, 5.125, 8.275],
			"faces": {
				"north": {"uv": [9.25, 10.875, 8.875, 11.125], "texture": "#0"},
				"east": {"uv": [9.125, 10.875, 9.25, 11.125], "texture": "#0"},
				"south": {"uv": [8.875, 10.875, 9.25, 11.125], "texture": "#0"},
				"up": {"uv": [8.875, 10.875, 9.25, 11], "texture": "#0"},
				"down": {"uv": [8.875, 11, 9.25, 11.125], "texture": "#0"}
			}
		},
		{
			"name": "divine_punisher_74",
			"from": [7.375, 4.75, 7.85],
			"to": [7.625, 5, 8.275],
			"faces": {
				"north": {"uv": [7.625, 11, 7.375, 11.25], "texture": "#0"},
				"south": {"uv": [7.375, 11, 7.625, 11.25], "texture": "#0"},
				"west": {"uv": [7.375, 11, 7.5, 11.25], "texture": "#0"},
				"up": {"uv": [7.375, 11, 7.625, 11.125], "texture": "#0"},
				"down": {"uv": [7.375, 11.125, 7.625, 11.25], "texture": "#0"}
			}
		},
		{
			"name": "divine_punisher_75",
			"from": [8, 4.875, 7.85],
			"to": [8.125, 5, 8.275],
			"faces": {
				"north": {"uv": [8.125, 11, 8, 11.125], "texture": "#0"},
				"east": {"uv": [8, 11, 8.125, 11.125], "texture": "#0"},
				"south": {"uv": [8, 11, 8.125, 11.125], "texture": "#0"},
				"down": {"uv": [8, 11, 8.125, 11.125], "texture": "#0"}
			}
		},
		{
			"name": "divine_punisher_76",
			"from": [8.75, 4.875, 7.85],
			"to": [8.875, 5, 8.275],
			"faces": {
				"north": {"uv": [8.875, 11, 8.75, 11.125], "texture": "#0"},
				"south": {"uv": [8.75, 11, 8.875, 11.125], "texture": "#0"},
				"west": {"uv": [8.75, 11, 8.875, 11.125], "texture": "#0"},
				"down": {"uv": [8.75, 11, 8.875, 11.125], "texture": "#0"}
			}
		},
		{
			"name": "divine_punisher_77",
			"from": [9.25, 4.75, 7.85],
			"to": [9.5, 5, 8.275],
			"faces": {
				"north": {"uv": [9.5, 11, 9.25, 11.25], "texture": "#0"},
				"east": {"uv": [9.375, 11, 9.5, 11.25], "texture": "#0"},
				"south": {"uv": [9.25, 11, 9.5, 11.25], "texture": "#0"},
				"up": {"uv": [9.25, 11, 9.5, 11.125], "texture": "#0"},
				"down": {"uv": [9.25, 11.125, 9.5, 11.25], "texture": "#0"}
			}
		},
		{
			"name": "divine_punisher_78",
			"from": [8.25, 2.375, 7.9],
			"to": [8.625, 5, 8.225],
			"faces": {
				"north": {"uv": [12.625, 11, 12.25, 13.625], "texture": "#0"},
				"east": {"uv": [12.5, 11, 12.625, 13.625], "texture": "#0"},
				"south": {"uv": [12.25, 11, 12.625, 13.625], "texture": "#0"},
				"west": {"uv": [12.25, 11, 12.375, 13.625], "texture": "#0"}
			}
		},
		{
			"name": "divine_punisher_79",
			"from": [7.25, 4.375, 7.85],
			"to": [7.375, 4.875, 8.275],
			"faces": {
				"north": {"uv": [7.375, 11.125, 7.25, 11.625], "texture": "#0"},
				"east": {"uv": [7.25, 11.125, 7.375, 11.625], "texture": "#0"},
				"south": {"uv": [7.25, 11.125, 7.375, 11.625], "texture": "#0"},
				"west": {"uv": [7.25, 11.125, 7.375, 11.625], "texture": "#0"},
				"up": {"uv": [7.25, 11.125, 7.375, 11.25], "texture": "#0"},
				"down": {"uv": [7.25, 11.5, 7.375, 11.625], "texture": "#0"}
			}
		},
		{
			"name": "divine_punisher_80",
			"from": [7.625, 4.75, 7.85],
			"to": [7.75, 4.875, 8.275],
			"faces": {
				"north": {"uv": [7.75, 11.125, 7.625, 11.25], "texture": "#0"},
				"east": {"uv": [7.625, 11.125, 7.75, 11.25], "texture": "#0"},
				"south": {"uv": [7.625, 11.125, 7.75, 11.25], "texture": "#0"},
				"down": {"uv": [7.625, 11.125, 7.75, 11.25], "texture": "#0"}
			}
		},
		{
			"name": "divine_punisher_81",
			"from": [9.125, 4.75, 7.85],
			"to": [9.25, 4.875, 8.275],
			"faces": {
				"north": {"uv": [9.25, 11.125, 9.125, 11.25], "texture": "#0"},
				"south": {"uv": [9.125, 11.125, 9.25, 11.25], "texture": "#0"},
				"west": {"uv": [9.125, 11.125, 9.25, 11.25], "texture": "#0"},
				"down": {"uv": [9.125, 11.125, 9.25, 11.25], "texture": "#0"}
			}
		},
		{
			"name": "divine_punisher_82",
			"from": [9.5, 4.375, 7.85],
			"to": [9.625, 4.875, 8.275],
			"faces": {
				"north": {"uv": [9.625, 11.125, 9.5, 11.625], "texture": "#0"},
				"east": {"uv": [9.5, 11.125, 9.625, 11.625], "texture": "#0"},
				"south": {"uv": [9.5, 11.125, 9.625, 11.625], "texture": "#0"},
				"west": {"uv": [9.5, 11.125, 9.625, 11.625], "texture": "#0"},
				"up": {"uv": [9.5, 11.125, 9.625, 11.25], "texture": "#0"},
				"down": {"uv": [9.5, 11.5, 9.625, 11.625], "texture": "#0"}
			}
		},
		{
			"name": "divine_punisher_83",
			"from": [7.125, 4, 7.85],
			"to": [7.25, 4.75, 8.275],
			"faces": {
				"north": {"uv": [7.25, 11.25, 7.125, 12], "texture": "#0"},
				"east": {"uv": [7.125, 11.25, 7.25, 12], "texture": "#0"},
				"south": {"uv": [7.125, 11.25, 7.25, 12], "texture": "#0"},
				"west": {"uv": [7.125, 11.25, 7.25, 12], "texture": "#0"},
				"up": {"uv": [7.125, 11.25, 7.25, 11.375], "texture": "#0"},
				"down": {"uv": [7.125, 11.875, 7.25, 12], "texture": "#0"}
			}
		},
		{
			"name": "divine_punisher_84",
			"from": [7.375, 4.625, 7.85],
			"to": [7.5, 4.75, 8.275],
			"faces": {
				"north": {"uv": [7.5, 11.25, 7.375, 11.375], "texture": "#0"},
				"east": {"uv": [7.375, 11.25, 7.5, 11.375], "texture": "#0"},
				"south": {"uv": [7.375, 11.25, 7.5, 11.375], "texture": "#0"},
				"down": {"uv": [7.375, 11.25, 7.5, 11.375], "texture": "#0"}
			}
		},
		{
			"name": "divine_punisher_85",
			"from": [9.375, 4.625, 7.85],
			"to": [9.5, 4.75, 8.275],
			"faces": {
				"north": {"uv": [9.5, 11.25, 9.375, 11.375], "texture": "#0"},
				"south": {"uv": [9.375, 11.25, 9.5, 11.375], "texture": "#0"},
				"west": {"uv": [9.375, 11.25, 9.5, 11.375], "texture": "#0"},
				"down": {"uv": [9.375, 11.25, 9.5, 11.375], "texture": "#0"}
			}
		},
		{
			"name": "divine_punisher_86",
			"from": [9.625, 4, 7.85],
			"to": [9.75, 4.75, 8.275],
			"faces": {
				"north": {"uv": [9.75, 11.25, 9.625, 12], "texture": "#0"},
				"east": {"uv": [9.625, 11.25, 9.75, 12], "texture": "#0"},
				"south": {"uv": [9.625, 11.25, 9.75, 12], "texture": "#0"},
				"west": {"uv": [9.625, 11.25, 9.75, 12], "texture": "#0"},
				"up": {"uv": [9.625, 11.25, 9.75, 11.375], "texture": "#0"},
				"down": {"uv": [9.625, 11.875, 9.75, 12], "texture": "#0"}
			}
		},
		{
			"name": "divine_punisher_87",
			"from": [7, 2.875, 7.85],
			"to": [7.125, 4.5, 8.275],
			"faces": {
				"north": {"uv": [7.125, 11.5, 7, 13.125], "texture": "#0"},
				"east": {"uv": [7, 11.5, 7.125, 13.125], "texture": "#0"},
				"south": {"uv": [7, 11.5, 7.125, 13.125], "texture": "#0"},
				"west": {"uv": [7, 11.5, 7.125, 13.125], "texture": "#0"},
				"up": {"uv": [7, 11.5, 7.125, 11.625], "texture": "#0"},
				"down": {"uv": [7, 13, 7.125, 13.125], "texture": "#0"}
			}
		},
		{
			"name": "divine_punisher_88",
			"from": [9.75, 2.875, 7.85],
			"to": [9.875, 4.5, 8.275],
			"faces": {
				"north": {"uv": [9.875, 11.5, 9.75, 13.125], "texture": "#0"},
				"east": {"uv": [9.75, 11.5, 9.875, 13.125], "texture": "#0"},
				"south": {"uv": [9.75, 11.5, 9.875, 13.125], "texture": "#0"},
				"west": {"uv": [9.75, 11.5, 9.875, 13.125], "texture": "#0"},
				"up": {"uv": [9.75, 11.5, 9.875, 11.625], "texture": "#0"},
				"down": {"uv": [9.75, 13, 9.875, 13.125], "texture": "#0"}
			}
		},
		{
			"name": "divine_punisher_89",
			"from": [8.125, 4.125, 7.9],
			"to": [8.25, 4.375, 8.225],
			"faces": {
				"north": {"uv": [12.25, 11.625, 12.125, 11.875], "texture": "#0"},
				"south": {"uv": [12.125, 11.625, 12.25, 11.875], "texture": "#0"},
				"west": {"uv": [12.125, 11.625, 12.25, 11.875], "texture": "#0"},
				"up": {"uv": [12.125, 11.625, 12.25, 11.75], "texture": "#0"},
				"down": {"uv": [12.125, 11.75, 12.25, 11.875], "texture": "#0"}
			}
		},
		{
			"name": "divine_punisher_90",
			"from": [8.625, 4.125, 7.9],
			"to": [8.75, 4.375, 8.225],
			"faces": {
				"north": {"uv": [12.75, 11.625, 12.625, 11.875], "texture": "#0"},
				"east": {"uv": [12.625, 11.625, 12.75, 11.875], "texture": "#0"},
				"south": {"uv": [12.625, 11.625, 12.75, 11.875], "texture": "#0"},
				"up": {"uv": [12.625, 11.625, 12.75, 11.75], "texture": "#0"},
				"down": {"uv": [12.625, 11.75, 12.75, 11.875], "texture": "#0"}
			}
		},
		{
			"name": "divine_punisher_91",
			"from": [7.875, 4, 7.9],
			"to": [8.125, 4.25, 8.225],
			"faces": {
				"north": {"uv": [12.125, 11.75, 11.875, 12], "texture": "#0"},
				"east": {"uv": [12, 11.75, 12.125, 12], "texture": "#0"},
				"south": {"uv": [11.875, 11.75, 12.125, 12], "texture": "#0"},
				"west": {"uv": [11.875, 11.75, 12, 12], "texture": "#0"},
				"up": {"uv": [11.875, 11.75, 12.125, 11.875], "texture": "#0"},
				"down": {"uv": [11.875, 11.875, 12.125, 12], "texture": "#0"}
			}
		},
		{
			"name": "divine_punisher_92",
			"from": [8.75, 4, 7.9],
			"to": [9, 4.25, 8.225],
			"faces": {
				"north": {"uv": [13, 11.75, 12.75, 12], "texture": "#0"},
				"east": {"uv": [12.875, 11.75, 13, 12], "texture": "#0"},
				"south": {"uv": [12.75, 11.75, 13, 12], "texture": "#0"},
				"west": {"uv": [12.75, 11.75, 12.875, 12], "texture": "#0"},
				"up": {"uv": [12.75, 11.75, 13, 11.875], "texture": "#0"},
				"down": {"uv": [12.75, 11.875, 13, 12], "texture": "#0"}
			}
		},
		{
			"name": "divine_punisher_93",
			"from": [6.875, 3.25, 7.85],
			"to": [7, 4.125, 8.275],
			"faces": {
				"north": {"uv": [7, 11.875, 6.875, 12.75], "texture": "#0"},
				"south": {"uv": [6.875, 11.875, 7, 12.75], "texture": "#0"},
				"west": {"uv": [6.875, 11.875, 7, 12.75], "texture": "#0"},
				"up": {"uv": [6.875, 11.875, 7, 12], "texture": "#0"},
				"down": {"uv": [6.875, 12.625, 7, 12.75], "texture": "#0"}
			}
		},
		{
			"name": "divine_punisher_94",
			"from": [9.875, 3.25, 7.85],
			"to": [10, 4.125, 8.275],
			"faces": {
				"north": {"uv": [10, 11.875, 9.875, 12.75], "texture": "#0"},
				"east": {"uv": [9.875, 11.875, 10, 12.75], "texture": "#0"},
				"south": {"uv": [9.875, 11.875, 10, 12.75], "texture": "#0"},
				"up": {"uv": [9.875, 11.875, 10, 12], "texture": "#0"},
				"down": {"uv": [9.875, 12.625, 10, 12.75], "texture": "#0"}
			}
		},
		{
			"name": "divine_punisher_95",
			"from": [7.75, 3.375, 7.9],
			"to": [8, 4, 8.225],
			"faces": {
				"north": {"uv": [12, 12, 11.75, 12.625], "texture": "#0"},
				"east": {"uv": [11.875, 12, 12, 12.625], "texture": "#0"},
				"south": {"uv": [11.75, 12, 12, 12.625], "texture": "#0"},
				"west": {"uv": [11.75, 12, 11.875, 12.625], "texture": "#0"},
				"up": {"uv": [11.75, 12, 12, 12.125], "texture": "#0"},
				"down": {"uv": [11.75, 12.5, 12, 12.625], "texture": "#0"}
			}
		},
		{
			"name": "divine_punisher_96",
			"from": [8.875, 3.375, 7.9],
			"to": [9.125, 4, 8.225],
			"faces": {
				"north": {"uv": [13.125, 12, 12.875, 12.625], "texture": "#0"},
				"east": {"uv": [13, 12, 13.125, 12.625], "texture": "#0"},
				"south": {"uv": [12.875, 12, 13.125, 12.625], "texture": "#0"},
				"west": {"uv": [12.875, 12, 13, 12.625], "texture": "#0"},
				"up": {"uv": [12.875, 12, 13.125, 12.125], "texture": "#0"},
				"down": {"uv": [12.875, 12.5, 13.125, 12.625], "texture": "#0"}
			}
		},
		{
			"name": "divine_punisher_97",
			"from": [6.375, 3.5, 7.95],
			"to": [6.5, 3.875, 8.175],
			"faces": {
				"north": {"uv": [6.25, 12.125, 6.125, 12.5], "texture": "#0"},
				"east": {"uv": [6.125, 12.125, 6.25, 12.5], "texture": "#0"},
				"south": {"uv": [6.125, 12.125, 6.25, 12.5], "texture": "#0"},
				"west": {"uv": [6.125, 12.125, 6.25, 12.5], "texture": "#0"},
				"up": {"uv": [6.125, 12.125, 6.25, 12.25], "texture": "#0"},
				"down": {"uv": [6.125, 12.375, 6.25, 12.5], "texture": "#0"}
			}
		},
		{
			"name": "divine_punisher_98",
			"from": [6.625, 3.5, 7.95],
			"to": [6.875, 3.875, 8.175],
			"faces": {
				"north": {"uv": [6.625, 12.125, 6.375, 12.5], "texture": "#0"},
				"south": {"uv": [6.375, 12.125, 6.625, 12.5], "texture": "#0"},
				"west": {"uv": [6.375, 12.125, 6.5, 12.5], "texture": "#0"},
				"up": {"uv": [6.375, 12.125, 6.625, 12.25], "texture": "#0"},
				"down": {"uv": [6.375, 12.375, 6.625, 12.5], "texture": "#0"}
			}
		},
		{
			"name": "divine_punisher_99",
			"from": [10, 3.5, 7.95],
			"to": [10.25, 3.875, 8.175],
			"faces": {
				"north": {"uv": [10.5, 12.125, 10.25, 12.5], "texture": "#0"},
				"east": {"uv": [10.375, 12.125, 10.5, 12.5], "texture": "#0"},
				"south": {"uv": [10.25, 12.125, 10.5, 12.5], "texture": "#0"},
				"up": {"uv": [10.25, 12.125, 10.5, 12.25], "texture": "#0"},
				"down": {"uv": [10.25, 12.375, 10.5, 12.5], "texture": "#0"}
			}
		},
		{
			"name": "divine_punisher_100",
			"from": [10.375, 3.5, 7.95],
			"to": [10.5, 3.875, 8.175],
			"faces": {
				"north": {"uv": [10.75, 12.125, 10.625, 12.5], "texture": "#0"},
				"east": {"uv": [10.625, 12.125, 10.75, 12.5], "texture": "#0"},
				"south": {"uv": [10.625, 12.125, 10.75, 12.5], "texture": "#0"},
				"west": {"uv": [10.625, 12.125, 10.75, 12.5], "texture": "#0"},
				"up": {"uv": [10.625, 12.125, 10.75, 12.25], "texture": "#0"},
				"down": {"uv": [10.625, 12.375, 10.75, 12.5], "texture": "#0"}
			}
		},
		{
			"name": "divine_punisher_101",
			"from": [7.125, 3.5, 7.9],
			"to": [7.75, 3.875, 8.225],
			"faces": {
				"north": {"uv": [11.75, 12.125, 11.125, 12.5], "texture": "#0"},
				"south": {"uv": [11.125, 12.125, 11.75, 12.5], "texture": "#0"},
				"up": {"uv": [11.125, 12.125, 11.75, 12.25], "texture": "#0"},
				"down": {"uv": [11.125, 12.375, 11.75, 12.5], "texture": "#0"}
			}
		},
		{
			"name": "divine_punisher_102",
			"from": [9.125, 3.5, 7.9],
			"to": [9.75, 3.875, 8.225],
			"faces": {
				"north": {"uv": [13.75, 12.125, 13.125, 12.5], "texture": "#0"},
				"south": {"uv": [13.125, 12.125, 13.75, 12.5], "texture": "#0"},
				"up": {"uv": [13.125, 12.125, 13.75, 12.25], "texture": "#0"},
				"down": {"uv": [13.125, 12.375, 13.75, 12.5], "texture": "#0"}
			}
		},
		{
			"name": "divine_punisher_103",
			"from": [6.125, 3.625, 7.95],
			"to": [6.375, 3.75, 8.175],
			"faces": {
				"north": {"uv": [6.125, 12.25, 5.875, 12.375], "texture": "#0"},
				"south": {"uv": [5.875, 12.25, 6.125, 12.375], "texture": "#0"},
				"west": {"uv": [5.875, 12.25, 6, 12.375], "texture": "#0"},
				"up": {"uv": [5.875, 12.25, 6.125, 12.375], "texture": "#0"},
				"down": {"uv": [5.875, 12.25, 6.125, 12.375], "texture": "#0"}
			}
		},
		{
			"name": "divine_punisher_104",
			"from": [6.5, 3.625, 7.95],
			"to": [6.625, 3.75, 8.175],
			"faces": {
				"north": {"uv": [6.375, 12.25, 6.25, 12.375], "texture": "#0"},
				"south": {"uv": [6.25, 12.25, 6.375, 12.375], "texture": "#0"},
				"up": {"uv": [6.25, 12.25, 6.375, 12.375], "texture": "#0"},
				"down": {"uv": [6.25, 12.25, 6.375, 12.375], "texture": "#0"}
			}
		},
		{
			"name": "divine_punisher_105",
			"from": [10.25, 3.625, 7.95],
			"to": [10.375, 3.75, 8.175],
			"faces": {
				"north": {"uv": [10.625, 12.25, 10.5, 12.375], "texture": "#0"},
				"south": {"uv": [10.5, 12.25, 10.625, 12.375], "texture": "#0"},
				"up": {"uv": [10.5, 12.25, 10.625, 12.375], "texture": "#0"},
				"down": {"uv": [10.5, 12.25, 10.625, 12.375], "texture": "#0"}
			}
		},
		{
			"name": "divine_punisher_106",
			"from": [10.5, 3.625, 7.95],
			"to": [10.75, 3.75, 8.175],
			"faces": {
				"north": {"uv": [11, 12.25, 10.75, 12.375], "texture": "#0"},
				"east": {"uv": [10.875, 12.25, 11, 12.375], "texture": "#0"},
				"south": {"uv": [10.75, 12.25, 11, 12.375], "texture": "#0"},
				"up": {"uv": [10.75, 12.25, 11, 12.375], "texture": "#0"},
				"down": {"uv": [10.75, 12.25, 11, 12.375], "texture": "#0"}
			}
		},
		{
			"name": "divine_punisher_107",
			"from": [7.125, 2.625, 7.85],
			"to": [7.25, 3.375, 8.275],
			"faces": {
				"north": {"uv": [7.25, 12.625, 7.125, 13.375], "texture": "#0"},
				"east": {"uv": [7.125, 12.625, 7.25, 13.375], "texture": "#0"},
				"south": {"uv": [7.125, 12.625, 7.25, 13.375], "texture": "#0"},
				"west": {"uv": [7.125, 12.625, 7.25, 13.375], "texture": "#0"},
				"up": {"uv": [7.125, 12.625, 7.25, 12.75], "texture": "#0"},
				"down": {"uv": [7.125, 13.25, 7.25, 13.375], "texture": "#0"}
			}
		},
		{
			"name": "divine_punisher_108",
			"from": [7.875, 3.125, 7.9],
			"to": [8.125, 3.375, 8.225],
			"faces": {
				"north": {"uv": [12.125, 12.625, 11.875, 12.875], "texture": "#0"},
				"east": {"uv": [12, 12.625, 12.125, 12.875], "texture": "#0"},
				"south": {"uv": [11.875, 12.625, 12.125, 12.875], "texture": "#0"},
				"west": {"uv": [11.875, 12.625, 12, 12.875], "texture": "#0"},
				"up": {"uv": [11.875, 12.625, 12.125, 12.75], "texture": "#0"},
				"down": {"uv": [11.875, 12.75, 12.125, 12.875], "texture": "#0"}
			}
		},
		{
			"name": "divine_punisher_109",
			"from": [8.75, 3.125, 7.9],
			"to": [9, 3.375, 8.225],
			"faces": {
				"north": {"uv": [13, 12.625, 12.75, 12.875], "texture": "#0"},
				"east": {"uv": [12.875, 12.625, 13, 12.875], "texture": "#0"},
				"south": {"uv": [12.75, 12.625, 13, 12.875], "texture": "#0"},
				"west": {"uv": [12.75, 12.625, 12.875, 12.875], "texture": "#0"},
				"up": {"uv": [12.75, 12.625, 13, 12.75], "texture": "#0"},
				"down": {"uv": [12.75, 12.75, 13, 12.875], "texture": "#0"}
			}
		},
		{
			"name": "divine_punisher_110",
			"from": [9.625, 2.625, 7.85],
			"to": [9.75, 3.25, 8.275],
			"faces": {
				"north": {"uv": [9.75, 12.75, 9.625, 13.375], "texture": "#0"},
				"east": {"uv": [9.625, 12.75, 9.75, 13.375], "texture": "#0"},
				"south": {"uv": [9.625, 12.75, 9.75, 13.375], "texture": "#0"},
				"west": {"uv": [9.625, 12.75, 9.75, 13.375], "texture": "#0"},
				"up": {"uv": [9.625, 12.75, 9.75, 12.875], "texture": "#0"},
				"down": {"uv": [9.625, 13.25, 9.75, 13.375], "texture": "#0"}
			}
		},
		{
			"name": "divine_punisher_111",
			"from": [8.125, 3, 7.9],
			"to": [8.25, 3.25, 8.225],
			"faces": {
				"north": {"uv": [12.25, 12.75, 12.125, 13], "texture": "#0"},
				"south": {"uv": [12.125, 12.75, 12.25, 13], "texture": "#0"},
				"west": {"uv": [12.125, 12.75, 12.25, 13], "texture": "#0"},
				"up": {"uv": [12.125, 12.75, 12.25, 12.875], "texture": "#0"},
				"down": {"uv": [12.125, 12.875, 12.25, 13], "texture": "#0"}
			}
		},
		{
			"name": "divine_punisher_112",
			"from": [8.625, 3, 7.9],
			"to": [8.75, 3.25, 8.225],
			"faces": {
				"north": {"uv": [12.75, 12.75, 12.625, 13], "texture": "#0"},
				"east": {"uv": [12.625, 12.75, 12.75, 13], "texture": "#0"},
				"south": {"uv": [12.625, 12.75, 12.75, 13], "texture": "#0"},
				"up": {"uv": [12.625, 12.75, 12.75, 12.875], "texture": "#0"},
				"down": {"uv": [12.625, 12.875, 12.75, 13], "texture": "#0"}
			}
		},
		{
			"name": "divine_punisher_113",
			"from": [7.25, 2.5, 7.85],
			"to": [7.375, 3, 8.275],
			"faces": {
				"north": {"uv": [7.375, 13, 7.25, 13.5], "texture": "#0"},
				"east": {"uv": [7.25, 13, 7.375, 13.5], "texture": "#0"},
				"south": {"uv": [7.25, 13, 7.375, 13.5], "texture": "#0"},
				"west": {"uv": [7.25, 13, 7.375, 13.5], "texture": "#0"},
				"up": {"uv": [7.25, 13, 7.375, 13.125], "texture": "#0"},
				"down": {"uv": [7.25, 13.375, 7.375, 13.5], "texture": "#0"}
			}
		},
		{
			"name": "divine_punisher_114",
			"from": [9.5, 2.5, 7.85],
			"to": [9.625, 3, 8.275],
			"faces": {
				"north": {"uv": [9.625, 13, 9.5, 13.5], "texture": "#0"},
				"east": {"uv": [9.5, 13, 9.625, 13.5], "texture": "#0"},
				"south": {"uv": [9.5, 13, 9.625, 13.5], "texture": "#0"},
				"west": {"uv": [9.5, 13, 9.625, 13.5], "texture": "#0"},
				"up": {"uv": [9.5, 13, 9.625, 13.125], "texture": "#0"},
				"down": {"uv": [9.5, 13.375, 9.625, 13.5], "texture": "#0"}
			}
		},
		{
			"name": "divine_punisher_115",
			"from": [7.375, 2.375, 7.85],
			"to": [7.5, 2.75, 8.275],
			"faces": {
				"north": {"uv": [7.5, 13.25, 7.375, 13.625], "texture": "#0"},
				"east": {"uv": [7.375, 13.25, 7.5, 13.625], "texture": "#0"},
				"south": {"uv": [7.375, 13.25, 7.5, 13.625], "texture": "#0"},
				"west": {"uv": [7.375, 13.25, 7.5, 13.625], "texture": "#0"},
				"up": {"uv": [7.375, 13.25, 7.5, 13.375], "texture": "#0"},
				"down": {"uv": [7.375, 13.5, 7.5, 13.625], "texture": "#0"}
			}
		},
		{
			"name": "divine_punisher_116",
			"from": [9.375, 2.375, 7.85],
			"to": [9.5, 2.75, 8.275],
			"faces": {
				"north": {"uv": [9.5, 13.25, 9.375, 13.625], "texture": "#0"},
				"east": {"uv": [9.375, 13.25, 9.5, 13.625], "texture": "#0"},
				"south": {"uv": [9.375, 13.25, 9.5, 13.625], "texture": "#0"},
				"west": {"uv": [9.375, 13.25, 9.5, 13.625], "texture": "#0"},
				"up": {"uv": [9.375, 13.25, 9.5, 13.375], "texture": "#0"},
				"down": {"uv": [9.375, 13.5, 9.5, 13.625], "texture": "#0"}
			}
		},
		{
			"name": "divine_punisher_117",
			"from": [7.5, 2.375, 7.85],
			"to": [7.75, 2.625, 8.275],
			"faces": {
				"north": {"uv": [7.75, 13.375, 7.5, 13.625], "texture": "#0"},
				"east": {"uv": [7.625, 13.375, 7.75, 13.625], "texture": "#0"},
				"south": {"uv": [7.5, 13.375, 7.75, 13.625], "texture": "#0"},
				"up": {"uv": [7.5, 13.375, 7.75, 13.5], "texture": "#0"},
				"down": {"uv": [7.5, 13.5, 7.75, 13.625], "texture": "#0"}
			}
		},
		{
			"name": "divine_punisher_118",
			"from": [9.125, 2.375, 7.85],
			"to": [9.375, 2.625, 8.275],
			"faces": {
				"north": {"uv": [9.375, 13.375, 9.125, 13.625], "texture": "#0"},
				"south": {"uv": [9.125, 13.375, 9.375, 13.625], "texture": "#0"},
				"west": {"uv": [9.125, 13.375, 9.25, 13.625], "texture": "#0"},
				"up": {"uv": [9.125, 13.375, 9.375, 13.5], "texture": "#0"},
				"down": {"uv": [9.125, 13.5, 9.375, 13.625], "texture": "#0"}
			}
		},
		{
			"name": "divine_punisher_119",
			"from": [7.75, 2.25, 7.85],
			"to": [8.125, 2.5, 8.275],
			"faces": {
				"north": {"uv": [8.125, 13.5, 7.75, 13.75], "texture": "#0"},
				"east": {"uv": [8, 13.5, 8.125, 13.75], "texture": "#0"},
				"south": {"uv": [7.75, 13.5, 8.125, 13.75], "texture": "#0"},
				"up": {"uv": [7.75, 13.5, 8.125, 13.625], "texture": "#0"},
				"down": {"uv": [7.75, 13.625, 8.125, 13.75], "texture": "#0"}
			}
		},
		{
			"name": "divine_punisher_120",
			"from": [8.75, 2.25, 7.85],
			"to": [9.125, 2.5, 8.275],
			"faces": {
				"north": {"uv": [9.125, 13.5, 8.75, 13.75], "texture": "#0"},
				"south": {"uv": [8.75, 13.5, 9.125, 13.75], "texture": "#0"},
				"west": {"uv": [8.75, 13.5, 8.875, 13.75], "texture": "#0"},
				"up": {"uv": [8.75, 13.5, 9.125, 13.625], "texture": "#0"},
				"down": {"uv": [8.75, 13.625, 9.125, 13.75], "texture": "#0"}
			}
		},
		{
			"name": "divine_punisher_121",
			"from": [7.625, 2.25, 7.85],
			"to": [7.75, 2.375, 8.275],
			"faces": {
				"north": {"uv": [7.75, 13.625, 7.625, 13.75], "texture": "#0"},
				"south": {"uv": [7.625, 13.625, 7.75, 13.75], "texture": "#0"},
				"west": {"uv": [7.625, 13.625, 7.75, 13.75], "texture": "#0"},
				"down": {"uv": [7.625, 13.625, 7.75, 13.75], "texture": "#0"}
			}
		},
		{
			"name": "divine_punisher_122",
			"from": [8.125, 2.125, 7.85],
			"to": [8.75, 2.375, 8.275],
			"faces": {
				"north": {"uv": [8.75, 13.625, 8.125, 13.875], "texture": "#0"},
				"east": {"uv": [8.625, 13.625, 8.75, 13.875], "texture": "#0"},
				"south": {"uv": [8.125, 13.625, 8.75, 13.875], "texture": "#0"},
				"up": {"uv": [8.125, 13.625, 8.75, 13.75], "texture": "#0"},
				"down": {"uv": [8.125, 13.75, 8.75, 13.875], "texture": "#0"}
			}
		},
		{
			"name": "divine_punisher_123",
			"from": [9.125, 2.25, 7.85],
			"to": [9.25, 2.375, 8.275],
			"faces": {
				"north": {"uv": [9.25, 13.625, 9.125, 13.75], "texture": "#0"},
				"east": {"uv": [9.125, 13.625, 9.25, 13.75], "texture": "#0"},
				"south": {"uv": [9.125, 13.625, 9.25, 13.75], "texture": "#0"},
				"down": {"uv": [9.125, 13.625, 9.25, 13.75], "texture": "#0"}
			}
		},
		{
			"name": "divine_punisher_124",
			"from": [8, 2.125, 7.85],
			"to": [8.125, 2.25, 8.275],
			"faces": {
				"north": {"uv": [8.125, 13.75, 8, 13.875], "texture": "#0"},
				"south": {"uv": [8, 13.75, 8.125, 13.875], "texture": "#0"},
				"west": {"uv": [8, 13.75, 8.125, 13.875], "texture": "#0"},
				"down": {"uv": [8, 13.75, 8.125, 13.875], "texture": "#0"}
			}
		},
		{
			"name": "divine_punisher_125",
			"from": [8.75, 2.125, 8],
			"to": [8.875, 2.25, 8.125],
			"faces": {
				"north": {"uv": [8.875, 13.75, 8.75, 13.875], "texture": "#0"},
				"east": {"uv": [8.75, 13.75, 8.875, 13.875], "texture": "#0"},
				"south": {"uv": [8.75, 13.75, 8.875, 13.875], "texture": "#0"},
				"down": {"uv": [8.75, 13.75, 8.875, 13.875], "texture": "#0"}
			}
		},
		{
			"name": "divine_punisher_126",
			"from": [8.25, 2, 7.9],
			"to": [8.625, 2.125, 8.225],
			"faces": {
				"north": {"uv": [8.625, 14.125, 8.25, 14.25], "texture": "#0"},
				"east": {"uv": [8.5, 14.125, 8.625, 14.25], "texture": "#0"},
				"south": {"uv": [8.25, 14.125, 8.625, 14.25], "texture": "#0"},
				"west": {"uv": [8.25, 14.125, 8.375, 14.25], "texture": "#0"}
			}
		},
		{
			"name": "divine_punisher_127",
			"from": [8.125, 1.75, 7.8],
			"to": [8.75, 2, 8.325],
			"faces": {
				"north": {"uv": [9.5, 14.25, 8.875, 14.5], "texture": "#0"},
				"east": {"uv": [9.5, 14.25, 8.875, 14.5], "texture": "#0"},
				"south": {"uv": [8.875, 14.25, 9.5, 14.5], "texture": "#0"},
				"west": {"uv": [9.5, 14.25, 8.875, 14.5], "texture": "#0"},
				"up": {"uv": [8.875, 14.25, 9.5, 14.375], "texture": "#0"},
				"down": {"uv": [8.875, 14.375, 9.5, 14.5], "texture": "#0"}
			}
		},
		{
			"name": "divine_punisher_128",
			"from": [8.25, 1.625, 7.9],
			"to": [8.625, 1.75, 8.225],
			"faces": {
				"north": {"uv": [8.625, 14.5, 8.25, 14.625], "texture": "#0"},
				"east": {"uv": [8.5, 14.5, 8.625, 14.625], "texture": "#0"},
				"south": {"uv": [8.25, 14.5, 8.625, 14.625], "texture": "#0"},
				"west": {"uv": [8.25, 14.5, 8.375, 14.625], "texture": "#0"},
				"down": {"uv": [8.25, 14.5, 8.625, 14.625], "texture": "#0"}
			}
		},
		{
			"name": "divine_punisher_129",
			"from": [8.375, 1, 8],
			"to": [8.5, 1.625, 8.125],
			"faces": {
				"north": {"uv": [8.5, 14.625, 8.375, 15.25], "texture": "#0"},
				"east": {"uv": [8.375, 14.625, 8.5, 15.25], "texture": "#0"},
				"south": {"uv": [8.375, 14.625, 8.5, 15.25], "texture": "#0"},
				"west": {"uv": [8.375, 14.625, 8.5, 15.25], "texture": "#0"},
				"down": {"uv": [8.375, 15.125, 8.5, 15.25], "texture": "#0"}
			}
		},
		{
			"name": "divine_punisher_130",
			"from": [8.25, 1.375, 8],
			"to": [8.375, 1.5, 8.125],
			"faces": {
				"north": {"uv": [8.375, 14.75, 8.25, 14.875], "texture": "#0"},
				"south": {"uv": [8.25, 14.75, 8.375, 14.875], "texture": "#0"},
				"west": {"uv": [8.25, 14.75, 8.375, 14.875], "texture": "#0"},
				"up": {"uv": [8.25, 14.75, 8.375, 14.875], "texture": "#0"},
				"down": {"uv": [8.25, 14.75, 8.375, 14.875], "texture": "#0"}
			}
		},
		{
			"name": "divine_punisher_131",
			"from": [8.5, 1.375, 8],
			"to": [8.625, 1.5, 8.125],
			"faces": {
				"north": {"uv": [8.625, 14.75, 8.5, 14.875], "texture": "#0"},
				"east": {"uv": [8.5, 14.75, 8.625, 14.875], "texture": "#0"},
				"south": {"uv": [8.5, 14.75, 8.625, 14.875], "texture": "#0"},
				"up": {"uv": [8.5, 14.75, 8.625, 14.875], "texture": "#0"},
				"down": {"uv": [8.5, 14.75, 8.625, 14.875], "texture": "#0"}
			}
		}
	],
	"gui_light": "front",
	"display": {
		"thirdperson_righthand": {
			"rotation": [0, -90, 0],
			"translation": [0.25, 11.5, -0.25],
			"scale": [3, 3, 3]
		},
		"thirdperson_lefthand": {
			"rotation": [0, 90, 0],
			"translation": [0.25, 11.5, 0],
			"scale": [3, 3, 3]
		},
		"firstperson_righthand": {
			"rotation": [0, -90, -4],
			"translation": [0.75, 7.25, 1.5],
			"scale": [2, 2, 1.75]
		},
		"firstperson_lefthand": {
			"rotation": [0, 90, 1],
			"translation": [1.5, 6.75, 0.5],
			"scale": [2, 2, 1.75]
		},
		"ground": {
			"translation": [0, 12.5, 0],
			"scale": [3.75, 3.75, 2.5]
		},
		"gui": {
			"rotation": [0, 0, -42],
			"translation": [-0.25, 1.5, 0],
			"scale": [2, 2, 1]
		},
		"fixed": {
			"rotation": [-180, 0, 138],
			"translation": [-1.25, 1.75, -0.75],
			"scale": [4, 4, 3]
		}
	},
	"groups": [
		{
			"name": "divine_punisher",
			"origin": [8, 8, 8],
			"color": 0,
			"children": [
				0,
				1,
				2,
				3,
				4,
				5,
				6,
				7,
				8,
				9,
				10,
				11,
				12,
				13,
				14,
				15,
				16,
				17,
				18,
				19,
				20,
				21,
				22,
				23,
				24,
				25,
				26,
				27,
				28,
				29,
				30,
				31,
				32,
				33,
				34,
				35,
				36,
				37,
				38,
				39,
				40,
				41,
				42,
				43,
				44,
				45,
				46,
				47,
				48,
				49,
				50,
				51,
				52,
				53,
				54,
				55,
				56,
				57,
				58,
				59,
				60,
				61,
				62,
				63,
				64,
				65,
				66,
				67,
				68,
				69,
				70,
				71,
				72,
				73,
				74,
				75,
				76,
				77,
				78,
				79,
				80,
				81,
				82,
				83,
				84,
				85,
				86,
				87,
				88,
				89,
				90,
				91,
				92,
				93,
				94,
				95,
				96,
				97,
				98,
				99,
				100,
				101,
				102,
				103,
				104,
				105,
				106,
				107,
				108,
				109,
				110,
				111,
				112,
				113,
				114,
				115,
				116,
				117,
				118,
				119,
				120,
				121,
				122,
				123,
				124,
				125,
				126,
				127,
				128,
				129,
				130,
				131
			]
		}
	]
}