{
	"credit": "Made with Blockbench",
	"textures": {
		"0": "item/diamond_sword/divine_reaper",
		"particle": "item/diamond_sword/divine_reaper"
	},
	"elements": [
		{
			"name": "divine_reaper_0",
			"from": [7.9, 13.125, 7.85],
			"to": [8.025, 13.875, 8.075],
			"faces": {
				"north": {"uv": [9.125, 0.875, 9, 1.625], "texture": "#0"},
				"east": {"uv": [9, 0.875, 9.125, 1.625], "texture": "#0"},
				"south": {"uv": [9, 0.875, 9.125, 1.625], "texture": "#0"},
				"west": {"uv": [9, 0.875, 9.125, 1.625], "texture": "#0"},
				"up": {"uv": [9, 0.875, 9.125, 1], "texture": "#0"}
			}
		},
		{
			"name": "divine_reaper_1",
			"from": [7.775, 13.5, 7.85],
			"to": [7.9, 13.625, 8.075],
			"faces": {
				"north": {"uv": [9, 1.125, 8.875, 1.25], "texture": "#0"},
				"south": {"uv": [8.875, 1.125, 9, 1.25], "texture": "#0"},
				"west": {"uv": [8.875, 1.125, 9, 1.25], "texture": "#0"},
				"up": {"uv": [8.875, 1.125, 9, 1.25], "texture": "#0"},
				"down": {"uv": [8.875, 1.125, 9, 1.25], "texture": "#0"}
			}
		},
		{
			"name": "divine_reaper_2",
			"from": [8.025, 13.5, 7.85],
			"to": [8.15, 13.625, 8.075],
			"faces": {
				"north": {"uv": [9.25, 1.125, 9.125, 1.25], "texture": "#0"},
				"east": {"uv": [9.125, 1.125, 9.25, 1.25], "texture": "#0"},
				"south": {"uv": [9.125, 1.125, 9.25, 1.25], "texture": "#0"},
				"up": {"uv": [9.125, 1.125, 9.25, 1.25], "texture": "#0"},
				"down": {"uv": [9.125, 1.125, 9.25, 1.25], "texture": "#0"}
			}
		},
		{
			"name": "divine_reaper_3",
			"from": [7.775, 13.125, 7.85],
			"to": [7.9, 13.375, 8.075],
			"faces": {
				"north": {"uv": [9, 1.375, 8.875, 1.625], "texture": "#0"},
				"south": {"uv": [8.875, 1.375, 9, 1.625], "texture": "#0"},
				"west": {"uv": [8.875, 1.375, 9, 1.625], "texture": "#0"},
				"up": {"uv": [8.875, 1.375, 9, 1.5], "texture": "#0"}
			}
		},
		{
			"name": "divine_reaper_4",
			"from": [8.025, 13.125, 7.85],
			"to": [8.15, 13.375, 8.075],
			"faces": {
				"north": {"uv": [9.25, 1.375, 9.125, 1.625], "texture": "#0"},
				"east": {"uv": [9.125, 1.375, 9.25, 1.625], "texture": "#0"},
				"south": {"uv": [9.125, 1.375, 9.25, 1.625], "texture": "#0"},
				"up": {"uv": [9.125, 1.375, 9.25, 1.5], "texture": "#0"}
			}
		},
		{
			"name": "divine_reaper_5",
			"from": [9.4, 12.875, 7.85],
			"to": [10.15, 13.375, 8.075],
			"faces": {
				"north": {"uv": [11.75, 1.625, 11, 2.125], "texture": "#0"},
				"east": {"uv": [11.625, 1.625, 11.75, 2.125], "texture": "#0"},
				"south": {"uv": [11, 1.625, 11.75, 2.125], "texture": "#0"},
				"west": {"uv": [11, 1.625, 11.125, 2.125], "texture": "#0"},
				"up": {"uv": [11, 1.625, 11.75, 1.75], "texture": "#0"},
				"down": {"uv": [11, 2, 11.75, 2.125], "texture": "#0"}
			}
		},
		{
			"name": "divine_reaper_6",
			"from": [10.15, 13.25, 7.85],
			"to": [10.525, 13.375, 8.075],
			"faces": {
				"north": {"uv": [12.125, 1.625, 11.75, 1.75], "texture": "#0"},
				"east": {"uv": [12, 1.625, 12.125, 1.75], "texture": "#0"},
				"south": {"uv": [11.75, 1.625, 12.125, 1.75], "texture": "#0"},
				"up": {"uv": [11.75, 1.625, 12.125, 1.75], "texture": "#0"},
				"down": {"uv": [11.75, 1.625, 12.125, 1.75], "texture": "#0"}
			}
		},
		{
			"name": "divine_reaper_7",
			"from": [10.15, 13, 7.85],
			"to": [10.275, 13.25, 8.075],
			"faces": {
				"north": {"uv": [11.875, 1.75, 11.75, 2], "texture": "#0"},
				"east": {"uv": [11.75, 1.75, 11.875, 2], "texture": "#0"},
				"south": {"uv": [11.75, 1.75, 11.875, 2], "texture": "#0"},
				"down": {"uv": [11.75, 1.875, 11.875, 2], "texture": "#0"}
			}
		},
		{
			"name": "divine_reaper_8",
			"from": [7.525, 12.75, 7.7],
			"to": [8.4, 13.125, 8.225],
			"faces": {
				"north": {"uv": [9.5, 1.875, 8.625, 2.25], "texture": "#0"},
				"east": {"uv": [9.375, 1.875, 9.5, 2.25], "texture": "#0"},
				"south": {"uv": [8.625, 1.875, 9.5, 2.25], "texture": "#0"},
				"west": {"uv": [8.625, 1.875, 8.75, 2.25], "texture": "#0"},
				"up": {"uv": [8.625, 1.875, 9.5, 2], "texture": "#0"},
				"down": {"uv": [8.625, 2.125, 9.5, 2.25], "texture": "#0"}
			}
		},
		{
			"name": "divine_reaper_9",
			"from": [9.275, 12.75, 7.85],
			"to": [9.4, 13.125, 8.075],
			"faces": {
				"north": {"uv": [11, 1.875, 10.875, 2.25], "texture": "#0"},
				"south": {"uv": [10.875, 1.875, 11, 2.25], "texture": "#0"},
				"west": {"uv": [10.875, 1.875, 11, 2.25], "texture": "#0"},
				"up": {"uv": [10.875, 1.875, 11, 2], "texture": "#0"},
				"down": {"uv": [10.875, 2.125, 11, 2.25], "texture": "#0"}
			}
		},
		{
			"name": "divine_reaper_10",
			"from": [7.15, 12.625, 7.7],
			"to": [7.525, 13, 8.225],
			"faces": {
				"north": {"uv": [8.625, 2, 8.25, 2.375], "texture": "#0"},
				"south": {"uv": [8.25, 2, 8.625, 2.375], "texture": "#0"},
				"west": {"uv": [8.25, 2, 8.375, 2.375], "texture": "#0"},
				"up": {"uv": [8.25, 2, 8.625, 2.125], "texture": "#0"},
				"down": {"uv": [8.25, 2.25, 8.625, 2.375], "texture": "#0"}
			}
		},
		{
			"name": "divine_reaper_11",
			"from": [8.4, 12.625, 7.7],
			"to": [8.775, 13, 8.225],
			"faces": {
				"north": {"uv": [9.875, 2, 9.5, 2.375], "texture": "#0"},
				"east": {"uv": [9.75, 2, 9.875, 2.375], "texture": "#0"},
				"south": {"uv": [9.5, 2, 9.875, 2.375], "texture": "#0"},
				"up": {"uv": [9.5, 2, 9.875, 2.125], "texture": "#0"},
				"down": {"uv": [9.5, 2.25, 9.875, 2.375], "texture": "#0"}
			}
		},
		{
			"name": "divine_reaper_12",
			"from": [9.025, 12.625, 7.85],
			"to": [9.275, 13, 8.075],
			"faces": {
				"north": {"uv": [10.875, 2, 10.625, 2.375], "texture": "#0"},
				"east": {"uv": [10.75, 2, 10.875, 2.375], "texture": "#0"},
				"south": {"uv": [10.625, 2, 10.875, 2.375], "texture": "#0"},
				"west": {"uv": [10.625, 2, 10.75, 2.375], "texture": "#0"},
				"up": {"uv": [10.625, 2, 10.875, 2.125], "texture": "#0"},
				"down": {"uv": [10.625, 2.25, 10.875, 2.375], "texture": "#0"}
			}
		},
		{
			"name": "divine_reaper_13",
			"from": [6.9, 12, 7.7],
			"to": [7.15, 12.875, 8.225],
			"faces": {
				"north": {"uv": [8.25, 2.125, 8, 3], "texture": "#0"},
				"east": {"uv": [8.125, 2.125, 8.25, 3], "texture": "#0"},
				"south": {"uv": [8, 2.125, 8.25, 3], "texture": "#0"},
				"west": {"uv": [8, 2.125, 8.125, 3], "texture": "#0"},
				"up": {"uv": [8, 2.125, 8.25, 2.25], "texture": "#0"},
				"down": {"uv": [8, 2.875, 8.25, 3], "texture": "#0"}
			}
		},
		{
			"name": "divine_reaper_14",
			"from": [8.775, 12, 7.7],
			"to": [9.025, 12.875, 8.225],
			"faces": {
				"north": {"uv": [10.125, 2.125, 9.875, 3], "texture": "#0"},
				"east": {"uv": [10, 2.125, 10.125, 3], "texture": "#0"},
				"south": {"uv": [9.875, 2.125, 10.125, 3], "texture": "#0"},
				"west": {"uv": [9.875, 2.125, 10, 3], "texture": "#0"},
				"up": {"uv": [9.875, 2.125, 10.125, 2.25], "texture": "#0"},
				"down": {"uv": [9.875, 2.875, 10.125, 3], "texture": "#0"}
			}
		},
		{
			"name": "divine_reaper_15",
			"from": [9.4, 12.75, 7.85],
			"to": [9.775, 12.875, 8.075],
			"faces": {
				"north": {"uv": [11.375, 2.125, 11, 2.25], "texture": "#0"},
				"east": {"uv": [11.25, 2.125, 11.375, 2.25], "texture": "#0"},
				"south": {"uv": [11, 2.125, 11.375, 2.25], "texture": "#0"},
				"down": {"uv": [11, 2.125, 11.375, 2.25], "texture": "#0"}
			}
		},
		{
			"name": "divine_reaper_16",
			"from": [7.525, 12.625, 7.7],
			"to": [7.775, 12.75, 8.225],
			"faces": {
				"north": {"uv": [8.875, 2.25, 8.625, 2.375], "texture": "#0"},
				"east": {"uv": [8.75, 2.25, 8.875, 2.375], "texture": "#0"},
				"south": {"uv": [8.625, 2.25, 8.875, 2.375], "texture": "#0"},
				"down": {"uv": [8.625, 2.25, 8.875, 2.375], "texture": "#0"}
			}
		},
		{
			"name": "divine_reaper_17",
			"from": [8.15, 12.625, 7.7],
			"to": [8.4, 12.75, 8.225],
			"faces": {
				"north": {"uv": [9.5, 2.25, 9.25, 2.375], "texture": "#0"},
				"south": {"uv": [9.25, 2.25, 9.5, 2.375], "texture": "#0"},
				"west": {"uv": [9.25, 2.25, 9.375, 2.375], "texture": "#0"},
				"down": {"uv": [9.25, 2.25, 9.5, 2.375], "texture": "#0"}
			}
		},
		{
			"name": "divine_reaper_18",
			"from": [7.775, 12.5, 7.85],
			"to": [8.15, 12.75, 8.075],
			"faces": {
				"north": {"uv": [14, 2.25, 13.625, 2.5], "texture": "#0"},
				"east": {"uv": [13.875, 2.25, 14, 2.5], "texture": "#0"},
				"south": {"uv": [13.625, 2.25, 14, 2.5], "texture": "#0"},
				"west": {"uv": [13.625, 2.25, 13.75, 2.5], "texture": "#0"},
				"down": {"uv": [13.625, 2.375, 14, 2.5], "texture": "#0"}
			}
		},
		{
			"name": "divine_reaper_19",
			"from": [7.15, 12.5, 7.7],
			"to": [7.4, 12.625, 8.225],
			"faces": {
				"north": {"uv": [8.5, 2.375, 8.25, 2.5], "texture": "#0"},
				"east": {"uv": [8.375, 2.375, 8.5, 2.5], "texture": "#0"},
				"south": {"uv": [8.25, 2.375, 8.5, 2.5], "texture": "#0"},
				"down": {"uv": [8.25, 2.375, 8.5, 2.5], "texture": "#0"}
			}
		},
		{
			"name": "divine_reaper_20",
			"from": [8.525, 12.5, 7.7],
			"to": [8.775, 12.625, 8.225],
			"faces": {
				"north": {"uv": [9.875, 2.375, 9.625, 2.5], "texture": "#0"},
				"south": {"uv": [9.625, 2.375, 9.875, 2.5], "texture": "#0"},
				"west": {"uv": [9.625, 2.375, 9.75, 2.5], "texture": "#0"},
				"down": {"uv": [9.625, 2.375, 9.875, 2.5], "texture": "#0"}
			}
		},
		{
			"name": "divine_reaper_21",
			"from": [9.025, 12.5, 7.85],
			"to": [9.15, 12.625, 8.075],
			"faces": {
				"north": {"uv": [10.75, 2.375, 10.625, 2.5], "texture": "#0"},
				"east": {"uv": [10.625, 2.375, 10.75, 2.5], "texture": "#0"},
				"south": {"uv": [10.625, 2.375, 10.75, 2.5], "texture": "#0"}
			}
		},
		{
			"name": "divine_reaper_22",
			"from": [5.275, 12.375, 7.9],
			"to": [5.525, 12.5, 8.025],
			"faces": {
				"north": {"uv": [6.125, 2.5, 5.875, 2.625], "texture": "#0"},
				"south": {"uv": [5.875, 2.5, 6.125, 2.625], "texture": "#0"},
				"west": {"uv": [5.875, 2.5, 6, 2.625], "texture": "#0"},
				"up": {"uv": [5.875, 2.5, 6.125, 2.625], "texture": "#0"}
			}
		},
		{
			"name": "divine_reaper_23",
			"from": [6.775, 11.5, 7.7],
			"to": [6.9, 12.5, 8.225],
			"faces": {
				"north": {"uv": [8, 2.5, 7.875, 3.5], "texture": "#0"},
				"south": {"uv": [7.875, 2.5, 8, 3.5], "texture": "#0"},
				"west": {"uv": [7.875, 2.5, 8, 3.5], "texture": "#0"},
				"up": {"uv": [7.875, 2.5, 8, 2.625], "texture": "#0"},
				"down": {"uv": [7.875, 3.375, 8, 3.5], "texture": "#0"}
			}
		},
		{
			"name": "divine_reaper_24",
			"from": [7.15, 12.375, 7.7],
			"to": [7.275, 12.5, 8.225],
			"faces": {
				"north": {"uv": [8.375, 2.5, 8.25, 2.625], "texture": "#0"},
				"east": {"uv": [8.25, 2.5, 8.375, 2.625], "texture": "#0"},
				"south": {"uv": [8.25, 2.5, 8.375, 2.625], "texture": "#0"},
				"down": {"uv": [8.25, 2.5, 8.375, 2.625], "texture": "#0"}
			}
		},
		{
			"name": "divine_reaper_25",
			"from": [8.65, 12.375, 7.7],
			"to": [8.775, 12.5, 8.225],
			"faces": {
				"north": {"uv": [9.875, 2.5, 9.75, 2.625], "texture": "#0"},
				"south": {"uv": [9.75, 2.5, 9.875, 2.625], "texture": "#0"},
				"west": {"uv": [9.75, 2.5, 9.875, 2.625], "texture": "#0"},
				"down": {"uv": [9.75, 2.5, 9.875, 2.625], "texture": "#0"}
			}
		},
		{
			"name": "divine_reaper_26",
			"from": [9.025, 11.125, 7.7],
			"to": [9.15, 12.5, 8.225],
			"faces": {
				"north": {"uv": [10.25, 2.5, 10.125, 3.875], "texture": "#0"},
				"east": {"uv": [10.125, 2.5, 10.25, 3.875], "texture": "#0"},
				"south": {"uv": [10.125, 2.5, 10.25, 3.875], "texture": "#0"},
				"up": {"uv": [10.125, 2.5, 10.25, 2.625], "texture": "#0"},
				"down": {"uv": [10.125, 3.75, 10.25, 3.875], "texture": "#0"}
			}
		},
		{
			"name": "divine_reaper_27",
			"from": [10.15, 12, 7.85],
			"to": [10.9, 12.5, 8.075],
			"faces": {
				"north": {"uv": [12.5, 2.5, 11.75, 3], "texture": "#0"},
				"east": {"uv": [12.375, 2.5, 12.5, 3], "texture": "#0"},
				"south": {"uv": [11.75, 2.5, 12.5, 3], "texture": "#0"},
				"west": {"uv": [11.75, 2.5, 11.875, 3], "texture": "#0"},
				"up": {"uv": [11.75, 2.5, 12.5, 2.625], "texture": "#0"},
				"down": {"uv": [11.75, 2.875, 12.5, 3], "texture": "#0"}
			}
		},
		{
			"name": "divine_reaper_28",
			"from": [10.9, 12.375, 7.85],
			"to": [11.275, 12.5, 8.075],
			"faces": {
				"north": {"uv": [12.875, 2.5, 12.5, 2.625], "texture": "#0"},
				"east": {"uv": [12.75, 2.5, 12.875, 2.625], "texture": "#0"},
				"south": {"uv": [12.5, 2.5, 12.875, 2.625], "texture": "#0"},
				"up": {"uv": [12.5, 2.5, 12.875, 2.625], "texture": "#0"},
				"down": {"uv": [12.5, 2.5, 12.875, 2.625], "texture": "#0"}
			}
		},
		{
			"name": "divine_reaper_29",
			"from": [7.9, 10.875, 7.85],
			"to": [8.025, 12.5, 8.075],
			"faces": {
				"north": {"uv": [13.875, 2.5, 13.75, 4.125], "texture": "#0"},
				"east": {"uv": [13.75, 2.5, 13.875, 4.125], "texture": "#0"},
				"south": {"uv": [13.75, 2.5, 13.875, 4.125], "texture": "#0"},
				"west": {"uv": [13.75, 2.5, 13.875, 4.125], "texture": "#0"}
			}
		},
		{
			"name": "divine_reaper_30",
			"from": [4.9, 12.25, 7.9],
			"to": [5.275, 12.375, 8.025],
			"faces": {
				"north": {"uv": [5.875, 2.625, 5.5, 2.75], "texture": "#0"},
				"south": {"uv": [5.5, 2.625, 5.875, 2.75], "texture": "#0"},
				"west": {"uv": [5.5, 2.625, 5.625, 2.75], "texture": "#0"},
				"up": {"uv": [5.5, 2.625, 5.875, 2.75], "texture": "#0"}
			}
		},
		{
			"name": "divine_reaper_31",
			"from": [10.9, 12.125, 7.85],
			"to": [11.025, 12.375, 8.075],
			"faces": {
				"north": {"uv": [12.625, 2.625, 12.5, 2.875], "texture": "#0"},
				"east": {"uv": [12.5, 2.625, 12.625, 2.875], "texture": "#0"},
				"south": {"uv": [12.5, 2.625, 12.625, 2.875], "texture": "#0"},
				"down": {"uv": [12.5, 2.75, 12.625, 2.875], "texture": "#0"}
			}
		},
		{
			"name": "divine_reaper_32",
			"from": [4.65, 12.125, 7.9],
			"to": [5.025, 12.25, 8.025],
			"faces": {
				"north": {"uv": [5.625, 2.75, 5.25, 2.875], "texture": "#0"},
				"south": {"uv": [5.25, 2.75, 5.625, 2.875], "texture": "#0"},
				"west": {"uv": [5.25, 2.75, 5.375, 2.875], "texture": "#0"},
				"up": {"uv": [5.25, 2.75, 5.625, 2.875], "texture": "#0"}
			}
		},
		{
			"name": "divine_reaper_33",
			"from": [6.65, 11.5, 7.7],
			"to": [6.775, 12.25, 8.225],
			"faces": {
				"north": {"uv": [7.875, 2.75, 7.75, 3.5], "texture": "#0"},
				"south": {"uv": [7.75, 2.75, 7.875, 3.5], "texture": "#0"},
				"west": {"uv": [7.75, 2.75, 7.875, 3.5], "texture": "#0"},
				"up": {"uv": [7.75, 2.75, 7.875, 2.875], "texture": "#0"},
				"down": {"uv": [7.75, 3.375, 7.875, 3.5], "texture": "#0"}
			}
		},
		{
			"name": "divine_reaper_34",
			"from": [9.15, 11.375, 7.7],
			"to": [9.275, 12.25, 8.225],
			"faces": {
				"north": {"uv": [10.375, 2.75, 10.25, 3.625], "texture": "#0"},
				"east": {"uv": [10.25, 2.75, 10.375, 3.625], "texture": "#0"},
				"south": {"uv": [10.25, 2.75, 10.375, 3.625], "texture": "#0"},
				"up": {"uv": [10.25, 2.75, 10.375, 2.875], "texture": "#0"},
				"down": {"uv": [10.25, 3.5, 10.375, 3.625], "texture": "#0"}
			}
		},
		{
			"name": "divine_reaper_35",
			"from": [10.025, 11.875, 7.85],
			"to": [10.15, 12.25, 8.075],
			"faces": {
				"north": {"uv": [11.75, 2.75, 11.625, 3.125], "texture": "#0"},
				"south": {"uv": [11.625, 2.75, 11.75, 3.125], "texture": "#0"},
				"west": {"uv": [11.625, 2.75, 11.75, 3.125], "texture": "#0"},
				"up": {"uv": [11.625, 2.75, 11.75, 2.875], "texture": "#0"},
				"down": {"uv": [11.625, 3, 11.75, 3.125], "texture": "#0"}
			}
		},
		{
			"name": "divine_reaper_36",
			"from": [7.775, 11.375, 7.85],
			"to": [7.9, 12.25, 8.075],
			"faces": {
				"north": {"uv": [13.75, 2.75, 13.625, 3.625], "texture": "#0"},
				"south": {"uv": [13.625, 2.75, 13.75, 3.625], "texture": "#0"},
				"west": {"uv": [13.625, 2.75, 13.75, 3.625], "texture": "#0"},
				"up": {"uv": [13.625, 2.75, 13.75, 2.875], "texture": "#0"},
				"down": {"uv": [13.625, 3.5, 13.75, 3.625], "texture": "#0"}
			}
		},
		{
			"name": "divine_reaper_37",
			"from": [8.025, 11.375, 7.85],
			"to": [8.15, 12.25, 8.075],
			"faces": {
				"north": {"uv": [14, 2.75, 13.875, 3.625], "texture": "#0"},
				"east": {"uv": [13.875, 2.75, 14, 3.625], "texture": "#0"},
				"south": {"uv": [13.875, 2.75, 14, 3.625], "texture": "#0"},
				"up": {"uv": [13.875, 2.75, 14, 2.875], "texture": "#0"},
				"down": {"uv": [13.875, 3.5, 14, 3.625], "texture": "#0"}
			}
		},
		{
			"name": "divine_reaper_38",
			"from": [4.4, 12, 7.9],
			"to": [4.775, 12.125, 8.025],
			"faces": {
				"north": {"uv": [5.375, 2.875, 5, 3], "texture": "#0"},
				"south": {"uv": [5, 2.875, 5.375, 3], "texture": "#0"},
				"west": {"uv": [5, 2.875, 5.125, 3], "texture": "#0"},
				"up": {"uv": [5, 2.875, 5.375, 3], "texture": "#0"}
			}
		},
		{
			"name": "divine_reaper_39",
			"from": [5.9, 11.625, 7.9],
			"to": [6.4, 12.125, 8.025],
			"faces": {
				"north": {"uv": [7, 2.875, 6.5, 3.375], "texture": "#0"},
				"east": {"uv": [6.875, 2.875, 7, 3.375], "texture": "#0"},
				"south": {"uv": [6.5, 2.875, 7, 3.375], "texture": "#0"},
				"down": {"uv": [6.5, 3.25, 7, 3.375], "texture": "#0"}
			}
		},
		{
			"name": "divine_reaper_40",
			"from": [6.4, 11.75, 7.9],
			"to": [6.65, 12.125, 8.025],
			"faces": {
				"north": {"uv": [7.25, 2.875, 7, 3.25], "texture": "#0"},
				"south": {"uv": [7, 2.875, 7.25, 3.25], "texture": "#0"},
				"down": {"uv": [7, 3.125, 7.25, 3.25], "texture": "#0"}
			}
		},
		{
			"name": "divine_reaper_41",
			"from": [9.275, 11.625, 7.85],
			"to": [9.525, 12.125, 8.075],
			"faces": {
				"north": {"uv": [11.125, 2.875, 10.875, 3.375], "texture": "#0"},
				"east": {"uv": [11, 2.875, 11.125, 3.375], "texture": "#0"},
				"south": {"uv": [10.875, 2.875, 11.125, 3.375], "texture": "#0"},
				"up": {"uv": [10.875, 2.875, 11.125, 3], "texture": "#0"},
				"down": {"uv": [10.875, 3.25, 11.125, 3.375], "texture": "#0"}
			}
		},
		{
			"name": "divine_reaper_42",
			"from": [9.775, 11.75, 7.85],
			"to": [10.025, 12.125, 8.075],
			"faces": {
				"north": {"uv": [11.625, 2.875, 11.375, 3.25], "texture": "#0"},
				"east": {"uv": [11.5, 2.875, 11.625, 3.25], "texture": "#0"},
				"south": {"uv": [11.375, 2.875, 11.625, 3.25], "texture": "#0"},
				"west": {"uv": [11.375, 2.875, 11.5, 3.25], "texture": "#0"},
				"up": {"uv": [11.375, 2.875, 11.625, 3], "texture": "#0"},
				"down": {"uv": [11.375, 3.125, 11.625, 3.25], "texture": "#0"}
			}
		},
		{
			"name": "divine_reaper_43",
			"from": [4.15, 11.75, 7.9],
			"to": [4.4, 12, 8.025],
			"faces": {
				"north": {"uv": [5, 3, 4.75, 3.25], "texture": "#0"},
				"south": {"uv": [4.75, 3, 5, 3.25], "texture": "#0"},
				"west": {"uv": [4.75, 3, 4.875, 3.25], "texture": "#0"},
				"up": {"uv": [4.75, 3, 5, 3.125], "texture": "#0"}
			}
		},
		{
			"name": "divine_reaper_44",
			"from": [4.4, 11.875, 7.9],
			"to": [4.525, 12, 8.025],
			"faces": {
				"north": {"uv": [5.125, 3, 5, 3.125], "texture": "#0"},
				"south": {"uv": [5, 3, 5.125, 3.125], "texture": "#0"}
			}
		},
		{
			"name": "divine_reaper_45",
			"from": [5.275, 11.5, 7.9],
			"to": [5.9, 12, 8.025],
			"faces": {
				"north": {"uv": [6.5, 3, 5.875, 3.5], "texture": "#0"},
				"east": {"uv": [6.375, 3, 6.5, 3.5], "texture": "#0"},
				"south": {"uv": [5.875, 3, 6.5, 3.5], "texture": "#0"},
				"down": {"uv": [5.875, 3.375, 6.5, 3.5], "texture": "#0"}
			}
		},
		{
			"name": "divine_reaper_46",
			"from": [6.9, 11.5, 7.7],
			"to": [7.025, 12, 8.225],
			"faces": {
				"north": {"uv": [8.125, 3, 8, 3.5], "texture": "#0"},
				"east": {"uv": [8, 3, 8.125, 3.5], "texture": "#0"},
				"south": {"uv": [8, 3, 8.125, 3.5], "texture": "#0"},
				"down": {"uv": [8, 3.375, 8.125, 3.5], "texture": "#0"}
			}
		},
		{
			"name": "divine_reaper_47",
			"from": [8.9, 10.875, 7.7],
			"to": [9.025, 12, 8.225],
			"faces": {
				"north": {"uv": [10.125, 3, 10, 4.125], "texture": "#0"},
				"east": {"uv": [10, 3, 10.125, 4.125], "texture": "#0"},
				"south": {"uv": [10, 3, 10.125, 4.125], "texture": "#0"},
				"west": {"uv": [10, 3, 10.125, 4.125], "texture": "#0"},
				"down": {"uv": [10, 4, 10.125, 4.125], "texture": "#0"}
			}
		},
		{
			"name": "divine_reaper_48",
			"from": [9.525, 11.625, 7.85],
			"to": [9.775, 12, 8.075],
			"faces": {
				"north": {"uv": [11.375, 3, 11.125, 3.375], "texture": "#0"},
				"south": {"uv": [11.125, 3, 11.375, 3.375], "texture": "#0"},
				"up": {"uv": [11.125, 3, 11.375, 3.125], "texture": "#0"},
				"down": {"uv": [11.125, 3.25, 11.375, 3.375], "texture": "#0"}
			}
		},
		{
			"name": "divine_reaper_49",
			"from": [10.15, 11.875, 7.85],
			"to": [10.525, 12, 8.075],
			"faces": {
				"north": {"uv": [12.125, 3, 11.75, 3.125], "texture": "#0"},
				"east": {"uv": [12, 3, 12.125, 3.125], "texture": "#0"},
				"south": {"uv": [11.75, 3, 12.125, 3.125], "texture": "#0"},
				"down": {"uv": [11.75, 3, 12.125, 3.125], "texture": "#0"}
			}
		},
		{
			"name": "divine_reaper_50",
			"from": [7.025, 11.625, 7.85],
			"to": [7.275, 12, 8.075],
			"faces": {
				"north": {"uv": [13.125, 3, 12.875, 3.375], "texture": "#0"},
				"east": {"uv": [13, 3, 13.125, 3.375], "texture": "#0"},
				"south": {"uv": [12.875, 3, 13.125, 3.375], "texture": "#0"},
				"up": {"uv": [12.875, 3, 13.125, 3.125], "texture": "#0"},
				"down": {"uv": [12.875, 3.25, 13.125, 3.375], "texture": "#0"}
			}
		},
		{
			"name": "divine_reaper_51",
			"from": [7.525, 11.625, 7.85],
			"to": [7.775, 12, 8.075],
			"faces": {
				"north": {"uv": [13.625, 3, 13.375, 3.375], "texture": "#0"},
				"south": {"uv": [13.375, 3, 13.625, 3.375], "texture": "#0"},
				"west": {"uv": [13.375, 3, 13.5, 3.375], "texture": "#0"},
				"up": {"uv": [13.375, 3, 13.625, 3.125], "texture": "#0"},
				"down": {"uv": [13.375, 3.25, 13.625, 3.375], "texture": "#0"}
			}
		},
		{
			"name": "divine_reaper_52",
			"from": [8.15, 11.625, 7.85],
			"to": [8.4, 12, 8.075],
			"faces": {
				"north": {"uv": [14.25, 3, 14, 3.375], "texture": "#0"},
				"east": {"uv": [14.125, 3, 14.25, 3.375], "texture": "#0"},
				"south": {"uv": [14, 3, 14.25, 3.375], "texture": "#0"},
				"up": {"uv": [14, 3, 14.25, 3.125], "texture": "#0"},
				"down": {"uv": [14, 3.25, 14.25, 3.375], "texture": "#0"}
			}
		},
		{
			"name": "divine_reaper_53",
			"from": [8.65, 11.625, 7.85],
			"to": [8.9, 12, 8.075],
			"faces": {
				"north": {"uv": [14.75, 3, 14.5, 3.375], "texture": "#0"},
				"south": {"uv": [14.5, 3, 14.75, 3.375], "texture": "#0"},
				"west": {"uv": [14.5, 3, 14.625, 3.375], "texture": "#0"},
				"up": {"uv": [14.5, 3, 14.75, 3.125], "texture": "#0"},
				"down": {"uv": [14.5, 3.25, 14.75, 3.375], "texture": "#0"}
			}
		},
		{
			"name": "divine_reaper_54",
			"from": [4.025, 11.625, 7.9],
			"to": [4.15, 11.875, 8.025],
			"faces": {
				"north": {"uv": [4.75, 3.125, 4.625, 3.375], "texture": "#0"},
				"south": {"uv": [4.625, 3.125, 4.75, 3.375], "texture": "#0"},
				"west": {"uv": [4.625, 3.125, 4.75, 3.375], "texture": "#0"},
				"up": {"uv": [4.625, 3.125, 4.75, 3.25], "texture": "#0"}
			}
		},
		{
			"name": "divine_reaper_55",
			"from": [4.9, 11.375, 7.9],
			"to": [5.275, 11.875, 8.025],
			"faces": {
				"north": {"uv": [5.875, 3.125, 5.5, 3.625], "texture": "#0"},
				"south": {"uv": [5.5, 3.125, 5.875, 3.625], "texture": "#0"},
				"down": {"uv": [5.5, 3.5, 5.875, 3.625], "texture": "#0"}
			}
		},
		{
			"name": "divine_reaper_56",
			"from": [7.275, 11.75, 7.85],
			"to": [7.525, 11.875, 8.075],
			"faces": {
				"north": {"uv": [13.375, 3.125, 13.125, 3.25], "texture": "#0"},
				"south": {"uv": [13.125, 3.125, 13.375, 3.25], "texture": "#0"},
				"up": {"uv": [13.125, 3.125, 13.375, 3.25], "texture": "#0"},
				"down": {"uv": [13.125, 3.125, 13.375, 3.25], "texture": "#0"}
			}
		},
		{
			"name": "divine_reaper_57",
			"from": [8.4, 11.75, 7.85],
			"to": [8.65, 11.875, 8.075],
			"faces": {
				"north": {"uv": [14.5, 3.125, 14.25, 3.25], "texture": "#0"},
				"south": {"uv": [14.25, 3.125, 14.5, 3.25], "texture": "#0"},
				"up": {"uv": [14.25, 3.125, 14.5, 3.25], "texture": "#0"},
				"down": {"uv": [14.25, 3.125, 14.5, 3.25], "texture": "#0"}
			}
		},
		{
			"name": "divine_reaper_58",
			"from": [3.9, 11.5, 7.9],
			"to": [4.025, 11.75, 8.025],
			"faces": {
				"north": {"uv": [4.625, 3.25, 4.5, 3.5], "texture": "#0"},
				"south": {"uv": [4.5, 3.25, 4.625, 3.5], "texture": "#0"},
				"west": {"uv": [4.5, 3.25, 4.625, 3.5], "texture": "#0"},
				"up": {"uv": [4.5, 3.25, 4.625, 3.375], "texture": "#0"}
			}
		},
		{
			"name": "divine_reaper_59",
			"from": [4.65, 11.25, 7.9],
			"to": [4.9, 11.75, 8.025],
			"faces": {
				"north": {"uv": [5.5, 3.25, 5.25, 3.75], "texture": "#0"},
				"east": {"uv": [5.375, 3.25, 5.5, 3.75], "texture": "#0"},
				"south": {"uv": [5.25, 3.25, 5.5, 3.75], "texture": "#0"},
				"down": {"uv": [5.25, 3.625, 5.5, 3.75], "texture": "#0"}
			}
		},
		{
			"name": "divine_reaper_60",
			"from": [9.775, 11.625, 7.85],
			"to": [9.9, 11.75, 8.075],
			"faces": {
				"north": {"uv": [11.5, 3.25, 11.375, 3.375], "texture": "#0"},
				"east": {"uv": [11.375, 3.25, 11.5, 3.375], "texture": "#0"},
				"south": {"uv": [11.375, 3.25, 11.5, 3.375], "texture": "#0"},
				"down": {"uv": [11.375, 3.25, 11.5, 3.375], "texture": "#0"}
			}
		},
		{
			"name": "divine_reaper_61",
			"from": [3.775, 11.375, 7.9],
			"to": [3.9, 11.625, 8.025],
			"faces": {
				"north": {"uv": [4.5, 3.375, 4.375, 3.625], "texture": "#0"},
				"south": {"uv": [4.375, 3.375, 4.5, 3.625], "texture": "#0"},
				"west": {"uv": [4.375, 3.375, 4.5, 3.625], "texture": "#0"},
				"up": {"uv": [4.375, 3.375, 4.5, 3.5], "texture": "#0"}
			}
		},
		{
			"name": "divine_reaper_62",
			"from": [4.4, 11.25, 7.9],
			"to": [4.65, 11.625, 8.025],
			"faces": {
				"north": {"uv": [5.25, 3.375, 5, 3.75], "texture": "#0"},
				"south": {"uv": [5, 3.375, 5.25, 3.75], "texture": "#0"},
				"down": {"uv": [5, 3.625, 5.25, 3.75], "texture": "#0"}
			}
		},
		{
			"name": "divine_reaper_63",
			"from": [8.775, 10.75, 7.7],
			"to": [8.9, 11.625, 8.225],
			"faces": {
				"north": {"uv": [10, 3.375, 9.875, 4.25], "texture": "#0"},
				"east": {"uv": [9.875, 3.375, 10, 4.25], "texture": "#0"},
				"south": {"uv": [9.875, 3.375, 10, 4.25], "texture": "#0"},
				"west": {"uv": [9.875, 3.375, 10, 4.25], "texture": "#0"},
				"up": {"uv": [9.875, 3.375, 10, 3.5], "texture": "#0"},
				"down": {"uv": [9.875, 4.125, 10, 4.25], "texture": "#0"}
			}
		},
		{
			"name": "divine_reaper_64",
			"from": [3.65, 11.25, 7.9],
			"to": [3.775, 11.5, 8.025],
			"faces": {
				"north": {"uv": [4.375, 3.5, 4.25, 3.75], "texture": "#0"},
				"south": {"uv": [4.25, 3.5, 4.375, 3.75], "texture": "#0"},
				"west": {"uv": [4.25, 3.5, 4.375, 3.75], "texture": "#0"},
				"up": {"uv": [4.25, 3.5, 4.375, 3.625], "texture": "#0"}
			}
		},
		{
			"name": "divine_reaper_65",
			"from": [4.15, 11.125, 7.9],
			"to": [4.4, 11.5, 8.025],
			"faces": {
				"north": {"uv": [5, 3.5, 4.75, 3.875], "texture": "#0"},
				"south": {"uv": [4.75, 3.5, 5, 3.875], "texture": "#0"},
				"down": {"uv": [4.75, 3.75, 5, 3.875], "texture": "#0"}
			}
		},
		{
			"name": "divine_reaper_66",
			"from": [5.275, 11.375, 7.9],
			"to": [5.4, 11.5, 8.025],
			"faces": {
				"north": {"uv": [6, 3.5, 5.875, 3.625], "texture": "#0"},
				"east": {"uv": [5.875, 3.5, 6, 3.625], "texture": "#0"},
				"south": {"uv": [5.875, 3.5, 6, 3.625], "texture": "#0"},
				"down": {"uv": [5.875, 3.5, 6, 3.625], "texture": "#0"}
			}
		},
		{
			"name": "divine_reaper_67",
			"from": [3.525, 10.75, 7.9],
			"to": [3.65, 11.375, 8.025],
			"faces": {
				"north": {"uv": [4.25, 3.625, 4.125, 4.25], "texture": "#0"},
				"south": {"uv": [4.125, 3.625, 4.25, 4.25], "texture": "#0"},
				"west": {"uv": [4.125, 3.625, 4.25, 4.25], "texture": "#0"},
				"up": {"uv": [4.125, 3.625, 4.25, 3.75], "texture": "#0"},
				"down": {"uv": [4.125, 4.125, 4.25, 4.25], "texture": "#0"}
			}
		},
		{
			"name": "divine_reaper_68",
			"from": [4.025, 11, 7.9],
			"to": [4.15, 11.375, 8.025],
			"faces": {
				"north": {"uv": [4.75, 3.625, 4.625, 4], "texture": "#0"},
				"south": {"uv": [4.625, 3.625, 4.75, 4], "texture": "#0"},
				"down": {"uv": [4.625, 3.875, 4.75, 4], "texture": "#0"}
			}
		},
		{
			"name": "divine_reaper_69",
			"from": [6.775, 12.5, 7.85],
			"to": [6.9, 12.875, 8.075],
			"faces": {
				"north": {"uv": [7.5, 3.625, 7.375, 4], "texture": "#0"},
				"south": {"uv": [7.375, 3.625, 7.5, 4], "texture": "#0"},
				"west": {"uv": [7.375, 3.625, 7.5, 4], "texture": "#0"},
				"up": {"uv": [7.375, 3.625, 7.5, 3.75], "texture": "#0"}
			}
		},
		{
			"name": "divine_reaper_70",
			"from": [3.4, 10.625, 7.9],
			"to": [3.525, 11.25, 8.025],
			"faces": {
				"north": {"uv": [4.125, 3.75, 4, 4.375], "texture": "#0"},
				"east": {"uv": [4, 3.75, 4.125, 4.375], "texture": "#0"},
				"south": {"uv": [4, 3.75, 4.125, 4.375], "texture": "#0"},
				"west": {"uv": [4, 3.75, 4.125, 4.375], "texture": "#0"},
				"up": {"uv": [4, 3.75, 4.125, 3.875], "texture": "#0"},
				"down": {"uv": [4, 4.25, 4.125, 4.375], "texture": "#0"}
			}
		},
		{
			"name": "divine_reaper_71",
			"from": [3.775, 11, 7.9],
			"to": [4.025, 11.25, 8.025],
			"faces": {
				"north": {"uv": [4.625, 3.75, 4.375, 4], "texture": "#0"},
				"south": {"uv": [4.375, 3.75, 4.625, 4], "texture": "#0"},
				"down": {"uv": [4.375, 3.875, 4.625, 4], "texture": "#0"}
			}
		},
		{
			"name": "divine_reaper_72",
			"from": [4.4, 11.125, 7.9],
			"to": [4.525, 11.25, 8.025],
			"faces": {
				"north": {"uv": [5.125, 3.75, 5, 3.875], "texture": "#0"},
				"east": {"uv": [5, 3.75, 5.125, 3.875], "texture": "#0"},
				"south": {"uv": [5, 3.75, 5.125, 3.875], "texture": "#0"},
				"down": {"uv": [5, 3.75, 5.125, 3.875], "texture": "#0"}
			}
		},
		{
			"name": "divine_reaper_73",
			"from": [6.275, 12.25, 7.85],
			"to": [6.775, 12.75, 8.075],
			"faces": {
				"north": {"uv": [7.375, 3.75, 6.875, 4.25], "texture": "#0"},
				"south": {"uv": [6.875, 3.75, 7.375, 4.25], "texture": "#0"},
				"west": {"uv": [6.875, 3.75, 7, 4.25], "texture": "#0"},
				"up": {"uv": [6.875, 3.75, 7.375, 3.875], "texture": "#0"}
			}
		},
		{
			"name": "divine_reaper_74",
			"from": [8.65, 10.75, 7.7],
			"to": [8.775, 11.25, 8.225],
			"faces": {
				"north": {"uv": [9.875, 3.75, 9.75, 4.25], "texture": "#0"},
				"south": {"uv": [9.75, 3.75, 9.875, 4.25], "texture": "#0"},
				"west": {"uv": [9.75, 3.75, 9.875, 4.25], "texture": "#0"},
				"up": {"uv": [9.75, 3.75, 9.875, 3.875], "texture": "#0"},
				"down": {"uv": [9.75, 4.125, 9.875, 4.25], "texture": "#0"}
			}
		},
		{
			"name": "divine_reaper_75",
			"from": [3.275, 10.5, 7.9],
			"to": [3.4, 11.125, 8.025],
			"faces": {
				"north": {"uv": [4, 3.875, 3.875, 4.5], "texture": "#0"},
				"east": {"uv": [3.875, 3.875, 4, 4.5], "texture": "#0"},
				"south": {"uv": [3.875, 3.875, 4, 4.5], "texture": "#0"},
				"west": {"uv": [3.875, 3.875, 4, 4.5], "texture": "#0"},
				"up": {"uv": [3.875, 3.875, 4, 4], "texture": "#0"},
				"down": {"uv": [3.875, 4.375, 4, 4.5], "texture": "#0"}
			}
		},
		{
			"name": "divine_reaper_76",
			"from": [3.65, 10.75, 7.9],
			"to": [3.775, 11.125, 8.025],
			"faces": {
				"north": {"uv": [4.375, 3.875, 4.25, 4.25], "texture": "#0"},
				"east": {"uv": [4.25, 3.875, 4.375, 4.25], "texture": "#0"},
				"south": {"uv": [4.25, 3.875, 4.375, 4.25], "texture": "#0"},
				"down": {"uv": [4.25, 4.125, 4.375, 4.25], "texture": "#0"}
			}
		},
		{
			"name": "divine_reaper_77",
			"from": [4.15, 11, 7.9],
			"to": [4.275, 11.125, 8.025],
			"faces": {
				"north": {"uv": [4.875, 3.875, 4.75, 4], "texture": "#0"},
				"east": {"uv": [4.75, 3.875, 4.875, 4], "texture": "#0"},
				"south": {"uv": [4.75, 3.875, 4.875, 4], "texture": "#0"},
				"down": {"uv": [4.75, 3.875, 4.875, 4], "texture": "#0"}
			}
		},
		{
			"name": "divine_reaper_78",
			"from": [5.65, 12.125, 7.85],
			"to": [6.275, 12.625, 8.075],
			"faces": {
				"north": {"uv": [6.875, 3.875, 6.25, 4.375], "texture": "#0"},
				"south": {"uv": [6.25, 3.875, 6.875, 4.375], "texture": "#0"},
				"west": {"uv": [6.25, 3.875, 6.375, 4.375], "texture": "#0"},
				"up": {"uv": [6.25, 3.875, 6.875, 4], "texture": "#0"},
				"down": {"uv": [6.25, 4.25, 6.875, 4.375], "texture": "#0"}
			}
		},
		{
			"name": "divine_reaper_79",
			"from": [8.525, 10.625, 7.7],
			"to": [8.65, 11.125, 8.225],
			"faces": {
				"north": {"uv": [9.75, 3.875, 9.625, 4.375], "texture": "#0"},
				"east": {"uv": [9.625, 3.875, 9.75, 4.375], "texture": "#0"},
				"south": {"uv": [9.625, 3.875, 9.75, 4.375], "texture": "#0"},
				"west": {"uv": [9.625, 3.875, 9.75, 4.375], "texture": "#0"},
				"up": {"uv": [9.625, 3.875, 9.75, 4], "texture": "#0"},
				"down": {"uv": [9.625, 4.25, 9.75, 4.375], "texture": "#0"}
			}
		},
		{
			"name": "divine_reaper_80",
			"from": [7.775, 10.875, 7.85],
			"to": [7.9, 11.125, 8.075],
			"faces": {
				"north": {"uv": [13.75, 3.875, 13.625, 4.125], "texture": "#0"},
				"south": {"uv": [13.625, 3.875, 13.75, 4.125], "texture": "#0"},
				"west": {"uv": [13.625, 3.875, 13.75, 4.125], "texture": "#0"},
				"up": {"uv": [13.625, 3.875, 13.75, 4], "texture": "#0"}
			}
		},
		{
			"name": "divine_reaper_81",
			"from": [8.025, 10.875, 7.85],
			"to": [8.15, 11.125, 8.075],
			"faces": {
				"north": {"uv": [14, 3.875, 13.875, 4.125], "texture": "#0"},
				"east": {"uv": [13.875, 3.875, 14, 4.125], "texture": "#0"},
				"south": {"uv": [13.875, 3.875, 14, 4.125], "texture": "#0"},
				"up": {"uv": [13.875, 3.875, 14, 4], "texture": "#0"}
			}
		},
		{
			"name": "divine_reaper_82",
			"from": [3.775, 10.875, 7.9],
			"to": [3.9, 11, 8.025],
			"faces": {
				"north": {"uv": [4.5, 4, 4.375, 4.125], "texture": "#0"},
				"east": {"uv": [4.375, 4, 4.5, 4.125], "texture": "#0"},
				"south": {"uv": [4.375, 4, 4.5, 4.125], "texture": "#0"},
				"down": {"uv": [4.375, 4, 4.5, 4.125], "texture": "#0"}
			}
		},
		{
			"name": "divine_reaper_83",
			"from": [5.525, 12, 7.85],
			"to": [5.65, 12.5, 8.075],
			"faces": {
				"north": {"uv": [6.25, 4, 6.125, 4.5], "texture": "#0"},
				"south": {"uv": [6.125, 4, 6.25, 4.5], "texture": "#0"},
				"west": {"uv": [6.125, 4, 6.25, 4.5], "texture": "#0"},
				"up": {"uv": [6.125, 4, 6.25, 4.125], "texture": "#0"},
				"down": {"uv": [6.125, 4.375, 6.25, 4.5], "texture": "#0"}
			}
		},
		{
			"name": "divine_reaper_84",
			"from": [7.4, 10.625, 7.7],
			"to": [7.775, 11, 8.225],
			"faces": {
				"north": {"uv": [8.875, 4, 8.5, 4.375], "texture": "#0"},
				"east": {"uv": [8.75, 4, 8.875, 4.375], "texture": "#0"},
				"south": {"uv": [8.5, 4, 8.875, 4.375], "texture": "#0"},
				"west": {"uv": [8.5, 4, 8.625, 4.375], "texture": "#0"},
				"up": {"uv": [8.5, 4, 8.875, 4.125], "texture": "#0"},
				"down": {"uv": [8.5, 4.25, 8.875, 4.375], "texture": "#0"}
			}
		},
		{
			"name": "divine_reaper_85",
			"from": [8.15, 10.625, 7.7],
			"to": [8.525, 11, 8.225],
			"faces": {
				"north": {"uv": [9.625, 4, 9.25, 4.375], "texture": "#0"},
				"south": {"uv": [9.25, 4, 9.625, 4.375], "texture": "#0"},
				"west": {"uv": [9.25, 4, 9.375, 4.375], "texture": "#0"},
				"up": {"uv": [9.25, 4, 9.625, 4.125], "texture": "#0"},
				"down": {"uv": [9.25, 4.25, 9.625, 4.375], "texture": "#0"}
			}
		},
		{
			"name": "divine_reaper_86",
			"from": [3.15, 10.375, 7.9],
			"to": [3.275, 10.875, 8.025],
			"faces": {
				"north": {"uv": [3.875, 4.125, 3.75, 4.625], "texture": "#0"},
				"east": {"uv": [3.75, 4.125, 3.875, 4.625], "texture": "#0"},
				"south": {"uv": [3.75, 4.125, 3.875, 4.625], "texture": "#0"},
				"west": {"uv": [3.75, 4.125, 3.875, 4.625], "texture": "#0"},
				"up": {"uv": [3.75, 4.125, 3.875, 4.25], "texture": "#0"},
				"down": {"uv": [3.75, 4.5, 3.875, 4.625], "texture": "#0"}
			}
		},
		{
			"name": "divine_reaper_87",
			"from": [5.275, 12, 7.85],
			"to": [5.525, 12.375, 8.075],
			"faces": {
				"north": {"uv": [6.125, 4.125, 5.875, 4.5], "texture": "#0"},
				"south": {"uv": [5.875, 4.125, 6.125, 4.5], "texture": "#0"},
				"west": {"uv": [5.875, 4.125, 6, 4.5], "texture": "#0"},
				"up": {"uv": [5.875, 4.125, 6.125, 4.25], "texture": "#0"},
				"down": {"uv": [5.875, 4.375, 6.125, 4.5], "texture": "#0"}
			}
		},
		{
			"name": "divine_reaper_88",
			"from": [7.775, 10.375, 7.7],
			"to": [8.15, 10.875, 8.225],
			"faces": {
				"north": {"uv": [9.25, 4.125, 8.875, 4.625], "texture": "#0"},
				"east": {"uv": [9.125, 4.125, 9.25, 4.625], "texture": "#0"},
				"south": {"uv": [8.875, 4.125, 9.25, 4.625], "texture": "#0"},
				"west": {"uv": [8.875, 4.125, 9, 4.625], "texture": "#0"},
				"up": {"uv": [8.875, 4.125, 9.25, 4.25], "texture": "#0"}
			}
		},
		{
			"name": "divine_reaper_89",
			"from": [5.025, 11.875, 7.85],
			"to": [5.275, 12.25, 8.075],
			"faces": {
				"north": {"uv": [5.875, 4.25, 5.625, 4.625], "texture": "#0"},
				"east": {"uv": [5.75, 4.25, 5.875, 4.625], "texture": "#0"},
				"south": {"uv": [5.625, 4.25, 5.875, 4.625], "texture": "#0"},
				"west": {"uv": [5.625, 4.25, 5.75, 4.625], "texture": "#0"},
				"up": {"uv": [5.625, 4.25, 5.875, 4.375], "texture": "#0"},
				"down": {"uv": [5.625, 4.5, 5.875, 4.625], "texture": "#0"}
			}
		},
		{
			"name": "divine_reaper_90",
			"from": [6.275, 12.125, 7.85],
			"to": [6.65, 12.25, 8.075],
			"faces": {
				"north": {"uv": [7.25, 4.25, 6.875, 4.375], "texture": "#0"},
				"south": {"uv": [6.875, 4.25, 7.25, 4.375], "texture": "#0"},
				"down": {"uv": [6.875, 4.25, 7.25, 4.375], "texture": "#0"}
			}
		},
		{
			"name": "divine_reaper_91",
			"from": [4.775, 11.875, 7.85],
			"to": [5.025, 12.125, 8.075],
			"faces": {
				"north": {"uv": [5.625, 4.375, 5.375, 4.625], "texture": "#0"},
				"south": {"uv": [5.375, 4.375, 5.625, 4.625], "texture": "#0"},
				"west": {"uv": [5.375, 4.375, 5.5, 4.625], "texture": "#0"},
				"up": {"uv": [5.375, 4.375, 5.625, 4.5], "texture": "#0"},
				"down": {"uv": [5.375, 4.5, 5.625, 4.625], "texture": "#0"}
			}
		},
		{
			"name": "divine_reaper_92",
			"from": [5.65, 12, 7.85],
			"to": [5.9, 12.125, 8.075],
			"faces": {
				"north": {"uv": [6.5, 4.375, 6.25, 4.5], "texture": "#0"},
				"east": {"uv": [6.375, 4.375, 6.5, 4.5], "texture": "#0"},
				"south": {"uv": [6.25, 4.375, 6.5, 4.5], "texture": "#0"},
				"down": {"uv": [6.25, 4.375, 6.5, 4.5], "texture": "#0"}
			}
		},
		{
			"name": "divine_reaper_93",
			"from": [7.65, 10.5, 7.7],
			"to": [7.775, 10.625, 8.225],
			"faces": {
				"north": {"uv": [8.875, 4.375, 8.75, 4.5], "texture": "#0"},
				"south": {"uv": [8.75, 4.375, 8.875, 4.5], "texture": "#0"},
				"west": {"uv": [8.75, 4.375, 8.875, 4.5], "texture": "#0"},
				"down": {"uv": [8.75, 4.375, 8.875, 4.5], "texture": "#0"}
			}
		},
		{
			"name": "divine_reaper_94",
			"from": [8.15, 10.5, 7.7],
			"to": [8.4, 10.625, 8.225],
			"faces": {
				"north": {"uv": [9.5, 4.375, 9.25, 4.5], "texture": "#0"},
				"east": {"uv": [9.375, 4.375, 9.5, 4.5], "texture": "#0"},
				"south": {"uv": [9.25, 4.375, 9.5, 4.5], "texture": "#0"},
				"down": {"uv": [9.25, 4.375, 9.5, 4.5], "texture": "#0"}
			}
		},
		{
			"name": "divine_reaper_95",
			"from": [4.525, 11.75, 7.85],
			"to": [4.775, 12, 8.075],
			"faces": {
				"north": {"uv": [5.375, 4.5, 5.125, 4.75], "texture": "#0"},
				"south": {"uv": [5.125, 4.5, 5.375, 4.75], "texture": "#0"},
				"west": {"uv": [5.125, 4.5, 5.25, 4.75], "texture": "#0"},
				"up": {"uv": [5.125, 4.5, 5.375, 4.625], "texture": "#0"},
				"down": {"uv": [5.125, 4.625, 5.375, 4.75], "texture": "#0"}
			}
		},
		{
			"name": "divine_reaper_96",
			"from": [4.4, 11.625, 7.85],
			"to": [4.525, 11.875, 8.075],
			"faces": {
				"north": {"uv": [5.125, 4.625, 5, 4.875], "texture": "#0"},
				"south": {"uv": [5, 4.625, 5.125, 4.875], "texture": "#0"},
				"west": {"uv": [5, 4.625, 5.125, 4.875], "texture": "#0"},
				"up": {"uv": [5, 4.625, 5.125, 4.75], "texture": "#0"},
				"down": {"uv": [5, 4.75, 5.125, 4.875], "texture": "#0"}
			}
		},
		{
			"name": "divine_reaper_97",
			"from": [4.775, 11.75, 7.85],
			"to": [4.9, 11.875, 8.075],
			"faces": {
				"north": {"uv": [5.5, 4.625, 5.375, 4.75], "texture": "#0"},
				"east": {"uv": [5.375, 4.625, 5.5, 4.75], "texture": "#0"},
				"south": {"uv": [5.375, 4.625, 5.5, 4.75], "texture": "#0"},
				"down": {"uv": [5.375, 4.625, 5.5, 4.75], "texture": "#0"}
			}
		},
		{
			"name": "divine_reaper_98",
			"from": [7.525, 9.375, 7.6],
			"to": [8.4, 10.375, 8.325],
			"faces": {
				"north": {"uv": [11.5, 4.625, 10.625, 5.625], "texture": "#0"},
				"east": {"uv": [11.375, 4.625, 11.5, 5.625], "texture": "#0"},
				"south": {"uv": [10.625, 4.625, 11.5, 5.625], "texture": "#0"},
				"west": {"uv": [10.625, 4.625, 10.75, 5.625], "texture": "#0"},
				"up": {"uv": [10.625, 4.625, 11.5, 4.75], "texture": "#0"},
				"down": {"uv": [10.625, 5.5, 11.5, 5.625], "texture": "#0"}
			}
		},
		{
			"name": "divine_reaper_99",
			"from": [4.15, 11.5, 7.85],
			"to": [4.4, 11.75, 8.075],
			"faces": {
				"north": {"uv": [5, 4.75, 4.75, 5], "texture": "#0"},
				"east": {"uv": [4.875, 4.75, 5, 5], "texture": "#0"},
				"south": {"uv": [4.75, 4.75, 5, 5], "texture": "#0"},
				"west": {"uv": [4.75, 4.75, 4.875, 5], "texture": "#0"},
				"up": {"uv": [4.75, 4.75, 5, 4.875], "texture": "#0"},
				"down": {"uv": [4.75, 4.875, 5, 5], "texture": "#0"}
			}
		},
		{
			"name": "divine_reaper_100",
			"from": [4.525, 11.625, 7.85],
			"to": [4.65, 11.75, 8.075],
			"faces": {
				"north": {"uv": [5.25, 4.75, 5.125, 4.875], "texture": "#0"},
				"east": {"uv": [5.125, 4.75, 5.25, 4.875], "texture": "#0"},
				"south": {"uv": [5.125, 4.75, 5.25, 4.875], "texture": "#0"},
				"down": {"uv": [5.125, 4.75, 5.25, 4.875], "texture": "#0"}
			}
		},
		{
			"name": "divine_reaper_101",
			"from": [4.025, 11.375, 7.85],
			"to": [4.15, 11.625, 8.075],
			"faces": {
				"north": {"uv": [4.75, 4.875, 4.625, 5.125], "texture": "#0"},
				"east": {"uv": [4.625, 4.875, 4.75, 5.125], "texture": "#0"},
				"south": {"uv": [4.625, 4.875, 4.75, 5.125], "texture": "#0"},
				"west": {"uv": [4.625, 4.875, 4.75, 5.125], "texture": "#0"},
				"up": {"uv": [4.625, 4.875, 4.75, 5], "texture": "#0"},
				"down": {"uv": [4.625, 5, 4.75, 5.125], "texture": "#0"}
			}
		},
		{
			"name": "divine_reaper_102",
			"from": [7.025, 9.75, 7.85],
			"to": [7.15, 10.125, 8.075],
			"faces": {
				"north": {"uv": [10, 4.875, 9.875, 5.25], "texture": "#0"},
				"east": {"uv": [9.875, 4.875, 10, 5.25], "texture": "#0"},
				"south": {"uv": [9.875, 4.875, 10, 5.25], "texture": "#0"},
				"west": {"uv": [9.875, 4.875, 10, 5.25], "texture": "#0"},
				"up": {"uv": [9.875, 4.875, 10, 5], "texture": "#0"},
				"down": {"uv": [9.875, 5.125, 10, 5.25], "texture": "#0"}
			}
		},
		{
			"name": "divine_reaper_103",
			"from": [7.275, 9.75, 7.85],
			"to": [7.525, 10.125, 8.075],
			"faces": {
				"north": {"uv": [10.375, 4.875, 10.125, 5.25], "texture": "#0"},
				"south": {"uv": [10.125, 4.875, 10.375, 5.25], "texture": "#0"},
				"west": {"uv": [10.125, 4.875, 10.25, 5.25], "texture": "#0"},
				"up": {"uv": [10.125, 4.875, 10.375, 5], "texture": "#0"},
				"down": {"uv": [10.125, 5.125, 10.375, 5.25], "texture": "#0"}
			}
		},
		{
			"name": "divine_reaper_104",
			"from": [8.4, 9.75, 7.85],
			"to": [8.65, 10.125, 8.075],
			"faces": {
				"north": {"uv": [12, 4.875, 11.75, 5.25], "texture": "#0"},
				"east": {"uv": [11.875, 4.875, 12, 5.25], "texture": "#0"},
				"south": {"uv": [11.75, 4.875, 12, 5.25], "texture": "#0"},
				"up": {"uv": [11.75, 4.875, 12, 5], "texture": "#0"},
				"down": {"uv": [11.75, 5.125, 12, 5.25], "texture": "#0"}
			}
		},
		{
			"name": "divine_reaper_105",
			"from": [8.775, 9.75, 7.85],
			"to": [8.9, 10.125, 8.075],
			"faces": {
				"north": {"uv": [12.25, 4.875, 12.125, 5.25], "texture": "#0"},
				"east": {"uv": [12.125, 4.875, 12.25, 5.25], "texture": "#0"},
				"south": {"uv": [12.125, 4.875, 12.25, 5.25], "texture": "#0"},
				"west": {"uv": [12.125, 4.875, 12.25, 5.25], "texture": "#0"},
				"up": {"uv": [12.125, 4.875, 12.25, 5], "texture": "#0"},
				"down": {"uv": [12.125, 5.125, 12.25, 5.25], "texture": "#0"}
			}
		},
		{
			"name": "divine_reaper_106",
			"from": [3.9, 11.25, 7.85],
			"to": [4.025, 11.5, 8.075],
			"faces": {
				"north": {"uv": [4.625, 5, 4.5, 5.25], "texture": "#0"},
				"east": {"uv": [4.5, 5, 4.625, 5.25], "texture": "#0"},
				"south": {"uv": [4.5, 5, 4.625, 5.25], "texture": "#0"},
				"west": {"uv": [4.5, 5, 4.625, 5.25], "texture": "#0"},
				"up": {"uv": [4.5, 5, 4.625, 5.125], "texture": "#0"},
				"down": {"uv": [4.5, 5.125, 4.625, 5.25], "texture": "#0"}
			}
		},
		{
			"name": "divine_reaper_107",
			"from": [6.775, 9.875, 7.85],
			"to": [7.025, 10, 8.075],
			"faces": {
				"north": {"uv": [9.875, 5, 9.625, 5.125], "texture": "#0"},
				"south": {"uv": [9.625, 5, 9.875, 5.125], "texture": "#0"},
				"west": {"uv": [9.625, 5, 9.75, 5.125], "texture": "#0"},
				"up": {"uv": [9.625, 5, 9.875, 5.125], "texture": "#0"},
				"down": {"uv": [9.625, 5, 9.875, 5.125], "texture": "#0"}
			}
		},
		{
			"name": "divine_reaper_108",
			"from": [7.15, 9.875, 7.85],
			"to": [7.275, 10, 8.075],
			"faces": {
				"north": {"uv": [10.125, 5, 10, 5.125], "texture": "#0"},
				"south": {"uv": [10, 5, 10.125, 5.125], "texture": "#0"},
				"up": {"uv": [10, 5, 10.125, 5.125], "texture": "#0"},
				"down": {"uv": [10, 5, 10.125, 5.125], "texture": "#0"}
			}
		},
		{
			"name": "divine_reaper_109",
			"from": [8.65, 9.875, 7.85],
			"to": [8.775, 10, 8.075],
			"faces": {
				"north": {"uv": [12.125, 5, 12, 5.125], "texture": "#0"},
				"south": {"uv": [12, 5, 12.125, 5.125], "texture": "#0"},
				"up": {"uv": [12, 5, 12.125, 5.125], "texture": "#0"},
				"down": {"uv": [12, 5, 12.125, 5.125], "texture": "#0"}
			}
		},
		{
			"name": "divine_reaper_110",
			"from": [8.9, 9.875, 7.85],
			"to": [9.15, 10, 8.075],
			"faces": {
				"north": {"uv": [12.5, 5, 12.25, 5.125], "texture": "#0"},
				"east": {"uv": [12.375, 5, 12.5, 5.125], "texture": "#0"},
				"south": {"uv": [12.25, 5, 12.5, 5.125], "texture": "#0"},
				"up": {"uv": [12.25, 5, 12.5, 5.125], "texture": "#0"},
				"down": {"uv": [12.25, 5, 12.5, 5.125], "texture": "#0"}
			}
		},
		{
			"name": "divine_reaper_111",
			"from": [3.775, 11.25, 7.85],
			"to": [3.9, 11.375, 8.075],
			"faces": {
				"north": {"uv": [4.5, 5.125, 4.375, 5.25], "texture": "#0"},
				"south": {"uv": [4.375, 5.125, 4.5, 5.25], "texture": "#0"},
				"west": {"uv": [4.375, 5.125, 4.5, 5.25], "texture": "#0"},
				"up": {"uv": [4.375, 5.125, 4.5, 5.25], "texture": "#0"},
				"down": {"uv": [4.375, 5.125, 4.5, 5.25], "texture": "#0"}
			}
		},
		{
			"name": "divine_reaper_112",
			"from": [3.65, 11.125, 7.85],
			"to": [3.775, 11.25, 8.075],
			"faces": {
				"north": {"uv": [4.375, 5.25, 4.25, 5.375], "texture": "#0"},
				"east": {"uv": [4.25, 5.25, 4.375, 5.375], "texture": "#0"},
				"south": {"uv": [4.25, 5.25, 4.375, 5.375], "texture": "#0"},
				"west": {"uv": [4.25, 5.25, 4.375, 5.375], "texture": "#0"},
				"up": {"uv": [4.25, 5.25, 4.375, 5.375], "texture": "#0"},
				"down": {"uv": [4.25, 5.25, 4.375, 5.375], "texture": "#0"}
			}
		},
		{
			"name": "divine_reaper_113",
			"from": [7.775, 9.25, 7.8],
			"to": [8.15, 9.375, 8.125],
			"faces": {
				"north": {"uv": [9.25, 5.625, 8.875, 5.75], "texture": "#0"},
				"east": {"uv": [9.125, 5.625, 9.25, 5.75], "texture": "#0"},
				"south": {"uv": [8.875, 5.625, 9.25, 5.75], "texture": "#0"},
				"west": {"uv": [8.875, 5.625, 9, 5.75], "texture": "#0"}
			}
		},
		{
			"name": "divine_reaper_114",
			"from": [7.65, 9, 7.7],
			"to": [8.275, 9.25, 8.225],
			"faces": {
				"north": {"uv": [10.125, 5.75, 9.5, 6], "texture": "#0"},
				"east": {"uv": [10, 5.75, 10.125, 6], "texture": "#0"},
				"south": {"uv": [9.5, 5.75, 10.125, 6], "texture": "#0"},
				"west": {"uv": [9.5, 5.75, 9.625, 6], "texture": "#0"},
				"up": {"uv": [9.5, 5.75, 10.125, 5.875], "texture": "#0"},
				"down": {"uv": [9.5, 5.875, 10.125, 6], "texture": "#0"}
			}
		},
		{
			"name": "divine_reaper_115",
			"from": [7.775, 8.875, 7.8],
			"to": [8.15, 9, 8.125],
			"faces": {
				"north": {"uv": [9.25, 6, 8.875, 6.125], "texture": "#0"},
				"east": {"uv": [9.125, 6, 9.25, 6.125], "texture": "#0"},
				"south": {"uv": [8.875, 6, 9.25, 6.125], "texture": "#0"},
				"west": {"uv": [8.875, 6, 9, 6.125], "texture": "#0"}
			}
		},
		{
			"name": "divine_reaper_116",
			"from": [7.65, 8.625, 7.7],
			"to": [8.275, 8.875, 8.225],
			"faces": {
				"north": {"uv": [10.125, 6.125, 9.5, 6.375], "texture": "#0"},
				"east": {"uv": [10, 6.125, 10.125, 6.375], "texture": "#0"},
				"south": {"uv": [9.5, 6.125, 10.125, 6.375], "texture": "#0"},
				"west": {"uv": [9.5, 6.125, 9.625, 6.375], "texture": "#0"},
				"up": {"uv": [9.5, 6.125, 10.125, 6.25], "texture": "#0"},
				"down": {"uv": [9.5, 6.25, 10.125, 6.375], "texture": "#0"}
			}
		},
		{
			"name": "divine_reaper_117",
			"from": [7.775, 8.5, 7.8],
			"to": [8.15, 8.625, 8.125],
			"faces": {
				"north": {"uv": [9.25, 6.375, 8.875, 6.5], "texture": "#0"},
				"east": {"uv": [9.125, 6.375, 9.25, 6.5], "texture": "#0"},
				"south": {"uv": [8.875, 6.375, 9.25, 6.5], "texture": "#0"},
				"west": {"uv": [8.875, 6.375, 9, 6.5], "texture": "#0"}
			}
		},
		{
			"name": "divine_reaper_118",
			"from": [7.65, 8.25, 7.7],
			"to": [8.275, 8.5, 8.225],
			"faces": {
				"north": {"uv": [10.125, 6.5, 9.5, 6.75], "texture": "#0"},
				"east": {"uv": [10, 6.5, 10.125, 6.75], "texture": "#0"},
				"south": {"uv": [9.5, 6.5, 10.125, 6.75], "texture": "#0"},
				"west": {"uv": [9.5, 6.5, 9.625, 6.75], "texture": "#0"},
				"up": {"uv": [9.5, 6.5, 10.125, 6.625], "texture": "#0"},
				"down": {"uv": [9.5, 6.625, 10.125, 6.75], "texture": "#0"}
			}
		},
		{
			"name": "divine_reaper_119",
			"from": [7.775, 3.625, 7.8],
			"to": [8.15, 8.25, 8.125],
			"faces": {
				"north": {"uv": [9.25, 6.75, 8.875, 11.375], "texture": "#0"},
				"east": {"uv": [9.125, 6.75, 9.25, 11.375], "texture": "#0"},
				"south": {"uv": [8.875, 6.75, 9.25, 11.375], "texture": "#0"},
				"west": {"uv": [8.875, 6.75, 9, 11.375], "texture": "#0"}
			}
		},
		{
			"name": "divine_reaper_120",
			"from": [7.65, 3.375, 7.7],
			"to": [8.275, 3.625, 8.225],
			"faces": {
				"north": {"uv": [10.125, 11.375, 9.5, 11.625], "texture": "#0"},
				"east": {"uv": [10, 11.375, 10.125, 11.625], "texture": "#0"},
				"south": {"uv": [9.5, 11.375, 10.125, 11.625], "texture": "#0"},
				"west": {"uv": [9.5, 11.375, 9.625, 11.625], "texture": "#0"},
				"up": {"uv": [9.5, 11.375, 10.125, 11.5], "texture": "#0"},
				"down": {"uv": [9.5, 11.5, 10.125, 11.625], "texture": "#0"}
			}
		},
		{
			"name": "divine_reaper_121",
			"from": [7.775, 1.75, 7.8],
			"to": [8.15, 3.375, 8.125],
			"faces": {
				"north": {"uv": [9.25, 11.625, 8.875, 13.25], "texture": "#0"},
				"east": {"uv": [9.125, 11.625, 9.25, 13.25], "texture": "#0"},
				"south": {"uv": [8.875, 11.625, 9.25, 13.25], "texture": "#0"},
				"west": {"uv": [8.875, 11.625, 9, 13.25], "texture": "#0"}
			}
		},
		{
			"name": "divine_reaper_122",
			"from": [7.65, 3, 7.9],
			"to": [7.775, 3.25, 8.025],
			"faces": {
				"north": {"uv": [8.625, 11.75, 8.5, 12], "texture": "#0"},
				"south": {"uv": [8.5, 11.75, 8.625, 12], "texture": "#0"},
				"west": {"uv": [8.5, 11.75, 8.625, 12], "texture": "#0"},
				"up": {"uv": [8.5, 11.75, 8.625, 11.875], "texture": "#0"},
				"down": {"uv": [8.5, 11.875, 8.625, 12], "texture": "#0"}
			}
		},
		{
			"name": "divine_reaper_123",
			"from": [8.15, 3, 7.9],
			"to": [8.275, 3.25, 8.025],
			"faces": {
				"north": {"uv": [9.625, 11.75, 9.5, 12], "texture": "#0"},
				"east": {"uv": [9.5, 11.75, 9.625, 12], "texture": "#0"},
				"south": {"uv": [9.5, 11.75, 9.625, 12], "texture": "#0"},
				"up": {"uv": [9.5, 11.75, 9.625, 11.875], "texture": "#0"},
				"down": {"uv": [9.5, 11.875, 9.625, 12], "texture": "#0"}
			}
		},
		{
			"name": "divine_reaper_124",
			"from": [7.4, 2.875, 7.9],
			"to": [7.65, 3.125, 8.025],
			"faces": {
				"north": {"uv": [8.5, 11.875, 8.25, 12.125], "texture": "#0"},
				"east": {"uv": [8.375, 11.875, 8.5, 12.125], "texture": "#0"},
				"south": {"uv": [8.25, 11.875, 8.5, 12.125], "texture": "#0"},
				"west": {"uv": [8.25, 11.875, 8.375, 12.125], "texture": "#0"},
				"up": {"uv": [8.25, 11.875, 8.5, 12], "texture": "#0"},
				"down": {"uv": [8.25, 12, 8.5, 12.125], "texture": "#0"}
			}
		},
		{
			"name": "divine_reaper_125",
			"from": [8.275, 2.875, 7.9],
			"to": [8.525, 3.125, 8.025],
			"faces": {
				"north": {"uv": [9.875, 11.875, 9.625, 12.125], "texture": "#0"},
				"east": {"uv": [9.75, 11.875, 9.875, 12.125], "texture": "#0"},
				"south": {"uv": [9.625, 11.875, 9.875, 12.125], "texture": "#0"},
				"west": {"uv": [9.625, 11.875, 9.75, 12.125], "texture": "#0"},
				"up": {"uv": [9.625, 11.875, 9.875, 12], "texture": "#0"},
				"down": {"uv": [9.625, 12, 9.875, 12.125], "texture": "#0"}
			}
		},
		{
			"name": "divine_reaper_126",
			"from": [7.275, 2.25, 7.9],
			"to": [7.525, 2.875, 8.025],
			"faces": {
				"north": {"uv": [8.375, 12.125, 8.125, 12.75], "texture": "#0"},
				"east": {"uv": [8.25, 12.125, 8.375, 12.75], "texture": "#0"},
				"south": {"uv": [8.125, 12.125, 8.375, 12.75], "texture": "#0"},
				"west": {"uv": [8.125, 12.125, 8.25, 12.75], "texture": "#0"},
				"up": {"uv": [8.125, 12.125, 8.375, 12.25], "texture": "#0"},
				"down": {"uv": [8.125, 12.625, 8.375, 12.75], "texture": "#0"}
			}
		},
		{
			"name": "divine_reaper_127",
			"from": [8.4, 2.25, 7.9],
			"to": [8.65, 2.875, 8.025],
			"faces": {
				"north": {"uv": [10, 12.125, 9.75, 12.75], "texture": "#0"},
				"east": {"uv": [9.875, 12.125, 10, 12.75], "texture": "#0"},
				"south": {"uv": [9.75, 12.125, 10, 12.75], "texture": "#0"},
				"west": {"uv": [9.75, 12.125, 9.875, 12.75], "texture": "#0"},
				"up": {"uv": [9.75, 12.125, 10, 12.25], "texture": "#0"},
				"down": {"uv": [9.75, 12.625, 10, 12.75], "texture": "#0"}
			}
		},
		{
			"name": "divine_reaper_128",
			"from": [7.4, 2, 7.9],
			"to": [7.65, 2.25, 8.025],
			"faces": {
				"north": {"uv": [8.5, 12.75, 8.25, 13], "texture": "#0"},
				"east": {"uv": [8.375, 12.75, 8.5, 13], "texture": "#0"},
				"south": {"uv": [8.25, 12.75, 8.5, 13], "texture": "#0"},
				"west": {"uv": [8.25, 12.75, 8.375, 13], "texture": "#0"},
				"up": {"uv": [8.25, 12.75, 8.5, 12.875], "texture": "#0"},
				"down": {"uv": [8.25, 12.875, 8.5, 13], "texture": "#0"}
			}
		},
		{
			"name": "divine_reaper_129",
			"from": [8.275, 2, 7.9],
			"to": [8.525, 2.25, 8.025],
			"faces": {
				"north": {"uv": [9.875, 12.75, 9.625, 13], "texture": "#0"},
				"east": {"uv": [9.75, 12.75, 9.875, 13], "texture": "#0"},
				"south": {"uv": [9.625, 12.75, 9.875, 13], "texture": "#0"},
				"west": {"uv": [9.625, 12.75, 9.75, 13], "texture": "#0"},
				"up": {"uv": [9.625, 12.75, 9.875, 12.875], "texture": "#0"},
				"down": {"uv": [9.625, 12.875, 9.875, 13], "texture": "#0"}
			}
		},
		{
			"name": "divine_reaper_130",
			"from": [7.65, 1.875, 7.9],
			"to": [7.775, 2.125, 8.025],
			"faces": {
				"north": {"uv": [8.625, 12.875, 8.5, 13.125], "texture": "#0"},
				"south": {"uv": [8.5, 12.875, 8.625, 13.125], "texture": "#0"},
				"west": {"uv": [8.5, 12.875, 8.625, 13.125], "texture": "#0"},
				"up": {"uv": [8.5, 12.875, 8.625, 13], "texture": "#0"},
				"down": {"uv": [8.5, 13, 8.625, 13.125], "texture": "#0"}
			}
		},
		{
			"name": "divine_reaper_131",
			"from": [8.15, 1.875, 7.9],
			"to": [8.275, 2.125, 8.025],
			"faces": {
				"north": {"uv": [9.625, 12.875, 9.5, 13.125], "texture": "#0"},
				"east": {"uv": [9.5, 12.875, 9.625, 13.125], "texture": "#0"},
				"south": {"uv": [9.5, 12.875, 9.625, 13.125], "texture": "#0"},
				"up": {"uv": [9.5, 12.875, 9.625, 13], "texture": "#0"},
				"down": {"uv": [9.5, 13, 9.625, 13.125], "texture": "#0"}
			}
		},
		{
			"name": "divine_reaper_132",
			"from": [7.65, 1.5, 7.7],
			"to": [8.275, 1.75, 8.225],
			"faces": {
				"north": {"uv": [10.125, 13.25, 9.5, 13.5], "texture": "#0"},
				"east": {"uv": [10, 13.25, 10.125, 13.5], "texture": "#0"},
				"south": {"uv": [9.5, 13.25, 10.125, 13.5], "texture": "#0"},
				"west": {"uv": [9.5, 13.25, 9.625, 13.5], "texture": "#0"},
				"up": {"uv": [9.5, 13.25, 10.125, 13.375], "texture": "#0"},
				"down": {"uv": [9.5, 13.375, 10.125, 13.5], "texture": "#0"}
			}
		},
		{
			"name": "divine_reaper_133",
			"from": [7.775, 1.375, 7.9],
			"to": [8.15, 1.5, 8.025],
			"faces": {
				"north": {"uv": [9.25, 13.5, 8.875, 13.625], "texture": "#0"},
				"east": {"uv": [9.125, 13.5, 9.25, 13.625], "texture": "#0"},
				"south": {"uv": [8.875, 13.5, 9.25, 13.625], "texture": "#0"},
				"west": {"uv": [8.875, 13.5, 9, 13.625], "texture": "#0"},
				"down": {"uv": [8.875, 13.5, 9.25, 13.625], "texture": "#0"}
			}
		},
		{
			"name": "divine_reaper_134",
			"from": [7.9, 0.75, 7.9],
			"to": [8.025, 1.375, 8.025],
			"faces": {
				"north": {"uv": [9.125, 13.625, 9, 14.25], "texture": "#0"},
				"east": {"uv": [9, 13.625, 9.125, 14.25], "texture": "#0"},
				"south": {"uv": [9, 13.625, 9.125, 14.25], "texture": "#0"},
				"west": {"uv": [9, 13.625, 9.125, 14.25], "texture": "#0"},
				"down": {"uv": [9, 14.125, 9.125, 14.25], "texture": "#0"}
			}
		},
		{
			"name": "divine_reaper_135",
			"from": [7.775, 1.125, 7.9],
			"to": [7.9, 1.25, 8.025],
			"faces": {
				"north": {"uv": [9, 13.75, 8.875, 13.875], "texture": "#0"},
				"south": {"uv": [8.875, 13.75, 9, 13.875], "texture": "#0"},
				"west": {"uv": [8.875, 13.75, 9, 13.875], "texture": "#0"},
				"up": {"uv": [8.875, 13.75, 9, 13.875], "texture": "#0"},
				"down": {"uv": [8.875, 13.75, 9, 13.875], "texture": "#0"}
			}
		},
		{
			"name": "divine_reaper_136",
			"from": [8.025, 1.125, 7.9],
			"to": [8.15, 1.25, 8.025],
			"faces": {
				"north": {"uv": [9.25, 13.75, 9.125, 13.875], "texture": "#0"},
				"east": {"uv": [9.125, 13.75, 9.25, 13.875], "texture": "#0"},
				"south": {"uv": [9.125, 13.75, 9.25, 13.875], "texture": "#0"},
				"up": {"uv": [9.125, 13.75, 9.25, 13.875], "texture": "#0"},
				"down": {"uv": [9.125, 13.75, 9.25, 13.875], "texture": "#0"}
			}
		}
	],
	"gui_light": "front",
	"display": {
		"thirdperson_righthand": {
			"rotation": [0, -90, 0],
			"translation": [-0.25, 1.25, 1.25],
			"scale": [3.3, 3.3, 3]
		},
		"thirdperson_lefthand": {
			"rotation": [0, 90, 0],
			"translation": [-0.25, 1.25, 1.25],
			"scale": [3.3, 3.3, 3]
		},
		"firstperson_righthand": {
			"rotation": [-4, -90, -8],
			"translation": [2.5, 4, -0.25],
			"scale": [2.25, 2.25, 2.25]
		},
		"firstperson_lefthand": {
			"rotation": [9, 90, -8],
			"translation": [2.5, 4, -0.25],
			"scale": [2.25, 2.25, 2.25]
		},
		"ground": {
			"translation": [0, 7.75, 0],
			"scale": [2, 2, 2]
		},
		"gui": {
			"rotation": [0, 0, -46],
			"translation": [0.5, 0, 0],
			"scale": [1.75, 1.75, 1.75]
		},
		"head": {
			"rotation": [0, 0, -132],
			"translation": [-2.25, -15, 3.5],
			"scale": [3.5, 3.5, 3.5]
		},
		"fixed": {
			"rotation": [-180, 0, 138],
			"translation": [-1.25, 1.75, -0.25],
			"scale": [4, 4, 3]
		}
	},
	"groups": [
		{
			"name": "divine_reaper",
			"origin": [8, 8, 8],
			"color": 0,
			"nbt": "{}",
			"children": [
				0,
				1,
				2,
				3,
				4,
				5,
				6,
				7,
				8,
				9,
				10,
				11,
				12,
				13,
				14,
				15,
				16,
				17,
				18,
				19,
				20,
				21,
				22,
				23,
				24,
				25,
				26,
				27,
				28,
				29,
				30,
				31,
				32,
				33,
				34,
				35,
				36,
				37,
				38,
				39,
				40,
				41,
				42,
				43,
				44,
				45,
				46,
				47,
				48,
				49,
				50,
				51,
				52,
				53,
				54,
				55,
				56,
				57,
				58,
				59,
				60,
				61,
				62,
				63,
				64,
				65,
				66,
				67,
				68,
				69,
				70,
				71,
				72,
				73,
				74,
				75,
				76,
				77,
				78,
				79,
				80,
				81,
				82,
				83,
				84,
				85,
				86,
				87,
				88,
				89,
				90,
				91,
				92,
				93,
				94,
				95,
				96,
				97,
				98,
				99,
				100,
				101,
				102,
				103,
				104,
				105,
				106,
				107,
				108,
				109,
				110,
				111,
				112,
				113,
				114,
				115,
				116,
				117,
				118,
				119,
				120,
				121,
				122,
				123,
				124,
				125,
				126,
				127,
				128,
				129,
				130,
				131,
				132,
				133,
				134,
				135,
				136
			]
		}
	]
}