{
	"credit": "Made with Blockbench",
	"textures": {
		"0": "item/diamond_sword/edgeoftheastralplane",
		"1": "item/diamond_sword/creationsplitter_particle",
		"particle": "item/diamond_sword/edgeoftheastralplane"
	},
	"elements": [
		{
			"from": [8, 2, 8],
			"to": [9, 5.25, 8.75],
			"faces": {
				"north": {"uv": [7.875, 13.25, 8.375, 14.875], "texture": "#0"},
				"east": {"uv": [7.875, 13.25, 8.375, 14.875], "texture": "#0"},
				"south": {"uv": [7.875, 13.25, 8.375, 14.875], "texture": "#0"},
				"west": {"uv": [7.875, 13.25, 8.375, 14.875], "texture": "#0"},
				"up": {"uv": [7.875, 12.75, 8.25, 13], "texture": "#0"},
				"down": {"uv": [8.25, 14.75, 8.375, 14.875], "texture": "#0"}
			}
		},
		{
			"from": [8.25, 5.25, 8],
			"to": [9, 5.75, 8.75],
			"faces": {
				"north": {"uv": [7.875, 13, 8.25, 13.25], "texture": "#0"},
				"east": {"uv": [7.875, 12.75, 8.25, 13], "texture": "#0"},
				"south": {"uv": [8.25, 13, 7.875, 13.25], "texture": "#0"},
				"west": {"uv": [7.875, 13, 8.25, 13.25], "texture": "#0"},
				"up": {"uv": [0, 0, 1, 1], "texture": "#missing"},
				"down": {"uv": [0, 0, 1, 1], "texture": "#missing"}
			}
		},
		{
			"from": [8.25, 5.75, 8],
			"to": [9.25, 8.75, 8.75],
			"faces": {
				"north": {"uv": [7.75, 11.5, 8.25, 13], "texture": "#0"},
				"east": {"uv": [7.75, 11.5, 8.25, 13], "texture": "#0"},
				"south": {"uv": [7.75, 11.5, 8.25, 13], "texture": "#0"},
				"west": {"uv": [7.75, 11.5, 8.25, 13], "texture": "#0"},
				"up": {"uv": [0, 0, 1, 1], "texture": "#missing"},
				"down": {"uv": [7.875, 12.75, 8.25, 13], "texture": "#0"}
			}
		},
		{
			"from": [7.5, 8.75, 7.75],
			"to": [10, 9.25, 9],
			"faces": {
				"north": {"uv": [7.375, 11.25, 8.625, 11.5], "texture": "#0"},
				"east": {"uv": [7.625, 11.25, 8.375, 11.5], "texture": "#0"},
				"south": {"uv": [7.375, 11.25, 8.625, 11.5], "texture": "#0"},
				"west": {"uv": [7.625, 11.25, 8.375, 11.5], "texture": "#0"},
				"up": {"uv": [7.625, 11.25, 7.75, 11.375], "texture": "#0"},
				"down": {"uv": [7.625, 11.375, 7.75, 11.5], "texture": "#0"}
			}
		},
		{
			"from": [8.5, 9.25, 8.3],
			"to": [9.5, 17.5, 8.425],
			"faces": {
				"north": {"uv": [7.625, 7.125, 8.125, 11.25], "texture": "#0"},
				"east": {"uv": [7.75, 7.125, 7.625, 11.25], "texture": "#0"},
				"south": {"uv": [8.125, 7.125, 7.625, 11.25], "texture": "#0"},
				"west": {"uv": [0, 0, 1, 2.75], "texture": "#missing"},
				"up": {"uv": [7.75, 7.125, 7.625, 7.25], "texture": "#0"},
				"down": {"uv": [0, 0, 1, 1], "texture": "#missing"}
			}
		},
		{
			"from": [8.249, 9.25, 8.17],
			"to": [8.74901, 17.5, 8.545],
			"faces": {
				"north": {"uv": [8, 7.125, 8.25, 11.25], "texture": "#0"},
				"east": {"uv": [8, 7.125, 7.875, 11.25], "texture": "#0"},
				"south": {"uv": [8.25, 7.125, 8, 11.25], "texture": "#0"},
				"west": {"uv": [8.125, 7.125, 8.25, 11.25], "texture": "#0"},
				"up": {"uv": [8, 7.125, 7.875, 7.25], "texture": "#0"},
				"down": {"uv": [0, 0, 1, 1], "texture": "#missing"}
			}
		},
		{
			"from": [8, 17.5, 8.3],
			"to": [9.25, 23.5, 8.425],
			"faces": {
				"north": {"uv": [7.75, 4.125, 8.375, 7.125], "texture": "#0"},
				"east": {"uv": [7.875, 4.875, 7.75, 7.125], "texture": "#0"},
				"south": {"uv": [8.375, 4.125, 7.75, 7.125], "texture": "#0"},
				"west": {"uv": [0, 0, 1, 2.75], "texture": "#missing"},
				"up": {"uv": [7.75, 7.125, 7.625, 7.25], "texture": "#0"},
				"down": {"uv": [8.125, 7.25, 8.25, 7.375], "texture": "#0"}
			}
		},
		{
			"from": [7.999, 17.5, 8.17],
			"to": [8.499, 23.5, 8.545],
			"faces": {
				"north": {"uv": [8.125, 4.125, 8.375, 7.125], "texture": "#0"},
				"east": {"uv": [8.125, 4.125, 8, 7.125], "texture": "#0"},
				"south": {"uv": [8.375, 4.125, 8.125, 7.125], "texture": "#0"},
				"west": {"uv": [8.25, 4.875, 8.375, 7.125], "texture": "#0"},
				"up": {"uv": [8, 7.125, 7.875, 7.25], "texture": "#0"},
				"down": {"uv": [8.125, 7.25, 8.25, 7.375], "texture": "#0"}
			}
		},
		{
			"from": [8, 23.5, 8.3],
			"to": [9, 23.75, 8.425],
			"faces": {
				"north": {"uv": [7.875, 4, 8.375, 4.125], "texture": "#0"},
				"east": {"uv": [7.875, 3.875, 8, 4], "texture": "#0"},
				"south": {"uv": [8.375, 4, 7.875, 4.125], "texture": "#0"},
				"west": {"uv": [0, 0, 1, 2.75], "texture": "#missing"},
				"up": {"uv": [8.375, 4, 7.875, 4.125], "texture": "#0"},
				"down": {"uv": [8.375, 4.125, 8.5, 4.25], "texture": "#0"}
			}
		},
		{
			"from": [7.5, 24.75, 8.3],
			"to": [8.5, 25.25, 8.425],
			"faces": {
				"north": {"uv": [8.125, 3.25, 8.625, 3.5], "texture": "#0"},
				"east": {"uv": [8.125, 3.25, 8.25, 3.5], "texture": "#0"},
				"south": {"uv": [8.625, 3.25, 8.125, 3.5], "texture": "#0"},
				"west": {"uv": [8.5, 3.25, 8.625, 3.5], "texture": "#0"},
				"up": {"uv": [8.375, 4, 7.875, 4.125], "texture": "#0"},
				"down": {"uv": [8.375, 4.125, 8.5, 4.25], "texture": "#0"}
			}
		},
		{
			"from": [7.5, 25.25, 8.3],
			"to": [8.25, 25.5, 8.425],
			"faces": {
				"north": {"uv": [8.25, 3.125, 8.625, 3.25], "texture": "#0"},
				"east": {"uv": [8.125, 3.25, 8.25, 3.5], "texture": "#0"},
				"south": {"uv": [8.625, 3.125, 8.25, 3.25], "texture": "#0"},
				"west": {"uv": [8.5, 3.25, 8.625, 3.5], "texture": "#0"},
				"up": {"uv": [8.625, 3.125, 8.25, 3.25], "texture": "#0"},
				"down": {"uv": [8.625, 3.125, 8.25, 3.25], "texture": "#0"}
			}
		},
		{
			"from": [7.5, 25.5, 8.3],
			"to": [8, 25.75, 8.425],
			"faces": {
				"north": {"uv": [8.375, 3, 8.625, 3.125], "texture": "#0"},
				"east": {"uv": [8.125, 3.25, 8.25, 3.5], "texture": "#0"},
				"south": {"uv": [8.625, 3, 8.375, 3.125], "texture": "#0"},
				"west": {"uv": [8.5, 3, 8.625, 3.125], "texture": "#0"},
				"up": {"uv": [8.625, 3, 8.375, 3.125], "texture": "#0"},
				"down": {"uv": [8.625, 3.125, 8.25, 3.25], "texture": "#0"}
			}
		},
		{
			"from": [7.5, 25.75, 8.3],
			"to": [7.75, 26, 8.425],
			"faces": {
				"north": {"uv": [8.5, 2.875, 8.625, 3], "texture": "#0"},
				"east": {"uv": [8.125, 3.25, 8.25, 3.5], "texture": "#0"},
				"south": {"uv": [8.625, 2.875, 8.5, 3], "texture": "#0"},
				"west": {"uv": [8.625, 2.875, 8.5, 3], "texture": "#0"},
				"up": {"uv": [8.625, 2.875, 8.5, 3], "texture": "#0"},
				"down": {"uv": [8.625, 3.125, 8.25, 3.25], "texture": "#0"}
			}
		},
		{
			"from": [9.5, 9.5, 8.3],
			"to": [9.75, 10.75, 8.425],
			"faces": {
				"north": {"uv": [7.5, 10.5, 7.625, 11.125], "texture": "#0"},
				"east": {"uv": [7.5, 10.5, 7.625, 11.125], "texture": "#0"},
				"south": {"uv": [7.5, 10.5, 7.625, 11.125], "texture": "#0"},
				"west": {"uv": [7.25, 9.625, 7.125, 9.75], "texture": "#0"},
				"up": {"uv": [7.5, 10.5, 7.625, 10.625], "texture": "#0"},
				"down": {"uv": [7.5, 11, 7.625, 11.125], "texture": "#0"}
			}
		},
		{
			"from": [9.75, 9.75, 8.3],
			"to": [10, 10.25, 8.425],
			"faces": {
				"north": {"uv": [7.375, 10.75, 7.5, 11], "texture": "#0"},
				"east": {"uv": [7.375, 10.75, 7.5, 11], "texture": "#0"},
				"south": {"uv": [7.375, 10.75, 7.5, 11], "texture": "#0"},
				"west": {"uv": [7.25, 9.625, 7.125, 9.75], "texture": "#0"},
				"up": {"uv": [7.375, 10.75, 7.5, 10.875], "texture": "#0"},
				"down": {"uv": [7.375, 10.875, 7.5, 11], "texture": "#0"}
			}
		},
		{
			"from": [8, 10.25, 8.3],
			"to": [8.25, 11, 8.425],
			"faces": {
				"north": {"uv": [8.25, 10.375, 8.375, 10.75], "texture": "#0"},
				"east": {"uv": [7.375, 10.75, 7.5, 11], "texture": "#0"},
				"south": {"uv": [8.25, 10.375, 8.375, 10.75], "texture": "#0"},
				"west": {"uv": [8.25, 10.375, 8.375, 10.75], "texture": "#0"},
				"up": {"uv": [8.25, 10.375, 8.375, 10.5], "texture": "#0"},
				"down": {"uv": [8.25, 10.625, 8.375, 10.75], "texture": "#0"}
			}
		},
		{
			"from": [7.75, 11.75, 8.3],
			"to": [8, 12, 8.425],
			"faces": {
				"north": {"uv": [8.375, 9.875, 8.5, 10], "texture": "#0"},
				"east": {"uv": [7.375, 10.75, 7.5, 11], "texture": "#0"},
				"south": {"uv": [8.375, 9.875, 8.5, 10], "texture": "#0"},
				"west": {"uv": [8.375, 9.875, 8.5, 10], "texture": "#0"},
				"up": {"uv": [8.375, 9.875, 8.5, 10], "texture": "#0"},
				"down": {"uv": [8.375, 9.875, 8.5, 10], "texture": "#0"}
			}
		},
		{
			"from": [8, 12.75, 8.3],
			"to": [8.25, 13.5, 8.425],
			"faces": {
				"north": {"uv": [8.25, 9.125, 8.375, 9.5], "texture": "#0"},
				"east": {"uv": [7.375, 10.75, 7.5, 11], "texture": "#0"},
				"south": {"uv": [8.25, 9.125, 8.375, 9.5], "texture": "#0"},
				"west": {"uv": [8.25, 9.125, 8.375, 9.5], "texture": "#0"},
				"up": {"uv": [8.25, 9.125, 8.375, 9.25], "texture": "#0"},
				"down": {"uv": [8.25, 9.375, 8.375, 9.5], "texture": "#0"}
			}
		},
		{
			"from": [7.75, 13, 8.3],
			"to": [8, 13.25, 8.425],
			"faces": {
				"north": {"uv": [8.375, 9.25, 8.5, 9.375], "texture": "#0"},
				"east": {"uv": [7.375, 10.75, 7.5, 11], "texture": "#0"},
				"south": {"uv": [8.375, 9.25, 8.5, 9.375], "texture": "#0"},
				"west": {"uv": [8.375, 9.25, 8.5, 9.375], "texture": "#0"},
				"up": {"uv": [8.375, 9.25, 8.5, 9.375], "texture": "#0"},
				"down": {"uv": [8.375, 9.25, 8.5, 9.375], "texture": "#0"}
			}
		},
		{
			"from": [8, 11.5, 8.3],
			"to": [8.25, 12.25, 8.425],
			"faces": {
				"north": {"uv": [8.25, 9.75, 8.375, 10.125], "texture": "#0"},
				"east": {"uv": [7.375, 10.75, 7.5, 11], "texture": "#0"},
				"south": {"uv": [8.25, 9.75, 8.375, 10.125], "texture": "#0"},
				"west": {"uv": [8.25, 9.75, 8.375, 10.125], "texture": "#0"},
				"up": {"uv": [8.25, 9.75, 8.375, 9.875], "texture": "#0"},
				"down": {"uv": [8.25, 10, 8.375, 10.125], "texture": "#0"}
			}
		},
		{
			"from": [7.75, 16.25, 8.3],
			"to": [8, 16.5, 8.425],
			"faces": {
				"north": {"uv": [8.375, 7.625, 8.5, 7.75], "texture": "#0"},
				"east": {"uv": [7.375, 10.75, 7.5, 11], "texture": "#0"},
				"south": {"uv": [8.375, 7.625, 8.5, 7.75], "texture": "#0"},
				"west": {"uv": [8.375, 7.625, 8.5, 7.75], "texture": "#0"},
				"up": {"uv": [8.375, 7.625, 8.5, 7.75], "texture": "#0"},
				"down": {"uv": [8.375, 7.625, 8.5, 7.75], "texture": "#0"}
			}
		},
		{
			"from": [8, 15.75, 8.3],
			"to": [8.25, 16.75, 8.425],
			"faces": {
				"north": {"uv": [8.25, 7.5, 8.375, 8], "texture": "#0"},
				"east": {"uv": [7.375, 10.75, 7.5, 11], "texture": "#0"},
				"south": {"uv": [8.25, 7.5, 8.375, 8], "texture": "#0"},
				"west": {"uv": [8.25, 7.5, 8.375, 8], "texture": "#0"},
				"up": {"uv": [8.25, 7.5, 8.375, 7.625], "texture": "#0"},
				"down": {"uv": [8.25, 7.5, 8.375, 8], "texture": "#0"}
			}
		},
		{
			"from": [7.75, 10.5, 8.3],
			"to": [8, 10.75, 8.425],
			"faces": {
				"north": {"uv": [8.375, 10.5, 8.5, 10.625], "texture": "#0"},
				"east": {"uv": [7.375, 10.75, 7.5, 11], "texture": "#0"},
				"south": {"uv": [8.375, 10.5, 8.5, 10.625], "texture": "#0"},
				"west": {"uv": [8.375, 10.5, 8.5, 10.625], "texture": "#0"},
				"up": {"uv": [8.375, 10.5, 8.5, 10.625], "texture": "#0"},
				"down": {"uv": [8.375, 10.5, 8.5, 10.625], "texture": "#0"}
			}
		},
		{
			"from": [10, 9.75, 8.3],
			"to": [10.25, 10, 8.425],
			"faces": {
				"north": {"uv": [7.25, 10.875, 7.375, 11], "texture": "#0"},
				"east": {"uv": [7.25, 10.875, 7.375, 11], "texture": "#0"},
				"south": {"uv": [7.25, 10.875, 7.375, 11], "texture": "#0"},
				"west": {"uv": [7.25, 9.625, 7.125, 9.75], "texture": "#0"},
				"up": {"uv": [7.25, 10.875, 7.375, 11], "texture": "#0"},
				"down": {"uv": [7.25, 10.875, 7.375, 11], "texture": "#0"}
			}
		},
		{
			"from": [7.75, 23.75, 8.3],
			"to": [9, 24.25, 8.425],
			"faces": {
				"north": {"uv": [7.875, 3.75, 8.5, 4], "texture": "#0"},
				"east": {"uv": [7.875, 3.75, 8, 4], "texture": "#0"},
				"south": {"uv": [8.5, 3.75, 7.875, 4], "texture": "#0"},
				"west": {"uv": [8.375, 3.75, 8.5, 4], "texture": "#0"},
				"up": {"uv": [8.375, 4, 7.875, 4.125], "texture": "#0"},
				"down": {"uv": [8.5, 3.875, 7.875, 4], "texture": "#0"}
			}
		},
		{
			"from": [7.5, 24.25, 8.3],
			"to": [8.75, 24.75, 8.425],
			"faces": {
				"north": {"uv": [8, 3.5, 8.625, 3.75], "texture": "#0"},
				"east": {"uv": [7.875, 3.75, 8, 4], "texture": "#0"},
				"south": {"uv": [8.625, 3.5, 8, 3.75], "texture": "#0"},
				"west": {"uv": [8.5, 3.5, 8.625, 3.75], "texture": "#0"},
				"up": {"uv": [8.375, 4, 7.875, 4.125], "texture": "#0"},
				"down": {"uv": [8.5, 3.875, 7.875, 4], "texture": "#0"}
			}
		},
		{
			"from": [7.999, 23.5, 8.17],
			"to": [8.499, 23.75, 8.545],
			"faces": {
				"north": {"uv": [8.125, 4, 8.375, 4.125], "texture": "#0"},
				"east": {"uv": [8.25, 4, 8.125, 4.125], "texture": "#0"},
				"south": {"uv": [8.375, 4, 8.125, 4.125], "texture": "#0"},
				"west": {"uv": [8.25, 4, 8.375, 4.125], "texture": "#0"},
				"up": {"uv": [8.25, 4, 8.125, 4.125], "texture": "#0"},
				"down": {"uv": [8.25, 4.25, 8.375, 4.375], "texture": "#0"}
			}
		},
		{
			"from": [7.749, 23.749, 8.17],
			"to": [8.249, 24.249, 8.545],
			"faces": {
				"north": {"uv": [8.25, 3.75, 8.5, 4], "texture": "#0"},
				"east": {"uv": [8.375, 3.75, 8.25, 3.875], "texture": "#0"},
				"south": {"uv": [8.5, 3.75, 8.25, 4], "texture": "#0"},
				"west": {"uv": [8.375, 3.75, 8.5, 4], "texture": "#0"},
				"up": {"uv": [8.375, 3.75, 8.25, 3.875], "texture": "#0"},
				"down": {"uv": [8.25, 4.25, 8.375, 4.375], "texture": "#0"}
			}
		},
		{
			"from": [7.499, 24.249, 8.17],
			"to": [7.999, 24.749, 8.545],
			"faces": {
				"north": {"uv": [8.25, 3.75, 8.5, 4], "texture": "#0"},
				"east": {"uv": [8.375, 3.75, 8.25, 3.875], "texture": "#0"},
				"south": {"uv": [8.5, 3.75, 8.25, 4], "texture": "#0"},
				"west": {"uv": [8.375, 3.75, 8.5, 4], "texture": "#0"},
				"up": {"uv": [8.5, 3.75, 8.25, 3.875], "texture": "#0"},
				"down": {"uv": [8.25, 4.25, 8.375, 4.375], "texture": "#0"}
			}
		},
		{
			"from": [7.499, 24.749, 8.17],
			"to": [7.749, 25.249, 8.545],
			"faces": {
				"north": {"uv": [8.5, 3.5, 8.625, 3.75], "texture": "#0"},
				"east": {"uv": [8.5, 3.5, 8.625, 3.75], "texture": "#0"},
				"south": {"uv": [8.5, 3.75, 8.25, 4], "texture": "#0"},
				"west": {"uv": [8.5, 3.5, 8.625, 3.75], "texture": "#0"},
				"up": {"uv": [8.5, 3.625, 8.625, 3.75], "texture": "#0"},
				"down": {"uv": [8.25, 4.25, 8.375, 4.375], "texture": "#0"}
			}
		},
		{
			"from": [3.25, 9.25, 8.36],
			"to": [13.25, 29.5, 8.36],
			"faces": {
				"north": {"uv": [5.75, 1.125, 10.75, 11.25], "texture": "#1"},
				"east": {"uv": [0, 0, 0, 16], "texture": "#missing"},
				"south": {"uv": [10.75, 1.125, 5.75, 11.25], "texture": "#1"},
				"west": {"uv": [0, 0, 0, 16], "texture": "#missing"},
				"up": {"uv": [0, 0, 8.75, 0], "texture": "#missing"},
				"down": {"uv": [0, 0, 8.75, 0], "texture": "#missing"}
			}
		}
	],
	"gui_light": "front",
	"display": {
		"thirdperson_righthand": {
			"rotation": [0, 90, 0],
			"translation": [-0.5, -0.25, 3],
			"scale": [1.53, 1.53, 1.53]
		},
		"thirdperson_lefthand": {
			"rotation": [0, -90, 0],
			"translation": [0.5, -0.25, 3],
			"scale": [1.53, 1.53, 1.53]
		},
		"firstperson_righthand": {
			"rotation": [12, 95, 0],
			"translation": [0, 0, 0.5],
			"scale": [1.25, 1.25, 1.25]
		},
		"firstperson_lefthand": {
			"rotation": [9, -80, 0],
			"translation": [2, -0.25, 1]
		},
		"ground": {
			"rotation": [0, 0, -45],
			"translation": [0, 3.3956, 0],
			"scale": [1.5, 1.5, 1.5]
		},
		"gui": {
			"rotation": [0, 0, -45],
			"translation": [-4.75, -4, 0],
			"scale": [-1.2, 1.2, 1.2]
		},
		"head": {
			"rotation": [-9, 5, -119],
			"translation": [-9.75, -18, 3.25],
			"scale": [2, 2, 2]
		},
		"fixed": {
			"rotation": [0, 0, 45],
			"translation": [5.75, -6.75, -2],
			"scale": [2, 2, 2.2]
		}
	},
	"groups": [
		{
			"name": "hilt",
			"origin": [8, 8, 8],
			"color": 0,
			"children": [0, 1, 2, 3]
		},
		{
			"name": "blade",
			"origin": [8, 8, 8],
			"color": 0,
			"children": [4, 5, 6, 7, 8, 9, 10, 11, 12, 13, 14, 15, 16, 17, 18, 19, 20, 21, 22, 23, 24, 25, 26, 27, 28, 29]
		},
		30
	]
}