{
	"credit": "Made with Blockbench",
	"textures": {
		"0": "item/diamond_sword/emberblade",
		"1": "item/diamond_sword/emberblade_layer",
		"particle": "item/diamond_sword/emberblade"
	},
	"elements": [
		{
			"name": "emberblade1_0",
			"from": [8.375, 10.125, 7.95],
			"to": [8.5, 10.625, 8.175],
			"rotation": {"angle": 0, "axis": "y", "origin": [-2.75, -2.25, 8]},
			"faces": {
				"north": {"uv": [11.25, 3.125, 11.125, 3.625], "texture": "#0"},
				"east": {"uv": [11.125, 3.125, 11.25, 3.625], "texture": "#0"},
				"south": {"uv": [11.125, 3.125, 11.25, 3.625], "texture": "#0"},
				"west": {"uv": [11.125, 3.125, 11.25, 3.625], "texture": "#0"},
				"up": {"uv": [11.125, 3.125, 11.25, 3.25], "texture": "#0"},
				"down": {"uv": [11.125, 3.5, 11.25, 3.625], "texture": "#0"}
			}
		},
		{
			"name": "emberblade1_1",
			"from": [8.25, 9.875, 7.95],
			"to": [8.375, 10.5, 8.175],
			"rotation": {"angle": 0, "axis": "y", "origin": [-2.75, -2.25, 8]},
			"faces": {
				"north": {"uv": [11.125, 3.25, 11, 3.875], "texture": "#0"},
				"east": {"uv": [11, 3.25, 11.125, 3.875], "texture": "#0"},
				"south": {"uv": [11, 3.25, 11.125, 3.875], "texture": "#0"},
				"west": {"uv": [11, 3.25, 11.125, 3.875], "texture": "#0"},
				"up": {"uv": [11, 3.25, 11.125, 3.375], "texture": "#0"},
				"down": {"uv": [11, 3.75, 11.125, 3.875], "texture": "#0"}
			}
		},
		{
			"name": "emberblade1_2",
			"from": [8.125, 7.75, 7.95],
			"to": [8.25, 10.25, 8.175],
			"rotation": {"angle": 0, "axis": "y", "origin": [-2.75, -2.25, 8]},
			"faces": {
				"north": {"uv": [11, 3.5, 10.875, 6], "texture": "#0"},
				"east": {"uv": [10.875, 3.5, 11, 6], "texture": "#0"},
				"south": {"uv": [10.875, 3.5, 11, 6], "texture": "#0"},
				"west": {"uv": [10.875, 3.5, 11, 6], "texture": "#0"},
				"up": {"uv": [10.875, 3.5, 11, 3.625], "texture": "#0"},
				"down": {"uv": [10.875, 5.875, 11, 6], "texture": "#0"}
			}
		},
		{
			"name": "emberblade1_3",
			"from": [8, 5.625, 7.95],
			"to": [8.125, 10, 8.175],
			"rotation": {"angle": 0, "axis": "y", "origin": [-2.75, -2.25, 8]},
			"faces": {
				"north": {"uv": [10.875, 3.75, 10.75, 8.125], "texture": "#0"},
				"east": {"uv": [10.75, 3.75, 10.875, 8.125], "texture": "#0"},
				"south": {"uv": [10.75, 3.75, 10.875, 8.125], "texture": "#0"},
				"west": {"uv": [10.75, 3.75, 10.875, 8.125], "texture": "#0"},
				"up": {"uv": [10.75, 3.75, 10.875, 3.875], "texture": "#0"}
			}
		},
		{
			"name": "emberblade1_4",
			"from": [7.875, 4.875, 7.95],
			"to": [8, 9.5, 8.175],
			"rotation": {"angle": 0, "axis": "y", "origin": [-2.75, -2.25, 8]},
			"faces": {
				"north": {"uv": [10.75, 4.25, 10.625, 8.875], "texture": "#0"},
				"south": {"uv": [10.625, 4.25, 10.75, 8.875], "texture": "#0"},
				"west": {"uv": [10.625, 4.25, 10.75, 8.875], "texture": "#0"},
				"up": {"uv": [10.625, 4.25, 10.75, 4.375], "texture": "#0"}
			}
		},
		{
			"name": "emberblade1_5",
			"from": [7.75, 4.75, 7.95],
			"to": [7.875, 8.5, 8.175],
			"rotation": {"angle": 0, "axis": "y", "origin": [-2.75, -2.25, 8]},
			"faces": {
				"north": {"uv": [10.625, 5.25, 10.5, 9], "texture": "#0"},
				"south": {"uv": [10.5, 5.25, 10.625, 9], "texture": "#0"},
				"west": {"uv": [10.5, 5.25, 10.625, 9], "texture": "#0"},
				"up": {"uv": [10.5, 5.25, 10.625, 5.375], "texture": "#0"}
			}
		},
		{
			"name": "emberblade1_6",
			"from": [8.25, 7.75, 7.95],
			"to": [8.375, 8.5, 8.175],
			"rotation": {"angle": 0, "axis": "y", "origin": [-2.75, -2.25, 8]},
			"faces": {
				"north": {"uv": [11.125, 5.25, 11, 6], "texture": "#0"},
				"east": {"uv": [11, 5.25, 11.125, 6], "texture": "#0"},
				"south": {"uv": [11, 5.25, 11.125, 6], "texture": "#0"},
				"up": {"uv": [11, 5.25, 11.125, 5.375], "texture": "#0"},
				"down": {"uv": [11, 5.875, 11.125, 6], "texture": "#0"}
			}
		},
		{
			"name": "emberblade1_7",
			"from": [8.375, 8.125, 7.95],
			"to": [8.5, 8.25, 8.175],
			"rotation": {"angle": 0, "axis": "y", "origin": [-2.75, -2.25, 8]},
			"faces": {
				"north": {"uv": [11.25, 5.5, 11.125, 5.625], "texture": "#0"},
				"east": {"uv": [11.125, 5.5, 11.25, 5.625], "texture": "#0"},
				"south": {"uv": [11.125, 5.5, 11.25, 5.625], "texture": "#0"},
				"up": {"uv": [11.125, 5.5, 11.25, 5.625], "texture": "#0"},
				"down": {"uv": [11.125, 5.5, 11.25, 5.625], "texture": "#0"}
			}
		},
		{
			"name": "emberblade1_8",
			"from": [8.125, 5.25, 7.95],
			"to": [8.25, 5.5, 8.175],
			"rotation": {"angle": 0, "axis": "y", "origin": [-2.75, -2.25, 8]},
			"faces": {
				"north": {"uv": [11, 8.25, 10.875, 8.5], "texture": "#0"},
				"south": {"uv": [10.875, 8.25, 11, 8.5], "texture": "#0"}
			}
		},
		{
			"name": "emberblade1_9",
			"from": [8, 4.875, 7.95],
			"to": [8.125, 5.375, 8.175],
			"rotation": {"angle": 0, "axis": "y", "origin": [-2.75, -2.25, 8]},
			"faces": {
				"north": {"uv": [10.875, 8.375, 10.75, 8.875], "texture": "#0"},
				"south": {"uv": [10.75, 8.375, 10.875, 8.875], "texture": "#0"}
			}
		},
		{
			"name": "emberblade1_10",
			"from": [7.625, 4.75, 7.95],
			"to": [7.75, 5.125, 8.175],
			"rotation": {"angle": 0, "axis": "y", "origin": [-2.75, -2.25, 8]},
			"faces": {
				"north": {"uv": [10.5, 8.625, 10.375, 9], "texture": "#0"},
				"south": {"uv": [10.375, 8.625, 10.5, 9], "texture": "#0"},
				"west": {"uv": [10.375, 8.625, 10.5, 9], "texture": "#0"},
				"up": {"uv": [10.375, 8.625, 10.5, 8.75], "texture": "#0"}
			}
		},
		{
			"name": "emberblade1_11",
			"from": [8.5, 4.75, 7.9],
			"to": [8.875, 5, 8.225],
			"rotation": {"angle": 0, "axis": "y", "origin": [-2.75, -2.25, 8]},
			"faces": {
				"north": {"uv": [11.625, 8.75, 11.25, 9], "texture": "#0"},
				"east": {"uv": [11.5, 8.75, 11.625, 9], "texture": "#0"},
				"south": {"uv": [11.25, 8.75, 11.625, 9], "texture": "#0"},
				"up": {"uv": [11.25, 8.75, 11.625, 8.875], "texture": "#0"},
				"down": {"uv": [11.25, 8.875, 11.625, 9], "texture": "#0"}
			}
		},
		{
			"name": "emberblade1_12",
			"from": [7.125, 4.25, 7.9],
			"to": [7.25, 4.75, 8.225],
			"rotation": {"angle": 0, "axis": "y", "origin": [-2.75, -2.25, 8]},
			"faces": {
				"north": {"uv": [10, 9, 9.875, 9.5], "texture": "#0"},
				"east": {"uv": [9.875, 9, 10, 9.5], "texture": "#0"},
				"south": {"uv": [9.875, 9, 10, 9.5], "texture": "#0"},
				"west": {"uv": [9.875, 9, 10, 9.5], "texture": "#0"},
				"up": {"uv": [9.875, 9, 10, 9.125], "texture": "#0"},
				"down": {"uv": [9.875, 9.375, 10, 9.5], "texture": "#0"}
			}
		},
		{
			"name": "emberblade1_13",
			"from": [8.75, 4.625, 7.9],
			"to": [8.875, 4.75, 8.225],
			"rotation": {"angle": 0, "axis": "y", "origin": [-2.75, -2.25, 8]},
			"faces": {
				"north": {"uv": [11.625, 9, 11.5, 9.125], "texture": "#0"},
				"east": {"uv": [11.5, 9, 11.625, 9.125], "texture": "#0"},
				"south": {"uv": [11.5, 9, 11.625, 9.125], "texture": "#0"},
				"west": {"uv": [11.5, 9, 11.625, 9.125], "texture": "#0"},
				"down": {"uv": [11.5, 9, 11.625, 9.125], "texture": "#0"}
			}
		},
		{
			"name": "emberblade1_14",
			"from": [7, 4.375, 7.9],
			"to": [7.125, 4.625, 8.225],
			"rotation": {"angle": 0, "axis": "y", "origin": [-2.75, -2.25, 8]},
			"faces": {
				"north": {"uv": [9.875, 9.125, 9.75, 9.375], "texture": "#0"},
				"south": {"uv": [9.75, 9.125, 9.875, 9.375], "texture": "#0"},
				"west": {"uv": [9.75, 9.125, 9.875, 9.375], "texture": "#0"},
				"up": {"uv": [9.75, 9.125, 9.875, 9.25], "texture": "#0"},
				"down": {"uv": [9.75, 9.25, 9.875, 9.375], "texture": "#0"}
			}
		},
		{
			"name": "emberblade1_15",
			"from": [7.25, 4.375, 7.9],
			"to": [7.5, 4.625, 8.225],
			"rotation": {"angle": 0, "axis": "y", "origin": [-2.75, -2.25, 8]},
			"faces": {
				"north": {"uv": [10.25, 9.125, 10, 9.375], "texture": "#0"},
				"south": {"uv": [10, 9.125, 10.25, 9.375], "texture": "#0"},
				"up": {"uv": [10, 9.125, 10.25, 9.25], "texture": "#0"},
				"down": {"uv": [10, 9.25, 10.25, 9.375], "texture": "#0"}
			}
		},
		{
			"name": "emberblade1_16",
			"from": [7.75, 3.25, 7.9],
			"to": [8.125, 4.25, 8.225],
			"rotation": {"angle": 0, "axis": "y", "origin": [-2.75, -2.25, 8]},
			"faces": {
				"north": {"uv": [10.875, 9.5, 10.5, 10.5], "texture": "#0"},
				"east": {"uv": [10.75, 9.5, 10.875, 10.5], "texture": "#0"},
				"south": {"uv": [10.5, 9.5, 10.875, 10.5], "texture": "#0"},
				"west": {"uv": [10.5, 9.5, 10.625, 10.5], "texture": "#0"}
			}
		},
		{
			"name": "emberblade1_17",
			"from": [7.75, 2, 7.9],
			"to": [8.125, 3, 8.225],
			"rotation": {"angle": 0, "axis": "y", "origin": [-2.75, -2.25, 8]},
			"faces": {
				"north": {"uv": [10.875, 10.75, 10.5, 11.75], "texture": "#0"},
				"east": {"uv": [10.75, 10.75, 10.875, 11.75], "texture": "#0"},
				"south": {"uv": [10.5, 10.75, 10.875, 11.75], "texture": "#0"},
				"west": {"uv": [10.5, 10.75, 10.625, 11.75], "texture": "#0"}
			}
		},
		{
			"name": "emberblade1_18",
			"from": [7.75, 1.25, 7.95],
			"to": [8.125, 1.875, 8.175],
			"rotation": {"angle": 0, "axis": "y", "origin": [-2.75, -2.25, 8]},
			"faces": {
				"north": {"uv": [10.875, 11.875, 10.5, 12.5], "texture": "#0"},
				"east": {"uv": [10.75, 11.875, 10.875, 12.5], "texture": "#0"},
				"south": {"uv": [10.5, 11.875, 10.875, 12.5], "texture": "#0"},
				"west": {"uv": [10.5, 11.875, 10.625, 12.5], "texture": "#0"},
				"down": {"uv": [10.5, 12.375, 10.875, 12.5], "texture": "#0"}
			}
		},
		{
			"name": "emberblade1_19",
			"from": [7.625, 1.375, 7.95],
			"to": [7.75, 1.75, 8.175],
			"rotation": {"angle": 0, "axis": "y", "origin": [-2.75, -2.25, 8]},
			"faces": {
				"north": {"uv": [10.5, 12, 10.375, 12.375], "texture": "#0"},
				"south": {"uv": [10.375, 12, 10.5, 12.375], "texture": "#0"},
				"west": {"uv": [10.375, 12, 10.5, 12.375], "texture": "#0"},
				"up": {"uv": [10.375, 12, 10.5, 12.125], "texture": "#0"},
				"down": {"uv": [10.375, 12.25, 10.5, 12.375], "texture": "#0"}
			}
		},
		{
			"name": "emberblade1_20",
			"from": [8.125, 1.375, 7.95],
			"to": [8.25, 1.75, 8.175],
			"rotation": {"angle": 0, "axis": "y", "origin": [-2.75, -2.25, 8]},
			"faces": {
				"north": {"uv": [11, 12, 10.875, 12.375], "texture": "#0"},
				"east": {"uv": [10.875, 12, 11, 12.375], "texture": "#0"},
				"south": {"uv": [10.875, 12, 11, 12.375], "texture": "#0"},
				"up": {"uv": [10.875, 12, 11, 12.125], "texture": "#0"},
				"down": {"uv": [10.875, 12.25, 11, 12.375], "texture": "#0"}
			}
		},
		{
			"name": "emberblade3_0",
			"from": [8, 5.5, 7.85],
			"to": [8.375, 5.625, 8.275],
			"rotation": {"angle": 0, "axis": "y", "origin": [-2.75, -2.25, 8]},
			"faces": {
				"north": {"uv": [11.125, 8.125, 10.75, 8.25], "texture": "#0"},
				"east": {"uv": [11, 8.125, 11.125, 8.25], "texture": "#0"},
				"south": {"uv": [10.75, 8.125, 11.125, 8.25], "texture": "#0"},
				"west": {"uv": [10.75, 8.125, 10.875, 8.25], "texture": "#0"},
				"up": {"uv": [10.75, 8.125, 11.125, 8.25], "texture": "#0"},
				"down": {"uv": [10.75, 8.125, 11.125, 8.25], "texture": "#0"}
			}
		},
		{
			"name": "emberblade3_1",
			"from": [8, 5.375, 7.85],
			"to": [8.125, 5.5, 8.275],
			"rotation": {"angle": 0, "axis": "y", "origin": [-2.75, -2.25, 8]},
			"faces": {
				"north": {"uv": [10.875, 8.25, 10.75, 8.375], "texture": "#0"},
				"east": {"uv": [10.75, 8.25, 10.875, 8.375], "texture": "#0"},
				"south": {"uv": [10.75, 8.25, 10.875, 8.375], "texture": "#0"},
				"west": {"uv": [10.75, 8.25, 10.875, 8.375], "texture": "#0"},
				"down": {"uv": [10.75, 8.25, 10.875, 8.375], "texture": "#0"}
			}
		},
		{
			"name": "emberblade3_2",
			"from": [8.25, 5.25, 7.85],
			"to": [8.5, 5.5, 8.275],
			"rotation": {"angle": 0, "axis": "y", "origin": [-2.75, -2.25, 8]},
			"faces": {
				"north": {"uv": [11.25, 8.25, 11, 8.5], "texture": "#0"},
				"east": {"uv": [11.125, 8.25, 11.25, 8.5], "texture": "#0"},
				"south": {"uv": [11, 8.25, 11.25, 8.5], "texture": "#0"},
				"west": {"uv": [11, 8.25, 11.125, 8.5], "texture": "#0"},
				"up": {"uv": [11, 8.25, 11.25, 8.375], "texture": "#0"},
				"down": {"uv": [11, 8.375, 11.25, 8.5], "texture": "#0"}
			}
		},
		{
			"name": "emberblade3_3",
			"from": [8.125, 4.5, 7.85],
			"to": [8.375, 5.25, 8.275],
			"rotation": {"angle": 0, "axis": "y", "origin": [-2.75, -2.25, 8]},
			"faces": {
				"north": {"uv": [11.125, 8.5, 10.875, 9.25], "texture": "#0"},
				"east": {"uv": [11, 8.5, 11.125, 9.25], "texture": "#0"},
				"south": {"uv": [10.875, 8.5, 11.125, 9.25], "texture": "#0"},
				"west": {"uv": [10.875, 8.5, 11, 9.25], "texture": "#0"},
				"up": {"uv": [10.875, 8.5, 11.125, 8.625], "texture": "#0"},
				"down": {"uv": [10.875, 9.125, 11.125, 9.25], "texture": "#0"}
			}
		},
		{
			"name": "emberblade3_4",
			"from": [8.375, 4.625, 7.85],
			"to": [8.5, 5, 8.275],
			"rotation": {"angle": 0, "axis": "y", "origin": [-2.75, -2.25, 8]},
			"faces": {
				"north": {"uv": [11.25, 8.75, 11.125, 9.125], "texture": "#0"},
				"east": {"uv": [11.125, 8.75, 11.25, 9.125], "texture": "#0"},
				"south": {"uv": [11.125, 8.75, 11.25, 9.125], "texture": "#0"},
				"up": {"uv": [11.125, 8.75, 11.25, 8.875], "texture": "#0"},
				"down": {"uv": [11.125, 9, 11.25, 9.125], "texture": "#0"}
			}
		},
		{
			"name": "emberblade3_5",
			"from": [7.875, 4.25, 7.85],
			"to": [8.125, 4.875, 8.275],
			"rotation": {"angle": 0, "axis": "y", "origin": [-2.75, -2.25, 8]},
			"faces": {
				"north": {"uv": [10.875, 8.875, 10.625, 9.5], "texture": "#0"},
				"east": {"uv": [10.75, 8.875, 10.875, 9.5], "texture": "#0"},
				"south": {"uv": [10.625, 8.875, 10.875, 9.5], "texture": "#0"},
				"west": {"uv": [10.625, 8.875, 10.75, 9.5], "texture": "#0"},
				"up": {"uv": [10.625, 8.875, 10.875, 9], "texture": "#0"},
				"down": {"uv": [10.625, 9.375, 10.875, 9.5], "texture": "#0"}
			}
		},
		{
			"name": "emberblade3_6",
			"from": [7.5, 4.375, 7.85],
			"to": [7.875, 4.75, 8.275],
			"rotation": {"angle": 0, "axis": "y", "origin": [-2.75, -2.25, 8]},
			"faces": {
				"north": {"uv": [10.625, 9, 10.25, 9.375], "texture": "#0"},
				"south": {"uv": [10.25, 9, 10.625, 9.375], "texture": "#0"},
				"west": {"uv": [10.25, 9, 10.375, 9.375], "texture": "#0"},
				"up": {"uv": [10.25, 9, 10.625, 9.125], "texture": "#0"},
				"down": {"uv": [10.25, 9.25, 10.625, 9.375], "texture": "#0"}
			}
		},
		{
			"name": "emberblade3_7",
			"from": [8.125, 4.375, 7.85],
			"to": [8.25, 4.5, 8.275],
			"rotation": {"angle": 0, "axis": "y", "origin": [-2.75, -2.25, 8]},
			"faces": {
				"north": {"uv": [11, 9.25, 10.875, 9.375], "texture": "#0"},
				"east": {"uv": [10.875, 9.25, 11, 9.375], "texture": "#0"},
				"south": {"uv": [10.875, 9.25, 11, 9.375], "texture": "#0"},
				"down": {"uv": [10.875, 9.25, 11, 9.375], "texture": "#0"}
			}
		},
		{
			"name": "emberblade3_8",
			"from": [7.625, 4.25, 7.85],
			"to": [7.875, 4.375, 8.275],
			"rotation": {"angle": 0, "axis": "y", "origin": [-2.75, -2.25, 8]},
			"faces": {
				"north": {"uv": [10.625, 9.375, 10.375, 9.5], "texture": "#0"},
				"south": {"uv": [10.375, 9.375, 10.625, 9.5], "texture": "#0"},
				"west": {"uv": [10.375, 9.375, 10.5, 9.5], "texture": "#0"},
				"down": {"uv": [10.375, 9.375, 10.625, 9.5], "texture": "#0"}
			}
		},
		{
			"name": "emberblade2_0",
			"from": [8.375, 10.625, 8],
			"to": [8.625, 10.75, 8.125],
			"rotation": {"angle": 0, "axis": "y", "origin": [-2.75, -2.25, 8]},
			"faces": {
				"north": {"uv": [11.375, 3, 11.125, 3.125], "texture": "#0"},
				"east": {"uv": [11.25, 3, 11.375, 3.125], "texture": "#0"},
				"south": {"uv": [11.125, 3, 11.375, 3.125], "texture": "#0"},
				"west": {"uv": [11.125, 3, 11.25, 3.125], "texture": "#0"},
				"up": {"uv": [11.125, 3, 11.375, 3.125], "texture": "#0"}
			}
		},
		{
			"name": "emberblade2_1",
			"from": [8.25, 10.5, 8],
			"to": [8.375, 10.625, 8.125],
			"rotation": {"angle": 0, "axis": "y", "origin": [-2.75, -2.25, 8]},
			"faces": {
				"north": {"uv": [11.125, 3.125, 11, 3.25], "texture": "#0"},
				"south": {"uv": [11, 3.125, 11.125, 3.25], "texture": "#0"},
				"west": {"uv": [11, 3.125, 11.125, 3.25], "texture": "#0"},
				"up": {"uv": [11, 3.125, 11.125, 3.25], "texture": "#0"}
			}
		},
		{
			"name": "emberblade2_2",
			"from": [8.5, 10.5, 8],
			"to": [8.625, 10.625, 8.125],
			"rotation": {"angle": 0, "axis": "y", "origin": [-2.75, -2.25, 8]},
			"faces": {
				"north": {"uv": [11.375, 3.125, 11.25, 3.25], "texture": "#0"},
				"east": {"uv": [11.25, 3.125, 11.375, 3.25], "texture": "#0"},
				"south": {"uv": [11.25, 3.125, 11.375, 3.25], "texture": "#0"},
				"down": {"uv": [11.25, 3.125, 11.375, 3.25], "texture": "#0"}
			}
		},
		{
			"name": "emberblade2_3",
			"from": [8.125, 10.25, 8],
			"to": [8.25, 10.5, 8.125],
			"rotation": {"angle": 0, "axis": "y", "origin": [-2.75, -2.25, 8]},
			"faces": {
				"north": {"uv": [11, 3.25, 10.875, 3.5], "texture": "#0"},
				"south": {"uv": [10.875, 3.25, 11, 3.5], "texture": "#0"},
				"west": {"uv": [10.875, 3.25, 11, 3.5], "texture": "#0"},
				"up": {"uv": [10.875, 3.25, 11, 3.375], "texture": "#0"}
			}
		},
		{
			"name": "emberblade2_4",
			"from": [8, 10, 8],
			"to": [8.125, 10.25, 8.125],
			"rotation": {"angle": 0, "axis": "y", "origin": [-2.75, -2.25, 8]},
			"faces": {
				"north": {"uv": [10.875, 3.5, 10.75, 3.75], "texture": "#0"},
				"south": {"uv": [10.75, 3.5, 10.875, 3.75], "texture": "#0"},
				"west": {"uv": [10.75, 3.5, 10.875, 3.75], "texture": "#0"},
				"up": {"uv": [10.75, 3.5, 10.875, 3.625], "texture": "#0"}
			}
		},
		{
			"name": "emberblade2_5",
			"from": [8.375, 9.875, 8],
			"to": [8.5, 10.25, 8.125],
			"rotation": {"angle": 0, "axis": "y", "origin": [-2.75, -2.25, 8]},
			"faces": {
				"north": {"uv": [11.25, 3.5, 11.125, 3.875], "texture": "#0"},
				"east": {"uv": [11.125, 3.5, 11.25, 3.875], "texture": "#0"},
				"south": {"uv": [11.125, 3.5, 11.25, 3.875], "texture": "#0"},
				"down": {"uv": [11.125, 3.75, 11.25, 3.875], "texture": "#0"}
			}
		},
		{
			"name": "emberblade2_6",
			"from": [7.875, 9.5, 8],
			"to": [8, 10, 8.125],
			"rotation": {"angle": 0, "axis": "y", "origin": [-2.75, -2.25, 8]},
			"faces": {
				"north": {"uv": [10.75, 3.75, 10.625, 4.25], "texture": "#0"},
				"south": {"uv": [10.625, 3.75, 10.75, 4.25], "texture": "#0"},
				"west": {"uv": [10.625, 3.75, 10.75, 4.25], "texture": "#0"},
				"up": {"uv": [10.625, 3.75, 10.75, 3.875], "texture": "#0"}
			}
		},
		{
			"name": "emberblade2_7",
			"from": [8.25, 8.5, 8],
			"to": [8.375, 10, 8.125],
			"rotation": {"angle": 0, "axis": "y", "origin": [-2.75, -2.25, 8]},
			"faces": {
				"north": {"uv": [11.125, 3.75, 11, 5.25], "texture": "#0"},
				"east": {"uv": [11, 3.75, 11.125, 5.25], "texture": "#0"},
				"south": {"uv": [11, 3.75, 11.125, 5.25], "texture": "#0"}
			}
		},
		{
			"name": "emberblade2_8",
			"from": [7.75, 8.5, 8],
			"to": [7.875, 9.5, 8.125],
			"rotation": {"angle": 0, "axis": "y", "origin": [-2.75, -2.25, 8]},
			"faces": {
				"north": {"uv": [10.625, 4.25, 10.5, 5.25], "texture": "#0"},
				"south": {"uv": [10.5, 4.25, 10.625, 5.25], "texture": "#0"},
				"west": {"uv": [10.5, 4.25, 10.625, 5.25], "texture": "#0"},
				"up": {"uv": [10.5, 4.25, 10.625, 4.375], "texture": "#0"}
			}
		},
		{
			"name": "emberblade2_9",
			"from": [7.625, 5.125, 8],
			"to": [7.75, 8.5, 8.125],
			"rotation": {"angle": 0, "axis": "y", "origin": [-2.75, -2.25, 8]},
			"faces": {
				"north": {"uv": [10.5, 5.25, 10.375, 8.625], "texture": "#0"},
				"south": {"uv": [10.375, 5.25, 10.5, 8.625], "texture": "#0"},
				"west": {"uv": [10.375, 5.25, 10.5, 8.625], "texture": "#0"},
				"up": {"uv": [10.375, 5.25, 10.5, 5.375], "texture": "#0"}
			}
		},
		{
			"name": "emberblade2_10",
			"from": [8.375, 8, 8],
			"to": [8.5, 8.5, 8.125],
			"rotation": {"angle": 0, "axis": "y", "origin": [-2.75, -2.25, 8]},
			"faces": {
				"north": {"uv": [11.25, 5.25, 11.125, 5.75], "texture": "#0"},
				"east": {"uv": [11.125, 5.25, 11.25, 5.75], "texture": "#0"},
				"south": {"uv": [11.125, 5.25, 11.25, 5.75], "texture": "#0"},
				"up": {"uv": [11.125, 5.25, 11.25, 5.375], "texture": "#0"},
				"down": {"uv": [11.125, 5.625, 11.25, 5.75], "texture": "#0"}
			}
		},
		{
			"name": "emberblade2_11",
			"from": [8.5, 8.125, 8],
			"to": [8.625, 8.25, 8.125],
			"rotation": {"angle": 0, "axis": "y", "origin": [-2.75, -2.25, 8]},
			"faces": {
				"north": {"uv": [11.375, 5.5, 11.25, 5.625], "texture": "#0"},
				"east": {"uv": [11.25, 5.5, 11.375, 5.625], "texture": "#0"},
				"south": {"uv": [11.25, 5.5, 11.375, 5.625], "texture": "#0"},
				"up": {"uv": [11.25, 5.5, 11.375, 5.625], "texture": "#0"},
				"down": {"uv": [11.25, 5.5, 11.375, 5.625], "texture": "#0"}
			}
		},
		{
			"name": "emberblade2_13",
			"from": [8.125, 5.625, 8],
			"to": [8.25, 7.75, 8.125],
			"rotation": {"angle": 0, "axis": "y", "origin": [-2.75, -2.25, 8]},
			"faces": {
				"north": {"uv": [11, 6, 10.875, 8.125], "texture": "#0"},
				"east": {"uv": [10.875, 6, 11, 8.125], "texture": "#0"},
				"south": {"uv": [10.875, 6, 11, 8.125], "texture": "#0"}
			}
		},
		{
			"name": "emberblade2_14",
			"from": [7.5, 4.75, 8],
			"to": [7.625, 5.125, 8.125],
			"rotation": {"angle": 0, "axis": "y", "origin": [-2.75, -2.25, 8]},
			"faces": {
				"north": {"uv": [10.375, 8.625, 10.25, 9], "texture": "#0"},
				"south": {"uv": [10.25, 8.625, 10.375, 9], "texture": "#0"},
				"west": {"uv": [10.25, 8.625, 10.375, 9], "texture": "#0"},
				"up": {"uv": [10.25, 8.625, 10.375, 8.75], "texture": "#0"}
			}
		},
		{
			"name": "emberblade2_15",
			"from": [7.375, 4.625, 8],
			"to": [7.5, 4.75, 8.125],
			"rotation": {"angle": 0, "axis": "y", "origin": [-2.75, -2.25, 8]},
			"faces": {
				"north": {"uv": [10.25, 9, 10.125, 9.125], "texture": "#0"},
				"south": {"uv": [10.125, 9, 10.25, 9.125], "texture": "#0"},
				"west": {"uv": [10.125, 9, 10.25, 9.125], "texture": "#0"},
				"up": {"uv": [10.125, 9, 10.25, 9.125], "texture": "#0"}
			}
		},
		{
			"name": "emberblade2_16",
			"from": [7.625, 3, 7.8],
			"to": [8.25, 3.25, 8.325],
			"rotation": {"angle": 0, "axis": "y", "origin": [-2.75, -2.25, 8]},
			"faces": {
				"north": {"uv": [11, 10.5, 10.375, 10.75], "texture": "#0"},
				"east": {"uv": [10.875, 10.5, 11, 10.75], "texture": "#0"},
				"south": {"uv": [10.375, 10.5, 11, 10.75], "texture": "#0"},
				"west": {"uv": [10.375, 10.5, 10.5, 10.75], "texture": "#0"},
				"up": {"uv": [10.375, 10.5, 11, 10.625], "texture": "#0"},
				"down": {"uv": [10.375, 10.625, 11, 10.75], "texture": "#0"}
			}
		},
		{
			"name": "emberblade2_17",
			"from": [7.625, 1.875, 7.8],
			"to": [8.25, 2, 8.325],
			"rotation": {"angle": 0, "axis": "y", "origin": [-2.75, -2.25, 8]},
			"faces": {
				"north": {"uv": [11, 11.75, 10.375, 11.875], "texture": "#0"},
				"east": {"uv": [10.875, 11.75, 11, 11.875], "texture": "#0"},
				"south": {"uv": [10.375, 11.75, 11, 11.875], "texture": "#0"},
				"west": {"uv": [10.375, 11.75, 10.5, 11.875], "texture": "#0"},
				"up": {"uv": [10.375, 11.75, 11, 11.875], "texture": "#0"},
				"down": {"uv": [10.375, 11.75, 11, 11.875], "texture": "#0"}
			}
		},
		{
			"from": [3.2, 6, 8.05],
			"to": [10.2, 13, 8.05],
			"rotation": {"angle": -45, "axis": "z", "origin": [3.2, 6, 8.1]},
			"faces": {
				"north": {"uv": [0, 0, 16, 16], "texture": "#1"},
				"south": {"uv": [16, 0, 0, 16], "texture": "#1"}
			}
		}
	],
	"gui_light": "front",
	"display": {
		"thirdperson_righthand": {
			"rotation": [0, -90, 0],
			"translation": [0, 12.25, 1.25],
			"scale": [3.15, 3.15, 2.5]
		},
		"thirdperson_lefthand": {
			"rotation": [0, 90, 0],
			"translation": [0, 12.25, 1.25],
			"scale": [3.15, 3.15, 2.5]
		},
		"firstperson_righthand": {
			"rotation": [8, -90, 0],
			"translation": [0, 9.75, 2],
			"scale": [2.1, 2.1, 2]
		},
		"firstperson_lefthand": {
			"rotation": [8, 90, 0],
			"translation": [0, 9.75, 2],
			"scale": [2.1, 2.1, 2]
		},
		"ground": {
			"translation": [0, 7, 0],
			"scale": [2, 2, 2]
		},
		"gui": {
			"rotation": [0, 0, -43],
			"translation": [4.5, 4.75, 0],
			"scale": [2.8, 2.8, 2]
		},
		"head": {
			"rotation": [0, 0, 111],
			"translation": [-8.5, -27.25, 3.75],
			"scale": [4, 4, 3.75]
		},
		"fixed": {
			"rotation": [0, 0, 47],
			"translation": [-6.25, 6.25, -0.75],
			"scale": [3.8, 3.8, 2.5]
		}
	},
	"groups": [
		{
			"name": "emberblade1",
			"origin": [8, 8, 8],
			"color": 0,
			"nbt": "{}",
			"children": [0, 1, 2, 3, 4, 5, 6, 7, 8, 9, 10, 11, 12, 13, 14, 15, 16, 17, 18, 19, 20]
		},
		{
			"name": "emberblade3",
			"origin": [8, 8, 8],
			"color": 0,
			"nbt": "{}",
			"children": [21, 22, 23, 24, 25, 26, 27, 28, 29]
		},
		{
			"name": "emberblade2",
			"origin": [8, 8, 8],
			"color": 0,
			"nbt": "{}",
			"children": [30, 31, 32, 33, 34, 35, 36, 37, 38, 39, 40, 41, 42, 43, 44, 45, 46]
		},
		47
	]
}