{
	"credit": "Made with Blockbench",
	"textures": {
		"0": "item/diamond_sword/estoc",
		"particle": "item/diamond_sword/estoc"
	},
	"elements": [
		{
			"name": "estoc_0",
			"from": [8.125, 10.75, 8],
			"to": [8.25, 12.125, 8.125],
			"faces": {
				"north": {"uv": [8.25, 3.875, 8.125, 5.25], "texture": "#0"},
				"east": {"uv": [8.125, 3.875, 8.25, 5.25], "texture": "#0"},
				"south": {"uv": [8.125, 3.875, 8.25, 5.25], "texture": "#0"},
				"west": {"uv": [8.125, 3.875, 8.25, 5.25], "texture": "#0"},
				"up": {"uv": [8.125, 3.875, 8.25, 4], "texture": "#0"},
				"down": {"uv": [8.125, 5.125, 8.25, 5.25], "texture": "#0"}
			}
		},
		{
			"name": "estoc_1",
			"from": [8, 5.5, 8],
			"to": [8.125, 11.125, 8.125],
			"faces": {
				"north": {"uv": [8.125, 4.875, 8, 10.5], "texture": "#0"},
				"east": {"uv": [8, 4.875, 8.125, 10.5], "texture": "#0"},
				"south": {"uv": [8, 4.875, 8.125, 10.5], "texture": "#0"},
				"west": {"uv": [8, 4.875, 8.125, 10.5], "texture": "#0"},
				"up": {"uv": [8, 4.875, 8.125, 5], "texture": "#0"},
				"down": {"uv": [8, 10.375, 8.125, 10.5], "texture": "#0"}
			}
		},
		{
			"name": "estoc_2",
			"from": [8.25, 5.5, 8],
			"to": [8.375, 11.125, 8.125],
			"faces": {
				"north": {"uv": [8.375, 4.875, 8.25, 10.5], "texture": "#0"},
				"east": {"uv": [8.25, 4.875, 8.375, 10.5], "texture": "#0"},
				"south": {"uv": [8.25, 4.875, 8.375, 10.5], "texture": "#0"},
				"west": {"uv": [8.25, 4.875, 8.375, 10.5], "texture": "#0"},
				"up": {"uv": [8.25, 4.875, 8.375, 5], "texture": "#0"},
				"down": {"uv": [8.25, 10.375, 8.375, 10.5], "texture": "#0"}
			}
		},
		{
			"name": "estoc_3",
			"from": [8.125, 5.5, 7.95],
			"to": [8.25, 10.75, 8.175],
			"faces": {
				"north": {"uv": [7.75, 5.25, 7.625, 10.5], "texture": "#0"},
				"east": {"uv": [7.625, 5.25, 7.75, 10.5], "texture": "#0"},
				"south": {"uv": [7.625, 5.25, 7.75, 10.5], "texture": "#0"},
				"west": {"uv": [7.625, 5.25, 7.75, 10.5], "texture": "#0"},
				"up": {"uv": [7.625, 5.25, 7.75, 5.375], "texture": "#0"},
				"down": {"uv": [7.625, 10.375, 7.75, 10.5], "texture": "#0"}
			}
		},
		{
			"name": "estoc_4",
			"from": [6.75, 5.125, 7.9],
			"to": [8, 5.375, 8.225],
			"faces": {
				"north": {"uv": [8.5, 10.625, 7.25, 10.875], "texture": "#0"},
				"east": {"uv": [8.375, 10.625, 8.5, 10.875], "texture": "#0"},
				"south": {"uv": [7.25, 10.625, 8.5, 10.875], "texture": "#0"},
				"west": {"uv": [7.25, 10.625, 7.375, 10.875], "texture": "#0"},
				"up": {"uv": [7.25, 10.625, 8.5, 10.75], "texture": "#0"},
				"down": {"uv": [7.25, 10.75, 8.5, 10.875], "texture": "#0"}
			}
		},
		{
			"name": "estoc_5",
			"from": [8.375, 5.125, 7.9],
			"to": [9.625, 5.375, 8.225],
			"faces": {
				"north": {"uv": [10.125, 10.625, 8.875, 10.875], "texture": "#0"},
				"east": {"uv": [10, 10.625, 10.125, 10.875], "texture": "#0"},
				"south": {"uv": [8.875, 10.625, 10.125, 10.875], "texture": "#0"},
				"west": {"uv": [8.875, 10.625, 9, 10.875], "texture": "#0"},
				"up": {"uv": [8.875, 10.625, 10.125, 10.75], "texture": "#0"},
				"down": {"uv": [8.875, 10.75, 10.125, 10.875], "texture": "#0"}
			}
		},
		{
			"name": "estoc_6",
			"from": [8, 4.125, 7.9],
			"to": [8.375, 5, 8.225],
			"faces": {
				"north": {"uv": [8.375, 11, 8, 11.875], "texture": "#0"},
				"east": {"uv": [8.25, 11, 8.375, 11.875], "texture": "#0"},
				"south": {"uv": [8, 11, 8.375, 11.875], "texture": "#0"},
				"west": {"uv": [8, 11, 8.125, 11.875], "texture": "#0"},
				"up": {"uv": [8, 11, 8.375, 11.125], "texture": "#0"},
				"down": {"uv": [8, 11.75, 8.375, 11.875], "texture": "#0"}
			}
		},
		{
			"name": "estoc_7",
			"from": [8, 5, 7.85],
			"to": [8.375, 5.5, 8.275],
			"faces": {
				"north": {"uv": [8.875, 11, 8.5, 11.5], "texture": "#0"},
				"east": {"uv": [8.75, 11, 8.875, 11.5], "texture": "#0"},
				"south": {"uv": [8.5, 11, 8.875, 11.5], "texture": "#0"},
				"west": {"uv": [8.5, 11, 8.625, 11.5], "texture": "#0"},
				"up": {"uv": [8.5, 11, 8.875, 11.125], "texture": "#0"},
				"down": {"uv": [8.5, 11.375, 8.875, 11.5], "texture": "#0"}
			}
		},
		{
			"name": "estoc_8",
			"from": [7.875, 3.875, 7.8],
			"to": [8.5, 4.125, 8.325],
			"faces": {
				"north": {"uv": [9.25, 11.875, 8.625, 12.125], "texture": "#0"},
				"east": {"uv": [9.125, 11.875, 9.25, 12.125], "texture": "#0"},
				"south": {"uv": [8.625, 11.875, 9.25, 12.125], "texture": "#0"},
				"west": {"uv": [8.625, 11.875, 8.75, 12.125], "texture": "#0"},
				"up": {"uv": [8.625, 11.875, 9.25, 12], "texture": "#0"},
				"down": {"uv": [8.625, 12, 9.25, 12.125], "texture": "#0"}
			}
		},
		{
			"name": "estoc_9",
			"from": [7.75, 3.75, 7.7],
			"to": [8.625, 3.875, 8.425],
			"faces": {
				"north": {"uv": [10.375, 12.125, 9.5, 12.25], "texture": "#0"},
				"east": {"uv": [10.25, 12.125, 10.375, 12.25], "texture": "#0"},
				"south": {"uv": [9.5, 12.125, 10.375, 12.25], "texture": "#0"},
				"west": {"uv": [9.5, 12.125, 9.625, 12.25], "texture": "#0"},
				"up": {"uv": [9.5, 12.125, 10.375, 12.25], "texture": "#0"},
				"down": {"uv": [9.5, 12.125, 10.375, 12.25], "texture": "#0"}
			}
		},
		{
			"name": "estoc_10",
			"from": [7.875, 3.5, 7.8],
			"to": [8.5, 3.75, 8.325],
			"faces": {
				"north": {"uv": [9.25, 12.25, 8.625, 12.5], "texture": "#0"},
				"east": {"uv": [9.125, 12.25, 9.25, 12.5], "texture": "#0"},
				"south": {"uv": [8.625, 12.25, 9.25, 12.5], "texture": "#0"},
				"west": {"uv": [8.625, 12.25, 8.75, 12.5], "texture": "#0"},
				"up": {"uv": [8.625, 12.25, 9.25, 12.375], "texture": "#0"},
				"down": {"uv": [8.625, 12.375, 9.25, 12.5], "texture": "#0"}
			}
		},
		{
			"name": "estoc_11",
			"from": [8, 3.125, 7.9],
			"to": [8.375, 3.5, 8.225],
			"faces": {
				"north": {"uv": [8.375, 12.5, 8, 12.875], "texture": "#0"},
				"east": {"uv": [8.25, 12.5, 8.375, 12.875], "texture": "#0"},
				"south": {"uv": [8, 12.5, 8.375, 12.875], "texture": "#0"},
				"west": {"uv": [8, 12.5, 8.125, 12.875], "texture": "#0"},
				"up": {"uv": [8, 12.5, 8.375, 12.625], "texture": "#0"},
				"down": {"uv": [8, 12.75, 8.375, 12.875], "texture": "#0"}
			}
		},
		{
			"name": "estoc_12",
			"from": [8, 2.75, 7.85],
			"to": [8.375, 3.125, 8.275],
			"faces": {
				"north": {"uv": [8.375, 13.125, 8, 13.5], "texture": "#0"},
				"east": {"uv": [8.25, 13.125, 8.375, 13.5], "texture": "#0"},
				"south": {"uv": [8, 13.125, 8.375, 13.5], "texture": "#0"},
				"west": {"uv": [8, 13.125, 8.125, 13.5], "texture": "#0"},
				"up": {"uv": [8, 13.125, 8.375, 13.25], "texture": "#0"},
				"down": {"uv": [8, 13.375, 8.375, 13.5], "texture": "#0"}
			}
		},
		{
			"name": "estoc_13",
			"from": [7.875, 2.625, 7.8],
			"to": [8.5, 2.75, 8.325],
			"faces": {
				"north": {"uv": [8.5, 13.75, 7.875, 13.875], "texture": "#0"},
				"east": {"uv": [8.375, 13.75, 8.5, 13.875], "texture": "#0"},
				"south": {"uv": [7.875, 13.75, 8.5, 13.875], "texture": "#0"},
				"west": {"uv": [7.875, 13.75, 8, 13.875], "texture": "#0"},
				"up": {"uv": [7.875, 13.75, 8.5, 13.875], "texture": "#0"},
				"down": {"uv": [7.875, 13.75, 8.5, 13.875], "texture": "#0"}
			}
		},
		{
			"name": "estoc_14",
			"from": [7.75, 2.5, 7.75],
			"to": [8.625, 2.625, 8.375],
			"faces": {
				"north": {"uv": [8.625, 14.125, 7.75, 14.25], "texture": "#0"},
				"east": {"uv": [8.5, 14.125, 8.625, 14.25], "texture": "#0"},
				"south": {"uv": [7.75, 14.125, 8.625, 14.25], "texture": "#0"},
				"west": {"uv": [7.75, 14.125, 7.875, 14.25], "texture": "#0"},
				"up": {"uv": [7.75, 14.125, 8.625, 14.25], "texture": "#0"},
				"down": {"uv": [7.75, 14.125, 8.625, 14.25], "texture": "#0"}
			}
		},
		{
			"name": "estoc_15",
			"from": [7.875, 2.375, 7.8],
			"to": [8.5, 2.5, 8.325],
			"faces": {
				"north": {"uv": [8.5, 14.5, 7.875, 14.625], "texture": "#0"},
				"east": {"uv": [8.375, 14.5, 8.5, 14.625], "texture": "#0"},
				"south": {"uv": [7.875, 14.5, 8.5, 14.625], "texture": "#0"},
				"west": {"uv": [7.875, 14.5, 8, 14.625], "texture": "#0"},
				"up": {"uv": [7.875, 14.5, 8.5, 14.625], "texture": "#0"},
				"down": {"uv": [7.875, 14.5, 8.5, 14.625], "texture": "#0"}
			}
		},
		{
			"name": "estoc_16",
			"from": [8, 2.25, 7.9],
			"to": [8.375, 2.375, 8.225],
			"faces": {
				"north": {"uv": [8.375, 14.875, 8, 15], "texture": "#0"},
				"east": {"uv": [8.25, 14.875, 8.375, 15], "texture": "#0"},
				"south": {"uv": [8, 14.875, 8.375, 15], "texture": "#0"},
				"west": {"uv": [8, 14.875, 8.125, 15], "texture": "#0"},
				"up": {"uv": [8, 14.875, 8.375, 15], "texture": "#0"},
				"down": {"uv": [8, 14.875, 8.375, 15], "texture": "#0"}
			}
		}
	],
	"gui_light": "front",
	"display": {
		"thirdperson_righthand": {
			"rotation": [0, -90, 0],
			"translation": [0, 9, 1],
			"scale": [2.8, 2.8, 2.8]
		},
		"thirdperson_lefthand": {
			"rotation": [0, 90, 0],
			"translation": [0, 9, 1],
			"scale": [2.8, 2.8, 2.8]
		},
		"firstperson_righthand": {
			"rotation": [-4, -90, -8],
			"translation": [2.5, 8.25, -0.25],
			"scale": [2, 2, 2]
		},
		"firstperson_lefthand": {
			"rotation": [9, 90, -8],
			"translation": [1.75, 8.25, -0.5],
			"scale": [2, 2, 2]
		},
		"ground": {
			"translation": [0, 7.75, 0],
			"scale": [2, 2, 2]
		},
		"gui": {
			"rotation": [0, 0, -42],
			"translation": [1.25, 2, 0],
			"scale": [2.5, 2.5, 2.5]
		},
		"head": {
			"rotation": [0, -90, -132],
			"translation": [-6.75, -28.25, 4],
			"scale": [3.5, 3.5, 3.5]
		},
		"fixed": {
			"rotation": [-180, 0, 138],
			"translation": [-1.25, 1.75, -0.5],
			"scale": [4, 4, 3]
		}
	},
	"groups": [
		{
			"name": "estoc",
			"origin": [8, 8, 8],
			"color": 0,
			"nbt": "{}",
			"children": [0, 1, 2, 3, 4, 5, 6, 7, 8, 9, 10, 11, 12, 13, 14, 15, 16]
		}
	]
}