{
	"credit": "Made with Blockbench",
	"textures": {
		"0": "item/diamond_sword/fallengodsword",
		"particle": "item/diamond_sword/fallengodsword"
	},
	"elements": [
		{
			"name": "fallengodsword_0",
			"from": [8, 12.125, 7.75],
			"to": [8.125, 12.875, 7.875],
			"faces": {
				"north": {"uv": [8.125, 3.125, 8, 3.875], "texture": "#0"},
				"east": {"uv": [8, 3.125, 8.125, 3.875], "texture": "#0"},
				"south": {"uv": [8, 3.125, 8.125, 3.875], "texture": "#0"},
				"west": {"uv": [8, 3.125, 8.125, 3.875], "texture": "#0"},
				"up": {"uv": [8, 3.125, 8.125, 3.25], "texture": "#0"},
				"down": {"uv": [8, 3.75, 8.125, 3.875], "texture": "#0"}
			}
		},
		{
			"name": "fallengodsword_1",
			"from": [7.875, 11.75, 7.75],
			"to": [8, 12.5, 7.875],
			"faces": {
				"north": {"uv": [8, 3.5, 7.875, 4.25], "texture": "#0"},
				"east": {"uv": [7.875, 3.5, 8, 4.25], "texture": "#0"},
				"south": {"uv": [7.875, 3.5, 8, 4.25], "texture": "#0"},
				"west": {"uv": [7.875, 3.5, 8, 4.25], "texture": "#0"},
				"up": {"uv": [7.875, 3.5, 8, 3.625], "texture": "#0"},
				"down": {"uv": [7.875, 4.125, 8, 4.25], "texture": "#0"}
			}
		},
		{
			"name": "fallengodsword_2",
			"from": [8.125, 11.75, 7.75],
			"to": [8.25, 12.5, 7.875],
			"faces": {
				"north": {"uv": [8.25, 3.5, 8.125, 4.25], "texture": "#0"},
				"east": {"uv": [8.125, 3.5, 8.25, 4.25], "texture": "#0"},
				"south": {"uv": [8.125, 3.5, 8.25, 4.25], "texture": "#0"},
				"west": {"uv": [8.125, 3.5, 8.25, 4.25], "texture": "#0"},
				"up": {"uv": [8.125, 3.5, 8.25, 3.625], "texture": "#0"},
				"down": {"uv": [8.125, 4.125, 8.25, 4.25], "texture": "#0"}
			}
		},
		{
			"name": "fallengodsword_3",
			"from": [7.75, 6.75, 7.75],
			"to": [7.875, 12.125, 7.875],
			"faces": {
				"north": {"uv": [7.875, 3.875, 7.75, 9.25], "texture": "#0"},
				"east": {"uv": [7.75, 3.875, 7.875, 9.25], "texture": "#0"},
				"south": {"uv": [7.75, 3.875, 7.875, 9.25], "texture": "#0"},
				"west": {"uv": [7.75, 3.875, 7.875, 9.25], "texture": "#0"},
				"up": {"uv": [7.75, 3.875, 7.875, 4], "texture": "#0"},
				"down": {"uv": [7.75, 9.125, 7.875, 9.25], "texture": "#0"}
			}
		},
		{
			"name": "fallengodsword_4",
			"from": [8.25, 6.75, 7.75],
			"to": [8.375, 12.125, 7.875],
			"faces": {
				"north": {"uv": [8.375, 3.875, 8.25, 9.25], "texture": "#0"},
				"east": {"uv": [8.25, 3.875, 8.375, 9.25], "texture": "#0"},
				"south": {"uv": [8.25, 3.875, 8.375, 9.25], "texture": "#0"},
				"west": {"uv": [8.25, 3.875, 8.375, 9.25], "texture": "#0"},
				"up": {"uv": [8.25, 3.875, 8.375, 4], "texture": "#0"},
				"down": {"uv": [8.25, 9.125, 8.375, 9.25], "texture": "#0"}
			}
		},
		{
			"name": "fallengodsword_5",
			"from": [8, 6.625, 7.7],
			"to": [8.125, 12.125, 7.925],
			"faces": {
				"north": {"uv": [9.375, 3.875, 9.25, 9.375], "texture": "#0"},
				"east": {"uv": [9.25, 3.875, 9.375, 9.375], "texture": "#0"},
				"south": {"uv": [9.25, 3.875, 9.375, 9.375], "texture": "#0"},
				"west": {"uv": [9.25, 3.875, 9.375, 9.375], "texture": "#0"},
				"up": {"uv": [9.25, 3.875, 9.375, 4], "texture": "#0"},
				"down": {"uv": [9.25, 9.25, 9.375, 9.375], "texture": "#0"}
			}
		},
		{
			"name": "fallengodsword_6",
			"from": [7.875, 6.625, 7.7],
			"to": [8, 11.75, 7.925],
			"faces": {
				"north": {"uv": [9.25, 4.25, 9.125, 9.375], "texture": "#0"},
				"east": {"uv": [9.125, 4.25, 9.25, 9.375], "texture": "#0"},
				"south": {"uv": [9.125, 4.25, 9.25, 9.375], "texture": "#0"},
				"west": {"uv": [9.125, 4.25, 9.25, 9.375], "texture": "#0"},
				"up": {"uv": [9.125, 4.25, 9.25, 4.375], "texture": "#0"},
				"down": {"uv": [9.125, 9.25, 9.25, 9.375], "texture": "#0"}
			}
		},
		{
			"name": "fallengodsword_7",
			"from": [8.125, 6.625, 7.7],
			"to": [8.25, 11.75, 7.925],
			"faces": {
				"north": {"uv": [9.5, 4.25, 9.375, 9.375], "texture": "#0"},
				"east": {"uv": [9.375, 4.25, 9.5, 9.375], "texture": "#0"},
				"south": {"uv": [9.375, 4.25, 9.5, 9.375], "texture": "#0"},
				"west": {"uv": [9.375, 4.25, 9.5, 9.375], "texture": "#0"},
				"up": {"uv": [9.375, 4.25, 9.5, 4.375], "texture": "#0"},
				"down": {"uv": [9.375, 9.25, 9.5, 9.375], "texture": "#0"}
			}
		},
		{
			"name": "fallengodsword_8",
			"from": [7.625, 6.5, 7.75],
			"to": [7.75, 6.875, 7.875],
			"faces": {
				"north": {"uv": [7.75, 9.125, 7.625, 9.5], "texture": "#0"},
				"east": {"uv": [7.625, 9.125, 7.75, 9.5], "texture": "#0"},
				"south": {"uv": [7.625, 9.125, 7.75, 9.5], "texture": "#0"},
				"west": {"uv": [7.625, 9.125, 7.75, 9.5], "texture": "#0"},
				"up": {"uv": [7.625, 9.125, 7.75, 9.25], "texture": "#0"},
				"down": {"uv": [7.625, 9.375, 7.75, 9.5], "texture": "#0"}
			}
		},
		{
			"name": "fallengodsword_9",
			"from": [8.375, 6.5, 7.75],
			"to": [8.5, 6.875, 7.875],
			"faces": {
				"north": {"uv": [8.5, 9.125, 8.375, 9.5], "texture": "#0"},
				"east": {"uv": [8.375, 9.125, 8.5, 9.5], "texture": "#0"},
				"south": {"uv": [8.375, 9.125, 8.5, 9.5], "texture": "#0"},
				"west": {"uv": [8.375, 9.125, 8.5, 9.5], "texture": "#0"},
				"up": {"uv": [8.375, 9.125, 8.5, 9.25], "texture": "#0"},
				"down": {"uv": [8.375, 9.375, 8.5, 9.5], "texture": "#0"}
			}
		},
		{
			"name": "fallengodsword_10",
			"from": [7.75, 6.5, 7.7],
			"to": [7.875, 6.75, 7.925],
			"faces": {
				"north": {"uv": [9.125, 9.25, 9, 9.5], "texture": "#0"},
				"east": {"uv": [9, 9.25, 9.125, 9.5], "texture": "#0"},
				"south": {"uv": [9, 9.25, 9.125, 9.5], "texture": "#0"},
				"west": {"uv": [9, 9.25, 9.125, 9.5], "texture": "#0"},
				"up": {"uv": [9, 9.25, 9.125, 9.375], "texture": "#0"},
				"down": {"uv": [9, 9.375, 9.125, 9.5], "texture": "#0"}
			}
		},
		{
			"name": "fallengodsword_11",
			"from": [8.25, 6.5, 7.7],
			"to": [8.375, 6.75, 7.925],
			"faces": {
				"north": {"uv": [9.625, 9.25, 9.5, 9.5], "texture": "#0"},
				"east": {"uv": [9.5, 9.25, 9.625, 9.5], "texture": "#0"},
				"south": {"uv": [9.5, 9.25, 9.625, 9.5], "texture": "#0"},
				"west": {"uv": [9.5, 9.25, 9.625, 9.5], "texture": "#0"},
				"up": {"uv": [9.5, 9.25, 9.625, 9.375], "texture": "#0"},
				"down": {"uv": [9.5, 9.375, 9.625, 9.5], "texture": "#0"}
			}
		},
		{
			"name": "fallengodsword_12",
			"from": [7.375, 6.5, 7.75],
			"to": [7.625, 6.625, 7.875],
			"faces": {
				"north": {"uv": [7.625, 9.375, 7.375, 9.5], "texture": "#0"},
				"east": {"uv": [7.5, 9.375, 7.625, 9.5], "texture": "#0"},
				"south": {"uv": [7.375, 9.375, 7.625, 9.5], "texture": "#0"},
				"west": {"uv": [7.375, 9.375, 7.5, 9.5], "texture": "#0"},
				"up": {"uv": [7.375, 9.375, 7.625, 9.5], "texture": "#0"},
				"down": {"uv": [7.375, 9.375, 7.625, 9.5], "texture": "#0"}
			}
		},
		{
			"name": "fallengodsword_13",
			"from": [8.5, 6.5, 7.75],
			"to": [8.75, 6.625, 7.875],
			"faces": {
				"north": {"uv": [8.75, 9.375, 8.5, 9.5], "texture": "#0"},
				"east": {"uv": [8.625, 9.375, 8.75, 9.5], "texture": "#0"},
				"south": {"uv": [8.5, 9.375, 8.75, 9.5], "texture": "#0"},
				"west": {"uv": [8.5, 9.375, 8.625, 9.5], "texture": "#0"},
				"up": {"uv": [8.5, 9.375, 8.75, 9.5], "texture": "#0"},
				"down": {"uv": [8.5, 9.375, 8.75, 9.5], "texture": "#0"}
			}
		},
		{
			"name": "fallengodsword_14",
			"from": [7.5, 6.375, 7.75],
			"to": [7.625, 6.5, 7.875],
			"faces": {
				"north": {"uv": [7.625, 9.5, 7.5, 9.625], "texture": "#0"},
				"east": {"uv": [7.5, 9.5, 7.625, 9.625], "texture": "#0"},
				"south": {"uv": [7.5, 9.5, 7.625, 9.625], "texture": "#0"},
				"west": {"uv": [7.5, 9.5, 7.625, 9.625], "texture": "#0"},
				"up": {"uv": [7.5, 9.5, 7.625, 9.625], "texture": "#0"},
				"down": {"uv": [7.5, 9.5, 7.625, 9.625], "texture": "#0"}
			}
		},
		{
			"name": "fallengodsword_15",
			"from": [8.5, 6.375, 7.75],
			"to": [8.625, 6.5, 7.875],
			"faces": {
				"north": {"uv": [8.625, 9.5, 8.5, 9.625], "texture": "#0"},
				"east": {"uv": [8.5, 9.5, 8.625, 9.625], "texture": "#0"},
				"south": {"uv": [8.5, 9.5, 8.625, 9.625], "texture": "#0"},
				"west": {"uv": [8.5, 9.5, 8.625, 9.625], "texture": "#0"},
				"up": {"uv": [8.5, 9.5, 8.625, 9.625], "texture": "#0"},
				"down": {"uv": [8.5, 9.5, 8.625, 9.625], "texture": "#0"}
			}
		},
		{
			"name": "fallengodsword_16",
			"from": [7.875, 6.375, 7.65],
			"to": [8.25, 6.625, 7.975],
			"faces": {
				"north": {"uv": [8.25, 9.875, 7.875, 10.125], "texture": "#0"},
				"east": {"uv": [8.125, 9.875, 8.25, 10.125], "texture": "#0"},
				"south": {"uv": [7.875, 9.875, 8.25, 10.125], "texture": "#0"},
				"west": {"uv": [7.875, 9.875, 8, 10.125], "texture": "#0"},
				"up": {"uv": [7.875, 9.875, 8.25, 10], "texture": "#0"},
				"down": {"uv": [7.875, 10, 8.25, 10.125], "texture": "#0"}
			}
		},
		{
			"name": "fallengodsword_17",
			"from": [7.625, 6.25, 7.65],
			"to": [7.875, 6.5, 7.975],
			"faces": {
				"north": {"uv": [7.875, 10, 7.625, 10.25], "texture": "#0"},
				"east": {"uv": [7.75, 10, 7.875, 10.25], "texture": "#0"},
				"south": {"uv": [7.625, 10, 7.875, 10.25], "texture": "#0"},
				"west": {"uv": [7.625, 10, 7.75, 10.25], "texture": "#0"},
				"up": {"uv": [7.625, 10, 7.875, 10.125], "texture": "#0"},
				"down": {"uv": [7.625, 10.125, 7.875, 10.25], "texture": "#0"}
			}
		},
		{
			"name": "fallengodsword_18",
			"from": [8.25, 6.25, 7.65],
			"to": [8.5, 6.5, 7.975],
			"faces": {
				"north": {"uv": [8.5, 10, 8.25, 10.25], "texture": "#0"},
				"east": {"uv": [8.375, 10, 8.5, 10.25], "texture": "#0"},
				"south": {"uv": [8.25, 10, 8.5, 10.25], "texture": "#0"},
				"west": {"uv": [8.25, 10, 8.375, 10.25], "texture": "#0"},
				"up": {"uv": [8.25, 10, 8.5, 10.125], "texture": "#0"},
				"down": {"uv": [8.25, 10.125, 8.5, 10.25], "texture": "#0"}
			}
		},
		{
			"name": "fallengodsword_19",
			"from": [8, 5.75, 7.75],
			"to": [8.125, 6.375, 7.875],
			"faces": {
				"north": {"uv": [5.625, 10.125, 5.5, 10.75], "texture": "#0"},
				"east": {"uv": [5.5, 10.125, 5.625, 10.75], "texture": "#0"},
				"south": {"uv": [5.5, 10.125, 5.625, 10.75], "texture": "#0"},
				"west": {"uv": [5.5, 10.125, 5.625, 10.75], "texture": "#0"},
				"up": {"uv": [5.5, 10.125, 5.625, 10.25], "texture": "#0"},
				"down": {"uv": [5.5, 10.625, 5.625, 10.75], "texture": "#0"}
			}
		},
		{
			"name": "fallengodsword_20",
			"from": [7, 6.25, 7.75],
			"to": [7.125, 6.375, 7.875],
			"faces": {
				"north": {"uv": [6.625, 10.125, 6.5, 10.25], "texture": "#0"},
				"east": {"uv": [6.5, 10.125, 6.625, 10.25], "texture": "#0"},
				"south": {"uv": [6.5, 10.125, 6.625, 10.25], "texture": "#0"},
				"west": {"uv": [6.5, 10.125, 6.625, 10.25], "texture": "#0"},
				"up": {"uv": [6.5, 10.125, 6.625, 10.25], "texture": "#0"},
				"down": {"uv": [6.5, 10.125, 6.625, 10.25], "texture": "#0"}
			}
		},
		{
			"name": "fallengodsword_21",
			"from": [9, 6.25, 7.75],
			"to": [9.125, 6.375, 7.875],
			"faces": {
				"north": {"uv": [9.625, 10.125, 9.5, 10.25], "texture": "#0"},
				"east": {"uv": [9.5, 10.125, 9.625, 10.25], "texture": "#0"},
				"south": {"uv": [9.5, 10.125, 9.625, 10.25], "texture": "#0"},
				"west": {"uv": [9.5, 10.125, 9.625, 10.25], "texture": "#0"},
				"up": {"uv": [9.5, 10.125, 9.625, 10.25], "texture": "#0"},
				"down": {"uv": [9.5, 10.125, 9.625, 10.25], "texture": "#0"}
			}
		},
		{
			"name": "fallengodsword_22",
			"from": [7.875, 5.875, 7.75],
			"to": [8, 6.25, 7.875],
			"faces": {
				"north": {"uv": [5.5, 10.25, 5.375, 10.625], "texture": "#0"},
				"east": {"uv": [5.375, 10.25, 5.5, 10.625], "texture": "#0"},
				"south": {"uv": [5.375, 10.25, 5.5, 10.625], "texture": "#0"},
				"west": {"uv": [5.375, 10.25, 5.5, 10.625], "texture": "#0"},
				"up": {"uv": [5.375, 10.25, 5.5, 10.375], "texture": "#0"},
				"down": {"uv": [5.375, 10.5, 5.5, 10.625], "texture": "#0"}
			}
		},
		{
			"name": "fallengodsword_23",
			"from": [8.125, 5.875, 7.75],
			"to": [8.25, 6.25, 7.875],
			"faces": {
				"north": {"uv": [5.75, 10.25, 5.625, 10.625], "texture": "#0"},
				"east": {"uv": [5.625, 10.25, 5.75, 10.625], "texture": "#0"},
				"south": {"uv": [5.625, 10.25, 5.75, 10.625], "texture": "#0"},
				"west": {"uv": [5.625, 10.25, 5.75, 10.625], "texture": "#0"},
				"up": {"uv": [5.625, 10.25, 5.75, 10.375], "texture": "#0"},
				"down": {"uv": [5.625, 10.5, 5.75, 10.625], "texture": "#0"}
			}
		},
		{
			"name": "fallengodsword_24",
			"from": [6.875, 6, 7.75],
			"to": [7, 6.25, 7.875],
			"faces": {
				"north": {"uv": [6.5, 10.25, 6.375, 10.5], "texture": "#0"},
				"east": {"uv": [6.375, 10.25, 6.5, 10.5], "texture": "#0"},
				"south": {"uv": [6.375, 10.25, 6.5, 10.5], "texture": "#0"},
				"west": {"uv": [6.375, 10.25, 6.5, 10.5], "texture": "#0"},
				"up": {"uv": [6.375, 10.25, 6.5, 10.375], "texture": "#0"},
				"down": {"uv": [6.375, 10.375, 6.5, 10.5], "texture": "#0"}
			}
		},
		{
			"name": "fallengodsword_25",
			"from": [7, 6, 7.7],
			"to": [7.5, 6.25, 7.925],
			"faces": {
				"north": {"uv": [7.25, 10.25, 6.75, 10.5], "texture": "#0"},
				"east": {"uv": [7.125, 10.25, 7.25, 10.5], "texture": "#0"},
				"south": {"uv": [6.75, 10.25, 7.25, 10.5], "texture": "#0"},
				"west": {"uv": [6.75, 10.25, 6.875, 10.5], "texture": "#0"},
				"up": {"uv": [6.75, 10.25, 7.25, 10.375], "texture": "#0"},
				"down": {"uv": [6.75, 10.375, 7.25, 10.5], "texture": "#0"}
			}
		},
		{
			"name": "fallengodsword_26",
			"from": [7.5, 5.875, 7.65],
			"to": [7.75, 6.25, 7.975],
			"faces": {
				"north": {"uv": [7.75, 10.25, 7.5, 10.625], "texture": "#0"},
				"east": {"uv": [7.625, 10.25, 7.75, 10.625], "texture": "#0"},
				"south": {"uv": [7.5, 10.25, 7.75, 10.625], "texture": "#0"},
				"west": {"uv": [7.5, 10.25, 7.625, 10.625], "texture": "#0"},
				"up": {"uv": [7.5, 10.25, 7.75, 10.375], "texture": "#0"},
				"down": {"uv": [7.5, 10.5, 7.75, 10.625], "texture": "#0"}
			}
		},
		{
			"name": "fallengodsword_27",
			"from": [8.375, 5.875, 7.65],
			"to": [8.625, 6.25, 7.975],
			"faces": {
				"north": {"uv": [8.625, 10.25, 8.375, 10.625], "texture": "#0"},
				"east": {"uv": [8.5, 10.25, 8.625, 10.625], "texture": "#0"},
				"south": {"uv": [8.375, 10.25, 8.625, 10.625], "texture": "#0"},
				"west": {"uv": [8.375, 10.25, 8.5, 10.625], "texture": "#0"},
				"up": {"uv": [8.375, 10.25, 8.625, 10.375], "texture": "#0"},
				"down": {"uv": [8.375, 10.5, 8.625, 10.625], "texture": "#0"}
			}
		},
		{
			"name": "fallengodsword_28",
			"from": [8.625, 6, 7.7],
			"to": [9.125, 6.25, 7.925],
			"faces": {
				"north": {"uv": [9.375, 10.25, 8.875, 10.5], "texture": "#0"},
				"east": {"uv": [9.25, 10.25, 9.375, 10.5], "texture": "#0"},
				"south": {"uv": [8.875, 10.25, 9.375, 10.5], "texture": "#0"},
				"west": {"uv": [8.875, 10.25, 9, 10.5], "texture": "#0"},
				"up": {"uv": [8.875, 10.25, 9.375, 10.375], "texture": "#0"},
				"down": {"uv": [8.875, 10.375, 9.375, 10.5], "texture": "#0"}
			}
		},
		{
			"name": "fallengodsword_29",
			"from": [9.125, 6, 7.75],
			"to": [9.25, 6.25, 7.875],
			"faces": {
				"north": {"uv": [9.75, 10.25, 9.625, 10.5], "texture": "#0"},
				"east": {"uv": [9.625, 10.25, 9.75, 10.5], "texture": "#0"},
				"south": {"uv": [9.625, 10.25, 9.75, 10.5], "texture": "#0"},
				"west": {"uv": [9.625, 10.25, 9.75, 10.5], "texture": "#0"},
				"up": {"uv": [9.625, 10.25, 9.75, 10.375], "texture": "#0"},
				"down": {"uv": [9.625, 10.375, 9.75, 10.5], "texture": "#0"}
			}
		},
		{
			"name": "fallengodsword_30",
			"from": [7.75, 6, 7.75],
			"to": [7.875, 6.125, 7.875],
			"faces": {
				"north": {"uv": [5.375, 10.375, 5.25, 10.5], "texture": "#0"},
				"east": {"uv": [5.25, 10.375, 5.375, 10.5], "texture": "#0"},
				"south": {"uv": [5.25, 10.375, 5.375, 10.5], "texture": "#0"},
				"west": {"uv": [5.25, 10.375, 5.375, 10.5], "texture": "#0"},
				"up": {"uv": [5.25, 10.375, 5.375, 10.5], "texture": "#0"},
				"down": {"uv": [5.25, 10.375, 5.375, 10.5], "texture": "#0"}
			}
		},
		{
			"name": "fallengodsword_31",
			"from": [8.25, 6, 7.75],
			"to": [8.375, 6.125, 7.875],
			"faces": {
				"north": {"uv": [5.875, 10.375, 5.75, 10.5], "texture": "#0"},
				"east": {"uv": [5.75, 10.375, 5.875, 10.5], "texture": "#0"},
				"south": {"uv": [5.75, 10.375, 5.875, 10.5], "texture": "#0"},
				"west": {"uv": [5.75, 10.375, 5.875, 10.5], "texture": "#0"},
				"up": {"uv": [5.75, 10.375, 5.875, 10.5], "texture": "#0"},
				"down": {"uv": [5.75, 10.375, 5.875, 10.5], "texture": "#0"}
			}
		},
		{
			"name": "fallengodsword_32",
			"from": [7, 5.875, 7.75],
			"to": [7.125, 6, 7.875],
			"faces": {
				"north": {"uv": [6.625, 10.5, 6.5, 10.625], "texture": "#0"},
				"east": {"uv": [6.5, 10.5, 6.625, 10.625], "texture": "#0"},
				"south": {"uv": [6.5, 10.5, 6.625, 10.625], "texture": "#0"},
				"west": {"uv": [6.5, 10.5, 6.625, 10.625], "texture": "#0"},
				"up": {"uv": [6.5, 10.5, 6.625, 10.625], "texture": "#0"},
				"down": {"uv": [6.5, 10.5, 6.625, 10.625], "texture": "#0"}
			}
		},
		{
			"name": "fallengodsword_33",
			"from": [9, 5.875, 7.75],
			"to": [9.125, 6, 7.875],
			"faces": {
				"north": {"uv": [9.625, 10.5, 9.5, 10.625], "texture": "#0"},
				"east": {"uv": [9.5, 10.5, 9.625, 10.625], "texture": "#0"},
				"south": {"uv": [9.5, 10.5, 9.625, 10.625], "texture": "#0"},
				"west": {"uv": [9.5, 10.5, 9.625, 10.625], "texture": "#0"},
				"up": {"uv": [9.5, 10.5, 9.625, 10.625], "texture": "#0"},
				"down": {"uv": [9.5, 10.5, 9.625, 10.625], "texture": "#0"}
			}
		},
		{
			"name": "fallengodsword_34",
			"from": [7.625, 5.625, 7.65],
			"to": [7.875, 5.875, 7.975],
			"faces": {
				"north": {"uv": [7.875, 10.625, 7.625, 10.875], "texture": "#0"},
				"east": {"uv": [7.75, 10.625, 7.875, 10.875], "texture": "#0"},
				"south": {"uv": [7.625, 10.625, 7.875, 10.875], "texture": "#0"},
				"west": {"uv": [7.625, 10.625, 7.75, 10.875], "texture": "#0"},
				"up": {"uv": [7.625, 10.625, 7.875, 10.75], "texture": "#0"},
				"down": {"uv": [7.625, 10.75, 7.875, 10.875], "texture": "#0"}
			}
		},
		{
			"name": "fallengodsword_35",
			"from": [8.25, 5.625, 7.65],
			"to": [8.5, 5.875, 7.975],
			"faces": {
				"north": {"uv": [8.5, 10.625, 8.25, 10.875], "texture": "#0"},
				"east": {"uv": [8.375, 10.625, 8.5, 10.875], "texture": "#0"},
				"south": {"uv": [8.25, 10.625, 8.5, 10.875], "texture": "#0"},
				"west": {"uv": [8.25, 10.625, 8.375, 10.875], "texture": "#0"},
				"up": {"uv": [8.25, 10.625, 8.5, 10.75], "texture": "#0"},
				"down": {"uv": [8.25, 10.75, 8.5, 10.875], "texture": "#0"}
			}
		},
		{
			"name": "fallengodsword_36",
			"from": [7.875, 5.5, 7.65],
			"to": [8.25, 5.75, 7.975],
			"faces": {
				"north": {"uv": [8.25, 10.75, 7.875, 11], "texture": "#0"},
				"east": {"uv": [8.125, 10.75, 8.25, 11], "texture": "#0"},
				"south": {"uv": [7.875, 10.75, 8.25, 11], "texture": "#0"},
				"west": {"uv": [7.875, 10.75, 8, 11], "texture": "#0"},
				"up": {"uv": [7.875, 10.75, 8.25, 10.875], "texture": "#0"},
				"down": {"uv": [7.875, 10.875, 8.25, 11], "texture": "#0"}
			}
		},
		{
			"name": "fallengodsword_37",
			"from": [7.625, 5.5, 7.75],
			"to": [7.875, 5.625, 7.875],
			"faces": {
				"north": {"uv": [9.375, 10.875, 9.125, 11], "texture": "#0"},
				"east": {"uv": [9.25, 10.875, 9.375, 11], "texture": "#0"},
				"south": {"uv": [9.125, 10.875, 9.375, 11], "texture": "#0"},
				"west": {"uv": [9.125, 10.875, 9.25, 11], "texture": "#0"},
				"up": {"uv": [9.125, 10.875, 9.375, 11], "texture": "#0"},
				"down": {"uv": [9.125, 10.875, 9.375, 11], "texture": "#0"}
			}
		},
		{
			"name": "fallengodsword_38",
			"from": [8.25, 5.5, 7.75],
			"to": [8.5, 5.625, 7.875],
			"faces": {
				"north": {"uv": [10, 10.875, 9.75, 11], "texture": "#0"},
				"east": {"uv": [9.875, 10.875, 10, 11], "texture": "#0"},
				"south": {"uv": [9.75, 10.875, 10, 11], "texture": "#0"},
				"west": {"uv": [9.75, 10.875, 9.875, 11], "texture": "#0"},
				"up": {"uv": [9.75, 10.875, 10, 11], "texture": "#0"},
				"down": {"uv": [9.75, 10.875, 10, 11], "texture": "#0"}
			}
		},
		{
			"name": "fallengodsword_39",
			"from": [7.75, 5.25, 7.55],
			"to": [8.375, 5.5, 8.075],
			"faces": {
				"north": {"uv": [7.125, 11, 6.5, 11.25], "texture": "#0"},
				"east": {"uv": [7.125, 11, 6.5, 11.25], "texture": "#0"},
				"south": {"uv": [6.5, 11, 7.125, 11.25], "texture": "#0"},
				"west": {"uv": [7.125, 11, 6.5, 11.25], "texture": "#0"},
				"up": {"uv": [6.5, 11, 7.125, 11.125], "texture": "#0"},
				"down": {"uv": [6.5, 11.125, 7.125, 11.25], "texture": "#0"}
			}
		},
		{
			"name": "fallengodsword_40",
			"from": [7.375, 5.375, 7.75],
			"to": [7.75, 5.5, 7.875],
			"faces": {
				"north": {"uv": [9.25, 11, 8.875, 11.125], "texture": "#0"},
				"east": {"uv": [9.125, 11, 9.25, 11.125], "texture": "#0"},
				"south": {"uv": [8.875, 11, 9.25, 11.125], "texture": "#0"},
				"west": {"uv": [8.875, 11, 9, 11.125], "texture": "#0"},
				"up": {"uv": [8.875, 11, 9.25, 11.125], "texture": "#0"},
				"down": {"uv": [8.875, 11, 9.25, 11.125], "texture": "#0"}
			}
		},
		{
			"name": "fallengodsword_41",
			"from": [8.375, 5.375, 7.75],
			"to": [8.75, 5.5, 7.875],
			"faces": {
				"north": {"uv": [10.25, 11, 9.875, 11.125], "texture": "#0"},
				"east": {"uv": [10.125, 11, 10.25, 11.125], "texture": "#0"},
				"south": {"uv": [9.875, 11, 10.25, 11.125], "texture": "#0"},
				"west": {"uv": [9.875, 11, 10, 11.125], "texture": "#0"},
				"up": {"uv": [9.875, 11, 10.25, 11.125], "texture": "#0"},
				"down": {"uv": [9.875, 11, 10.25, 11.125], "texture": "#0"}
			}
		},
		{
			"name": "fallengodsword_42",
			"from": [7.625, 5, 7.75],
			"to": [7.75, 5.375, 7.875],
			"faces": {
				"north": {"uv": [7.5, 11.25, 7.375, 11.625], "texture": "#0"},
				"east": {"uv": [7.375, 11.25, 7.5, 11.625], "texture": "#0"},
				"south": {"uv": [7.375, 11.25, 7.5, 11.625], "texture": "#0"},
				"west": {"uv": [7.375, 11.25, 7.5, 11.625], "texture": "#0"},
				"up": {"uv": [7.375, 11.25, 7.5, 11.375], "texture": "#0"},
				"down": {"uv": [7.375, 11.5, 7.5, 11.625], "texture": "#0"}
			}
		},
		{
			"name": "fallengodsword_43",
			"from": [7.875, 3.625, 7.65],
			"to": [8.25, 5.25, 7.975],
			"faces": {
				"north": {"uv": [8.25, 11.25, 7.875, 12.875], "texture": "#0"},
				"east": {"uv": [8.125, 11.25, 8.25, 12.875], "texture": "#0"},
				"south": {"uv": [7.875, 11.25, 8.25, 12.875], "texture": "#0"},
				"west": {"uv": [7.875, 11.25, 8, 12.875], "texture": "#0"},
				"up": {"uv": [7.875, 11.25, 8.25, 11.375], "texture": "#0"},
				"down": {"uv": [7.875, 12.75, 8.25, 12.875], "texture": "#0"}
			}
		},
		{
			"name": "fallengodsword_44",
			"from": [8.375, 5, 7.75],
			"to": [8.5, 5.375, 7.875],
			"faces": {
				"north": {"uv": [8.75, 11.25, 8.625, 11.625], "texture": "#0"},
				"east": {"uv": [8.625, 11.25, 8.75, 11.625], "texture": "#0"},
				"south": {"uv": [8.625, 11.25, 8.75, 11.625], "texture": "#0"},
				"west": {"uv": [8.625, 11.25, 8.75, 11.625], "texture": "#0"},
				"up": {"uv": [8.625, 11.25, 8.75, 11.375], "texture": "#0"},
				"down": {"uv": [8.625, 11.5, 8.75, 11.625], "texture": "#0"}
			}
		},
		{
			"name": "fallengodsword_45",
			"from": [7.5, 5, 7.75],
			"to": [7.625, 5.25, 7.875],
			"faces": {
				"north": {"uv": [7.375, 11.375, 7.25, 11.625], "texture": "#0"},
				"east": {"uv": [7.25, 11.375, 7.375, 11.625], "texture": "#0"},
				"south": {"uv": [7.25, 11.375, 7.375, 11.625], "texture": "#0"},
				"west": {"uv": [7.25, 11.375, 7.375, 11.625], "texture": "#0"},
				"up": {"uv": [7.25, 11.375, 7.375, 11.5], "texture": "#0"},
				"down": {"uv": [7.25, 11.5, 7.375, 11.625], "texture": "#0"}
			}
		},
		{
			"name": "fallengodsword_46",
			"from": [7.75, 5.125, 7.75],
			"to": [7.875, 5.25, 7.875],
			"faces": {
				"north": {"uv": [7.625, 11.375, 7.5, 11.5], "texture": "#0"},
				"east": {"uv": [7.5, 11.375, 7.625, 11.5], "texture": "#0"},
				"south": {"uv": [7.5, 11.375, 7.625, 11.5], "texture": "#0"},
				"west": {"uv": [7.5, 11.375, 7.625, 11.5], "texture": "#0"},
				"up": {"uv": [7.5, 11.375, 7.625, 11.5], "texture": "#0"},
				"down": {"uv": [7.5, 11.375, 7.625, 11.5], "texture": "#0"}
			}
		},
		{
			"name": "fallengodsword_47",
			"from": [8.25, 5.125, 7.75],
			"to": [8.375, 5.25, 7.875],
			"faces": {
				"north": {"uv": [8.625, 11.375, 8.5, 11.5], "texture": "#0"},
				"east": {"uv": [8.5, 11.375, 8.625, 11.5], "texture": "#0"},
				"south": {"uv": [8.5, 11.375, 8.625, 11.5], "texture": "#0"},
				"west": {"uv": [8.5, 11.375, 8.625, 11.5], "texture": "#0"},
				"up": {"uv": [8.5, 11.375, 8.625, 11.5], "texture": "#0"},
				"down": {"uv": [8.5, 11.375, 8.625, 11.5], "texture": "#0"}
			}
		},
		{
			"name": "fallengodsword_48",
			"from": [8.5, 5, 7.75],
			"to": [8.625, 5.25, 7.875],
			"faces": {
				"north": {"uv": [8.875, 11.375, 8.75, 11.625], "texture": "#0"},
				"east": {"uv": [8.75, 11.375, 8.875, 11.625], "texture": "#0"},
				"south": {"uv": [8.75, 11.375, 8.875, 11.625], "texture": "#0"},
				"west": {"uv": [8.75, 11.375, 8.875, 11.625], "texture": "#0"},
				"up": {"uv": [8.75, 11.375, 8.875, 11.5], "texture": "#0"},
				"down": {"uv": [8.75, 11.5, 8.875, 11.625], "texture": "#0"}
			}
		},
		{
			"name": "fallengodsword_49",
			"from": [7.75, 3.375, 7.5],
			"to": [8.375, 3.625, 8.125],
			"faces": {
				"north": {"uv": [7.625, 12.875, 7, 13.125], "texture": "#0"},
				"east": {"uv": [7.625, 12.875, 7, 13.125], "texture": "#0"},
				"south": {"uv": [7, 12.875, 7.625, 13.125], "texture": "#0"},
				"west": {"uv": [7.625, 12.875, 7, 13.125], "texture": "#0"},
				"up": {"uv": [7, 12.875, 7.625, 13], "texture": "#0"},
				"down": {"uv": [7, 13, 7.625, 13.125], "texture": "#0"}
			}
		},
		{
			"name": "fallengodsword_50",
			"from": [7.75, 3.125, 7.75],
			"to": [8, 3.25, 7.875],
			"faces": {
				"north": {"uv": [8, 13.25, 7.75, 13.375], "texture": "#0"},
				"east": {"uv": [7.875, 13.25, 8, 13.375], "texture": "#0"},
				"south": {"uv": [7.75, 13.25, 8, 13.375], "texture": "#0"},
				"west": {"uv": [7.75, 13.25, 7.875, 13.375], "texture": "#0"},
				"up": {"uv": [7.75, 13.25, 8, 13.375], "texture": "#0"},
				"down": {"uv": [7.75, 13.25, 8, 13.375], "texture": "#0"}
			}
		},
		{
			"name": "fallengodsword_51",
			"from": [8.125, 3.125, 7.75],
			"to": [8.375, 3.25, 7.875],
			"faces": {
				"north": {"uv": [8.375, 13.25, 8.125, 13.375], "texture": "#0"},
				"east": {"uv": [8.25, 13.25, 8.375, 13.375], "texture": "#0"},
				"south": {"uv": [8.125, 13.25, 8.375, 13.375], "texture": "#0"},
				"west": {"uv": [8.125, 13.25, 8.25, 13.375], "texture": "#0"},
				"up": {"uv": [8.125, 13.25, 8.375, 13.375], "texture": "#0"},
				"down": {"uv": [8.125, 13.25, 8.375, 13.375], "texture": "#0"}
			}
		},
		{
			"name": "fallengodsword_52",
			"from": [7.875, 3.25, 7.7],
			"to": [8.25, 3.375, 7.925],
			"faces": {
				"north": {"uv": [7.5, 13.375, 7.125, 13.5], "texture": "#0"},
				"east": {"uv": [7.375, 13.375, 7.5, 13.5], "texture": "#0"},
				"south": {"uv": [7.125, 13.375, 7.5, 13.5], "texture": "#0"},
				"west": {"uv": [7.125, 13.375, 7.25, 13.5], "texture": "#0"},
				"up": {"uv": [7.125, 13.375, 7.5, 13.5], "texture": "#0"},
				"down": {"uv": [7.125, 13.375, 7.5, 13.5], "texture": "#0"}
			}
		},
		{
			"name": "fallengodsword_53",
			"from": [7.625, 3, 7.75],
			"to": [7.875, 3.125, 7.875],
			"faces": {
				"north": {"uv": [7.875, 13.375, 7.625, 13.5], "texture": "#0"},
				"east": {"uv": [7.75, 13.375, 7.875, 13.5], "texture": "#0"},
				"south": {"uv": [7.625, 13.375, 7.875, 13.5], "texture": "#0"},
				"west": {"uv": [7.625, 13.375, 7.75, 13.5], "texture": "#0"},
				"up": {"uv": [7.625, 13.375, 7.875, 13.5], "texture": "#0"},
				"down": {"uv": [7.625, 13.375, 7.875, 13.5], "texture": "#0"}
			}
		},
		{
			"name": "fallengodsword_54",
			"from": [8.25, 3, 7.75],
			"to": [8.5, 3.125, 7.875],
			"faces": {
				"north": {"uv": [8.5, 13.375, 8.25, 13.5], "texture": "#0"},
				"east": {"uv": [8.375, 13.375, 8.5, 13.5], "texture": "#0"},
				"south": {"uv": [8.25, 13.375, 8.5, 13.5], "texture": "#0"},
				"west": {"uv": [8.25, 13.375, 8.375, 13.5], "texture": "#0"},
				"up": {"uv": [8.25, 13.375, 8.5, 13.5], "texture": "#0"},
				"down": {"uv": [8.25, 13.375, 8.5, 13.5], "texture": "#0"}
			}
		},
		{
			"name": "fallengodsword_55",
			"from": [8, 2.875, 7.7],
			"to": [8.125, 3.25, 7.925],
			"faces": {
				"north": {"uv": [7.375, 13.5, 7.25, 13.875], "texture": "#0"},
				"east": {"uv": [7.25, 13.5, 7.375, 13.875], "texture": "#0"},
				"south": {"uv": [7.25, 13.5, 7.375, 13.875], "texture": "#0"},
				"west": {"uv": [7.25, 13.5, 7.375, 13.875], "texture": "#0"},
				"up": {"uv": [7.25, 13.5, 7.375, 13.625], "texture": "#0"},
				"down": {"uv": [7.25, 13.75, 7.375, 13.875], "texture": "#0"}
			}
		},
		{
			"name": "fallengodsword_56",
			"from": [7.75, 2.875, 7.75],
			"to": [8, 3, 7.875],
			"faces": {
				"north": {"uv": [8, 13.5, 7.75, 13.625], "texture": "#0"},
				"east": {"uv": [7.875, 13.5, 8, 13.625], "texture": "#0"},
				"south": {"uv": [7.75, 13.5, 8, 13.625], "texture": "#0"},
				"west": {"uv": [7.75, 13.5, 7.875, 13.625], "texture": "#0"},
				"up": {"uv": [7.75, 13.5, 8, 13.625], "texture": "#0"},
				"down": {"uv": [7.75, 13.5, 8, 13.625], "texture": "#0"}
			}
		},
		{
			"name": "fallengodsword_57",
			"from": [8.125, 2.875, 7.75],
			"to": [8.375, 3, 7.875],
			"faces": {
				"north": {"uv": [8.375, 13.5, 8.125, 13.625], "texture": "#0"},
				"east": {"uv": [8.25, 13.5, 8.375, 13.625], "texture": "#0"},
				"south": {"uv": [8.125, 13.5, 8.375, 13.625], "texture": "#0"},
				"west": {"uv": [8.125, 13.5, 8.25, 13.625], "texture": "#0"},
				"up": {"uv": [8.125, 13.5, 8.375, 13.625], "texture": "#0"},
				"down": {"uv": [8.125, 13.5, 8.375, 13.625], "texture": "#0"}
			}
		},
		{
			"name": "fallengodsword_58",
			"from": [7.875, 3, 7.7],
			"to": [8, 3.125, 7.925],
			"faces": {
				"north": {"uv": [7.25, 13.625, 7.125, 13.75], "texture": "#0"},
				"east": {"uv": [7.125, 13.625, 7.25, 13.75], "texture": "#0"},
				"south": {"uv": [7.125, 13.625, 7.25, 13.75], "texture": "#0"},
				"west": {"uv": [7.125, 13.625, 7.25, 13.75], "texture": "#0"},
				"up": {"uv": [7.125, 13.625, 7.25, 13.75], "texture": "#0"},
				"down": {"uv": [7.125, 13.625, 7.25, 13.75], "texture": "#0"}
			}
		},
		{
			"name": "fallengodsword_59",
			"from": [8.125, 3, 7.7],
			"to": [8.25, 3.125, 7.925],
			"faces": {
				"north": {"uv": [7.5, 13.625, 7.375, 13.75], "texture": "#0"},
				"east": {"uv": [7.375, 13.625, 7.5, 13.75], "texture": "#0"},
				"south": {"uv": [7.375, 13.625, 7.5, 13.75], "texture": "#0"},
				"west": {"uv": [7.375, 13.625, 7.5, 13.75], "texture": "#0"},
				"up": {"uv": [7.375, 13.625, 7.5, 13.75], "texture": "#0"},
				"down": {"uv": [7.375, 13.625, 7.5, 13.75], "texture": "#0"}
			}
		},
		{
			"name": "fallengodsword_60",
			"from": [7.875, 2.625, 7.75],
			"to": [8.25, 2.875, 7.875],
			"faces": {
				"north": {"uv": [8.25, 13.625, 7.875, 13.875], "texture": "#0"},
				"east": {"uv": [8.125, 13.625, 8.25, 13.875], "texture": "#0"},
				"south": {"uv": [7.875, 13.625, 8.25, 13.875], "texture": "#0"},
				"west": {"uv": [7.875, 13.625, 8, 13.875], "texture": "#0"},
				"up": {"uv": [7.875, 13.625, 8.25, 13.75], "texture": "#0"},
				"down": {"uv": [7.875, 13.75, 8.25, 13.875], "texture": "#0"}
			}
		},
		{
			"name": "fallengodsword_61",
			"from": [8, 2.375, 7.75],
			"to": [8.125, 2.625, 7.875],
			"faces": {
				"north": {"uv": [8.125, 13.875, 8, 14.125], "texture": "#0"},
				"east": {"uv": [8, 13.875, 8.125, 14.125], "texture": "#0"},
				"south": {"uv": [8, 13.875, 8.125, 14.125], "texture": "#0"},
				"west": {"uv": [8, 13.875, 8.125, 14.125], "texture": "#0"},
				"up": {"uv": [8, 13.875, 8.125, 14], "texture": "#0"},
				"down": {"uv": [8, 14, 8.125, 14.125], "texture": "#0"}
			}
		}
	],
	"gui_light": "front",
	"display": {
		"thirdperson_righthand": {
			"rotation": [0, -90, 0],
			"translation": [-0.75, 9, 1.25],
			"scale": [3, 3, 2.5]
		},
		"thirdperson_lefthand": {
			"rotation": [0, 90, 0],
			"translation": [0.25, 9.25, 1.5],
			"scale": [3, 3, 2.5]
		},
		"firstperson_righthand": {
			"rotation": [0, -90, -4],
			"translation": [0.75, 7.25, 1.5],
			"scale": [2, 2, 1.75]
		},
		"firstperson_lefthand": {
			"rotation": [0, 90, 1],
			"translation": [1.5, 6.75, 0.5],
			"scale": [2, 2, 1.75]
		},
		"ground": {
			"translation": [0, 11.5, 0],
			"scale": [2.5, 2.5, 2.5]
		},
		"gui": {
			"rotation": [0, 0, -42],
			"translation": [0.75, 1.5, 0],
			"scale": [2.5, 2.5, 1]
		},
		"fixed": {
			"rotation": [-180, 0, 138],
			"translation": [-1.25, 1.25, -0.75],
			"scale": [4, 4, 3]
		}
	},
	"groups": [
		{
			"name": "fallengodsword",
			"origin": [8, 8, 8],
			"color": 0,
			"children": [
				0,
				1,
				2,
				3,
				4,
				5,
				6,
				7,
				8,
				9,
				10,
				11,
				12,
				13,
				14,
				15,
				16,
				17,
				18,
				19,
				20,
				21,
				22,
				23,
				24,
				25,
				26,
				27,
				28,
				29,
				30,
				31,
				32,
				33,
				34,
				35,
				36,
				37,
				38,
				39,
				40,
				41,
				42,
				43,
				44,
				45,
				46,
				47,
				48,
				49,
				50,
				51,
				52,
				53,
				54,
				55,
				56,
				57,
				58,
				59,
				60,
				61
			]
		}
	]
}