{
	"credit": "Made with Blockbench",
	"textures": {
		"0": "item/diamond_sword/floral_longsword",
		"particle": "item/diamond_sword/floral_longsword"
	},
	"elements": [
		{
			"name": "floral_longsword_0",
			"from": [7.95, 13.5, 8],
			"to": [8.075, 14.5, 8.125],
			"faces": {
				"north": {"uv": [7.875, 1.5, 7.75, 2.5], "texture": "#0"},
				"east": {"uv": [7.75, 1.5, 7.875, 2.5], "texture": "#0"},
				"south": {"uv": [7.75, 1.5, 7.875, 2.5], "texture": "#0"},
				"west": {"uv": [7.75, 1.5, 7.875, 2.5], "texture": "#0"},
				"up": {"uv": [7.75, 1.5, 7.875, 1.625], "texture": "#0"},
				"down": {"uv": [7.75, 2.375, 7.875, 2.5], "texture": "#0"}
			}
		},
		{
			"name": "floral_longsword_1",
			"from": [7.825, 12.875, 8],
			"to": [7.95, 14.125, 8.125],
			"faces": {
				"north": {"uv": [7.75, 1.875, 7.625, 3.125], "texture": "#0"},
				"east": {"uv": [7.625, 1.875, 7.75, 3.125], "texture": "#0"},
				"south": {"uv": [7.625, 1.875, 7.75, 3.125], "texture": "#0"},
				"west": {"uv": [7.625, 1.875, 7.75, 3.125], "texture": "#0"},
				"up": {"uv": [7.625, 1.875, 7.75, 2], "texture": "#0"},
				"down": {"uv": [7.625, 3, 7.75, 3.125], "texture": "#0"}
			}
		},
		{
			"name": "floral_longsword_2",
			"from": [8.075, 12.875, 8],
			"to": [8.2, 14.125, 8.125],
			"faces": {
				"north": {"uv": [8, 1.875, 7.875, 3.125], "texture": "#0"},
				"east": {"uv": [7.875, 1.875, 8, 3.125], "texture": "#0"},
				"south": {"uv": [7.875, 1.875, 8, 3.125], "texture": "#0"},
				"west": {"uv": [7.875, 1.875, 8, 3.125], "texture": "#0"},
				"up": {"uv": [7.875, 1.875, 8, 2], "texture": "#0"},
				"down": {"uv": [7.875, 3, 8, 3.125], "texture": "#0"}
			}
		},
		{
			"name": "floral_longsword_3",
			"from": [7.95, 6.75, 7.95],
			"to": [8.075, 13.5, 8.175],
			"faces": {
				"north": {"uv": [5.375, 2.5, 5.25, 9.25], "texture": "#0"},
				"east": {"uv": [5.25, 2.5, 5.375, 9.25], "texture": "#0"},
				"south": {"uv": [5.25, 2.5, 5.375, 9.25], "texture": "#0"},
				"west": {"uv": [5.25, 2.5, 5.375, 9.25], "texture": "#0"},
				"up": {"uv": [5.25, 2.5, 5.375, 2.625], "texture": "#0"},
				"down": {"uv": [5.25, 9.125, 5.375, 9.25], "texture": "#0"}
			}
		},
		{
			"name": "floral_longsword_4",
			"from": [7.7, 12.625, 8],
			"to": [7.825, 13.375, 8.125],
			"faces": {
				"north": {"uv": [7.625, 2.625, 7.5, 3.375], "texture": "#0"},
				"east": {"uv": [7.5, 2.625, 7.625, 3.375], "texture": "#0"},
				"south": {"uv": [7.5, 2.625, 7.625, 3.375], "texture": "#0"},
				"west": {"uv": [7.5, 2.625, 7.625, 3.375], "texture": "#0"},
				"up": {"uv": [7.5, 2.625, 7.625, 2.75], "texture": "#0"},
				"down": {"uv": [7.5, 3.25, 7.625, 3.375], "texture": "#0"}
			}
		},
		{
			"name": "floral_longsword_5",
			"from": [8.2, 12.625, 8],
			"to": [8.325, 13.375, 8.125],
			"faces": {
				"north": {"uv": [8.125, 2.625, 8, 3.375], "texture": "#0"},
				"east": {"uv": [8, 2.625, 8.125, 3.375], "texture": "#0"},
				"south": {"uv": [8, 2.625, 8.125, 3.375], "texture": "#0"},
				"west": {"uv": [8, 2.625, 8.125, 3.375], "texture": "#0"},
				"up": {"uv": [8, 2.625, 8.125, 2.75], "texture": "#0"},
				"down": {"uv": [8, 3.25, 8.125, 3.375], "texture": "#0"}
			}
		},
		{
			"name": "floral_longsword_6",
			"from": [7.825, 6.625, 7.95],
			"to": [7.95, 12.875, 8.175],
			"faces": {
				"north": {"uv": [5.25, 3.125, 5.125, 9.375], "texture": "#0"},
				"east": {"uv": [5.125, 3.125, 5.25, 9.375], "texture": "#0"},
				"south": {"uv": [5.125, 3.125, 5.25, 9.375], "texture": "#0"},
				"west": {"uv": [5.125, 3.125, 5.25, 9.375], "texture": "#0"},
				"up": {"uv": [5.125, 3.125, 5.25, 3.25], "texture": "#0"},
				"down": {"uv": [5.125, 9.25, 5.25, 9.375], "texture": "#0"}
			}
		},
		{
			"name": "floral_longsword_7",
			"from": [8.075, 6.625, 7.95],
			"to": [8.2, 12.875, 8.175],
			"faces": {
				"north": {"uv": [5.5, 3.125, 5.375, 9.375], "texture": "#0"},
				"east": {"uv": [5.375, 3.125, 5.5, 9.375], "texture": "#0"},
				"south": {"uv": [5.375, 3.125, 5.5, 9.375], "texture": "#0"},
				"west": {"uv": [5.375, 3.125, 5.5, 9.375], "texture": "#0"},
				"up": {"uv": [5.375, 3.125, 5.5, 3.25], "texture": "#0"},
				"down": {"uv": [5.375, 9.25, 5.5, 9.375], "texture": "#0"}
			}
		},
		{
			"name": "floral_longsword_8",
			"from": [7.575, 12.375, 8],
			"to": [7.7, 12.875, 8.125],
			"faces": {
				"north": {"uv": [7.5, 3.125, 7.375, 3.625], "texture": "#0"},
				"east": {"uv": [7.375, 3.125, 7.5, 3.625], "texture": "#0"},
				"south": {"uv": [7.375, 3.125, 7.5, 3.625], "texture": "#0"},
				"west": {"uv": [7.375, 3.125, 7.5, 3.625], "texture": "#0"},
				"up": {"uv": [7.375, 3.125, 7.5, 3.25], "texture": "#0"},
				"down": {"uv": [7.375, 3.5, 7.5, 3.625], "texture": "#0"}
			}
		},
		{
			"name": "floral_longsword_9",
			"from": [8.325, 12.375, 8],
			"to": [8.45, 12.875, 8.125],
			"faces": {
				"north": {"uv": [8.25, 3.125, 8.125, 3.625], "texture": "#0"},
				"east": {"uv": [8.125, 3.125, 8.25, 3.625], "texture": "#0"},
				"south": {"uv": [8.125, 3.125, 8.25, 3.625], "texture": "#0"},
				"west": {"uv": [8.125, 3.125, 8.25, 3.625], "texture": "#0"},
				"up": {"uv": [8.125, 3.125, 8.25, 3.25], "texture": "#0"},
				"down": {"uv": [8.125, 3.5, 8.25, 3.625], "texture": "#0"}
			}
		},
		{
			"name": "floral_longsword_10",
			"from": [7.7, 12.5, 7.95],
			"to": [7.825, 12.625, 8.175],
			"faces": {
				"north": {"uv": [5.125, 3.375, 5, 3.5], "texture": "#0"},
				"east": {"uv": [5, 3.375, 5.125, 3.5], "texture": "#0"},
				"south": {"uv": [5, 3.375, 5.125, 3.5], "texture": "#0"},
				"west": {"uv": [5, 3.375, 5.125, 3.5], "texture": "#0"},
				"up": {"uv": [5, 3.375, 5.125, 3.5], "texture": "#0"},
				"down": {"uv": [5, 3.375, 5.125, 3.5], "texture": "#0"}
			}
		},
		{
			"name": "floral_longsword_11",
			"from": [8.2, 12.5, 7.95],
			"to": [8.325, 12.625, 8.175],
			"faces": {
				"north": {"uv": [5.625, 3.375, 5.5, 3.5], "texture": "#0"},
				"east": {"uv": [5.5, 3.375, 5.625, 3.5], "texture": "#0"},
				"south": {"uv": [5.5, 3.375, 5.625, 3.5], "texture": "#0"},
				"west": {"uv": [5.5, 3.375, 5.625, 3.5], "texture": "#0"},
				"up": {"uv": [5.5, 3.375, 5.625, 3.5], "texture": "#0"},
				"down": {"uv": [5.5, 3.375, 5.625, 3.5], "texture": "#0"}
			}
		},
		{
			"name": "floral_longsword_12",
			"from": [7.45, 12.5, 8],
			"to": [7.575, 12.625, 8.125],
			"faces": {
				"north": {"uv": [7.375, 3.375, 7.25, 3.5], "texture": "#0"},
				"east": {"uv": [7.25, 3.375, 7.375, 3.5], "texture": "#0"},
				"south": {"uv": [7.25, 3.375, 7.375, 3.5], "texture": "#0"},
				"west": {"uv": [7.25, 3.375, 7.375, 3.5], "texture": "#0"},
				"up": {"uv": [7.25, 3.375, 7.375, 3.5], "texture": "#0"},
				"down": {"uv": [7.25, 3.375, 7.375, 3.5], "texture": "#0"}
			}
		},
		{
			"name": "floral_longsword_13",
			"from": [8.45, 12.5, 8],
			"to": [8.575, 12.625, 8.125],
			"faces": {
				"north": {"uv": [8.375, 3.375, 8.25, 3.5], "texture": "#0"},
				"east": {"uv": [8.25, 3.375, 8.375, 3.5], "texture": "#0"},
				"south": {"uv": [8.25, 3.375, 8.375, 3.5], "texture": "#0"},
				"west": {"uv": [8.25, 3.375, 8.375, 3.5], "texture": "#0"},
				"up": {"uv": [8.25, 3.375, 8.375, 3.5], "texture": "#0"},
				"down": {"uv": [8.25, 3.375, 8.375, 3.5], "texture": "#0"}
			}
		},
		{
			"name": "floral_longsword_14",
			"from": [7.7, 7.875, 8],
			"to": [7.825, 12.5, 8.125],
			"faces": {
				"north": {"uv": [7.625, 3.5, 7.5, 8.125], "texture": "#0"},
				"east": {"uv": [7.5, 3.5, 7.625, 8.125], "texture": "#0"},
				"south": {"uv": [7.5, 3.5, 7.625, 8.125], "texture": "#0"},
				"west": {"uv": [7.5, 3.5, 7.625, 8.125], "texture": "#0"},
				"up": {"uv": [7.5, 3.5, 7.625, 3.625], "texture": "#0"},
				"down": {"uv": [7.5, 8, 7.625, 8.125], "texture": "#0"}
			}
		},
		{
			"name": "floral_longsword_15",
			"from": [8.2, 7.875, 8],
			"to": [8.325, 12.5, 8.125],
			"faces": {
				"north": {"uv": [8.125, 3.5, 8, 8.125], "texture": "#0"},
				"east": {"uv": [8, 3.5, 8.125, 8.125], "texture": "#0"},
				"south": {"uv": [8, 3.5, 8.125, 8.125], "texture": "#0"},
				"west": {"uv": [8, 3.5, 8.125, 8.125], "texture": "#0"},
				"up": {"uv": [8, 3.5, 8.125, 3.625], "texture": "#0"},
				"down": {"uv": [8, 8, 8.125, 8.125], "texture": "#0"}
			}
		},
		{
			"name": "floral_longsword_16",
			"from": [7.45, 7.875, 7.9],
			"to": [7.7, 8, 8.225],
			"faces": {
				"north": {"uv": [7.25, 8, 7, 8.125], "texture": "#0"},
				"east": {"uv": [7.125, 8, 7.25, 8.125], "texture": "#0"},
				"south": {"uv": [7, 8, 7.25, 8.125], "texture": "#0"},
				"west": {"uv": [7, 8, 7.125, 8.125], "texture": "#0"},
				"up": {"uv": [7, 8, 7.25, 8.125], "texture": "#0"},
				"down": {"uv": [7, 8, 7.25, 8.125], "texture": "#0"}
			}
		},
		{
			"name": "floral_longsword_17",
			"from": [8.325, 7.875, 7.9],
			"to": [8.575, 8, 8.225],
			"faces": {
				"north": {"uv": [8.625, 8, 8.375, 8.125], "texture": "#0"},
				"east": {"uv": [8.5, 8, 8.625, 8.125], "texture": "#0"},
				"south": {"uv": [8.375, 8, 8.625, 8.125], "texture": "#0"},
				"west": {"uv": [8.375, 8, 8.5, 8.125], "texture": "#0"},
				"up": {"uv": [8.375, 8, 8.625, 8.125], "texture": "#0"},
				"down": {"uv": [8.375, 8, 8.625, 8.125], "texture": "#0"}
			}
		},
		{
			"name": "floral_longsword_18",
			"from": [7.575, 7.625, 7.9],
			"to": [7.825, 7.875, 8.225],
			"faces": {
				"north": {"uv": [7.375, 8.125, 7.125, 8.375], "texture": "#0"},
				"east": {"uv": [7.25, 8.125, 7.375, 8.375], "texture": "#0"},
				"south": {"uv": [7.125, 8.125, 7.375, 8.375], "texture": "#0"},
				"west": {"uv": [7.125, 8.125, 7.25, 8.375], "texture": "#0"},
				"up": {"uv": [7.125, 8.125, 7.375, 8.25], "texture": "#0"},
				"down": {"uv": [7.125, 8.25, 7.375, 8.375], "texture": "#0"}
			}
		},
		{
			"name": "floral_longsword_19",
			"from": [8.2, 7.625, 7.9],
			"to": [8.45, 7.875, 8.225],
			"faces": {
				"north": {"uv": [8.5, 8.125, 8.25, 8.375], "texture": "#0"},
				"east": {"uv": [8.375, 8.125, 8.5, 8.375], "texture": "#0"},
				"south": {"uv": [8.25, 8.125, 8.5, 8.375], "texture": "#0"},
				"west": {"uv": [8.25, 8.125, 8.375, 8.375], "texture": "#0"},
				"up": {"uv": [8.25, 8.125, 8.5, 8.25], "texture": "#0"},
				"down": {"uv": [8.25, 8.25, 8.5, 8.375], "texture": "#0"}
			}
		},
		{
			"name": "floral_longsword_20",
			"from": [7.7, 6.75, 7.9],
			"to": [7.825, 7.625, 8.225],
			"faces": {
				"north": {"uv": [7.375, 8.375, 7.25, 9.25], "texture": "#0"},
				"east": {"uv": [7.25, 8.375, 7.375, 9.25], "texture": "#0"},
				"south": {"uv": [7.25, 8.375, 7.375, 9.25], "texture": "#0"},
				"west": {"uv": [7.25, 8.375, 7.375, 9.25], "texture": "#0"},
				"up": {"uv": [7.25, 8.375, 7.375, 8.5], "texture": "#0"},
				"down": {"uv": [7.25, 9.125, 7.375, 9.25], "texture": "#0"}
			}
		},
		{
			"name": "floral_longsword_21",
			"from": [8.2, 6.75, 7.9],
			"to": [8.325, 7.625, 8.225],
			"faces": {
				"north": {"uv": [8.375, 8.375, 8.25, 9.25], "texture": "#0"},
				"east": {"uv": [8.25, 8.375, 8.375, 9.25], "texture": "#0"},
				"south": {"uv": [8.25, 8.375, 8.375, 9.25], "texture": "#0"},
				"west": {"uv": [8.25, 8.375, 8.375, 9.25], "texture": "#0"},
				"up": {"uv": [8.25, 8.375, 8.375, 8.5], "texture": "#0"},
				"down": {"uv": [8.25, 9.125, 8.375, 9.25], "texture": "#0"}
			}
		},
		{
			"name": "floral_longsword_22",
			"from": [7.575, 6.5, 7.9],
			"to": [7.7, 7.125, 8.225],
			"faces": {
				"north": {"uv": [7.25, 8.875, 7.125, 9.5], "texture": "#0"},
				"east": {"uv": [7.125, 8.875, 7.25, 9.5], "texture": "#0"},
				"south": {"uv": [7.125, 8.875, 7.25, 9.5], "texture": "#0"},
				"west": {"uv": [7.125, 8.875, 7.25, 9.5], "texture": "#0"},
				"up": {"uv": [7.125, 8.875, 7.25, 9], "texture": "#0"},
				"down": {"uv": [7.125, 9.375, 7.25, 9.5], "texture": "#0"}
			}
		},
		{
			"name": "floral_longsword_23",
			"from": [8.325, 6.5, 7.9],
			"to": [8.45, 7.125, 8.225],
			"faces": {
				"north": {"uv": [8.5, 8.875, 8.375, 9.5], "texture": "#0"},
				"east": {"uv": [8.375, 8.875, 8.5, 9.5], "texture": "#0"},
				"south": {"uv": [8.375, 8.875, 8.5, 9.5], "texture": "#0"},
				"west": {"uv": [8.375, 8.875, 8.5, 9.5], "texture": "#0"},
				"up": {"uv": [8.375, 8.875, 8.5, 9], "texture": "#0"},
				"down": {"uv": [8.375, 9.375, 8.5, 9.5], "texture": "#0"}
			}
		},
		{
			"name": "floral_longsword_24",
			"from": [7.95, 5.875, 7.85],
			"to": [8.075, 6.75, 8.275],
			"faces": {
				"north": {"uv": [5.875, 9.25, 5.75, 10.125], "texture": "#0"},
				"east": {"uv": [5.75, 9.25, 5.875, 10.125], "texture": "#0"},
				"south": {"uv": [5.75, 9.25, 5.875, 10.125], "texture": "#0"},
				"west": {"uv": [5.75, 9.25, 5.875, 10.125], "texture": "#0"},
				"up": {"uv": [5.75, 9.25, 5.875, 9.375], "texture": "#0"},
				"down": {"uv": [5.75, 10, 5.875, 10.125], "texture": "#0"}
			}
		},
		{
			"name": "floral_longsword_25",
			"from": [7.7, 6.5, 8],
			"to": [7.825, 6.75, 8.125],
			"faces": {
				"north": {"uv": [7.625, 9.25, 7.5, 9.5], "texture": "#0"},
				"east": {"uv": [7.5, 9.25, 7.625, 9.5], "texture": "#0"},
				"south": {"uv": [7.5, 9.25, 7.625, 9.5], "texture": "#0"},
				"west": {"uv": [7.5, 9.25, 7.625, 9.5], "texture": "#0"},
				"up": {"uv": [7.5, 9.25, 7.625, 9.375], "texture": "#0"},
				"down": {"uv": [7.5, 9.375, 7.625, 9.5], "texture": "#0"}
			}
		},
		{
			"name": "floral_longsword_26",
			"from": [8.2, 6.5, 8],
			"to": [8.325, 6.75, 8.125],
			"faces": {
				"north": {"uv": [8.125, 9.25, 8, 9.5], "texture": "#0"},
				"east": {"uv": [8, 9.25, 8.125, 9.5], "texture": "#0"},
				"south": {"uv": [8, 9.25, 8.125, 9.5], "texture": "#0"},
				"west": {"uv": [8, 9.25, 8.125, 9.5], "texture": "#0"},
				"up": {"uv": [8, 9.25, 8.125, 9.375], "texture": "#0"},
				"down": {"uv": [8, 9.375, 8.125, 9.5], "texture": "#0"}
			}
		},
		{
			"name": "floral_longsword_27",
			"from": [7.825, 5.875, 7.85],
			"to": [7.95, 6.625, 8.275],
			"faces": {
				"north": {"uv": [5.75, 9.375, 5.625, 10.125], "texture": "#0"},
				"east": {"uv": [5.625, 9.375, 5.75, 10.125], "texture": "#0"},
				"south": {"uv": [5.625, 9.375, 5.75, 10.125], "texture": "#0"},
				"west": {"uv": [5.625, 9.375, 5.75, 10.125], "texture": "#0"},
				"up": {"uv": [5.625, 9.375, 5.75, 9.5], "texture": "#0"},
				"down": {"uv": [5.625, 10, 5.75, 10.125], "texture": "#0"}
			}
		},
		{
			"name": "floral_longsword_28",
			"from": [8.075, 5.875, 7.85],
			"to": [8.2, 6.625, 8.275],
			"faces": {
				"north": {"uv": [6, 9.375, 5.875, 10.125], "texture": "#0"},
				"east": {"uv": [5.875, 9.375, 6, 10.125], "texture": "#0"},
				"south": {"uv": [5.875, 9.375, 6, 10.125], "texture": "#0"},
				"west": {"uv": [5.875, 9.375, 6, 10.125], "texture": "#0"},
				"up": {"uv": [5.875, 9.375, 6, 9.5], "texture": "#0"},
				"down": {"uv": [5.875, 10, 6, 10.125], "texture": "#0"}
			}
		},
		{
			"name": "floral_longsword_29",
			"from": [8.175, 7.45, 7.85],
			"to": [8.3, 7.825, 7.875],
			"faces": {
				"north": {"uv": [9.75, 9.375, 9.625, 9.75], "texture": "#0"},
				"east": {"uv": [9.625, 9.375, 9.75, 9.75], "texture": "#0"},
				"south": {"uv": [9.625, 9.375, 9.75, 9.75], "texture": "#0"},
				"west": {"uv": [9.625, 9.375, 9.75, 9.75], "texture": "#0"},
				"up": {"uv": [9.625, 9.375, 9.75, 9.5], "texture": "#0"},
				"down": {"uv": [9.625, 9.625, 9.75, 9.75], "texture": "#0"}
			}
		},
		{
			"name": "floral_longsword_30",
			"from": [6.825, 6, 7.9],
			"to": [7.075, 6.5, 8.225],
			"faces": {
				"north": {"uv": [4.875, 9.5, 4.625, 10], "texture": "#0"},
				"east": {"uv": [4.75, 9.5, 4.875, 10], "texture": "#0"},
				"south": {"uv": [4.625, 9.5, 4.875, 10], "texture": "#0"},
				"west": {"uv": [4.625, 9.5, 4.75, 10], "texture": "#0"},
				"up": {"uv": [4.625, 9.5, 4.875, 9.625], "texture": "#0"},
				"down": {"uv": [4.625, 9.875, 4.875, 10], "texture": "#0"}
			}
		},
		{
			"name": "floral_longsword_31",
			"from": [7.45, 6, 7.85],
			"to": [7.825, 6.5, 8.275],
			"faces": {
				"north": {"uv": [5.625, 9.5, 5.25, 10], "texture": "#0"},
				"east": {"uv": [5.5, 9.5, 5.625, 10], "texture": "#0"},
				"south": {"uv": [5.25, 9.5, 5.625, 10], "texture": "#0"},
				"west": {"uv": [5.25, 9.5, 5.375, 10], "texture": "#0"},
				"up": {"uv": [5.25, 9.5, 5.625, 9.625], "texture": "#0"},
				"down": {"uv": [5.25, 9.875, 5.625, 10], "texture": "#0"}
			}
		},
		{
			"name": "floral_longsword_32",
			"from": [8.2, 6, 7.85],
			"to": [8.575, 6.5, 8.275],
			"faces": {
				"north": {"uv": [6.375, 9.5, 6, 10], "texture": "#0"},
				"east": {"uv": [6.25, 9.5, 6.375, 10], "texture": "#0"},
				"south": {"uv": [6, 9.5, 6.375, 10], "texture": "#0"},
				"west": {"uv": [6, 9.5, 6.125, 10], "texture": "#0"},
				"up": {"uv": [6, 9.5, 6.375, 9.625], "texture": "#0"},
				"down": {"uv": [6, 9.875, 6.375, 10], "texture": "#0"}
			}
		},
		{
			"name": "floral_longsword_33",
			"from": [8.95, 6, 7.9],
			"to": [9.2, 6.5, 8.225],
			"faces": {
				"north": {"uv": [7, 9.5, 6.75, 10], "texture": "#0"},
				"east": {"uv": [6.875, 9.5, 7, 10], "texture": "#0"},
				"south": {"uv": [6.75, 9.5, 7, 10], "texture": "#0"},
				"west": {"uv": [6.75, 9.5, 6.875, 10], "texture": "#0"},
				"up": {"uv": [6.75, 9.5, 7, 9.625], "texture": "#0"},
				"down": {"uv": [6.75, 9.875, 7, 10], "texture": "#0"}
			}
		},
		{
			"name": "floral_longsword_34",
			"from": [8.05, 7.575, 7.85],
			"to": [8.175, 7.7, 7.875],
			"faces": {
				"north": {"uv": [9.625, 9.5, 9.5, 9.625], "texture": "#0"},
				"east": {"uv": [9.5, 9.5, 9.625, 9.625], "texture": "#0"},
				"south": {"uv": [9.5, 9.5, 9.625, 9.625], "texture": "#0"},
				"west": {"uv": [9.5, 9.5, 9.625, 9.625], "texture": "#0"},
				"up": {"uv": [9.5, 9.5, 9.625, 9.625], "texture": "#0"},
				"down": {"uv": [9.5, 9.5, 9.625, 9.625], "texture": "#0"}
			}
		},
		{
			"name": "floral_longsword_35",
			"from": [8.3, 7.575, 7.85],
			"to": [8.425, 7.7, 7.875],
			"faces": {
				"north": {"uv": [9.875, 9.5, 9.75, 9.625], "texture": "#0"},
				"east": {"uv": [9.75, 9.5, 9.875, 9.625], "texture": "#0"},
				"south": {"uv": [9.75, 9.5, 9.875, 9.625], "texture": "#0"},
				"west": {"uv": [9.75, 9.5, 9.875, 9.625], "texture": "#0"},
				"up": {"uv": [9.75, 9.5, 9.875, 9.625], "texture": "#0"},
				"down": {"uv": [9.75, 9.5, 9.875, 9.625], "texture": "#0"}
			}
		},
		{
			"name": "floral_longsword_36",
			"from": [6.7, 6.125, 7.9],
			"to": [6.825, 6.375, 8.225],
			"faces": {
				"north": {"uv": [4.625, 9.625, 4.5, 9.875], "texture": "#0"},
				"east": {"uv": [4.5, 9.625, 4.625, 9.875], "texture": "#0"},
				"south": {"uv": [4.5, 9.625, 4.625, 9.875], "texture": "#0"},
				"west": {"uv": [4.5, 9.625, 4.625, 9.875], "texture": "#0"},
				"up": {"uv": [4.5, 9.625, 4.625, 9.75], "texture": "#0"},
				"down": {"uv": [4.5, 9.75, 4.625, 9.875], "texture": "#0"}
			}
		},
		{
			"name": "floral_longsword_37",
			"from": [7.075, 6.125, 7.9],
			"to": [7.45, 6.375, 8.225],
			"faces": {
				"north": {"uv": [5.25, 9.625, 4.875, 9.875], "texture": "#0"},
				"east": {"uv": [5.125, 9.625, 5.25, 9.875], "texture": "#0"},
				"south": {"uv": [4.875, 9.625, 5.25, 9.875], "texture": "#0"},
				"west": {"uv": [4.875, 9.625, 5, 9.875], "texture": "#0"},
				"up": {"uv": [4.875, 9.625, 5.25, 9.75], "texture": "#0"},
				"down": {"uv": [4.875, 9.75, 5.25, 9.875], "texture": "#0"}
			}
		},
		{
			"name": "floral_longsword_38",
			"from": [8.575, 6.125, 7.9],
			"to": [8.95, 6.375, 8.225],
			"faces": {
				"north": {"uv": [6.75, 9.625, 6.375, 9.875], "texture": "#0"},
				"east": {"uv": [6.625, 9.625, 6.75, 9.875], "texture": "#0"},
				"south": {"uv": [6.375, 9.625, 6.75, 9.875], "texture": "#0"},
				"west": {"uv": [6.375, 9.625, 6.5, 9.875], "texture": "#0"},
				"up": {"uv": [6.375, 9.625, 6.75, 9.75], "texture": "#0"},
				"down": {"uv": [6.375, 9.75, 6.75, 9.875], "texture": "#0"}
			}
		},
		{
			"name": "floral_longsword_39",
			"from": [9.2, 6.125, 7.9],
			"to": [9.325, 6.375, 8.225],
			"faces": {
				"north": {"uv": [7.125, 9.625, 7, 9.875], "texture": "#0"},
				"east": {"uv": [7, 9.625, 7.125, 9.875], "texture": "#0"},
				"south": {"uv": [7, 9.625, 7.125, 9.875], "texture": "#0"},
				"west": {"uv": [7, 9.625, 7.125, 9.875], "texture": "#0"},
				"up": {"uv": [7, 9.625, 7.125, 9.75], "texture": "#0"},
				"down": {"uv": [7, 9.75, 7.125, 9.875], "texture": "#0"}
			}
		},
		{
			"name": "floral_longsword_40",
			"from": [7.2, 6, 7.9],
			"to": [7.45, 6.125, 8.225],
			"faces": {
				"north": {"uv": [5.25, 9.875, 5, 10], "texture": "#0"},
				"east": {"uv": [5.125, 9.875, 5.25, 10], "texture": "#0"},
				"south": {"uv": [5, 9.875, 5.25, 10], "texture": "#0"},
				"west": {"uv": [5, 9.875, 5.125, 10], "texture": "#0"},
				"up": {"uv": [5, 9.875, 5.25, 10], "texture": "#0"},
				"down": {"uv": [5, 9.875, 5.25, 10], "texture": "#0"}
			}
		},
		{
			"name": "floral_longsword_41",
			"from": [8.575, 6, 7.9],
			"to": [8.825, 6.125, 8.225],
			"faces": {
				"north": {"uv": [6.625, 9.875, 6.375, 10], "texture": "#0"},
				"east": {"uv": [6.5, 9.875, 6.625, 10], "texture": "#0"},
				"south": {"uv": [6.375, 9.875, 6.625, 10], "texture": "#0"},
				"west": {"uv": [6.375, 9.875, 6.5, 10], "texture": "#0"},
				"up": {"uv": [6.375, 9.875, 6.625, 10], "texture": "#0"},
				"down": {"uv": [6.375, 9.875, 6.625, 10], "texture": "#0"}
			}
		},
		{
			"name": "floral_longsword_42",
			"from": [7.575, 5.875, 7.85],
			"to": [7.825, 6, 8.275],
			"faces": {
				"north": {"uv": [5.625, 10, 5.375, 10.125], "texture": "#0"},
				"east": {"uv": [5.5, 10, 5.625, 10.125], "texture": "#0"},
				"south": {"uv": [5.375, 10, 5.625, 10.125], "texture": "#0"},
				"west": {"uv": [5.375, 10, 5.5, 10.125], "texture": "#0"},
				"up": {"uv": [5.375, 10, 5.625, 10.125], "texture": "#0"},
				"down": {"uv": [5.375, 10, 5.625, 10.125], "texture": "#0"}
			}
		},
		{
			"name": "floral_longsword_43",
			"from": [8.2, 5.875, 7.85],
			"to": [8.45, 6, 8.275],
			"faces": {
				"north": {"uv": [6.25, 10, 6, 10.125], "texture": "#0"},
				"east": {"uv": [6.125, 10, 6.25, 10.125], "texture": "#0"},
				"south": {"uv": [6, 10, 6.25, 10.125], "texture": "#0"},
				"west": {"uv": [6, 10, 6.125, 10.125], "texture": "#0"},
				"up": {"uv": [6, 10, 6.25, 10.125], "texture": "#0"},
				"down": {"uv": [6, 10, 6.25, 10.125], "texture": "#0"}
			}
		},
		{
			"name": "floral_longsword_44",
			"from": [7.825, 3.5, 7.9],
			"to": [8.2, 5.875, 8.225],
			"faces": {
				"north": {"uv": [8, 10.125, 7.625, 12.5], "texture": "#0"},
				"east": {"uv": [7.875, 10.125, 8, 12.5], "texture": "#0"},
				"south": {"uv": [7.625, 10.125, 8, 12.5], "texture": "#0"},
				"west": {"uv": [7.625, 10.125, 7.75, 12.5], "texture": "#0"},
				"up": {"uv": [7.625, 10.125, 8, 10.25], "texture": "#0"},
				"down": {"uv": [7.625, 12.375, 8, 12.5], "texture": "#0"}
			}
		},
		{
			"name": "floral_longsword_45",
			"from": [7.8, 5.65, 7.75],
			"to": [8.55, 6.65, 7.975],
			"faces": {
				"north": {"uv": [9.75, 10.25, 9, 11.25], "texture": "#0"},
				"east": {"uv": [9.625, 10.25, 9.75, 11.25], "texture": "#0"},
				"south": {"uv": [9, 10.25, 9.75, 11.25], "texture": "#0"},
				"west": {"uv": [9, 10.25, 9.125, 11.25], "texture": "#0"},
				"up": {"uv": [9, 10.25, 9.75, 10.375], "texture": "#0"},
				"down": {"uv": [9, 11.125, 9.75, 11.25], "texture": "#0"}
			}
		},
		{
			"name": "floral_longsword_46",
			"from": [7.45, 5.625, 7.95],
			"to": [7.7, 5.875, 8.175],
			"faces": {
				"north": {"uv": [5.5, 10.375, 5.25, 10.625], "texture": "#0"},
				"east": {"uv": [5.375, 10.375, 5.5, 10.625], "texture": "#0"},
				"south": {"uv": [5.25, 10.375, 5.5, 10.625], "texture": "#0"},
				"west": {"uv": [5.25, 10.375, 5.375, 10.625], "texture": "#0"},
				"up": {"uv": [5.25, 10.375, 5.5, 10.5], "texture": "#0"},
				"down": {"uv": [5.25, 10.5, 5.5, 10.625], "texture": "#0"}
			}
		},
		{
			"name": "floral_longsword_47",
			"from": [7.7, 5.75, 7.95],
			"to": [7.825, 5.875, 8.175],
			"faces": {
				"north": {"uv": [5.625, 10.375, 5.5, 10.5], "texture": "#0"},
				"east": {"uv": [5.5, 10.375, 5.625, 10.5], "texture": "#0"},
				"south": {"uv": [5.5, 10.375, 5.625, 10.5], "texture": "#0"},
				"west": {"uv": [5.5, 10.375, 5.625, 10.5], "texture": "#0"},
				"up": {"uv": [5.5, 10.375, 5.625, 10.5], "texture": "#0"},
				"down": {"uv": [5.5, 10.375, 5.625, 10.5], "texture": "#0"}
			}
		},
		{
			"name": "floral_longsword_48",
			"from": [8.2, 5.75, 7.95],
			"to": [8.575, 5.875, 8.175],
			"faces": {
				"north": {"uv": [6.375, 10.375, 6, 10.5], "texture": "#0"},
				"east": {"uv": [6.25, 10.375, 6.375, 10.5], "texture": "#0"},
				"south": {"uv": [6, 10.375, 6.375, 10.5], "texture": "#0"},
				"west": {"uv": [6, 10.375, 6.125, 10.5], "texture": "#0"},
				"up": {"uv": [6, 10.375, 6.375, 10.5], "texture": "#0"},
				"down": {"uv": [6, 10.375, 6.375, 10.5], "texture": "#0"}
			}
		},
		{
			"name": "floral_longsword_49",
			"from": [7.675, 5.775, 7.75],
			"to": [7.8, 6.525, 7.975],
			"faces": {
				"north": {"uv": [9, 10.375, 8.875, 11.125], "texture": "#0"},
				"east": {"uv": [8.875, 10.375, 9, 11.125], "texture": "#0"},
				"south": {"uv": [8.875, 10.375, 9, 11.125], "texture": "#0"},
				"west": {"uv": [8.875, 10.375, 9, 11.125], "texture": "#0"},
				"up": {"uv": [8.875, 10.375, 9, 10.5], "texture": "#0"},
				"down": {"uv": [8.875, 11, 9, 11.125], "texture": "#0"}
			}
		},
		{
			"name": "floral_longsword_50",
			"from": [8.55, 6.025, 7.75],
			"to": [8.675, 6.525, 7.975],
			"faces": {
				"north": {"uv": [9.875, 10.375, 9.75, 10.875], "texture": "#0"},
				"east": {"uv": [9.75, 10.375, 9.875, 10.875], "texture": "#0"},
				"south": {"uv": [9.75, 10.375, 9.875, 10.875], "texture": "#0"},
				"west": {"uv": [9.75, 10.375, 9.875, 10.875], "texture": "#0"},
				"up": {"uv": [9.75, 10.375, 9.875, 10.5], "texture": "#0"},
				"down": {"uv": [9.75, 10.75, 9.875, 10.875], "texture": "#0"}
			}
		},
		{
			"name": "floral_longsword_51",
			"from": [8.325, 5.625, 7.95],
			"to": [8.575, 5.75, 8.175],
			"faces": {
				"north": {"uv": [6.375, 10.5, 6.125, 10.625], "texture": "#0"},
				"east": {"uv": [6.25, 10.5, 6.375, 10.625], "texture": "#0"},
				"south": {"uv": [6.125, 10.5, 6.375, 10.625], "texture": "#0"},
				"west": {"uv": [6.125, 10.5, 6.25, 10.625], "texture": "#0"},
				"up": {"uv": [6.125, 10.5, 6.375, 10.625], "texture": "#0"},
				"down": {"uv": [6.125, 10.5, 6.375, 10.625], "texture": "#0"}
			}
		},
		{
			"name": "floral_longsword_52",
			"from": [7.55, 6.025, 7.75],
			"to": [7.675, 6.4, 7.975],
			"faces": {
				"north": {"uv": [8.875, 10.5, 8.75, 10.875], "texture": "#0"},
				"east": {"uv": [8.75, 10.5, 8.875, 10.875], "texture": "#0"},
				"south": {"uv": [8.75, 10.5, 8.875, 10.875], "texture": "#0"},
				"west": {"uv": [8.75, 10.5, 8.875, 10.875], "texture": "#0"},
				"up": {"uv": [8.75, 10.5, 8.875, 10.625], "texture": "#0"},
				"down": {"uv": [8.75, 10.75, 8.875, 10.875], "texture": "#0"}
			}
		},
		{
			"name": "floral_longsword_53",
			"from": [8.55, 5.275, 7.85],
			"to": [8.8, 5.9, 7.875],
			"faces": {
				"north": {"uv": [10, 11, 9.75, 11.625], "texture": "#0"},
				"east": {"uv": [9.875, 11, 10, 11.625], "texture": "#0"},
				"south": {"uv": [9.75, 11, 10, 11.625], "texture": "#0"},
				"west": {"uv": [9.75, 11, 9.875, 11.625], "texture": "#0"},
				"up": {"uv": [9.75, 11, 10, 11.125], "texture": "#0"},
				"down": {"uv": [9.75, 11.5, 10, 11.625], "texture": "#0"}
			}
		},
		{
			"name": "floral_longsword_54",
			"from": [8.8, 5.275, 7.85],
			"to": [8.925, 5.775, 7.875],
			"faces": {
				"north": {"uv": [10.125, 11.125, 10, 11.625], "texture": "#0"},
				"east": {"uv": [10, 11.125, 10.125, 11.625], "texture": "#0"},
				"south": {"uv": [10, 11.125, 10.125, 11.625], "texture": "#0"},
				"west": {"uv": [10, 11.125, 10.125, 11.625], "texture": "#0"},
				"up": {"uv": [10, 11.125, 10.125, 11.25], "texture": "#0"},
				"down": {"uv": [10, 11.5, 10.125, 11.625], "texture": "#0"}
			}
		},
		{
			"name": "floral_longsword_55",
			"from": [7.675, 5.275, 7.85],
			"to": [8.05, 5.65, 7.875],
			"faces": {
				"north": {"uv": [9.25, 11.25, 8.875, 11.625], "texture": "#0"},
				"east": {"uv": [9.125, 11.25, 9.25, 11.625], "texture": "#0"},
				"south": {"uv": [8.875, 11.25, 9.25, 11.625], "texture": "#0"},
				"west": {"uv": [8.875, 11.25, 9, 11.625], "texture": "#0"},
				"up": {"uv": [8.875, 11.25, 9.25, 11.375], "texture": "#0"},
				"down": {"uv": [8.875, 11.5, 9.25, 11.625], "texture": "#0"}
			}
		},
		{
			"name": "floral_longsword_56",
			"from": [8.05, 5.525, 7.85],
			"to": [8.175, 5.65, 7.875],
			"faces": {
				"north": {"uv": [9.375, 11.25, 9.25, 11.375], "texture": "#0"},
				"east": {"uv": [9.25, 11.25, 9.375, 11.375], "texture": "#0"},
				"south": {"uv": [9.25, 11.25, 9.375, 11.375], "texture": "#0"},
				"west": {"uv": [9.25, 11.25, 9.375, 11.375], "texture": "#0"},
				"up": {"uv": [9.25, 11.25, 9.375, 11.375], "texture": "#0"},
				"down": {"uv": [9.25, 11.25, 9.375, 11.375], "texture": "#0"}
			}
		},
		{
			"name": "floral_longsword_57",
			"from": [8.3, 5.4, 7.85],
			"to": [8.55, 5.65, 7.875],
			"faces": {
				"north": {"uv": [9.75, 11.25, 9.5, 11.5], "texture": "#0"},
				"east": {"uv": [9.625, 11.25, 9.75, 11.5], "texture": "#0"},
				"south": {"uv": [9.5, 11.25, 9.75, 11.5], "texture": "#0"},
				"west": {"uv": [9.5, 11.25, 9.625, 11.5], "texture": "#0"},
				"up": {"uv": [9.5, 11.25, 9.75, 11.375], "texture": "#0"},
				"down": {"uv": [9.5, 11.375, 9.75, 11.5], "texture": "#0"}
			}
		},
		{
			"name": "floral_longsword_58",
			"from": [8.425, 5.275, 7.85],
			"to": [8.55, 5.4, 7.875],
			"faces": {
				"north": {"uv": [9.75, 11.5, 9.625, 11.625], "texture": "#0"},
				"east": {"uv": [9.625, 11.5, 9.75, 11.625], "texture": "#0"},
				"south": {"uv": [9.625, 11.5, 9.75, 11.625], "texture": "#0"},
				"west": {"uv": [9.625, 11.5, 9.75, 11.625], "texture": "#0"},
				"up": {"uv": [9.625, 11.5, 9.75, 11.625], "texture": "#0"},
				"down": {"uv": [9.625, 11.5, 9.75, 11.625], "texture": "#0"}
			}
		},
		{
			"name": "floral_longsword_59",
			"from": [7.825, 3, 7.9],
			"to": [7.95, 3.5, 8.225],
			"faces": {
				"north": {"uv": [7.75, 12.5, 7.625, 13], "texture": "#0"},
				"east": {"uv": [7.625, 12.5, 7.75, 13], "texture": "#0"},
				"south": {"uv": [7.625, 12.5, 7.75, 13], "texture": "#0"},
				"west": {"uv": [7.625, 12.5, 7.75, 13], "texture": "#0"},
				"up": {"uv": [7.625, 12.5, 7.75, 12.625], "texture": "#0"},
				"down": {"uv": [7.625, 12.875, 7.75, 13], "texture": "#0"}
			}
		},
		{
			"name": "floral_longsword_60",
			"from": [8.075, 3, 7.9],
			"to": [8.2, 3.5, 8.225],
			"faces": {
				"north": {"uv": [8, 12.5, 7.875, 13], "texture": "#0"},
				"east": {"uv": [7.875, 12.5, 8, 13], "texture": "#0"},
				"south": {"uv": [7.875, 12.5, 8, 13], "texture": "#0"},
				"west": {"uv": [7.875, 12.5, 8, 13], "texture": "#0"},
				"up": {"uv": [7.875, 12.5, 8, 12.625], "texture": "#0"},
				"down": {"uv": [7.875, 12.875, 8, 13], "texture": "#0"}
			}
		},
		{
			"name": "floral_longsword_61",
			"from": [7.95, 3, 7.85],
			"to": [8.075, 3.5, 8.275],
			"faces": {
				"north": {"uv": [7.875, 13, 7.75, 13.5], "texture": "#0"},
				"east": {"uv": [7.75, 13, 7.875, 13.5], "texture": "#0"},
				"south": {"uv": [7.75, 13, 7.875, 13.5], "texture": "#0"},
				"west": {"uv": [7.75, 13, 7.875, 13.5], "texture": "#0"},
				"up": {"uv": [7.75, 13, 7.875, 13.125], "texture": "#0"},
				"down": {"uv": [7.75, 13.375, 7.875, 13.5], "texture": "#0"}
			}
		},
		{
			"name": "floral_longsword_62",
			"from": [7.7, 2.625, 7.8],
			"to": [8.325, 3, 8.325],
			"faces": {
				"north": {"uv": [8.125, 13.75, 7.5, 14.125], "texture": "#0"},
				"east": {"uv": [8, 13.75, 8.125, 14.125], "texture": "#0"},
				"south": {"uv": [7.5, 13.75, 8.125, 14.125], "texture": "#0"},
				"west": {"uv": [7.5, 13.75, 7.625, 14.125], "texture": "#0"},
				"up": {"uv": [7.5, 13.75, 8.125, 13.875], "texture": "#0"},
				"down": {"uv": [7.5, 14, 8.125, 14.125], "texture": "#0"}
			}
		},
		{
			"name": "floral_longsword_63",
			"from": [7.95, 2.125, 7.95],
			"to": [8.075, 2.625, 8.175],
			"faces": {
				"north": {"uv": [7.875, 14.375, 7.75, 14.875], "texture": "#0"},
				"east": {"uv": [7.75, 14.375, 7.875, 14.875], "texture": "#0"},
				"south": {"uv": [7.75, 14.375, 7.875, 14.875], "texture": "#0"},
				"west": {"uv": [7.75, 14.375, 7.875, 14.875], "texture": "#0"},
				"up": {"uv": [7.75, 14.375, 7.875, 14.5], "texture": "#0"},
				"down": {"uv": [7.75, 14.75, 7.875, 14.875], "texture": "#0"}
			}
		},
		{
			"name": "floral_longsword_64",
			"from": [7.825, 2.375, 7.95],
			"to": [7.95, 2.5, 8.175],
			"faces": {
				"north": {"uv": [7.75, 14.5, 7.625, 14.625], "texture": "#0"},
				"east": {"uv": [7.625, 14.5, 7.75, 14.625], "texture": "#0"},
				"south": {"uv": [7.625, 14.5, 7.75, 14.625], "texture": "#0"},
				"west": {"uv": [7.625, 14.5, 7.75, 14.625], "texture": "#0"},
				"up": {"uv": [7.625, 14.5, 7.75, 14.625], "texture": "#0"},
				"down": {"uv": [7.625, 14.5, 7.75, 14.625], "texture": "#0"}
			}
		},
		{
			"name": "floral_longsword_65",
			"from": [8.075, 2.375, 7.95],
			"to": [8.2, 2.5, 8.175],
			"faces": {
				"north": {"uv": [8, 14.5, 7.875, 14.625], "texture": "#0"},
				"east": {"uv": [7.875, 14.5, 8, 14.625], "texture": "#0"},
				"south": {"uv": [7.875, 14.5, 8, 14.625], "texture": "#0"},
				"west": {"uv": [7.875, 14.5, 8, 14.625], "texture": "#0"},
				"up": {"uv": [7.875, 14.5, 8, 14.625], "texture": "#0"},
				"down": {"uv": [7.875, 14.5, 8, 14.625], "texture": "#0"}
			}
		}
	],
	"gui_light": "front",
	"display": {
		"thirdperson_righthand": {
			"rotation": [0, -90, 0],
			"translation": [0, 8, 1.25],
			"scale": [2.8, 2.8, 2.8]
		},
		"thirdperson_lefthand": {
			"rotation": [0, 90, 0],
			"translation": [0, 8.5, 1.25],
			"scale": [2.8, 2.8, 2.8]
		},
		"firstperson_righthand": {
			"rotation": [8, 90, -8],
			"translation": [2.5, 6.5, -0.75],
			"scale": [2, 2, 2]
		},
		"firstperson_lefthand": {
			"rotation": [9, 90, -8],
			"translation": [1.75, 6, -0.75],
			"scale": [2, 2, 2]
		},
		"ground": {
			"translation": [0, 7.75, 0],
			"scale": [2, 2, 2]
		},
		"gui": {
			"rotation": [0, 0, -46],
			"translation": [0, -0.5, 0],
			"scale": [2.2, 2.2, 2.2]
		},
		"head": {
			"rotation": [0, 0, -132],
			"translation": [-2.25, -13, 4.25],
			"scale": [3.5, 3.5, 3.5]
		},
		"fixed": {
			"rotation": [-180, 0, 138],
			"translation": [-1.25, 1.75, -1],
			"scale": [4, 4, 3]
		}
	},
	"groups": [
		{
			"name": "floral_longsword",
			"origin": [8, 8, 8],
			"color": 0,
			"nbt": "{}",
			"children": [
				0,
				1,
				2,
				3,
				4,
				5,
				6,
				7,
				8,
				9,
				10,
				11,
				12,
				13,
				14,
				15,
				16,
				17,
				18,
				19,
				20,
				21,
				22,
				23,
				24,
				25,
				26,
				27,
				28,
				29,
				30,
				31,
				32,
				33,
				34,
				35,
				36,
				37,
				38,
				39,
				40,
				41,
				42,
				43,
				44,
				45,
				46,
				47,
				48,
				49,
				50,
				51,
				52,
				53,
				54,
				55,
				56,
				57,
				58,
				59,
				60,
				61,
				62,
				63,
				64,
				65
			]
		}
	]
}