{
	"credit": "Made with Blockbench",
	"textures": {
		"0": "item/diamond_sword/forest_guardian_glaive",
		"particle": "item/diamond_sword/forest_guardian_glaive"
	},
	"elements": [
		{
			"name": "forest_guardian_glaive_0",
			"from": [8.375, 13.25, 8],
			"to": [8.625, 13.625, 8.125],
			"faces": {
				"north": {"uv": [8.625, 1.125, 8.375, 1.5], "texture": "#0"},
				"east": {"uv": [8.5, 1.125, 8.625, 1.5], "texture": "#0"},
				"south": {"uv": [8.375, 1.125, 8.625, 1.5], "texture": "#0"},
				"west": {"uv": [8.375, 1.125, 8.5, 1.5], "texture": "#0"},
				"up": {"uv": [8.375, 1.125, 8.625, 1.25], "texture": "#0"},
				"down": {"uv": [8.375, 1.375, 8.625, 1.5], "texture": "#0"}
			}
		},
		{
			"name": "forest_guardian_glaive_1",
			"from": [8.625, 13.5, 8],
			"to": [8.75, 13.625, 8.125],
			"faces": {
				"north": {"uv": [8.75, 1.125, 8.625, 1.25], "texture": "#0"},
				"east": {"uv": [8.625, 1.125, 8.75, 1.25], "texture": "#0"},
				"south": {"uv": [8.625, 1.125, 8.75, 1.25], "texture": "#0"},
				"up": {"uv": [8.625, 1.125, 8.75, 1.25], "texture": "#0"},
				"down": {"uv": [8.625, 1.125, 8.75, 1.25], "texture": "#0"}
			}
		},
		{
			"name": "forest_guardian_glaive_2",
			"from": [8.25, 13, 8],
			"to": [8.375, 13.5, 8.125],
			"faces": {
				"north": {"uv": [8.375, 1.25, 8.25, 1.75], "texture": "#0"},
				"south": {"uv": [8.25, 1.25, 8.375, 1.75], "texture": "#0"},
				"west": {"uv": [8.25, 1.25, 8.375, 1.75], "texture": "#0"},
				"up": {"uv": [8.25, 1.25, 8.375, 1.375], "texture": "#0"}
			}
		},
		{
			"name": "forest_guardian_glaive_3",
			"from": [8.125, 12.875, 8],
			"to": [8.25, 13.375, 8.125],
			"faces": {
				"north": {"uv": [8.25, 1.375, 8.125, 1.875], "texture": "#0"},
				"south": {"uv": [8.125, 1.375, 8.25, 1.875], "texture": "#0"},
				"west": {"uv": [8.125, 1.375, 8.25, 1.875], "texture": "#0"},
				"up": {"uv": [8.125, 1.375, 8.25, 1.5], "texture": "#0"}
			}
		},
		{
			"name": "forest_guardian_glaive_4",
			"from": [8, 12.75, 8],
			"to": [8.125, 13.25, 8.125],
			"faces": {
				"north": {"uv": [8.125, 1.5, 8, 2], "texture": "#0"},
				"south": {"uv": [8, 1.5, 8.125, 2], "texture": "#0"},
				"west": {"uv": [8, 1.5, 8.125, 2], "texture": "#0"},
				"up": {"uv": [8, 1.5, 8.125, 1.625], "texture": "#0"}
			}
		},
		{
			"name": "forest_guardian_glaive_5",
			"from": [8.375, 13, 8],
			"to": [8.5, 13.25, 8.125],
			"faces": {
				"north": {"uv": [8.5, 1.5, 8.375, 1.75], "texture": "#0"},
				"east": {"uv": [8.375, 1.5, 8.5, 1.75], "texture": "#0"},
				"south": {"uv": [8.375, 1.5, 8.5, 1.75], "texture": "#0"},
				"down": {"uv": [8.375, 1.625, 8.5, 1.75], "texture": "#0"}
			}
		},
		{
			"name": "forest_guardian_glaive_6",
			"from": [7.875, 12.625, 8],
			"to": [8, 13.125, 8.125],
			"faces": {
				"north": {"uv": [8, 1.625, 7.875, 2.125], "texture": "#0"},
				"south": {"uv": [7.875, 1.625, 8, 2.125], "texture": "#0"},
				"west": {"uv": [7.875, 1.625, 8, 2.125], "texture": "#0"},
				"up": {"uv": [7.875, 1.625, 8, 1.75], "texture": "#0"}
			}
		},
		{
			"name": "forest_guardian_glaive_7",
			"from": [7.75, 12.375, 8],
			"to": [7.875, 13, 8.125],
			"faces": {
				"north": {"uv": [7.875, 1.75, 7.75, 2.375], "texture": "#0"},
				"south": {"uv": [7.75, 1.75, 7.875, 2.375], "texture": "#0"},
				"west": {"uv": [7.75, 1.75, 7.875, 2.375], "texture": "#0"},
				"up": {"uv": [7.75, 1.75, 7.875, 1.875], "texture": "#0"}
			}
		},
		{
			"name": "forest_guardian_glaive_8",
			"from": [8.25, 12.5, 7.95],
			"to": [8.375, 13, 8.175],
			"faces": {
				"north": {"uv": [8.625, 1.75, 8.5, 2.25], "texture": "#0"},
				"east": {"uv": [8.5, 1.75, 8.625, 2.25], "texture": "#0"},
				"south": {"uv": [8.5, 1.75, 8.625, 2.25], "texture": "#0"},
				"west": {"uv": [8.5, 1.75, 8.625, 2.25], "texture": "#0"},
				"up": {"uv": [8.5, 1.75, 8.625, 1.875], "texture": "#0"},
				"down": {"uv": [8.5, 2.125, 8.625, 2.25], "texture": "#0"}
			}
		},
		{
			"name": "forest_guardian_glaive_9",
			"from": [8.125, 11.875, 7.95],
			"to": [8.25, 12.875, 8.175],
			"faces": {
				"north": {"uv": [8.5, 1.875, 8.375, 2.875], "texture": "#0"},
				"east": {"uv": [8.375, 1.875, 8.5, 2.875], "texture": "#0"},
				"south": {"uv": [8.375, 1.875, 8.5, 2.875], "texture": "#0"},
				"west": {"uv": [8.375, 1.875, 8.5, 2.875], "texture": "#0"},
				"up": {"uv": [8.375, 1.875, 8.5, 2], "texture": "#0"},
				"down": {"uv": [8.375, 2.75, 8.5, 2.875], "texture": "#0"}
			}
		},
		{
			"name": "forest_guardian_glaive_10",
			"from": [7.625, 12, 8],
			"to": [7.75, 12.75, 8.125],
			"faces": {
				"north": {"uv": [7.75, 2, 7.625, 2.75], "texture": "#0"},
				"south": {"uv": [7.625, 2, 7.75, 2.75], "texture": "#0"},
				"west": {"uv": [7.625, 2, 7.75, 2.75], "texture": "#0"},
				"up": {"uv": [7.625, 2, 7.75, 2.125], "texture": "#0"}
			}
		},
		{
			"name": "forest_guardian_glaive_11",
			"from": [8, 11.625, 7.95],
			"to": [8.125, 12.75, 8.175],
			"faces": {
				"north": {"uv": [8.375, 2, 8.25, 3.125], "texture": "#0"},
				"east": {"uv": [8.25, 2, 8.375, 3.125], "texture": "#0"},
				"south": {"uv": [8.25, 2, 8.375, 3.125], "texture": "#0"},
				"west": {"uv": [8.25, 2, 8.375, 3.125], "texture": "#0"},
				"up": {"uv": [8.25, 2, 8.375, 2.125], "texture": "#0"},
				"down": {"uv": [8.25, 3, 8.375, 3.125], "texture": "#0"}
			}
		},
		{
			"name": "forest_guardian_glaive_12",
			"from": [7.875, 10, 7.95],
			"to": [8, 12.625, 8.175],
			"faces": {
				"north": {"uv": [8.25, 2.125, 8.125, 4.75], "texture": "#0"},
				"east": {"uv": [8.125, 2.125, 8.25, 4.75], "texture": "#0"},
				"south": {"uv": [8.125, 2.125, 8.25, 4.75], "texture": "#0"},
				"west": {"uv": [8.125, 2.125, 8.25, 4.75], "texture": "#0"},
				"up": {"uv": [8.125, 2.125, 8.25, 2.25], "texture": "#0"}
			}
		},
		{
			"name": "forest_guardian_glaive_13",
			"from": [7.5, 11.75, 8],
			"to": [7.625, 12.5, 8.125],
			"faces": {
				"north": {"uv": [7.625, 2.25, 7.5, 3], "texture": "#0"},
				"south": {"uv": [7.5, 2.25, 7.625, 3], "texture": "#0"},
				"west": {"uv": [7.5, 2.25, 7.625, 3], "texture": "#0"},
				"up": {"uv": [7.5, 2.25, 7.625, 2.375], "texture": "#0"}
			}
		},
		{
			"name": "forest_guardian_glaive_14",
			"from": [7.75, 10, 7.95],
			"to": [7.875, 12.375, 8.175],
			"faces": {
				"north": {"uv": [8.125, 2.375, 8, 4.75], "texture": "#0"},
				"south": {"uv": [8, 2.375, 8.125, 4.75], "texture": "#0"},
				"west": {"uv": [8, 2.375, 8.125, 4.75], "texture": "#0"},
				"up": {"uv": [8, 2.375, 8.125, 2.5], "texture": "#0"}
			}
		},
		{
			"name": "forest_guardian_glaive_15",
			"from": [7.375, 10.625, 8],
			"to": [7.5, 12.25, 8.125],
			"faces": {
				"north": {"uv": [7.5, 2.5, 7.375, 4.125], "texture": "#0"},
				"south": {"uv": [7.375, 2.5, 7.5, 4.125], "texture": "#0"},
				"west": {"uv": [7.375, 2.5, 7.5, 4.125], "texture": "#0"},
				"up": {"uv": [7.375, 2.5, 7.5, 2.625], "texture": "#0"},
				"down": {"uv": [7.375, 4, 7.5, 4.125], "texture": "#0"}
			}
		},
		{
			"name": "forest_guardian_glaive_16",
			"from": [7.625, 11, 7.95],
			"to": [7.75, 12, 8.175],
			"faces": {
				"north": {"uv": [8, 2.75, 7.875, 3.75], "texture": "#0"},
				"south": {"uv": [7.875, 2.75, 8, 3.75], "texture": "#0"},
				"west": {"uv": [7.875, 2.75, 8, 3.75], "texture": "#0"},
				"up": {"uv": [7.875, 2.75, 8, 2.875], "texture": "#0"},
				"down": {"uv": [7.875, 3.625, 8, 3.75], "texture": "#0"}
			}
		},
		{
			"name": "forest_guardian_glaive_17",
			"from": [7.25, 11.25, 8],
			"to": [7.375, 11.875, 8.125],
			"faces": {
				"north": {"uv": [7.375, 2.875, 7.25, 3.5], "texture": "#0"},
				"south": {"uv": [7.25, 2.875, 7.375, 3.5], "texture": "#0"},
				"west": {"uv": [7.25, 2.875, 7.375, 3.5], "texture": "#0"},
				"up": {"uv": [7.25, 2.875, 7.375, 3], "texture": "#0"},
				"down": {"uv": [7.25, 3.375, 7.375, 3.5], "texture": "#0"}
			}
		},
		{
			"name": "forest_guardian_glaive_18",
			"from": [7.5, 11.375, 7.95],
			"to": [7.625, 11.75, 8.175],
			"faces": {
				"north": {"uv": [7.875, 3, 7.75, 3.375], "texture": "#0"},
				"south": {"uv": [7.75, 3, 7.875, 3.375], "texture": "#0"},
				"west": {"uv": [7.75, 3, 7.875, 3.375], "texture": "#0"},
				"up": {"uv": [7.75, 3, 7.875, 3.125], "texture": "#0"},
				"down": {"uv": [7.75, 3.25, 7.875, 3.375], "texture": "#0"}
			}
		},
		{
			"name": "forest_guardian_glaive_19",
			"from": [7.125, 11.25, 8],
			"to": [7.25, 11.5, 8.125],
			"faces": {
				"north": {"uv": [7.25, 3.25, 7.125, 3.5], "texture": "#0"},
				"south": {"uv": [7.125, 3.25, 7.25, 3.5], "texture": "#0"},
				"west": {"uv": [7.125, 3.25, 7.25, 3.5], "texture": "#0"},
				"up": {"uv": [7.125, 3.25, 7.25, 3.375], "texture": "#0"},
				"down": {"uv": [7.125, 3.375, 7.25, 3.5], "texture": "#0"}
			}
		},
		{
			"name": "forest_guardian_glaive_20",
			"from": [7.5, 10.375, 8],
			"to": [7.625, 11.375, 8.125],
			"faces": {
				"north": {"uv": [7.625, 3.375, 7.5, 4.375], "texture": "#0"},
				"south": {"uv": [7.5, 3.375, 7.625, 4.375], "texture": "#0"},
				"west": {"uv": [7.5, 3.375, 7.625, 4.375], "texture": "#0"},
				"down": {"uv": [7.5, 4.25, 7.625, 4.375], "texture": "#0"}
			}
		},
		{
			"name": "forest_guardian_glaive_21",
			"from": [8, 10.125, 7.95],
			"to": [8.125, 11.375, 8.175],
			"faces": {
				"north": {"uv": [8.375, 3.375, 8.25, 4.625], "texture": "#0"},
				"east": {"uv": [8.25, 3.375, 8.375, 4.625], "texture": "#0"},
				"south": {"uv": [8.25, 3.375, 8.375, 4.625], "texture": "#0"},
				"up": {"uv": [8.25, 3.375, 8.375, 3.5], "texture": "#0"}
			}
		},
		{
			"name": "forest_guardian_glaive_22",
			"from": [7.625, 10.75, 8],
			"to": [7.75, 11, 8.125],
			"faces": {
				"north": {"uv": [7.75, 3.75, 7.625, 4], "texture": "#0"},
				"south": {"uv": [7.625, 3.75, 7.75, 4], "texture": "#0"}
			}
		},
		{
			"name": "forest_guardian_glaive_23",
			"from": [8.125, 10.5, 7.95],
			"to": [8.25, 10.875, 8.175],
			"faces": {
				"north": {"uv": [8.5, 3.875, 8.375, 4.25], "texture": "#0"},
				"east": {"uv": [8.375, 3.875, 8.5, 4.25], "texture": "#0"},
				"south": {"uv": [8.375, 3.875, 8.5, 4.25], "texture": "#0"},
				"up": {"uv": [8.375, 3.875, 8.5, 4], "texture": "#0"}
			}
		},
		{
			"name": "forest_guardian_glaive_24",
			"from": [7.625, 10.625, 7.95],
			"to": [7.75, 10.75, 8.175],
			"faces": {
				"north": {"uv": [8, 4, 7.875, 4.125], "texture": "#0"},
				"south": {"uv": [7.875, 4, 8, 4.125], "texture": "#0"},
				"west": {"uv": [7.875, 4, 8, 4.125], "texture": "#0"},
				"up": {"uv": [7.875, 4, 8, 4.125], "texture": "#0"},
				"down": {"uv": [7.875, 4, 8, 4.125], "texture": "#0"}
			}
		},
		{
			"name": "forest_guardian_glaive_25",
			"from": [7.625, 10, 8],
			"to": [7.75, 10.625, 8.125],
			"faces": {
				"north": {"uv": [7.75, 4.125, 7.625, 4.75], "texture": "#0"},
				"south": {"uv": [7.625, 4.125, 7.75, 4.75], "texture": "#0"},
				"west": {"uv": [7.625, 4.125, 7.75, 4.75], "texture": "#0"}
			}
		},
		{
			"name": "forest_guardian_glaive_26",
			"from": [7.5, 9.875, 8],
			"to": [7.625, 10.125, 8.125],
			"faces": {
				"north": {"uv": [7.625, 4.625, 7.5, 4.875], "texture": "#0"},
				"south": {"uv": [7.5, 4.625, 7.625, 4.875], "texture": "#0"},
				"west": {"uv": [7.5, 4.625, 7.625, 4.875], "texture": "#0"},
				"up": {"uv": [7.5, 4.625, 7.625, 4.75], "texture": "#0"}
			}
		},
		{
			"name": "forest_guardian_glaive_27",
			"from": [7.375, 9.875, 8],
			"to": [7.5, 10, 8.125],
			"faces": {
				"north": {"uv": [7.5, 4.75, 7.375, 4.875], "texture": "#0"},
				"south": {"uv": [7.375, 4.75, 7.5, 4.875], "texture": "#0"},
				"west": {"uv": [7.375, 4.75, 7.5, 4.875], "texture": "#0"},
				"up": {"uv": [7.375, 4.75, 7.5, 4.875], "texture": "#0"}
			}
		},
		{
			"name": "forest_guardian_glaive_28",
			"from": [7.625, 9.875, 7.95],
			"to": [7.75, 10, 8.175],
			"faces": {
				"north": {"uv": [8, 4.75, 7.875, 4.875], "texture": "#0"},
				"south": {"uv": [7.875, 4.75, 8, 4.875], "texture": "#0"},
				"west": {"uv": [7.875, 4.75, 8, 4.875], "texture": "#0"},
				"up": {"uv": [7.875, 4.75, 8, 4.875], "texture": "#0"}
			}
		},
		{
			"name": "forest_guardian_glaive_29",
			"from": [8.25, 9.875, 7.9],
			"to": [8.375, 10.625, 8.225],
			"faces": {
				"north": {"uv": [8.375, 4.875, 8.25, 5.625], "texture": "#0"},
				"east": {"uv": [8.25, 4.875, 8.375, 5.625], "texture": "#0"},
				"south": {"uv": [8.25, 4.875, 8.375, 5.625], "texture": "#0"},
				"west": {"uv": [8.25, 4.875, 8.375, 5.625], "texture": "#0"},
				"up": {"uv": [8.25, 4.875, 8.375, 5], "texture": "#0"}
			}
		},
		{
			"name": "forest_guardian_glaive_30",
			"from": [8.125, 9.875, 7.9],
			"to": [8.25, 10.5, 8.225],
			"faces": {
				"north": {"uv": [8.25, 5, 8.125, 5.625], "texture": "#0"},
				"south": {"uv": [8.125, 5, 8.25, 5.625], "texture": "#0"},
				"west": {"uv": [8.125, 5, 8.25, 5.625], "texture": "#0"},
				"up": {"uv": [8.125, 5, 8.25, 5.125], "texture": "#0"}
			}
		},
		{
			"name": "forest_guardian_glaive_31",
			"from": [8, 9.75, 7.9],
			"to": [8.125, 10.125, 8.225],
			"faces": {
				"north": {"uv": [8.125, 5.375, 8, 5.75], "texture": "#0"},
				"south": {"uv": [8, 5.375, 8.125, 5.75], "texture": "#0"},
				"west": {"uv": [8, 5.375, 8.125, 5.75], "texture": "#0"},
				"up": {"uv": [8, 5.375, 8.125, 5.5], "texture": "#0"}
			}
		},
		{
			"name": "forest_guardian_glaive_32",
			"from": [8.625, 10.375, 7.9],
			"to": [8.75, 10.625, 8.225],
			"faces": {
				"north": {"uv": [9, 5.375, 8.875, 5.625], "texture": "#0"},
				"east": {"uv": [8.875, 5.375, 9, 5.625], "texture": "#0"},
				"south": {"uv": [8.875, 5.375, 9, 5.625], "texture": "#0"},
				"west": {"uv": [8.875, 5.375, 9, 5.625], "texture": "#0"},
				"up": {"uv": [8.875, 5.375, 9, 5.5], "texture": "#0"},
				"down": {"uv": [8.875, 5.5, 9, 5.625], "texture": "#0"}
			}
		},
		{
			"name": "forest_guardian_glaive_33",
			"from": [7.75, 9.625, 7.9],
			"to": [8, 10, 8.225],
			"faces": {
				"north": {"uv": [8, 5.5, 7.75, 5.875], "texture": "#0"},
				"south": {"uv": [7.75, 5.5, 8, 5.875], "texture": "#0"},
				"west": {"uv": [7.75, 5.5, 7.875, 5.875], "texture": "#0"},
				"up": {"uv": [7.75, 5.5, 8, 5.625], "texture": "#0"}
			}
		},
		{
			"name": "forest_guardian_glaive_34",
			"from": [8.5, 10.125, 7.9],
			"to": [8.625, 10.5, 8.225],
			"faces": {
				"north": {"uv": [8.875, 5.5, 8.75, 5.875], "texture": "#0"},
				"east": {"uv": [8.75, 5.5, 8.875, 5.875], "texture": "#0"},
				"south": {"uv": [8.75, 5.5, 8.875, 5.875], "texture": "#0"},
				"west": {"uv": [8.75, 5.5, 8.875, 5.875], "texture": "#0"},
				"up": {"uv": [8.75, 5.5, 8.875, 5.625], "texture": "#0"},
				"down": {"uv": [8.75, 5.75, 8.875, 5.875], "texture": "#0"}
			}
		},
		{
			"name": "forest_guardian_glaive_35",
			"from": [8.75, 10.25, 7.9],
			"to": [8.875, 10.5, 8.225],
			"faces": {
				"north": {"uv": [9.125, 5.5, 9, 5.75], "texture": "#0"},
				"east": {"uv": [9, 5.5, 9.125, 5.75], "texture": "#0"},
				"south": {"uv": [9, 5.5, 9.125, 5.75], "texture": "#0"},
				"west": {"uv": [9, 5.5, 9.125, 5.75], "texture": "#0"},
				"up": {"uv": [9, 5.5, 9.125, 5.625], "texture": "#0"},
				"down": {"uv": [9, 5.625, 9.125, 5.75], "texture": "#0"}
			}
		},
		{
			"name": "forest_guardian_glaive_36",
			"from": [7.25, 9.625, 7.9],
			"to": [7.75, 9.875, 8.225],
			"faces": {
				"north": {"uv": [7.75, 5.625, 7.25, 5.875], "texture": "#0"},
				"south": {"uv": [7.25, 5.625, 7.75, 5.875], "texture": "#0"},
				"west": {"uv": [7.25, 5.625, 7.375, 5.875], "texture": "#0"},
				"up": {"uv": [7.25, 5.625, 7.75, 5.75], "texture": "#0"},
				"down": {"uv": [7.25, 5.75, 7.75, 5.875], "texture": "#0"}
			}
		},
		{
			"name": "forest_guardian_glaive_37",
			"from": [8.375, 9.625, 7.85],
			"to": [8.5, 10.375, 8.275],
			"faces": {
				"north": {"uv": [8.75, 5.625, 8.625, 6.375], "texture": "#0"},
				"east": {"uv": [8.625, 5.625, 8.75, 6.375], "texture": "#0"},
				"south": {"uv": [8.625, 5.625, 8.75, 6.375], "texture": "#0"},
				"west": {"uv": [8.625, 5.625, 8.75, 6.375], "texture": "#0"},
				"up": {"uv": [8.625, 5.625, 8.75, 5.75], "texture": "#0"},
				"down": {"uv": [8.625, 6.25, 8.75, 6.375], "texture": "#0"}
			}
		},
		{
			"name": "forest_guardian_glaive_38",
			"from": [8.125, 9.25, 7.85],
			"to": [8.375, 9.875, 8.275],
			"faces": {
				"north": {"uv": [8.625, 6.125, 8.375, 6.75], "texture": "#0"},
				"east": {"uv": [8.5, 6.125, 8.625, 6.75], "texture": "#0"},
				"south": {"uv": [8.375, 6.125, 8.625, 6.75], "texture": "#0"},
				"west": {"uv": [8.375, 6.125, 8.5, 6.75], "texture": "#0"},
				"up": {"uv": [8.375, 6.125, 8.625, 6.25], "texture": "#0"},
				"down": {"uv": [8.375, 6.625, 8.625, 6.75], "texture": "#0"}
			}
		},
		{
			"name": "forest_guardian_glaive_39",
			"from": [8, 9.5, 7.85],
			"to": [8.125, 9.75, 8.275],
			"faces": {
				"north": {"uv": [8.375, 6.25, 8.25, 6.5], "texture": "#0"},
				"south": {"uv": [8.25, 6.25, 8.375, 6.5], "texture": "#0"},
				"west": {"uv": [8.25, 6.25, 8.375, 6.5], "texture": "#0"},
				"up": {"uv": [8.25, 6.25, 8.375, 6.375], "texture": "#0"},
				"down": {"uv": [8.25, 6.375, 8.375, 6.5], "texture": "#0"}
			}
		},
		{
			"name": "forest_guardian_glaive_40",
			"from": [7.75, 9.25, 7.9],
			"to": [8, 9.625, 8.225],
			"faces": {
				"north": {"uv": [7.75, 6.375, 7.5, 6.75], "texture": "#0"},
				"south": {"uv": [7.5, 6.375, 7.75, 6.75], "texture": "#0"},
				"west": {"uv": [7.5, 6.375, 7.625, 6.75], "texture": "#0"}
			}
		},
		{
			"name": "forest_guardian_glaive_41",
			"from": [8, 9.375, 7.9],
			"to": [8.125, 9.5, 8.225],
			"faces": {
				"north": {"uv": [7.875, 6.5, 7.75, 6.625], "texture": "#0"},
				"south": {"uv": [7.75, 6.5, 7.875, 6.625], "texture": "#0"}
			}
		},
		{
			"name": "forest_guardian_glaive_42",
			"from": [8, 8.25, 7.9],
			"to": [8.125, 9.375, 8.225],
			"faces": {
				"north": {"uv": [8.125, 6.625, 8, 7.75], "texture": "#0"},
				"south": {"uv": [8, 6.625, 8.125, 7.75], "texture": "#0"}
			}
		},
		{
			"name": "forest_guardian_glaive_43",
			"from": [7.25, 9.125, 7.9],
			"to": [7.5, 9.25, 8.225],
			"faces": {
				"north": {"uv": [7.25, 6.75, 7, 6.875], "texture": "#0"},
				"east": {"uv": [7.125, 6.75, 7.25, 6.875], "texture": "#0"},
				"south": {"uv": [7, 6.75, 7.25, 6.875], "texture": "#0"},
				"west": {"uv": [7, 6.75, 7.125, 6.875], "texture": "#0"},
				"up": {"uv": [7, 6.75, 7.25, 6.875], "texture": "#0"},
				"down": {"uv": [7, 6.75, 7.25, 6.875], "texture": "#0"}
			}
		},
		{
			"name": "forest_guardian_glaive_44",
			"from": [7.625, 8.875, 7.9],
			"to": [7.875, 9.25, 8.225],
			"faces": {
				"north": {"uv": [7.625, 6.75, 7.375, 7.125], "texture": "#0"},
				"south": {"uv": [7.375, 6.75, 7.625, 7.125], "texture": "#0"},
				"west": {"uv": [7.375, 6.75, 7.5, 7.125], "texture": "#0"},
				"up": {"uv": [7.375, 6.75, 7.625, 6.875], "texture": "#0"},
				"down": {"uv": [7.375, 7, 7.625, 7.125], "texture": "#0"}
			}
		},
		{
			"name": "forest_guardian_glaive_45",
			"from": [7.875, 8.125, 7.9],
			"to": [8, 9.25, 8.225],
			"faces": {
				"north": {"uv": [8, 6.75, 7.875, 7.875], "texture": "#0"},
				"south": {"uv": [7.875, 6.75, 8, 7.875], "texture": "#0"},
				"west": {"uv": [7.875, 6.75, 8, 7.875], "texture": "#0"}
			}
		},
		{
			"name": "forest_guardian_glaive_46",
			"from": [8.125, 8.875, 7.85],
			"to": [8.25, 9.25, 8.275],
			"faces": {
				"north": {"uv": [8.5, 6.75, 8.375, 7.125], "texture": "#0"},
				"east": {"uv": [8.375, 6.75, 8.5, 7.125], "texture": "#0"},
				"south": {"uv": [8.375, 6.75, 8.5, 7.125], "texture": "#0"},
				"west": {"uv": [8.375, 6.75, 8.5, 7.125], "texture": "#0"},
				"down": {"uv": [8.375, 7, 8.5, 7.125], "texture": "#0"}
			}
		},
		{
			"name": "forest_guardian_glaive_47",
			"from": [7.125, 9, 7.9],
			"to": [7.375, 9.125, 8.225],
			"faces": {
				"north": {"uv": [7.125, 6.875, 6.875, 7], "texture": "#0"},
				"east": {"uv": [7, 6.875, 7.125, 7], "texture": "#0"},
				"south": {"uv": [6.875, 6.875, 7.125, 7], "texture": "#0"},
				"west": {"uv": [6.875, 6.875, 7, 7], "texture": "#0"},
				"up": {"uv": [6.875, 6.875, 7.125, 7], "texture": "#0"},
				"down": {"uv": [6.875, 6.875, 7.125, 7], "texture": "#0"}
			}
		},
		{
			"name": "forest_guardian_glaive_48",
			"from": [7.25, 8.875, 7.9],
			"to": [7.625, 9, 8.225],
			"faces": {
				"north": {"uv": [7.375, 7, 7, 7.125], "texture": "#0"},
				"south": {"uv": [7, 7, 7.375, 7.125], "texture": "#0"},
				"west": {"uv": [7, 7, 7.125, 7.125], "texture": "#0"},
				"up": {"uv": [7, 7, 7.375, 7.125], "texture": "#0"},
				"down": {"uv": [7, 7, 7.375, 7.125], "texture": "#0"}
			}
		},
		{
			"name": "forest_guardian_glaive_49",
			"from": [7.5, 8.75, 7.9],
			"to": [7.75, 8.875, 8.225],
			"faces": {
				"north": {"uv": [7.5, 7.125, 7.25, 7.25], "texture": "#0"},
				"east": {"uv": [7.375, 7.125, 7.5, 7.25], "texture": "#0"},
				"south": {"uv": [7.25, 7.125, 7.5, 7.25], "texture": "#0"},
				"west": {"uv": [7.25, 7.125, 7.375, 7.25], "texture": "#0"},
				"down": {"uv": [7.25, 7.125, 7.5, 7.25], "texture": "#0"}
			}
		},
		{
			"name": "forest_guardian_glaive_50",
			"from": [8.125, 8.375, 7.9],
			"to": [8.25, 8.875, 8.225],
			"faces": {
				"north": {"uv": [8.25, 7.125, 8.125, 7.625], "texture": "#0"},
				"east": {"uv": [8.125, 7.125, 8.25, 7.625], "texture": "#0"},
				"south": {"uv": [8.125, 7.125, 8.25, 7.625], "texture": "#0"}
			}
		},
		{
			"name": "forest_guardian_glaive_51",
			"from": [8.125, 8.125, 7.85],
			"to": [8.375, 8.375, 8.275],
			"faces": {
				"north": {"uv": [7.375, 7.625, 7.125, 7.875], "texture": "#0"},
				"east": {"uv": [7.25, 7.625, 7.375, 7.875], "texture": "#0"},
				"south": {"uv": [7.125, 7.625, 7.375, 7.875], "texture": "#0"},
				"west": {"uv": [7.125, 7.625, 7.25, 7.875], "texture": "#0"},
				"up": {"uv": [7.125, 7.625, 7.375, 7.75], "texture": "#0"},
				"down": {"uv": [7.125, 7.75, 7.375, 7.875], "texture": "#0"}
			}
		},
		{
			"name": "forest_guardian_glaive_52",
			"from": [8, 7.875, 7.85],
			"to": [8.125, 8.25, 8.275],
			"faces": {
				"north": {"uv": [7.125, 7.75, 7, 8.125], "texture": "#0"},
				"east": {"uv": [7, 7.75, 7.125, 8.125], "texture": "#0"},
				"south": {"uv": [7, 7.75, 7.125, 8.125], "texture": "#0"},
				"west": {"uv": [7, 7.75, 7.125, 8.125], "texture": "#0"},
				"up": {"uv": [7, 7.75, 7.125, 7.875], "texture": "#0"},
				"down": {"uv": [7, 8, 7.125, 8.125], "texture": "#0"}
			}
		},
		{
			"name": "forest_guardian_glaive_53",
			"from": [7.875, 7.75, 7.85],
			"to": [8, 8.125, 8.275],
			"faces": {
				"north": {"uv": [7, 7.875, 6.875, 8.25], "texture": "#0"},
				"east": {"uv": [6.875, 7.875, 7, 8.25], "texture": "#0"},
				"south": {"uv": [6.875, 7.875, 7, 8.25], "texture": "#0"},
				"west": {"uv": [6.875, 7.875, 7, 8.25], "texture": "#0"},
				"up": {"uv": [6.875, 7.875, 7, 8], "texture": "#0"},
				"down": {"uv": [6.875, 8.125, 7, 8.25], "texture": "#0"}
			}
		},
		{
			"name": "forest_guardian_glaive_54",
			"from": [8.125, 8, 7.85],
			"to": [8.25, 8.125, 8.275],
			"faces": {
				"north": {"uv": [7.25, 7.875, 7.125, 8], "texture": "#0"},
				"east": {"uv": [7.125, 7.875, 7.25, 8], "texture": "#0"},
				"south": {"uv": [7.125, 7.875, 7.25, 8], "texture": "#0"},
				"down": {"uv": [7.125, 7.875, 7.25, 8], "texture": "#0"}
			}
		},
		{
			"name": "forest_guardian_glaive_55",
			"from": [7.75, 7.625, 7.85],
			"to": [7.875, 8, 8.275],
			"faces": {
				"north": {"uv": [6.875, 8, 6.75, 8.375], "texture": "#0"},
				"east": {"uv": [6.75, 8, 6.875, 8.375], "texture": "#0"},
				"south": {"uv": [6.75, 8, 6.875, 8.375], "texture": "#0"},
				"west": {"uv": [6.75, 8, 6.875, 8.375], "texture": "#0"},
				"up": {"uv": [6.75, 8, 6.875, 8.125], "texture": "#0"},
				"down": {"uv": [6.75, 8.25, 6.875, 8.375], "texture": "#0"}
			}
		},
		{
			"name": "forest_guardian_glaive_56",
			"from": [8.125, 3, 7.9],
			"to": [8.25, 8, 8.225],
			"faces": {
				"north": {"uv": [8.25, 8, 8.125, 13], "texture": "#0"},
				"east": {"uv": [8.125, 8, 8.25, 13], "texture": "#0"},
				"south": {"uv": [8.125, 8, 8.25, 13], "texture": "#0"},
				"down": {"uv": [8.125, 12.875, 8.25, 13], "texture": "#0"}
			}
		},
		{
			"name": "forest_guardian_glaive_57",
			"from": [7.625, 7.625, 7.85],
			"to": [7.75, 7.875, 8.275],
			"faces": {
				"north": {"uv": [6.75, 8.125, 6.625, 8.375], "texture": "#0"},
				"south": {"uv": [6.625, 8.125, 6.75, 8.375], "texture": "#0"},
				"west": {"uv": [6.625, 8.125, 6.75, 8.375], "texture": "#0"},
				"up": {"uv": [6.625, 8.125, 6.75, 8.25], "texture": "#0"},
				"down": {"uv": [6.625, 8.25, 6.75, 8.375], "texture": "#0"}
			}
		},
		{
			"name": "forest_guardian_glaive_58",
			"from": [8, 1.125, 7.9],
			"to": [8.125, 7.875, 8.225],
			"faces": {
				"north": {"uv": [8.125, 8.125, 8, 14.875], "texture": "#0"},
				"east": {"uv": [8, 8.125, 8.125, 14.875], "texture": "#0"},
				"south": {"uv": [8, 8.125, 8.125, 14.875], "texture": "#0"},
				"west": {"uv": [8, 8.125, 8.125, 14.875], "texture": "#0"}
			}
		},
		{
			"name": "forest_guardian_glaive_59",
			"from": [8.25, 5.125, 7.9],
			"to": [8.375, 7.875, 8.225],
			"faces": {
				"north": {"uv": [8.375, 8.125, 8.25, 10.875], "texture": "#0"},
				"east": {"uv": [8.25, 8.125, 8.375, 10.875], "texture": "#0"},
				"south": {"uv": [8.25, 8.125, 8.375, 10.875], "texture": "#0"},
				"up": {"uv": [8.25, 8.125, 8.375, 8.25], "texture": "#0"},
				"down": {"uv": [8.25, 10.75, 8.375, 10.875], "texture": "#0"}
			}
		},
		{
			"name": "forest_guardian_glaive_60",
			"from": [7.875, 7.25, 7.9],
			"to": [8, 7.75, 8.225],
			"faces": {
				"north": {"uv": [8, 8.25, 7.875, 8.75], "texture": "#0"},
				"south": {"uv": [7.875, 8.25, 8, 8.75], "texture": "#0"},
				"west": {"uv": [7.875, 8.25, 8, 8.75], "texture": "#0"},
				"down": {"uv": [7.875, 8.625, 8, 8.75], "texture": "#0"}
			}
		},
		{
			"name": "forest_guardian_glaive_61",
			"from": [7.875, 1, 7.9],
			"to": [8, 5.5, 8.225],
			"faces": {
				"north": {"uv": [8, 10.5, 7.875, 15], "texture": "#0"},
				"south": {"uv": [7.875, 10.5, 8, 15], "texture": "#0"},
				"west": {"uv": [7.875, 10.5, 8, 15], "texture": "#0"},
				"up": {"uv": [7.875, 10.5, 8, 10.625], "texture": "#0"}
			}
		},
		{
			"name": "forest_guardian_glaive_62",
			"from": [7.75, 1.125, 7.9],
			"to": [7.875, 3.5, 8.225],
			"faces": {
				"north": {"uv": [7.875, 12.5, 7.75, 14.875], "texture": "#0"},
				"south": {"uv": [7.75, 12.5, 7.875, 14.875], "texture": "#0"},
				"west": {"uv": [7.75, 12.5, 7.875, 14.875], "texture": "#0"},
				"up": {"uv": [7.75, 12.5, 7.875, 12.625], "texture": "#0"},
				"down": {"uv": [7.75, 14.75, 7.875, 14.875], "texture": "#0"}
			}
		},
		{
			"name": "forest_guardian_glaive_63",
			"from": [8.125, 1.25, 7.9],
			"to": [8.25, 1.625, 8.225],
			"faces": {
				"north": {"uv": [8.25, 14.375, 8.125, 14.75], "texture": "#0"},
				"east": {"uv": [8.125, 14.375, 8.25, 14.75], "texture": "#0"},
				"south": {"uv": [8.125, 14.375, 8.25, 14.75], "texture": "#0"},
				"up": {"uv": [8.125, 14.375, 8.25, 14.5], "texture": "#0"}
			}
		},
		{
			"name": "forest_guardian_glaive_64",
			"from": [8.375, 0.875, 7.85],
			"to": [8.5, 1.5, 8.275],
			"faces": {
				"north": {"uv": [8.75, 14.5, 8.625, 15.125], "texture": "#0"},
				"east": {"uv": [8.625, 14.5, 8.75, 15.125], "texture": "#0"},
				"south": {"uv": [8.625, 14.5, 8.75, 15.125], "texture": "#0"},
				"west": {"uv": [8.625, 14.5, 8.75, 15.125], "texture": "#0"},
				"up": {"uv": [8.625, 14.5, 8.75, 14.625], "texture": "#0"},
				"down": {"uv": [8.625, 15, 8.75, 15.125], "texture": "#0"}
			}
		},
		{
			"name": "forest_guardian_glaive_65",
			"from": [8.25, 0.75, 7.85],
			"to": [8.375, 1.375, 8.275],
			"faces": {
				"north": {"uv": [8.625, 14.625, 8.5, 15.25], "texture": "#0"},
				"east": {"uv": [8.5, 14.625, 8.625, 15.25], "texture": "#0"},
				"south": {"uv": [8.5, 14.625, 8.625, 15.25], "texture": "#0"},
				"west": {"uv": [8.5, 14.625, 8.625, 15.25], "texture": "#0"},
				"up": {"uv": [8.5, 14.625, 8.625, 14.75], "texture": "#0"},
				"down": {"uv": [8.5, 15.125, 8.625, 15.25], "texture": "#0"}
			}
		},
		{
			"name": "forest_guardian_glaive_66",
			"from": [8.125, 0.625, 7.85],
			"to": [8.25, 1.25, 8.275],
			"faces": {
				"north": {"uv": [8.5, 14.75, 8.375, 15.375], "texture": "#0"},
				"east": {"uv": [8.375, 14.75, 8.5, 15.375], "texture": "#0"},
				"south": {"uv": [8.375, 14.75, 8.5, 15.375], "texture": "#0"},
				"west": {"uv": [8.375, 14.75, 8.5, 15.375], "texture": "#0"},
				"up": {"uv": [8.375, 14.75, 8.5, 14.875], "texture": "#0"},
				"down": {"uv": [8.375, 15.25, 8.5, 15.375], "texture": "#0"}
			}
		},
		{
			"name": "forest_guardian_glaive_67",
			"from": [8, 0.5, 7.85],
			"to": [8.125, 1.125, 8.275],
			"faces": {
				"north": {"uv": [8.375, 14.875, 8.25, 15.5], "texture": "#0"},
				"east": {"uv": [8.25, 14.875, 8.375, 15.5], "texture": "#0"},
				"south": {"uv": [8.25, 14.875, 8.375, 15.5], "texture": "#0"},
				"west": {"uv": [8.25, 14.875, 8.375, 15.5], "texture": "#0"},
				"up": {"uv": [8.25, 14.875, 8.375, 15], "texture": "#0"},
				"down": {"uv": [8.25, 15.375, 8.375, 15.5], "texture": "#0"}
			}
		},
		{
			"name": "forest_guardian_glaive_68",
			"from": [7.875, 0.5, 7.85],
			"to": [8, 1, 8.275],
			"faces": {
				"north": {"uv": [8.25, 15, 8.125, 15.5], "texture": "#0"},
				"south": {"uv": [8.125, 15, 8.25, 15.5], "texture": "#0"},
				"west": {"uv": [8.125, 15, 8.25, 15.5], "texture": "#0"},
				"up": {"uv": [8.125, 15, 8.25, 15.125], "texture": "#0"},
				"down": {"uv": [8.125, 15.375, 8.25, 15.5], "texture": "#0"}
			}
		},
		{
			"name": "forest_guardian_glaive_69",
			"from": [7.75, 0.5, 7.85],
			"to": [7.875, 0.875, 8.275],
			"faces": {
				"north": {"uv": [8.125, 15.125, 8, 15.5], "texture": "#0"},
				"south": {"uv": [8, 15.125, 8.125, 15.5], "texture": "#0"},
				"west": {"uv": [8, 15.125, 8.125, 15.5], "texture": "#0"},
				"up": {"uv": [8, 15.125, 8.125, 15.25], "texture": "#0"},
				"down": {"uv": [8, 15.375, 8.125, 15.5], "texture": "#0"}
			}
		},
		{
			"name": "forest_guardian_glaive_70",
			"from": [7.625, 0.5, 7.85],
			"to": [7.75, 0.75, 8.275],
			"faces": {
				"north": {"uv": [8, 15.25, 7.875, 15.5], "texture": "#0"},
				"south": {"uv": [7.875, 15.25, 8, 15.5], "texture": "#0"},
				"west": {"uv": [7.875, 15.25, 8, 15.5], "texture": "#0"},
				"up": {"uv": [7.875, 15.25, 8, 15.375], "texture": "#0"},
				"down": {"uv": [7.875, 15.375, 8, 15.5], "texture": "#0"}
			}
		},
		{
			"name": "forest_guardian_glaive_71",
			"from": [7.5, 0.5, 7.85],
			"to": [7.625, 0.625, 8.275],
			"faces": {
				"north": {"uv": [7.875, 15.375, 7.75, 15.5], "texture": "#0"},
				"south": {"uv": [7.75, 15.375, 7.875, 15.5], "texture": "#0"},
				"west": {"uv": [7.75, 15.375, 7.875, 15.5], "texture": "#0"},
				"up": {"uv": [7.75, 15.375, 7.875, 15.5], "texture": "#0"},
				"down": {"uv": [7.75, 15.375, 7.875, 15.5], "texture": "#0"}
			}
		}
	],
	"gui_light": "front",
	"display": {
		"thirdperson_righthand": {
			"rotation": [0, -90, 0],
			"translation": [-0.25, 5.5, 1],
			"scale": [3.5, 3.5, 3]
		},
		"thirdperson_lefthand": {
			"rotation": [0, 90, 0],
			"translation": [-0.25, 5.5, 1],
			"scale": [3.5, 3.5, 3]
		},
		"firstperson_righthand": {
			"rotation": [-4, -90, -8],
			"translation": [2.25, 5, 0],
			"scale": [2.2, 2.2, 2.2]
		},
		"firstperson_lefthand": {
			"rotation": [-4, 90, 4],
			"translation": [2.5, 5.25, -0.25],
			"scale": [2.2, 2.2, 2.2]
		},
		"ground": {
			"translation": [0, 7.75, 0],
			"scale": [2, 2, 2]
		},
		"gui": {
			"rotation": [0, 0, -46],
			"translation": [2, 1.25, 0],
			"scale": [2.2, 2.2, 2.2]
		},
		"head": {
			"rotation": [0, 0, -42],
			"translation": [3, -12.75, 3.5],
			"scale": [4, 4, 3.5]
		},
		"fixed": {
			"rotation": [-180, 0, 138],
			"translation": [-2.25, 4.75, -0.5],
			"scale": [4, 4, 3]
		}
	},
	"groups": [
		{
			"name": "forest_guardian_glaive",
			"origin": [8, 8, 8],
			"color": 0,
			"nbt": "{}",
			"children": [
				0,
				1,
				2,
				3,
				4,
				5,
				6,
				7,
				8,
				9,
				10,
				11,
				12,
				13,
				14,
				15,
				16,
				17,
				18,
				19,
				20,
				21,
				22,
				23,
				24,
				25,
				26,
				27,
				28,
				29,
				30,
				31,
				32,
				33,
				34,
				35,
				36,
				37,
				38,
				39,
				40,
				41,
				42,
				43,
				44,
				45,
				46,
				47,
				48,
				49,
				50,
				51,
				52,
				53,
				54,
				55,
				56,
				57,
				58,
				59,
				60,
				61,
				62,
				63,
				64,
				65,
				66,
				67,
				68,
				69,
				70,
				71
			]
		}
	]
}