{
	"credit": "Made with Blockbench",
	"textures": {
		"0": "item/diamond_sword/frostscythe",
		"particle": "item/diamond_sword/frostscythe"
	},
	"elements": [
		{
			"from": [6.75, -0.25, 7.935],
			"to": [8, 1.25, 8.56],
			"faces": {
				"north": {"uv": [7.625, 12.625, 8.25, 13.375], "texture": "#0"},
				"east": {"uv": [7.625, 12.625, 7.75, 13.375], "texture": "#0"},
				"south": {"uv": [8.25, 12.625, 7.625, 13.375], "texture": "#0"},
				"west": {"uv": [8.125, 12.625, 8.25, 13.375], "texture": "#0"},
				"up": {"uv": [8.25, 12.625, 7.625, 12.75], "texture": "#0"},
				"down": {"uv": [8.25, 13.25, 7.625, 13.375], "texture": "#0"}
			}
		},
		{
			"from": [7, 1.25, 8],
			"to": [7.75, 1.75, 8.5],
			"faces": {
				"north": {"uv": [7.75, 12.40625, 8.125, 12.625], "texture": "#0"},
				"east": {"uv": [7.75, 12.40625, 7.875, 12.625], "texture": "#0"},
				"south": {"uv": [8.125, 12.40625, 7.75, 12.625], "texture": "#0"},
				"west": {"uv": [8, 12.40625, 8.125, 12.625], "texture": "#0"},
				"up": {"uv": [7.875, 5.125, 8, 5.25], "texture": "#0"},
				"down": {"uv": [0, 0, 0.75, 0.75], "texture": "#missing"}
			}
		},
		{
			"from": [7, 3.25, 8],
			"to": [7.75, 4, 8.5],
			"faces": {
				"north": {"uv": [7.75, 11.28125, 8.125, 11.625], "texture": "#0"},
				"east": {"uv": [7.75, 11.28125, 7.875, 11.625], "texture": "#0"},
				"south": {"uv": [8.125, 11.28125, 7.75, 11.625], "texture": "#0"},
				"west": {"uv": [8, 11.28125, 8.125, 11.625], "texture": "#0"},
				"up": {"uv": [7.625, 5.125, 7.75, 5.25], "texture": "#0"},
				"down": {"uv": [7.875, 5.125, 8, 5.25], "texture": "#0"}
			}
		},
		{
			"from": [7, 14.5, 8],
			"to": [7.75, 15.25, 8.5],
			"faces": {
				"north": {"uv": [7.75, 5.625, 8.125, 6], "texture": "#0"},
				"east": {"uv": [7.75, 5.625, 7.875, 6], "texture": "#0"},
				"south": {"uv": [8.125, 5.625, 7.75, 6], "texture": "#0"},
				"west": {"uv": [8, 5.625, 8.125, 6], "texture": "#0"},
				"up": {"uv": [7.875, 5.125, 8, 5.25], "texture": "#0"},
				"down": {"uv": [7.625, 5.125, 7.75, 5.25], "texture": "#0"}
			}
		},
		{
			"from": [7.25, 15.25, 8],
			"to": [8, 16.25, 8.5],
			"faces": {
				"north": {"uv": [7.625, 5.125, 8, 5.625], "texture": "#0"},
				"east": {"uv": [7.625, 5.125, 7.75, 5.625], "texture": "#0"},
				"south": {"uv": [8, 5.125, 7.625, 5.625], "texture": "#0"},
				"west": {"uv": [7.875, 5.125, 8, 5.625], "texture": "#0"},
				"up": {"uv": [7.625, 5.125, 7.75, 5.25], "texture": "#0"},
				"down": {"uv": [7.625, 5.125, 7.75, 5.25], "texture": "#0"}
			}
		},
		{
			"from": [8.25, 19.5, 8],
			"to": [8.75, 20.75, 8.5],
			"faces": {
				"north": {"uv": [7.25, 2.875, 7.5, 3.5], "texture": "#0"},
				"east": {"uv": [7.25, 2.875, 7.375, 3.5], "texture": "#0"},
				"south": {"uv": [7.5, 2.875, 7.25, 3.5], "texture": "#0"},
				"west": {"uv": [7.375, 3.375, 7.5, 3.5], "texture": "#0"},
				"up": {"uv": [7, 2.875, 7.125, 3], "texture": "#0"},
				"down": {"uv": [7.5, 2.625, 7.625, 2.75], "texture": "#0"}
			}
		},
		{
			"from": [6.25, 19.25, 8],
			"to": [6.5, 21.25, 8.5],
			"faces": {
				"north": {"uv": [8.375, 2.625, 8.5, 3.625], "texture": "#0"},
				"east": {"uv": [8.375, 2.625, 8.5, 3.625], "texture": "#0"},
				"south": {"uv": [8.375, 2.625, 8.5, 3.625], "texture": "#0"},
				"west": {"uv": [7.375, 3.375, 7.5, 3.5], "texture": "#0"},
				"up": {"uv": [7, 2.875, 7.125, 3], "texture": "#0"},
				"down": {"uv": [7.375, 3.375, 7.5, 3.5], "texture": "#0"}
			}
		},
		{
			"from": [7.25, 21.25, 8],
			"to": [7.5, 22.25, 8.5],
			"faces": {
				"north": {"uv": [7.875, 2.125, 8, 2.625], "texture": "#0"},
				"east": {"uv": [7.875, 2.125, 8, 2.625], "texture": "#0"},
				"south": {"uv": [7.875, 2.125, 8, 2.625], "texture": "#0"},
				"west": {"uv": [7.875, 2.125, 8, 2.625], "texture": "#0"},
				"up": {"uv": [7, 2.875, 7.125, 3], "texture": "#0"},
				"down": {"uv": [7.375, 3.375, 7.5, 3.5], "texture": "#0"}
			}
		},
		{
			"from": [6, 19.75, 8],
			"to": [6.25, 21, 8.5],
			"faces": {
				"north": {"uv": [8.5, 2.75, 8.625, 3.375], "texture": "#0"},
				"east": {"uv": [7.25, 2.875, 7.375, 3.5], "texture": "#0"},
				"south": {"uv": [8.5, 2.75, 8.625, 3.375], "texture": "#0"},
				"west": {"uv": [7.375, 3.375, 7.5, 3.5], "texture": "#0"},
				"up": {"uv": [7, 2.875, 7.125, 3], "texture": "#0"},
				"down": {"uv": [7.375, 3.375, 7.5, 3.5], "texture": "#0"}
			}
		},
		{
			"from": [5.5, 20.25, 8],
			"to": [6, 20.75, 8.5],
			"faces": {
				"north": {"uv": [8.625, 2.875, 8.875, 3.125], "texture": "#0"},
				"east": {"uv": [7.25, 2.875, 7.375, 3.5], "texture": "#0"},
				"south": {"uv": [8.875, 2.875, 8.625, 3.125], "texture": "#0"},
				"west": {"uv": [7.375, 3.375, 7.5, 3.5], "texture": "#0"},
				"up": {"uv": [7, 2.875, 7.125, 3], "texture": "#0"},
				"down": {"uv": [7.375, 3.375, 7.5, 3.5], "texture": "#0"}
			}
		},
		{
			"from": [5.25, 20.5, 8],
			"to": [5.5, 21, 8.5],
			"faces": {
				"north": {"uv": [8.875, 2.75, 9, 3], "texture": "#0"},
				"east": {"uv": [7, 2.875, 7.125, 3], "texture": "#0"},
				"south": {"uv": [8.875, 2.75, 9, 3], "texture": "#0"},
				"west": {"uv": [7.375, 3.375, 7.5, 3.5], "texture": "#0"},
				"up": {"uv": [7, 2.875, 7.125, 3], "texture": "#0"},
				"down": {"uv": [7.375, 3.375, 7.5, 3.5], "texture": "#0"}
			}
		},
		{
			"from": [5, 20.75, 8],
			"to": [5.25, 21.25, 8.5],
			"faces": {
				"north": {"uv": [9, 2.625, 9.125, 2.875], "texture": "#0"},
				"east": {"uv": [7, 2.875, 7.125, 3], "texture": "#0"},
				"south": {"uv": [9, 2.625, 9.125, 2.875], "texture": "#0"},
				"west": {"uv": [7.375, 3.375, 7.5, 3.5], "texture": "#0"},
				"up": {"uv": [7, 2.875, 7.125, 3], "texture": "#0"},
				"down": {"uv": [7.375, 3.375, 7.5, 3.5], "texture": "#0"}
			}
		},
		{
			"from": [8, 19.25, 8],
			"to": [8.5, 19.5, 8.5],
			"faces": {
				"north": {"uv": [7.375, 3.5, 7.625, 3.625], "texture": "#0"},
				"east": {"uv": [7.5, 2.625, 7.625, 2.75], "texture": "#0"},
				"south": {"uv": [7.625, 3.5, 7.375, 3.625], "texture": "#0"},
				"west": {"uv": [7.375, 3.375, 7.5, 3.5], "texture": "#0"},
				"up": {"uv": [7.375, 3.375, 7.5, 3.5], "texture": "#0"},
				"down": {"uv": [7.5, 2.625, 7.625, 2.75], "texture": "#0"}
			}
		},
		{
			"from": [8, 20.75, 8],
			"to": [8.5, 21, 8.5],
			"faces": {
				"north": {"uv": [7.375, 2.75, 7.625, 2.875], "texture": "#0"},
				"east": {"uv": [7, 2.875, 7.125, 3], "texture": "#0"},
				"south": {"uv": [7.625, 2.75, 7.375, 2.875], "texture": "#0"},
				"west": {"uv": [7.875, 11.625, 8.125, 13.75], "texture": "#missing"},
				"up": {"uv": [7, 2.875, 7.125, 3], "texture": "#0"},
				"down": {"uv": [0, 0, 0.75, 0.75], "texture": "#missing"}
			}
		},
		{
			"from": [7.75, 21, 8],
			"to": [8.25, 21.25, 8.5],
			"faces": {
				"north": {"uv": [7.5, 2.625, 7.75, 2.75], "texture": "#0"},
				"east": {"uv": [7.5, 2.625, 7.625, 2.75], "texture": "#0"},
				"south": {"uv": [7.75, 2.625, 7.5, 2.75], "texture": "#0"},
				"west": {"uv": [7.875, 11.625, 8.125, 13.75], "texture": "#missing"},
				"up": {"uv": [7.5, 2.625, 7.625, 2.75], "texture": "#0"},
				"down": {"uv": [0, 0, 0.75, 0.75], "texture": "#missing"}
			}
		},
		{
			"from": [9.75, 20.5, 8],
			"to": [10.25, 21, 8.5],
			"faces": {
				"north": {"uv": [6.5, 2.75, 6.75, 3], "texture": "#0"},
				"east": {"uv": [6.5, 2.875, 6.625, 3], "texture": "#0"},
				"south": {"uv": [6.75, 2.75, 6.5, 3], "texture": "#0"},
				"west": {"uv": [6.625, 2.75, 6.75, 2.875], "texture": "#0"},
				"up": {"uv": [6.5, 2.75, 6.625, 2.875], "texture": "#0"},
				"down": {"uv": [6.5, 2.875, 6.625, 3], "texture": "#0"}
			}
		},
		{
			"from": [10.25, 20.75, 8],
			"to": [10.5, 21.25, 8.5],
			"faces": {
				"north": {"uv": [6.375, 2.625, 6.5, 2.875], "texture": "#0"},
				"east": {"uv": [6.375, 2.625, 6.5, 2.75], "texture": "#0"},
				"south": {"uv": [6.375, 2.625, 6.5, 2.875], "texture": "#0"},
				"west": {"uv": [6.375, 2.625, 6.5, 2.75], "texture": "#0"},
				"up": {"uv": [6.375, 2.625, 6.5, 2.75], "texture": "#0"},
				"down": {"uv": [6.375, 2.625, 6.5, 2.75], "texture": "#0"}
			}
		},
		{
			"from": [8.75, 20.25, 8],
			"to": [9.75, 20.75, 8.5],
			"faces": {
				"north": {"uv": [6.75, 2.875, 7.25, 3.125], "texture": "#0"},
				"east": {"uv": [6.5, 2.875, 6.625, 3], "texture": "#0"},
				"south": {"uv": [7.25, 2.875, 6.75, 3.125], "texture": "#0"},
				"west": {"uv": [7.875, 11.625, 8.125, 13.75], "texture": "#missing"},
				"up": {"uv": [7, 2.875, 7.125, 3], "texture": "#0"},
				"down": {"uv": [6.5, 2.875, 6.625, 3], "texture": "#0"}
			}
		},
		{
			"from": [7, 16.25, 8],
			"to": [7.75, 19.5, 8.5],
			"faces": {
				"north": {"uv": [7.75, 3.5, 8.125, 5.125], "texture": "#0"},
				"east": {"uv": [7.75, 3.5, 7.875, 5.125], "texture": "#0"},
				"south": {"uv": [8.125, 3.5, 7.75, 5.125], "texture": "#0"},
				"west": {"uv": [8, 3.5, 8.125, 5.125], "texture": "#0"},
				"up": {"uv": [0, 0, 0.75, 0.75], "texture": "#missing"},
				"down": {"uv": [7.875, 5.125, 8, 5.25], "texture": "#0"}
			}
		},
		{
			"from": [6.75, 4, 8],
			"to": [7.5, 6.25, 8.5],
			"faces": {
				"north": {"uv": [7.875, 10.125, 8.25, 11.25], "texture": "#0"},
				"east": {"uv": [7.875, 10.125, 8, 11.25], "texture": "#0"},
				"south": {"uv": [8.25, 10.125, 7.875, 11.25], "texture": "#0"},
				"west": {"uv": [8.125, 10.125, 8.25, 11.25], "texture": "#0"},
				"up": {"uv": [8.125, 7.25, 8.25, 7.375], "texture": "#0"},
				"down": {"uv": [7.875, 5.125, 8, 5.25], "texture": "#0"}
			}
		},
		{
			"from": [6.75, 11.75, 8],
			"to": [7.5, 14.5, 8.5],
			"faces": {
				"north": {"uv": [7.875, 6, 8.25, 7.375], "texture": "#0"},
				"east": {"uv": [7.875, 6, 8, 7.375], "texture": "#0"},
				"south": {"uv": [8.25, 6, 7.875, 7.375], "texture": "#0"},
				"west": {"uv": [8.125, 6, 8.25, 7.375], "texture": "#0"},
				"up": {"uv": [7.875, 5.125, 8, 5.25], "texture": "#0"},
				"down": {"uv": [8.125, 7.25, 8.25, 7.375], "texture": "#0"}
			}
		},
		{
			"from": [6.5, 6.25, 8],
			"to": [7.25, 11.75, 8.5],
			"faces": {
				"north": {"uv": [8, 7.375, 8.375, 10.125], "texture": "#0"},
				"east": {"uv": [8, 7.375, 8.125, 10.125], "texture": "#0"},
				"south": {"uv": [8.375, 7.375, 8, 10.125], "texture": "#0"},
				"west": {"uv": [8.25, 7.375, 8.375, 10.125], "texture": "#0"},
				"up": {"uv": [8.125, 7.25, 8.25, 7.375], "texture": "#0"},
				"down": {"uv": [8.125, 7.25, 8.25, 7.375], "texture": "#0"}
			}
		},
		{
			"from": [7.25, 1.75, 8],
			"to": [8, 3.25, 8.5],
			"faces": {
				"north": {"uv": [7.625, 11.65625, 8, 12.375], "texture": "#0"},
				"east": {"uv": [7.625, 11.65625, 7.75, 12.375], "texture": "#0"},
				"south": {"uv": [8, 11.65625, 7.625, 12.375], "texture": "#0"},
				"west": {"uv": [7.875, 11.65625, 8, 12.375], "texture": "#0"},
				"up": {"uv": [7.625, 5.125, 7.75, 5.25], "texture": "#0"},
				"down": {"uv": [7.625, 5.125, 7.75, 5.25], "texture": "#0"}
			}
		},
		{
			"from": [6.5, 5, 7.75],
			"to": [7.75, 5.5, 8.75],
			"faces": {
				"north": {"uv": [7.75, 10.5, 8.375, 10.75], "texture": "#0"},
				"east": {"uv": [7.875, 10.5, 8.375, 10.75], "texture": "#0"},
				"south": {"uv": [7.75, 10.5, 8.375, 10.75], "texture": "#0"},
				"west": {"uv": [7.875, 10.5, 8.375, 10.75], "texture": "#0"},
				"up": {"uv": [8.25, 10.5, 8.375, 10.625], "texture": "#0"},
				"down": {"uv": [8.25, 10.625, 8.375, 10.75], "texture": "#0"}
			}
		},
		{
			"from": [6.5, 13, 7.75],
			"to": [7.75, 13.5, 8.75],
			"faces": {
				"north": {"uv": [7.75, 10.5, 8.375, 10.75], "texture": "#0"},
				"east": {"uv": [7.875, 10.5, 8.375, 10.75], "texture": "#0"},
				"south": {"uv": [7.75, 10.5, 8.375, 10.75], "texture": "#0"},
				"west": {"uv": [7.875, 10.5, 8.375, 10.75], "texture": "#0"},
				"up": {"uv": [8.25, 10.5, 8.375, 10.625], "texture": "#0"},
				"down": {"uv": [8.25, 10.625, 8.375, 10.75], "texture": "#0"}
			}
		},
		{
			"from": [6.75, 16.5, 7.75],
			"to": [8, 17, 8.75],
			"faces": {
				"north": {"uv": [7.75, 10.5, 8.375, 10.75], "texture": "#0"},
				"east": {"uv": [7.875, 10.5, 8.375, 10.75], "texture": "#0"},
				"south": {"uv": [7.75, 10.5, 8.375, 10.75], "texture": "#0"},
				"west": {"uv": [7.875, 10.5, 8.375, 10.75], "texture": "#0"},
				"up": {"uv": [8.25, 10.5, 8.375, 10.625], "texture": "#0"},
				"down": {"uv": [8.25, 10.625, 8.375, 10.75], "texture": "#0"}
			}
		},
		{
			"from": [6.75, 17.25, 7.75],
			"to": [8, 17.75, 8.75],
			"faces": {
				"north": {"uv": [7.75, 10.5, 8.375, 10.75], "texture": "#0"},
				"east": {"uv": [7.875, 10.5, 8.375, 10.75], "texture": "#0"},
				"south": {"uv": [7.75, 10.5, 8.375, 10.75], "texture": "#0"},
				"west": {"uv": [7.875, 10.5, 8.375, 10.75], "texture": "#0"},
				"up": {"uv": [8.25, 10.5, 8.375, 10.625], "texture": "#0"},
				"down": {"uv": [8.25, 10.625, 8.375, 10.75], "texture": "#0"}
			}
		},
		{
			"from": [6.75, 18, 7.75],
			"to": [8, 18.5, 8.75],
			"faces": {
				"north": {"uv": [7.75, 10.5, 8.375, 10.75], "texture": "#0"},
				"east": {"uv": [7.875, 10.5, 8.375, 10.75], "texture": "#0"},
				"south": {"uv": [7.75, 10.5, 8.375, 10.75], "texture": "#0"},
				"west": {"uv": [7.875, 10.5, 8.375, 10.75], "texture": "#0"},
				"up": {"uv": [8.25, 10.5, 8.375, 10.625], "texture": "#0"},
				"down": {"uv": [8.25, 10.625, 8.375, 10.75], "texture": "#0"}
			}
		},
		{
			"from": [7, 19.5, 7.75],
			"to": [7.75, 20, 8.75],
			"faces": {
				"north": {"uv": [7.75, 3.25, 8.125, 3.5], "texture": "#0"},
				"east": {"uv": [7.875, 10.5, 8.375, 10.75], "texture": "#0"},
				"south": {"uv": [8.125, 3.25, 7.75, 3.5], "texture": "#0"},
				"west": {"uv": [7.875, 10.5, 8.375, 10.75], "texture": "#0"},
				"up": {"uv": [8.25, 10.5, 8.375, 10.625], "texture": "#0"},
				"down": {"uv": [8.25, 10.625, 8.375, 10.75], "texture": "#0"}
			}
		},
		{
			"from": [7.75, 20, 7.75],
			"to": [8.25, 20.75, 8.75],
			"faces": {
				"north": {"uv": [7.5, 2.875, 7.75, 3.25], "texture": "#0"},
				"east": {"uv": [7.5, 2.875, 7.625, 3], "texture": "#0"},
				"south": {"uv": [7.75, 2.875, 7.5, 3.25], "texture": "#0"},
				"west": {"uv": [7.875, 10.5, 8.375, 10.75], "texture": "#0"},
				"up": {"uv": [7.5, 3, 7.625, 3.125], "texture": "#0"},
				"down": {"uv": [7.5, 3.125, 7.625, 3.25], "texture": "#0"}
			}
		},
		{
			"from": [6.5, 20, 7.75],
			"to": [7, 20.75, 8.75],
			"faces": {
				"north": {"uv": [8.125, 2.875, 8.375, 3.25], "texture": "#0"},
				"east": {"uv": [7.875, 10.5, 8.375, 10.75], "texture": "#0"},
				"south": {"uv": [8.375, 2.875, 8.125, 3.25], "texture": "#0"},
				"west": {"uv": [7.625, 3.25, 7.75, 3.375], "texture": "#0"},
				"up": {"uv": [7.625, 3.25, 7.75, 3.375], "texture": "#0"},
				"down": {"uv": [7.625, 3.25, 7.75, 3.375], "texture": "#0"}
			}
		},
		{
			"from": [6.75, 19.75, 7.75],
			"to": [7, 20, 8.75],
			"faces": {
				"north": {"uv": [8.125, 3.25, 8.25, 3.375], "texture": "#0"},
				"east": {"uv": [7.875, 10.5, 8.375, 10.75], "texture": "#0"},
				"south": {"uv": [8.125, 3.25, 8.25, 3.375], "texture": "#0"},
				"west": {"uv": [7.625, 3.25, 7.75, 3.375], "texture": "#0"},
				"up": {"uv": [8.25, 10.5, 8.375, 10.625], "texture": "#0"},
				"down": {"uv": [7.625, 3.25, 7.75, 3.375], "texture": "#0"}
			}
		},
		{
			"from": [6.75, 20.75, 7.75],
			"to": [7, 21, 8.75],
			"faces": {
				"north": {"uv": [8.125, 2.75, 8.25, 2.875], "texture": "#0"},
				"east": {"uv": [7.875, 10.5, 8.375, 10.75], "texture": "#0"},
				"south": {"uv": [8.125, 2.75, 8.25, 2.875], "texture": "#0"},
				"west": {"uv": [7.625, 3.25, 7.75, 3.375], "texture": "#0"},
				"up": {"uv": [7.625, 3.25, 7.75, 3.375], "texture": "#0"},
				"down": {"uv": [8.25, 10.625, 8.375, 10.75], "texture": "#0"}
			}
		},
		{
			"from": [7.75, 20.75, 7.75],
			"to": [8, 21, 8.75],
			"faces": {
				"north": {"uv": [7.625, 2.75, 7.75, 2.875], "texture": "#0"},
				"east": {"uv": [7.625, 2.75, 7.75, 2.875], "texture": "#0"},
				"south": {"uv": [7.625, 2.75, 7.75, 2.875], "texture": "#0"},
				"west": {"uv": [7.875, 10.5, 8.375, 10.75], "texture": "#0"},
				"up": {"uv": [7.625, 2.75, 7.75, 2.875], "texture": "#0"},
				"down": {"uv": [8.25, 10.625, 8.375, 10.75], "texture": "#0"}
			}
		},
		{
			"from": [7.75, 19.75, 7.75],
			"to": [8, 20, 8.75],
			"faces": {
				"north": {"uv": [7.625, 3.25, 7.75, 3.375], "texture": "#0"},
				"east": {"uv": [7.625, 3.25, 7.75, 3.375], "texture": "#0"},
				"south": {"uv": [7.625, 3.25, 7.75, 3.375], "texture": "#0"},
				"west": {"uv": [7.875, 10.5, 8.375, 10.75], "texture": "#0"},
				"up": {"uv": [8.25, 10.5, 8.375, 10.625], "texture": "#0"},
				"down": {"uv": [7.625, 3.25, 7.75, 3.375], "texture": "#0"}
			}
		},
		{
			"from": [7, 20.75, 7.75],
			"to": [7.75, 21.25, 8.75],
			"faces": {
				"north": {"uv": [7.75, 2.625, 8.125, 2.875], "texture": "#0"},
				"east": {"uv": [7.625, 2.75, 7.75, 2.875], "texture": "#0"},
				"south": {"uv": [8.125, 2.625, 7.75, 2.875], "texture": "#0"},
				"west": {"uv": [8, 2.625, 8.125, 2.75], "texture": "#0"},
				"up": {"uv": [7.75, 2.625, 7.875, 2.75], "texture": "#0"},
				"down": {"uv": [8.25, 10.625, 8.375, 10.75], "texture": "#0"}
			}
		},
		{
			"from": [8.5, 19.25, 8.185],
			"to": [10.75, 21.25, 8.31],
			"faces": {
				"north": {"uv": [6.25, 2.625, 7.375, 3.625], "texture": "#0"},
				"east": {"uv": [6.75, 1.875, 6.625, 2], "texture": "#0"},
				"south": {"uv": [7.375, 2.625, 6.25, 3.625], "texture": "#0"},
				"west": {"uv": [6.75, 1.875, 6.625, 2], "texture": "#0"},
				"up": {"uv": [7, 2.875, 7.125, 3], "texture": "#0"},
				"down": {"uv": [6.75, 1.875, 6.625, 2], "texture": "#0"}
			}
		},
		{
			"from": [5.75, 19.7501, 8.185],
			"to": [6.25, 21.2501, 8.31],
			"faces": {
				"north": {"uv": [8.5, 2.625, 8.75, 3.375], "texture": "#0"},
				"south": {"uv": [8.75, 2.625, 8.5, 3.375], "texture": "#0"},
				"west": {"uv": [6.75, 1.875, 6.625, 2], "texture": "#0"},
				"up": {"uv": [6.75, 1.875, 6.625, 2], "texture": "#0"},
				"down": {"uv": [6.75, 1.875, 6.625, 2], "texture": "#0"}
			}
		},
		{
			"from": [5.5, 20, 8.185],
			"to": [5.75, 21.5, 8.31],
			"faces": {
				"north": {"uv": [8.75, 2.5, 8.875, 3.25], "texture": "#0"},
				"east": {"uv": [6.75, 1.875, 6.625, 2], "texture": "#0"},
				"south": {"uv": [8.875, 2.5, 8.75, 3.25], "texture": "#0"},
				"west": {"uv": [7.875, 11.625, 8.125, 13.75], "texture": "#missing"},
				"up": {"uv": [6.75, 1.875, 6.625, 2], "texture": "#0"},
				"down": {"uv": [6.75, 1.875, 6.625, 2], "texture": "#0"}
			}
		},
		{
			"from": [5.25, 20, 8.185],
			"to": [5.5, 21.75, 8.31],
			"faces": {
				"north": {"uv": [8.875, 2.375, 9, 3.25], "texture": "#0"},
				"east": {"uv": [6.75, 1.875, 6.625, 2], "texture": "#0"},
				"south": {"uv": [9, 2.375, 8.875, 3.25], "texture": "#0"},
				"west": {"uv": [7.875, 11.625, 8.125, 13.75], "texture": "#missing"},
				"up": {"uv": [6.75, 1.875, 6.625, 2], "texture": "#0"},
				"down": {"uv": [6.75, 1.875, 6.625, 2], "texture": "#0"}
			}
		},
		{
			"from": [4, 20.5, 8.185],
			"to": [4.25, 22.25, 8.31],
			"faces": {
				"north": {"uv": [9.5, 2.125, 9.625, 3], "texture": "#0"},
				"south": {"uv": [9.625, 2.125, 9.5, 3], "texture": "#0"},
				"west": {"uv": [6.75, 1.875, 6.625, 2], "texture": "#0"},
				"up": {"uv": [6.75, 1.875, 6.625, 2], "texture": "#0"},
				"down": {"uv": [6.75, 1.875, 6.625, 2], "texture": "#0"}
			}
		},
		{
			"from": [3.75, 20.75, 8.185],
			"to": [4, 22.25, 8.31],
			"faces": {
				"north": {"uv": [9.625, 2.125, 9.75, 2.875], "texture": "#0"},
				"south": {"uv": [9.75, 2.125, 9.625, 2.875], "texture": "#0"},
				"west": {"uv": [6.75, 1.875, 6.625, 2], "texture": "#0"},
				"up": {"uv": [6.75, 1.875, 6.625, 2], "texture": "#0"},
				"down": {"uv": [6.75, 1.875, 6.625, 2], "texture": "#0"}
			}
		},
		{
			"from": [2.75, 21, 8.185],
			"to": [3.75, 22, 8.31],
			"faces": {
				"north": {"uv": [9.75, 2.25, 10.25, 2.75], "texture": "#0"},
				"south": {"uv": [10.25, 2.25, 9.75, 2.75], "texture": "#0"},
				"west": {"uv": [6.75, 1.875, 6.625, 2], "texture": "#0"},
				"up": {"uv": [6.75, 1.875, 6.625, 2], "texture": "#0"},
				"down": {"uv": [6.75, 1.875, 6.625, 2], "texture": "#0"}
			}
		},
		{
			"from": [2, 20.75, 8.185],
			"to": [2.75, 21.75, 8.31],
			"faces": {
				"north": {"uv": [10.25, 2.375, 10.625, 2.875], "texture": "#0"},
				"east": {"uv": [6.75, 1.875, 6.625, 2], "texture": "#0"},
				"south": {"uv": [10.625, 2.375, 10.25, 2.875], "texture": "#0"},
				"west": {"uv": [6.75, 1.875, 6.625, 2], "texture": "#0"},
				"up": {"uv": [6.75, 1.875, 6.625, 2], "texture": "#0"},
				"down": {"uv": [6.75, 1.875, 6.625, 2], "texture": "#0"}
			}
		},
		{
			"from": [1.5, 20.25, 8.185],
			"to": [2, 21.5, 8.31],
			"faces": {
				"north": {"uv": [10.625, 2.5, 10.875, 3.125], "texture": "#0"},
				"east": {"uv": [6.75, 1.875, 6.625, 2], "texture": "#0"},
				"south": {"uv": [10.875, 2.5, 10.625, 3.125], "texture": "#0"},
				"west": {"uv": [6.75, 1.875, 6.625, 2], "texture": "#0"},
				"up": {"uv": [6.75, 1.875, 6.625, 2], "texture": "#0"},
				"down": {"uv": [6.75, 1.875, 6.625, 2], "texture": "#0"}
			}
		},
		{
			"from": [7, 21.25, 8.185],
			"to": [7.75, 22.25, 8.31],
			"faces": {
				"north": {"uv": [7.75, 2.125, 8.125, 2.625], "texture": "#0"},
				"east": {"uv": [6.75, 1.875, 6.625, 2], "texture": "#0"},
				"south": {"uv": [8.125, 2.125, 7.75, 2.625], "texture": "#0"},
				"west": {"uv": [6.75, 1.875, 6.625, 2], "texture": "#0"},
				"up": {"uv": [6.75, 1.875, 6.625, 2], "texture": "#0"},
				"down": {"uv": [6.5, 2.875, 6.625, 3], "texture": "#0"}
			}
		},
		{
			"from": [7.25, 22.25, 8.185],
			"to": [7.5, 22.75, 8.31],
			"faces": {
				"north": {"uv": [7.875, 1.875, 8, 2.125], "texture": "#0"},
				"east": {"uv": [6.75, 1.875, 6.625, 2], "texture": "#0"},
				"south": {"uv": [7.875, 1.875, 8, 2.125], "texture": "#0"},
				"west": {"uv": [6.75, 1.875, 6.625, 2], "texture": "#0"},
				"up": {"uv": [6.75, 1.875, 6.625, 2], "texture": "#0"},
				"down": {"uv": [6.5, 2.875, 6.625, 3], "texture": "#0"}
			}
		},
		{
			"from": [8, 0, 8.185],
			"to": [8.75, 1, 8.31],
			"faces": {
				"north": {"uv": [7.25, 12.75, 7.625, 13.25], "texture": "#0"},
				"east": {"uv": [6.75, 1.875, 6.625, 2], "texture": "#0"},
				"south": {"uv": [7.625, 12.75, 7.25, 13.25], "texture": "#0"},
				"west": {"uv": [6.75, 1.875, 6.625, 2], "texture": "#0"},
				"up": {"uv": [6.75, 1.875, 6.625, 2], "texture": "#0"},
				"down": {"uv": [6.75, 1.875, 6.625, 2], "texture": "#0"}
			}
		},
		{
			"from": [6.25, 0, 8.185],
			"to": [6.75, 1, 8.31],
			"faces": {
				"north": {"uv": [8.25, 12.75, 8.5, 13.25], "texture": "#0"},
				"east": {"uv": [6.75, 1.875, 6.625, 2], "texture": "#0"},
				"south": {"uv": [8.5, 12.75, 8.25, 13.25], "texture": "#0"},
				"west": {"uv": [6.75, 1.875, 6.625, 2], "texture": "#0"},
				"up": {"uv": [6.75, 1.875, 6.625, 2], "texture": "#0"},
				"down": {"uv": [6.75, 1.875, 6.625, 2], "texture": "#0"}
			}
		},
		{
			"from": [8.75, 0.25, 8.185],
			"to": [9.25, 1, 8.31],
			"faces": {
				"north": {"uv": [7, 12.75, 7.25, 13.125], "texture": "#0"},
				"east": {"uv": [6.75, 1.875, 6.625, 2], "texture": "#0"},
				"south": {"uv": [7.25, 12.75, 7, 13.125], "texture": "#0"},
				"west": {"uv": [6.75, 1.875, 6.625, 2], "texture": "#0"},
				"up": {"uv": [6.75, 1.875, 6.625, 2], "texture": "#0"},
				"down": {"uv": [6.75, 1.875, 6.625, 2], "texture": "#0"}
			}
		},
		{
			"from": [9.25, 0.5, 8.185],
			"to": [9.75, 1, 8.31],
			"faces": {
				"north": {"uv": [6.75, 12.75, 7, 13], "texture": "#0"},
				"east": {"uv": [6.75, 1.875, 6.625, 2], "texture": "#0"},
				"south": {"uv": [7, 12.75, 6.75, 13], "texture": "#0"},
				"west": {"uv": [6.75, 1.875, 6.625, 2], "texture": "#0"},
				"up": {"uv": [6.75, 1.875, 6.625, 2], "texture": "#0"},
				"down": {"uv": [6.75, 1.875, 6.625, 2], "texture": "#0"}
			}
		},
		{
			"from": [5.75, 0.25, 8.185],
			"to": [6.25, 0.75, 8.31],
			"faces": {
				"north": {"uv": [8.5, 12.875, 8.75, 13.125], "texture": "#0"},
				"east": {"uv": [6.75, 1.875, 6.625, 2], "texture": "#0"},
				"south": {"uv": [8.75, 12.875, 8.5, 13.125], "texture": "#0"},
				"west": {"uv": [6.75, 1.875, 6.625, 2], "texture": "#0"},
				"up": {"uv": [6.75, 1.875, 6.625, 2], "texture": "#0"},
				"down": {"uv": [6.75, 1.875, 6.625, 2], "texture": "#0"}
			}
		},
		{
			"from": [5.25, 0.5, 8.185],
			"to": [5.75, 0.75, 8.31],
			"faces": {
				"north": {"uv": [8.75, 12.875, 9, 13], "texture": "#0"},
				"east": {"uv": [6.75, 1.875, 6.625, 2], "texture": "#0"},
				"south": {"uv": [9, 12.875, 8.75, 13], "texture": "#0"},
				"west": {"uv": [6.75, 1.875, 6.625, 2], "texture": "#0"},
				"up": {"uv": [6.75, 1.875, 6.625, 2], "texture": "#0"},
				"down": {"uv": [6.75, 1.875, 6.625, 2], "texture": "#0"}
			}
		},
		{
			"from": [9.75, 0.75, 8.185],
			"to": [10, 1.25, 8.31],
			"faces": {
				"north": {"uv": [6.625, 12.625, 6.75, 12.875], "texture": "#0"},
				"east": {"uv": [6.75, 1.875, 6.625, 2], "texture": "#0"},
				"south": {"uv": [6.75, 12.625, 6.625, 12.875], "texture": "#0"},
				"west": {"uv": [6.75, 1.875, 6.625, 2], "texture": "#0"},
				"up": {"uv": [6.75, 1.875, 6.625, 2], "texture": "#0"},
				"down": {"uv": [6.75, 1.875, 6.625, 2], "texture": "#0"}
			}
		},
		{
			"from": [1.25, 20, 8.185],
			"to": [1.5, 21, 8.31],
			"faces": {
				"north": {"uv": [10.875, 2.75, 11, 3.25], "texture": "#0"},
				"south": {"uv": [11, 2.75, 10.875, 3.25], "texture": "#0"},
				"west": {"uv": [6.75, 1.875, 6.625, 2], "texture": "#0"},
				"up": {"uv": [6.75, 1.875, 6.625, 2], "texture": "#0"},
				"down": {"uv": [6.75, 1.875, 6.625, 2], "texture": "#0"}
			}
		},
		{
			"from": [1.5, 19.5, 8.185],
			"to": [1.75, 20.25, 8.31],
			"faces": {
				"north": {"uv": [10.75, 3.125, 10.875, 3.5], "texture": "#0"},
				"east": {"uv": [6.75, 1.875, 6.625, 2], "texture": "#0"},
				"south": {"uv": [10.875, 3.125, 10.75, 3.5], "texture": "#0"},
				"west": {"uv": [6.75, 1.875, 6.625, 2], "texture": "#0"},
				"up": {"uv": [7, 2.875, 7.125, 3], "texture": "#0"},
				"down": {"uv": [6.75, 1.875, 6.625, 2], "texture": "#0"}
			}
		},
		{
			"from": [2, 20.5, 8.185],
			"to": [2.25, 20.75, 8.31],
			"faces": {
				"north": {"uv": [10.5, 2.875, 10.625, 3], "texture": "#0"},
				"east": {"uv": [6.75, 1.875, 6.625, 2], "texture": "#0"},
				"south": {"uv": [10.625, 2.875, 10.5, 3], "texture": "#0"},
				"west": {"uv": [7.875, 11.625, 8.125, 13.75], "texture": "#missing"},
				"up": {"uv": [7, 2.875, 7.125, 3], "texture": "#0"},
				"down": {"uv": [6.75, 1.875, 6.625, 2], "texture": "#0"}
			}
		},
		{
			"from": [4.25, 20.25, 8.185],
			"to": [4.5, 22.25, 8.31],
			"faces": {
				"north": {"uv": [9.5, 2.125, 9.375, 3.125], "texture": "#0"},
				"south": {"uv": [9.375, 2.125, 9.5, 3.125], "texture": "#0"},
				"west": {"uv": [6.75, 1.875, 6.625, 2], "texture": "#0"},
				"up": {"uv": [6.75, 1.875, 6.625, 2], "texture": "#0"},
				"down": {"uv": [6.75, 1.875, 6.625, 2], "texture": "#0"}
			}
		},
		{
			"from": [4.5, 20, 8.185],
			"to": [5.25, 22.25, 8.31],
			"faces": {
				"north": {"uv": [9, 2.125, 9.375, 3.25], "texture": "#0"},
				"east": {"uv": [6.75, 1.875, 6.625, 2], "texture": "#0"},
				"south": {"uv": [9.375, 2.125, 9, 3.25], "texture": "#0"},
				"west": {"uv": [6.75, 1.875, 6.625, 2], "texture": "#0"},
				"up": {"uv": [6.75, 1.875, 6.625, 2], "texture": "#0"},
				"down": {"uv": [6.75, 1.875, 6.625, 2], "texture": "#0"}
			}
		},
		{
			"from": [10.25, 21.25, 8.185],
			"to": [10.75, 22.75, 8.31],
			"faces": {
				"north": {"uv": [6.25, 1.875, 6.5, 2.625], "texture": "#0"},
				"south": {"uv": [6.5, 1.875, 6.25, 2.625], "texture": "#0"},
				"west": {"uv": [7.875, 11.625, 8.125, 13.75], "texture": "#missing"},
				"up": {"uv": [6.75, 1.875, 6.625, 2], "texture": "#0"},
				"down": {"uv": [6.5, 2.875, 6.625, 3], "texture": "#0"}
			}
		},
		{
			"from": [10, 21.25, 8.185],
			"to": [10.25, 22.75, 8.31],
			"faces": {
				"north": {"uv": [6.5, 1.875, 6.625, 2.625], "texture": "#0"},
				"south": {"uv": [6.625, 1.875, 6.5, 2.625], "texture": "#0"},
				"west": {"uv": [6.75, 1.875, 6.625, 2], "texture": "#0"},
				"up": {"uv": [6.75, 1.875, 6.625, 2], "texture": "#0"},
				"down": {"uv": [6.5, 2.875, 6.625, 3], "texture": "#0"}
			}
		},
		{
			"from": [9.75, 21.25, 8.185],
			"to": [10, 22, 8.31],
			"faces": {
				"north": {"uv": [6.625, 2.25, 6.75, 2.625], "texture": "#0"},
				"south": {"uv": [6.75, 2.25, 6.625, 2.625], "texture": "#0"},
				"west": {"uv": [6.75, 1.875, 6.625, 2], "texture": "#0"},
				"up": {"uv": [6.75, 1.875, 6.625, 2], "texture": "#0"},
				"down": {"uv": [6.5, 2.875, 6.625, 3], "texture": "#0"}
			}
		},
		{
			"from": [9.5, 21.25, 8.185],
			"to": [9.75, 21.75, 8.31],
			"faces": {
				"north": {"uv": [6.75, 2.375, 6.875, 2.625], "texture": "#0"},
				"south": {"uv": [6.875, 2.375, 6.75, 2.625], "texture": "#0"},
				"west": {"uv": [6.75, 1.875, 6.625, 2], "texture": "#0"},
				"up": {"uv": [6.75, 1.875, 6.625, 2], "texture": "#0"},
				"down": {"uv": [6.5, 2.875, 6.625, 3], "texture": "#0"}
			}
		},
		{
			"from": [8.5, 21.25, 8.185],
			"to": [9.5, 21.5, 8.31],
			"faces": {
				"north": {"uv": [6.875, 2.5, 7.25, 2.625], "texture": "#0"},
				"south": {"uv": [7.25, 2.5, 6.875, 2.625], "texture": "#0"},
				"west": {"uv": [6.75, 1.875, 6.625, 2], "texture": "#0"},
				"up": {"uv": [6.75, 1.875, 6.625, 2], "texture": "#0"},
				"down": {"uv": [6.5, 2.875, 6.625, 3], "texture": "#0"}
			}
		},
		{
			"from": [9.75, 22.5, 8.185],
			"to": [10, 22.75, 8.31],
			"faces": {
				"north": {"uv": [6.625, 1.875, 6.75, 2], "texture": "#0"},
				"south": {"uv": [6.75, 1.875, 6.625, 2], "texture": "#0"},
				"west": {"uv": [6.75, 1.875, 6.625, 2], "texture": "#0"},
				"up": {"uv": [6.75, 1.875, 6.625, 2], "texture": "#0"},
				"down": {"uv": [6.5, 2.875, 6.625, 3], "texture": "#0"}
			}
		},
		{
			"from": [10.75, 19.5, 8.185],
			"to": [11.5, 22.75, 8.31],
			"faces": {
				"north": {"uv": [5.875, 1.875, 6.25, 3.5], "texture": "#0"},
				"east": {"uv": [6.75, 1.875, 6.625, 2], "texture": "#0"},
				"south": {"uv": [6.25, 1.875, 5.875, 3.5], "texture": "#0"},
				"west": {"uv": [7.875, 11.625, 8.125, 13.75], "texture": "#missing"},
				"up": {"uv": [6.75, 1.875, 6.625, 2], "texture": "#0"},
				"down": {"uv": [6.75, 1.875, 6.625, 2], "texture": "#0"}
			}
		},
		{
			"from": [11.5, 19.75, 8.185],
			"to": [11.75, 22.75, 8.31],
			"faces": {
				"north": {"uv": [5.75, 1.875, 5.875, 3.375], "texture": "#0"},
				"east": {"uv": [6.75, 1.875, 6.625, 2], "texture": "#0"},
				"south": {"uv": [5.875, 1.875, 5.75, 3.375], "texture": "#0"},
				"up": {"uv": [6.75, 1.875, 6.625, 2], "texture": "#0"},
				"down": {"uv": [6.75, 1.875, 6.625, 2], "texture": "#0"}
			}
		},
		{
			"from": [11.75, 20, 8.185],
			"to": [12, 22.75, 8.31],
			"faces": {
				"north": {"uv": [5.625, 1.875, 5.75, 3.25], "texture": "#0"},
				"east": {"uv": [6.75, 1.875, 6.625, 2], "texture": "#0"},
				"south": {"uv": [5.75, 1.875, 5.625, 3.25], "texture": "#0"},
				"up": {"uv": [6.75, 1.875, 6.625, 2], "texture": "#0"},
				"down": {"uv": [6.75, 1.875, 6.625, 2], "texture": "#0"}
			}
		},
		{
			"from": [12, 20.25, 8.185],
			"to": [12.25, 22.75, 8.31],
			"faces": {
				"north": {"uv": [5.5, 1.875, 5.625, 3.125], "texture": "#0"},
				"east": {"uv": [6.75, 1.875, 6.625, 2], "texture": "#0"},
				"south": {"uv": [5.625, 1.875, 5.5, 3.125], "texture": "#0"},
				"up": {"uv": [6.75, 1.875, 6.625, 2], "texture": "#0"},
				"down": {"uv": [6.75, 1.875, 6.625, 2], "texture": "#0"}
			}
		},
		{
			"from": [12.25, 20.5, 8.185],
			"to": [12.75, 22.75, 8.31],
			"faces": {
				"north": {"uv": [5.25, 1.875, 5.5, 3], "texture": "#0"},
				"east": {"uv": [6.75, 1.875, 6.625, 2], "texture": "#0"},
				"south": {"uv": [5.5, 1.875, 5.25, 3], "texture": "#0"},
				"up": {"uv": [6.75, 1.875, 6.625, 2], "texture": "#0"},
				"down": {"uv": [6.75, 1.875, 6.625, 2], "texture": "#0"}
			}
		},
		{
			"from": [12.75, 20.75, 8.185],
			"to": [13.25, 22.75, 8.31],
			"faces": {
				"north": {"uv": [5, 1.875, 5.25, 2.875], "texture": "#0"},
				"east": {"uv": [6.75, 1.875, 6.625, 2], "texture": "#0"},
				"south": {"uv": [5.25, 1.875, 5, 2.875], "texture": "#0"},
				"up": {"uv": [6.75, 1.875, 6.625, 2], "texture": "#0"},
				"down": {"uv": [6.75, 1.875, 6.625, 2], "texture": "#0"}
			}
		},
		{
			"from": [13.25, 20.75, 8.185],
			"to": [14.25, 22.5, 8.31],
			"faces": {
				"north": {"uv": [4.5, 2, 5, 2.875], "texture": "#0"},
				"east": {"uv": [6.5, 2.875, 6.625, 3], "texture": "#0"},
				"south": {"uv": [5, 2, 4.5, 2.875], "texture": "#0"},
				"up": {"uv": [6.75, 1.875, 6.625, 2], "texture": "#0"},
				"down": {"uv": [6.75, 1.875, 6.625, 2], "texture": "#0"}
			}
		},
		{
			"from": [14.25, 20.5, 8.185],
			"to": [14.5, 22.5, 8.31],
			"faces": {
				"north": {"uv": [4.375, 2, 4.5, 3], "texture": "#0"},
				"east": {"uv": [6.75, 1.875, 6.625, 2], "texture": "#0"},
				"south": {"uv": [4.5, 2, 4.375, 3], "texture": "#0"},
				"west": {"uv": [6.75, 1.875, 6.625, 2], "texture": "#0"},
				"up": {"uv": [6.75, 1.875, 6.625, 2], "texture": "#0"},
				"down": {"uv": [6.75, 1.875, 6.625, 2], "texture": "#0"}
			}
		},
		{
			"from": [14.5, 20.5, 8.185],
			"to": [15.5, 22.25, 8.31],
			"faces": {
				"north": {"uv": [3.875, 2.125, 4.375, 3], "texture": "#0"},
				"east": {"uv": [6.5, 2.875, 6.625, 3], "texture": "#0"},
				"south": {"uv": [4.375, 2.125, 3.875, 3], "texture": "#0"},
				"up": {"uv": [6.75, 1.875, 6.625, 2], "texture": "#0"},
				"down": {"uv": [6.75, 1.875, 6.625, 2], "texture": "#0"}
			}
		},
		{
			"from": [15.75, 20.25, 8.185],
			"to": [16.25, 22, 8.31],
			"faces": {
				"north": {"uv": [3.5, 2.25, 3.75, 3.125], "texture": "#0"},
				"east": {"uv": [6.5, 2.875, 6.625, 3], "texture": "#0"},
				"south": {"uv": [3.75, 2.25, 3.5, 3.125], "texture": "#0"},
				"up": {"uv": [6.75, 1.875, 6.625, 2], "texture": "#0"},
				"down": {"uv": [6.75, 1.875, 6.625, 2], "texture": "#0"}
			}
		},
		{
			"from": [16.5, 20, 8.185],
			"to": [17, 21.75, 8.31],
			"faces": {
				"north": {"uv": [3.125, 2.375, 3.375, 3.25], "texture": "#0"},
				"east": {"uv": [6.75, 1.875, 6.625, 2], "texture": "#0"},
				"south": {"uv": [3.375, 2.375, 3.125, 3.25], "texture": "#0"},
				"up": {"uv": [6.75, 1.875, 6.625, 2], "texture": "#0"},
				"down": {"uv": [6.75, 1.875, 6.625, 2], "texture": "#0"}
			}
		},
		{
			"from": [17, 19.75, 8.185],
			"to": [17.5, 21.5, 8.31],
			"faces": {
				"north": {"uv": [2.875, 2.5, 3.125, 3.375], "texture": "#0"},
				"east": {"uv": [6.75, 1.875, 6.625, 2], "texture": "#0"},
				"south": {"uv": [3.125, 2.5, 2.875, 3.375], "texture": "#0"},
				"west": {"uv": [6.75, 1.875, 6.625, 2], "texture": "#0"},
				"up": {"uv": [6.75, 1.875, 6.625, 2], "texture": "#0"},
				"down": {"uv": [6.75, 1.875, 6.625, 2], "texture": "#0"}
			}
		},
		{
			"from": [17.5, 19.75, 8.185],
			"to": [17.75, 21.25, 8.31],
			"faces": {
				"north": {"uv": [2.75, 2.625, 2.875, 3.375], "texture": "#0"},
				"east": {"uv": [6.75, 1.875, 6.625, 2], "texture": "#0"},
				"south": {"uv": [2.875, 2.625, 2.75, 3.375], "texture": "#0"},
				"up": {"uv": [6.75, 1.875, 6.625, 2], "texture": "#0"},
				"down": {"uv": [6.75, 1.875, 6.625, 2], "texture": "#0"}
			}
		},
		{
			"from": [17.75, 19.5, 8.185],
			"to": [18, 21, 8.31],
			"faces": {
				"north": {"uv": [2.625, 2.75, 2.75, 3.5], "texture": "#0"},
				"east": {"uv": [6.75, 1.875, 6.625, 2], "texture": "#0"},
				"south": {"uv": [2.75, 2.75, 2.625, 3.5], "texture": "#0"},
				"west": {"uv": [6.75, 1.875, 6.625, 2], "texture": "#0"},
				"up": {"uv": [6.75, 1.875, 6.625, 2], "texture": "#0"},
				"down": {"uv": [6.75, 1.875, 6.625, 2], "texture": "#0"}
			}
		},
		{
			"from": [18, 19.5, 8.185],
			"to": [18.25, 20.75, 8.31],
			"faces": {
				"north": {"uv": [2.5, 2.875, 2.625, 3.5], "texture": "#0"},
				"east": {"uv": [6.75, 1.875, 6.625, 2], "texture": "#0"},
				"south": {"uv": [2.625, 2.875, 2.5, 3.5], "texture": "#0"},
				"up": {"uv": [6.75, 1.875, 6.625, 2], "texture": "#0"},
				"down": {"uv": [6.75, 1.875, 6.625, 2], "texture": "#0"}
			}
		},
		{
			"from": [18.25, 19, 8.185],
			"to": [18.5, 20.25, 8.31],
			"faces": {
				"north": {"uv": [2.375, 3.125, 2.5, 3.75], "texture": "#0"},
				"east": {"uv": [6.75, 1.875, 6.625, 2], "texture": "#0"},
				"south": {"uv": [2.5, 3.125, 2.375, 3.75], "texture": "#0"},
				"west": {"uv": [6.75, 1.875, 6.625, 2], "texture": "#0"},
				"up": {"uv": [6.75, 1.875, 6.625, 2], "texture": "#0"},
				"down": {"uv": [6.75, 1.875, 6.625, 2], "texture": "#0"}
			}
		},
		{
			"from": [18.5, 18.5, 8.185],
			"to": [18.75, 19.75, 8.31],
			"faces": {
				"north": {"uv": [2.25, 3.375, 2.375, 4], "texture": "#0"},
				"east": {"uv": [6.75, 1.875, 6.625, 2], "texture": "#0"},
				"south": {"uv": [2.375, 3.375, 2.25, 4], "texture": "#0"},
				"west": {"uv": [6.75, 1.875, 6.625, 2], "texture": "#0"},
				"up": {"uv": [6.75, 1.875, 6.625, 2], "texture": "#0"},
				"down": {"uv": [6.75, 1.875, 6.625, 2], "texture": "#0"}
			}
		},
		{
			"from": [16.25, 20, 8.185],
			"to": [16.5, 22, 8.31],
			"faces": {
				"north": {"uv": [3.375, 2.25, 3.5, 3.25], "texture": "#0"},
				"east": {"uv": [6.75, 1.875, 6.625, 2], "texture": "#0"},
				"south": {"uv": [3.5, 2.25, 3.375, 3.25], "texture": "#0"},
				"west": {"uv": [6.75, 1.875, 6.625, 2], "texture": "#0"},
				"up": {"uv": [6.75, 1.875, 6.625, 2], "texture": "#0"},
				"down": {"uv": [6.75, 1.875, 6.625, 2], "texture": "#0"}
			}
		},
		{
			"from": [15.5, 20.25, 8.185],
			"to": [15.75, 22.25, 8.31],
			"faces": {
				"north": {"uv": [3.75, 2.125, 3.875, 3.125], "texture": "#0"},
				"east": {"uv": [6.75, 1.875, 6.625, 2], "texture": "#0"},
				"south": {"uv": [3.875, 2.125, 3.75, 3.125], "texture": "#0"},
				"west": {"uv": [6.75, 1.875, 6.625, 2], "texture": "#0"},
				"up": {"uv": [6.75, 1.875, 6.625, 2], "texture": "#0"},
				"down": {"uv": [6.75, 1.875, 6.625, 2], "texture": "#0"}
			}
		}
	],
	"display": {
		"thirdperson_righthand": {
			"rotation": [16, 90, 0],
			"translation": [-0.5, -4.75, -1.75],
			"scale": [1.8, 1.8, 1.8]
		},
		"thirdperson_lefthand": {
			"rotation": [15, -91, 0],
			"translation": [1.25, -4, -1.25],
			"scale": [1.8, 1.8, 1.8]
		},
		"firstperson_righthand": {
			"rotation": [6, 98, 4],
			"translation": [-5.25, 0.75, 6.5],
			"scale": [0.77, 0.77, 0.78]
		},
		"firstperson_lefthand": {
			"rotation": [19, -78, 13],
			"translation": [2, -4.75, 0.75],
			"scale": [1.48, 1.48, 1.48]
		},
		"ground": {
			"rotation": [0, 0, -45],
			"translation": [0, 3.3956, 0],
			"scale": [1.5, 1.5, 1.5]
		},
		"gui": {
			"rotation": [-180, 1, -128],
			"translation": [-4, -3.75, 0]
		},
		"head": {
			"rotation": [0, 0, -150],
			"translation": [-7.25, -11, 3.75],
			"scale": [2, 2, 2]
		},
		"fixed": {
			"rotation": [1, -2, 47],
			"translation": [8.75, -6.25, -2.25],
			"scale": [2, 2, 2]
		}
	},
	"groups": [
		{
			"name": "handle",
			"origin": [8, 8, 8],
			"color": 0,
			"children": [0, 1, 2, 3, 4, 5, 6, 7, 8, 9, 10, 11, 12, 13, 14, 15, 16, 17, 18, 19, 20, 21, 22, 23, 24, 25, 26, 27, 28, 29, 30, 31, 32, 33, 34, 35]
		},
		{
			"name": "blade",
			"origin": [8, 8, 8],
			"color": 0,
			"children": [36, 37, 38, 39, 40, 41, 42, 43, 44, 45, 46, 47, 48, 49, 50, 51, 52, 53, 54, 55, 56, 57, 58, 59, 60, 61, 62, 63, 64, 65, 66, 67, 68, 69, 70, 71, 72, 73, 74, 75, 76, 77, 78, 79, 80, 81, 82, 83]
		}
	]
}