{
	"credit": "Made with Blockbench",
	"textures": {
		"1": "item/diamond_sword/lights",
		"2": "item/diamond_sword/moonlight",
		"particle": "item/diamond_sword/moonlight"
	},
	"elements": [
		{
			"from": [2, 1.25, 4],
			"to": [19, 17.25, 4],
			"rotation": {"angle": -22.5, "axis": "y", "origin": [0, 0, 0]},
			"faces": {
				"north": {"uv": [0, 0, 16, 16], "texture": "#1"},
				"east": {"uv": [0, 0, 0, 16], "texture": "#missing"},
				"south": {"uv": [0, 0, 16, 16], "texture": "#1"},
				"west": {"uv": [0, 0, 0, 16], "texture": "#missing"},
				"up": {"uv": [0, 0, 16, 0], "texture": "#missing"},
				"down": {"uv": [0, 0, 16, 0], "texture": "#missing"}
			}
		},
		{
			"from": [-5, 4, 10.25],
			"to": [12, 20, 10.25],
			"rotation": {"angle": 22.5, "axis": "y", "origin": [0, 0, 0]},
			"faces": {
				"north": {"uv": [16, 0, 0, 16], "texture": "#1"},
				"east": {"uv": [0, 0, 0, 16], "texture": "#missing"},
				"south": {"uv": [16, 0, 0, 16], "texture": "#1"},
				"west": {"uv": [0, 0, 0, 16], "texture": "#missing"},
				"up": {"uv": [0, 0, 16, 0], "texture": "#missing"},
				"down": {"uv": [0, 0, 16, 0], "texture": "#missing"}
			}
		},
		{
			"name": "moonlight_0",
			"from": [7.875, 14, 8],
			"to": [8, 14.875, 8.125],
			"rotation": {"angle": 0, "axis": "y", "origin": [0, 0, 8]},
			"faces": {
				"north": {"uv": [8, 1.125, 7.875, 2], "texture": "#2"},
				"east": {"uv": [7.875, 1.125, 8, 2], "texture": "#2"},
				"south": {"uv": [7.875, 1.125, 8, 2], "texture": "#2"},
				"west": {"uv": [7.875, 1.125, 8, 2], "texture": "#2"},
				"up": {"uv": [7.875, 1.125, 8, 1.25], "texture": "#2"},
				"down": {"uv": [7.875, 1.875, 8, 2], "texture": "#2"}
			}
		},
		{
			"name": "moonlight_1",
			"from": [7.75, 13.375, 8],
			"to": [7.875, 14.25, 8.125],
			"rotation": {"angle": 0, "axis": "y", "origin": [0, 0, 8]},
			"faces": {
				"north": {"uv": [7.875, 1.75, 7.75, 2.625], "texture": "#2"},
				"east": {"uv": [7.75, 1.75, 7.875, 2.625], "texture": "#2"},
				"south": {"uv": [7.75, 1.75, 7.875, 2.625], "texture": "#2"},
				"west": {"uv": [7.75, 1.75, 7.875, 2.625], "texture": "#2"},
				"up": {"uv": [7.75, 1.75, 7.875, 1.875], "texture": "#2"},
				"down": {"uv": [7.75, 2.5, 7.875, 2.625], "texture": "#2"}
			}
		},
		{
			"name": "moonlight_2",
			"from": [8, 13.375, 8],
			"to": [8.125, 14.25, 8.125],
			"rotation": {"angle": 0, "axis": "y", "origin": [0, 0, 8]},
			"faces": {
				"north": {"uv": [8.125, 1.75, 8, 2.625], "texture": "#2"},
				"east": {"uv": [8, 1.75, 8.125, 2.625], "texture": "#2"},
				"south": {"uv": [8, 1.75, 8.125, 2.625], "texture": "#2"},
				"west": {"uv": [8, 1.75, 8.125, 2.625], "texture": "#2"},
				"up": {"uv": [8, 1.75, 8.125, 1.875], "texture": "#2"},
				"down": {"uv": [8, 2.5, 8.125, 2.625], "texture": "#2"}
			}
		},
		{
			"name": "moonlight_3",
			"from": [7.875, 5.875, 7.95],
			"to": [8, 14, 8.175],
			"rotation": {"angle": 0, "axis": "y", "origin": [-2.75, 0, 8]},
			"faces": {
				"north": {"uv": [10.75, 2, 10.625, 10.125], "texture": "#2"},
				"east": {"uv": [10.625, 2, 10.75, 10.125], "texture": "#2"},
				"south": {"uv": [10.625, 2, 10.75, 10.125], "texture": "#2"},
				"west": {"uv": [10.625, 2, 10.75, 10.125], "texture": "#2"},
				"up": {"uv": [10.625, 2, 10.75, 2.125], "texture": "#2"},
				"down": {"uv": [10.625, 10, 10.75, 10.125], "texture": "#2"}
			}
		},
		{
			"name": "moonlight_4",
			"from": [7.625, 11.875, 8],
			"to": [7.75, 13.75, 8.125],
			"rotation": {"angle": 0, "axis": "y", "origin": [0, 0, 8]},
			"faces": {
				"north": {"uv": [7.75, 2.25, 7.625, 4.125], "texture": "#2"},
				"east": {"uv": [7.625, 2.25, 7.75, 4.125], "texture": "#2"},
				"south": {"uv": [7.625, 2.25, 7.75, 4.125], "texture": "#2"},
				"west": {"uv": [7.625, 2.25, 7.75, 4.125], "texture": "#2"},
				"up": {"uv": [7.625, 2.25, 7.75, 2.375], "texture": "#2"},
				"down": {"uv": [7.625, 4, 7.75, 4.125], "texture": "#2"}
			}
		},
		{
			"name": "moonlight_5",
			"from": [8.125, 11.875, 8],
			"to": [8.25, 13.75, 8.125],
			"rotation": {"angle": 0, "axis": "y", "origin": [0, 0, 8]},
			"faces": {
				"north": {"uv": [8.25, 2.25, 8.125, 4.125], "texture": "#2"},
				"east": {"uv": [8.125, 2.25, 8.25, 4.125], "texture": "#2"},
				"south": {"uv": [8.125, 2.25, 8.25, 4.125], "texture": "#2"},
				"west": {"uv": [8.125, 2.25, 8.25, 4.125], "texture": "#2"},
				"up": {"uv": [8.125, 2.25, 8.25, 2.375], "texture": "#2"},
				"down": {"uv": [8.125, 4, 8.25, 4.125], "texture": "#2"}
			}
		},
		{
			"name": "moonlight_6",
			"from": [7.75, 5.875, 7.95],
			"to": [7.875, 13.375, 8.175],
			"rotation": {"angle": 0, "axis": "y", "origin": [-2.75, 0, 8]},
			"faces": {
				"north": {"uv": [10.625, 2.625, 10.5, 10.125], "texture": "#2"},
				"east": {"uv": [10.5, 2.625, 10.625, 10.125], "texture": "#2"},
				"south": {"uv": [10.5, 2.625, 10.625, 10.125], "texture": "#2"},
				"west": {"uv": [10.5, 2.625, 10.625, 10.125], "texture": "#2"},
				"up": {"uv": [10.5, 2.625, 10.625, 2.75], "texture": "#2"},
				"down": {"uv": [10.5, 10, 10.625, 10.125], "texture": "#2"}
			}
		},
		{
			"name": "moonlight_7",
			"from": [8, 5.875, 7.95],
			"to": [8.125, 13.375, 8.175],
			"rotation": {"angle": 0, "axis": "y", "origin": [-2.75, 0, 8]},
			"faces": {
				"north": {"uv": [10.875, 2.625, 10.75, 10.125], "texture": "#2"},
				"east": {"uv": [10.75, 2.625, 10.875, 10.125], "texture": "#2"},
				"south": {"uv": [10.75, 2.625, 10.875, 10.125], "texture": "#2"},
				"west": {"uv": [10.75, 2.625, 10.875, 10.125], "texture": "#2"},
				"up": {"uv": [10.75, 2.625, 10.875, 2.75], "texture": "#2"},
				"down": {"uv": [10.75, 10, 10.875, 10.125], "texture": "#2"}
			}
		},
		{
			"name": "moonlight_8",
			"from": [7.5, 10.875, 8],
			"to": [7.625, 13.25, 8.125],
			"rotation": {"angle": 0, "axis": "y", "origin": [0, 0, 8]},
			"faces": {
				"north": {"uv": [7.625, 2.75, 7.5, 5.125], "texture": "#2"},
				"east": {"uv": [7.5, 2.75, 7.625, 5.125], "texture": "#2"},
				"south": {"uv": [7.5, 2.75, 7.625, 5.125], "texture": "#2"},
				"west": {"uv": [7.5, 2.75, 7.625, 5.125], "texture": "#2"},
				"up": {"uv": [7.5, 2.75, 7.625, 2.875], "texture": "#2"},
				"down": {"uv": [7.5, 5, 7.625, 5.125], "texture": "#2"}
			}
		},
		{
			"name": "moonlight_9",
			"from": [8.25, 10.875, 8],
			"to": [8.375, 13.25, 8.125],
			"rotation": {"angle": 0, "axis": "y", "origin": [0, 0, 8]},
			"faces": {
				"north": {"uv": [8.375, 2.75, 8.25, 5.125], "texture": "#2"},
				"east": {"uv": [8.25, 2.75, 8.375, 5.125], "texture": "#2"},
				"south": {"uv": [8.25, 2.75, 8.375, 5.125], "texture": "#2"},
				"west": {"uv": [8.25, 2.75, 8.375, 5.125], "texture": "#2"},
				"up": {"uv": [8.25, 2.75, 8.375, 2.875], "texture": "#2"},
				"down": {"uv": [8.25, 5, 8.375, 5.125], "texture": "#2"}
			}
		},
		{
			"name": "moonlight_10",
			"from": [7.375, 5.625, 8],
			"to": [7.5, 12.75, 8.125],
			"rotation": {"angle": 0, "axis": "y", "origin": [0, 0, 8]},
			"faces": {
				"north": {"uv": [7.5, 3.25, 7.375, 10.375], "texture": "#2"},
				"east": {"uv": [7.375, 3.25, 7.5, 10.375], "texture": "#2"},
				"south": {"uv": [7.375, 3.25, 7.5, 10.375], "texture": "#2"},
				"west": {"uv": [7.375, 3.25, 7.5, 10.375], "texture": "#2"},
				"up": {"uv": [7.375, 3.25, 7.5, 3.375], "texture": "#2"},
				"down": {"uv": [7.375, 10.25, 7.5, 10.375], "texture": "#2"}
			}
		},
		{
			"name": "moonlight_11",
			"from": [8.375, 5.625, 8],
			"to": [8.5, 12.75, 8.125],
			"rotation": {"angle": 0, "axis": "y", "origin": [0, 0, 8]},
			"faces": {
				"north": {"uv": [8.5, 3.25, 8.375, 10.375], "texture": "#2"},
				"east": {"uv": [8.375, 3.25, 8.5, 10.375], "texture": "#2"},
				"south": {"uv": [8.375, 3.25, 8.5, 10.375], "texture": "#2"},
				"west": {"uv": [8.375, 3.25, 8.5, 10.375], "texture": "#2"},
				"up": {"uv": [8.375, 3.25, 8.5, 3.375], "texture": "#2"},
				"down": {"uv": [8.375, 10.25, 8.5, 10.375], "texture": "#2"}
			}
		},
		{
			"name": "moonlight_12",
			"from": [7.25, 5.75, 8],
			"to": [7.375, 11.875, 8.125],
			"rotation": {"angle": 0, "axis": "y", "origin": [0, 0, 8]},
			"faces": {
				"north": {"uv": [7.375, 4.125, 7.25, 10.25], "texture": "#2"},
				"east": {"uv": [7.25, 4.125, 7.375, 10.25], "texture": "#2"},
				"south": {"uv": [7.25, 4.125, 7.375, 10.25], "texture": "#2"},
				"west": {"uv": [7.25, 4.125, 7.375, 10.25], "texture": "#2"},
				"up": {"uv": [7.25, 4.125, 7.375, 4.25], "texture": "#2"},
				"down": {"uv": [7.25, 10.125, 7.375, 10.25], "texture": "#2"}
			}
		},
		{
			"name": "moonlight_13",
			"from": [8.5, 5.75, 8],
			"to": [8.625, 11.875, 8.125],
			"rotation": {"angle": 0, "axis": "y", "origin": [0, 0, 8]},
			"faces": {
				"north": {"uv": [8.625, 4.125, 8.5, 10.25], "texture": "#2"},
				"east": {"uv": [8.5, 4.125, 8.625, 10.25], "texture": "#2"},
				"south": {"uv": [8.5, 4.125, 8.625, 10.25], "texture": "#2"},
				"west": {"uv": [8.5, 4.125, 8.625, 10.25], "texture": "#2"},
				"up": {"uv": [8.5, 4.125, 8.625, 4.25], "texture": "#2"},
				"down": {"uv": [8.5, 10.125, 8.625, 10.25], "texture": "#2"}
			}
		},
		{
			"name": "moonlight_14",
			"from": [7.625, 5.75, 7.95],
			"to": [7.75, 11.875, 8.175],
			"rotation": {"angle": 0, "axis": "y", "origin": [-2.75, 0, 8]},
			"faces": {
				"north": {"uv": [10.5, 4.125, 10.375, 10.25], "texture": "#2"},
				"east": {"uv": [10.375, 4.125, 10.5, 10.25], "texture": "#2"},
				"south": {"uv": [10.375, 4.125, 10.5, 10.25], "texture": "#2"},
				"west": {"uv": [10.375, 4.125, 10.5, 10.25], "texture": "#2"},
				"up": {"uv": [10.375, 4.125, 10.5, 4.25], "texture": "#2"},
				"down": {"uv": [10.375, 10.125, 10.5, 10.25], "texture": "#2"}
			}
		},
		{
			"name": "moonlight_15",
			"from": [8.125, 5.75, 7.95],
			"to": [8.25, 11.875, 8.175],
			"rotation": {"angle": 0, "axis": "y", "origin": [-2.75, 0, 8]},
			"faces": {
				"north": {"uv": [11, 4.125, 10.875, 10.25], "texture": "#2"},
				"east": {"uv": [10.875, 4.125, 11, 10.25], "texture": "#2"},
				"south": {"uv": [10.875, 4.125, 11, 10.25], "texture": "#2"},
				"west": {"uv": [10.875, 4.125, 11, 10.25], "texture": "#2"},
				"up": {"uv": [10.875, 4.125, 11, 4.25], "texture": "#2"},
				"down": {"uv": [10.875, 10.125, 11, 10.25], "texture": "#2"}
			}
		},
		{
			"name": "moonlight_16",
			"from": [7.5, 5.625, 7.95],
			"to": [7.625, 10.875, 8.175],
			"rotation": {"angle": 0, "axis": "y", "origin": [-2.75, 0, 8]},
			"faces": {
				"north": {"uv": [10.375, 5.125, 10.25, 10.375], "texture": "#2"},
				"east": {"uv": [10.25, 5.125, 10.375, 10.375], "texture": "#2"},
				"south": {"uv": [10.25, 5.125, 10.375, 10.375], "texture": "#2"},
				"west": {"uv": [10.25, 5.125, 10.375, 10.375], "texture": "#2"},
				"up": {"uv": [10.25, 5.125, 10.375, 5.25], "texture": "#2"},
				"down": {"uv": [10.25, 10.25, 10.375, 10.375], "texture": "#2"}
			}
		},
		{
			"name": "moonlight_17",
			"from": [8.25, 5.625, 7.95],
			"to": [8.375, 10.875, 8.175],
			"rotation": {"angle": 0, "axis": "y", "origin": [-2.75, 0, 8]},
			"faces": {
				"north": {"uv": [11.125, 5.125, 11, 10.375], "texture": "#2"},
				"east": {"uv": [11, 5.125, 11.125, 10.375], "texture": "#2"},
				"south": {"uv": [11, 5.125, 11.125, 10.375], "texture": "#2"},
				"west": {"uv": [11, 5.125, 11.125, 10.375], "texture": "#2"},
				"up": {"uv": [11, 5.125, 11.125, 5.25], "texture": "#2"},
				"down": {"uv": [11, 10.25, 11.125, 10.375], "texture": "#2"}
			}
		},
		{
			"name": "moonlight_18",
			"from": [6.5, 5.625, 7.9],
			"to": [6.875, 6, 8.225],
			"rotation": {"angle": 0, "axis": "y", "origin": [0.25, 0.25, 8]},
			"faces": {
				"north": {"uv": [6.625, 10.25, 6.25, 10.625], "texture": "#2"},
				"east": {"uv": [6.5, 10.25, 6.625, 10.625], "texture": "#2"},
				"south": {"uv": [6.25, 10.25, 6.625, 10.625], "texture": "#2"},
				"west": {"uv": [6.25, 10.25, 6.375, 10.625], "texture": "#2"},
				"up": {"uv": [6.25, 10.25, 6.625, 10.375], "texture": "#2"},
				"down": {"uv": [6.25, 10.5, 6.625, 10.625], "texture": "#2"}
			}
		},
		{
			"name": "moonlight_19",
			"from": [9, 5.625, 7.9],
			"to": [9.375, 6, 8.225],
			"rotation": {"angle": 0, "axis": "y", "origin": [-0.25, 0.25, 8]},
			"faces": {
				"north": {"uv": [9.625, 10.25, 9.25, 10.625], "texture": "#2"},
				"east": {"uv": [9.5, 10.25, 9.625, 10.625], "texture": "#2"},
				"south": {"uv": [9.25, 10.25, 9.625, 10.625], "texture": "#2"},
				"west": {"uv": [9.25, 10.25, 9.375, 10.625], "texture": "#2"},
				"up": {"uv": [9.25, 10.25, 9.625, 10.375], "texture": "#2"},
				"down": {"uv": [9.25, 10.5, 9.625, 10.625], "texture": "#2"}
			}
		},
		{
			"name": "moonlight_20",
			"from": [6.875, 5.5, 7.9],
			"to": [7.125, 5.875, 8.225],
			"rotation": {"angle": 0, "axis": "y", "origin": [0.25, 0.25, 8]},
			"faces": {
				"north": {"uv": [6.875, 10.375, 6.625, 10.75], "texture": "#2"},
				"east": {"uv": [6.75, 10.375, 6.875, 10.75], "texture": "#2"},
				"south": {"uv": [6.625, 10.375, 6.875, 10.75], "texture": "#2"},
				"west": {"uv": [6.625, 10.375, 6.75, 10.75], "texture": "#2"},
				"up": {"uv": [6.625, 10.375, 6.875, 10.5], "texture": "#2"},
				"down": {"uv": [6.625, 10.625, 6.875, 10.75], "texture": "#2"}
			}
		},
		{
			"name": "moonlight_21",
			"from": [7.75, 4.875, 7.85],
			"to": [8.125, 5.875, 8.275],
			"rotation": {"angle": 0, "axis": "y", "origin": [0, 0.25, 8]},
			"faces": {
				"north": {"uv": [8.125, 10.375, 7.75, 11.375], "texture": "#2"},
				"east": {"uv": [8, 10.375, 8.125, 11.375], "texture": "#2"},
				"south": {"uv": [7.75, 10.375, 8.125, 11.375], "texture": "#2"},
				"west": {"uv": [7.75, 10.375, 7.875, 11.375], "texture": "#2"},
				"up": {"uv": [7.75, 10.375, 8.125, 10.5], "texture": "#2"},
				"down": {"uv": [7.75, 11.25, 8.125, 11.375], "texture": "#2"}
			}
		},
		{
			"name": "moonlight_22",
			"from": [8.75, 5.5, 7.9],
			"to": [9, 5.875, 8.225],
			"rotation": {"angle": 0, "axis": "y", "origin": [-0.25, 0.25, 8]},
			"faces": {
				"north": {"uv": [9.25, 10.375, 9, 10.75], "texture": "#2"},
				"east": {"uv": [9.125, 10.375, 9.25, 10.75], "texture": "#2"},
				"south": {"uv": [9, 10.375, 9.25, 10.75], "texture": "#2"},
				"west": {"uv": [9, 10.375, 9.125, 10.75], "texture": "#2"},
				"up": {"uv": [9, 10.375, 9.25, 10.5], "texture": "#2"},
				"down": {"uv": [9, 10.625, 9.25, 10.75], "texture": "#2"}
			}
		},
		{
			"name": "moonlight_23",
			"from": [7.125, 5.375, 7.9],
			"to": [7.375, 5.75, 8.225],
			"rotation": {"angle": 0, "axis": "y", "origin": [0.25, 0.25, 8]},
			"faces": {
				"north": {"uv": [7.125, 10.5, 6.875, 10.875], "texture": "#2"},
				"east": {"uv": [7, 10.5, 7.125, 10.875], "texture": "#2"},
				"south": {"uv": [6.875, 10.5, 7.125, 10.875], "texture": "#2"},
				"west": {"uv": [6.875, 10.5, 7, 10.875], "texture": "#2"},
				"up": {"uv": [6.875, 10.5, 7.125, 10.625], "texture": "#2"},
				"down": {"uv": [6.875, 10.75, 7.125, 10.875], "texture": "#2"}
			}
		},
		{
			"name": "moonlight_24",
			"from": [7.625, 4.875, 7.85],
			"to": [7.75, 5.75, 8.275],
			"rotation": {"angle": 0, "axis": "y", "origin": [0, 0.25, 8]},
			"faces": {
				"north": {"uv": [7.75, 10.5, 7.625, 11.375], "texture": "#2"},
				"east": {"uv": [7.625, 10.5, 7.75, 11.375], "texture": "#2"},
				"south": {"uv": [7.625, 10.5, 7.75, 11.375], "texture": "#2"},
				"west": {"uv": [7.625, 10.5, 7.75, 11.375], "texture": "#2"},
				"up": {"uv": [7.625, 10.5, 7.75, 10.625], "texture": "#2"},
				"down": {"uv": [7.625, 11.25, 7.75, 11.375], "texture": "#2"}
			}
		},
		{
			"name": "moonlight_25",
			"from": [8.125, 4.875, 7.85],
			"to": [8.25, 5.75, 8.275],
			"rotation": {"angle": 0, "axis": "y", "origin": [0, 0.25, 8]},
			"faces": {
				"north": {"uv": [8.25, 10.5, 8.125, 11.375], "texture": "#2"},
				"east": {"uv": [8.125, 10.5, 8.25, 11.375], "texture": "#2"},
				"south": {"uv": [8.125, 10.5, 8.25, 11.375], "texture": "#2"},
				"west": {"uv": [8.125, 10.5, 8.25, 11.375], "texture": "#2"},
				"up": {"uv": [8.125, 10.5, 8.25, 10.625], "texture": "#2"},
				"down": {"uv": [8.125, 11.25, 8.25, 11.375], "texture": "#2"}
			}
		},
		{
			"name": "moonlight_26",
			"from": [8.5, 5.375, 7.9],
			"to": [8.75, 5.75, 8.225],
			"rotation": {"angle": 0, "axis": "y", "origin": [-0.25, 0.25, 8]},
			"faces": {
				"north": {"uv": [9, 10.5, 8.75, 10.875], "texture": "#2"},
				"east": {"uv": [8.875, 10.5, 9, 10.875], "texture": "#2"},
				"south": {"uv": [8.75, 10.5, 9, 10.875], "texture": "#2"},
				"west": {"uv": [8.75, 10.5, 8.875, 10.875], "texture": "#2"},
				"up": {"uv": [8.75, 10.5, 9, 10.625], "texture": "#2"},
				"down": {"uv": [8.75, 10.75, 9, 10.875], "texture": "#2"}
			}
		},
		{
			"name": "moonlight_27",
			"from": [6.75, 5.5, 7.9],
			"to": [6.875, 5.625, 8.225],
			"rotation": {"angle": 0, "axis": "y", "origin": [0.25, 0.25, 8]},
			"faces": {
				"north": {"uv": [6.625, 10.625, 6.5, 10.75], "texture": "#2"},
				"east": {"uv": [6.5, 10.625, 6.625, 10.75], "texture": "#2"},
				"south": {"uv": [6.5, 10.625, 6.625, 10.75], "texture": "#2"},
				"west": {"uv": [6.5, 10.625, 6.625, 10.75], "texture": "#2"},
				"up": {"uv": [6.5, 10.625, 6.625, 10.75], "texture": "#2"},
				"down": {"uv": [6.5, 10.625, 6.625, 10.75], "texture": "#2"}
			}
		},
		{
			"name": "moonlight_28",
			"from": [7.375, 5.25, 7.9],
			"to": [7.625, 5.625, 8.225],
			"rotation": {"angle": 0, "axis": "y", "origin": [0.25, 0.25, 8]},
			"faces": {
				"north": {"uv": [7.375, 10.625, 7.125, 11], "texture": "#2"},
				"east": {"uv": [7.25, 10.625, 7.375, 11], "texture": "#2"},
				"south": {"uv": [7.125, 10.625, 7.375, 11], "texture": "#2"},
				"west": {"uv": [7.125, 10.625, 7.25, 11], "texture": "#2"},
				"up": {"uv": [7.125, 10.625, 7.375, 10.75], "texture": "#2"},
				"down": {"uv": [7.125, 10.875, 7.375, 11], "texture": "#2"}
			}
		},
		{
			"name": "moonlight_29",
			"from": [8.25, 5.25, 7.9],
			"to": [8.5, 5.625, 8.225],
			"rotation": {"angle": 0, "axis": "y", "origin": [-0.25, 0.25, 8]},
			"faces": {
				"north": {"uv": [8.75, 10.625, 8.5, 11], "texture": "#2"},
				"east": {"uv": [8.625, 10.625, 8.75, 11], "texture": "#2"},
				"south": {"uv": [8.5, 10.625, 8.75, 11], "texture": "#2"},
				"west": {"uv": [8.5, 10.625, 8.625, 11], "texture": "#2"},
				"up": {"uv": [8.5, 10.625, 8.75, 10.75], "texture": "#2"},
				"down": {"uv": [8.5, 10.875, 8.75, 11], "texture": "#2"}
			}
		},
		{
			"name": "moonlight_30",
			"from": [9, 5.5, 7.9],
			"to": [9.125, 5.625, 8.225],
			"rotation": {"angle": 0, "axis": "y", "origin": [-0.25, 0.25, 8]},
			"faces": {
				"north": {"uv": [9.375, 10.625, 9.25, 10.75], "texture": "#2"},
				"east": {"uv": [9.25, 10.625, 9.375, 10.75], "texture": "#2"},
				"south": {"uv": [9.25, 10.625, 9.375, 10.75], "texture": "#2"},
				"west": {"uv": [9.25, 10.625, 9.375, 10.75], "texture": "#2"},
				"up": {"uv": [9.25, 10.625, 9.375, 10.75], "texture": "#2"},
				"down": {"uv": [9.25, 10.625, 9.375, 10.75], "texture": "#2"}
			}
		},
		{
			"name": "moonlight_31",
			"from": [7, 5.375, 7.9],
			"to": [7.125, 5.5, 8.225],
			"rotation": {"angle": 0, "axis": "y", "origin": [0.25, 0.25, 8]},
			"faces": {
				"north": {"uv": [6.875, 10.75, 6.75, 10.875], "texture": "#2"},
				"east": {"uv": [6.75, 10.75, 6.875, 10.875], "texture": "#2"},
				"south": {"uv": [6.75, 10.75, 6.875, 10.875], "texture": "#2"},
				"west": {"uv": [6.75, 10.75, 6.875, 10.875], "texture": "#2"},
				"up": {"uv": [6.75, 10.75, 6.875, 10.875], "texture": "#2"},
				"down": {"uv": [6.75, 10.75, 6.875, 10.875], "texture": "#2"}
			}
		},
		{
			"name": "moonlight_32",
			"from": [8.75, 5.375, 7.9],
			"to": [8.875, 5.5, 8.225],
			"rotation": {"angle": 0, "axis": "y", "origin": [-0.25, 0.25, 8]},
			"faces": {
				"north": {"uv": [9.125, 10.75, 9, 10.875], "texture": "#2"},
				"east": {"uv": [9, 10.75, 9.125, 10.875], "texture": "#2"},
				"south": {"uv": [9, 10.75, 9.125, 10.875], "texture": "#2"},
				"west": {"uv": [9, 10.75, 9.125, 10.875], "texture": "#2"},
				"up": {"uv": [9, 10.75, 9.125, 10.875], "texture": "#2"},
				"down": {"uv": [9, 10.75, 9.125, 10.875], "texture": "#2"}
			}
		},
		{
			"name": "moonlight_33",
			"from": [7.25, 5.25, 7.9],
			"to": [7.375, 5.375, 8.225],
			"rotation": {"angle": 0, "axis": "y", "origin": [0.25, 0.25, 8]},
			"faces": {
				"north": {"uv": [7.125, 10.875, 7, 11], "texture": "#2"},
				"east": {"uv": [7, 10.875, 7.125, 11], "texture": "#2"},
				"south": {"uv": [7, 10.875, 7.125, 11], "texture": "#2"},
				"west": {"uv": [7, 10.875, 7.125, 11], "texture": "#2"},
				"up": {"uv": [7, 10.875, 7.125, 11], "texture": "#2"},
				"down": {"uv": [7, 10.875, 7.125, 11], "texture": "#2"}
			}
		},
		{
			"name": "moonlight_34",
			"from": [8.5, 5.25, 7.9],
			"to": [8.625, 5.375, 8.225],
			"rotation": {"angle": 0, "axis": "y", "origin": [-0.25, 0.25, 8]},
			"faces": {
				"north": {"uv": [8.875, 10.875, 8.75, 11], "texture": "#2"},
				"east": {"uv": [8.75, 10.875, 8.875, 11], "texture": "#2"},
				"south": {"uv": [8.75, 10.875, 8.875, 11], "texture": "#2"},
				"west": {"uv": [8.75, 10.875, 8.875, 11], "texture": "#2"},
				"up": {"uv": [8.75, 10.875, 8.875, 11], "texture": "#2"},
				"down": {"uv": [8.75, 10.875, 8.875, 11], "texture": "#2"}
			}
		},
		{
			"name": "moonlight_35",
			"from": [7.5, 5.125, 7.9],
			"to": [7.625, 5.25, 8.225],
			"rotation": {"angle": 0, "axis": "y", "origin": [0.25, 0.25, 8]},
			"faces": {
				"north": {"uv": [7.375, 11, 7.25, 11.125], "texture": "#2"},
				"east": {"uv": [7.25, 11, 7.375, 11.125], "texture": "#2"},
				"south": {"uv": [7.25, 11, 7.375, 11.125], "texture": "#2"},
				"west": {"uv": [7.25, 11, 7.375, 11.125], "texture": "#2"},
				"up": {"uv": [7.25, 11, 7.375, 11.125], "texture": "#2"},
				"down": {"uv": [7.25, 11, 7.375, 11.125], "texture": "#2"}
			}
		},
		{
			"name": "moonlight_36",
			"from": [8.25, 5.125, 7.9],
			"to": [8.375, 5.25, 8.225],
			"rotation": {"angle": 0, "axis": "y", "origin": [-0.25, 0.25, 8]},
			"faces": {
				"north": {"uv": [8.625, 11, 8.5, 11.125], "texture": "#2"},
				"east": {"uv": [8.5, 11, 8.625, 11.125], "texture": "#2"},
				"south": {"uv": [8.5, 11, 8.625, 11.125], "texture": "#2"},
				"west": {"uv": [8.5, 11, 8.625, 11.125], "texture": "#2"},
				"up": {"uv": [8.5, 11, 8.625, 11.125], "texture": "#2"},
				"down": {"uv": [8.5, 11, 8.625, 11.125], "texture": "#2"}
			}
		},
		{
			"name": "moonlight_37",
			"from": [7.75, 4.75, 7.9],
			"to": [8.125, 4.875, 8.225],
			"rotation": {"angle": 0, "axis": "y", "origin": [0, 0.5, 8]},
			"faces": {
				"north": {"uv": [8.125, 11.625, 7.75, 11.75], "texture": "#2"},
				"east": {"uv": [8, 11.625, 8.125, 11.75], "texture": "#2"},
				"south": {"uv": [7.75, 11.625, 8.125, 11.75], "texture": "#2"},
				"west": {"uv": [7.75, 11.625, 7.875, 11.75], "texture": "#2"},
				"up": {"uv": [7.75, 11.625, 8.125, 11.75], "texture": "#2"},
				"down": {"uv": [7.75, 11.625, 8.125, 11.75], "texture": "#2"}
			}
		},
		{
			"name": "moonlight_38",
			"from": [7.625, 4.625, 7.8],
			"to": [8.25, 4.75, 8.325],
			"rotation": {"angle": 0, "axis": "y", "origin": [-0.75, 0.5, 8]},
			"faces": {
				"north": {"uv": [9, 11.75, 8.375, 11.875], "texture": "#2"},
				"east": {"uv": [8.875, 11.75, 9, 11.875], "texture": "#2"},
				"south": {"uv": [8.375, 11.75, 9, 11.875], "texture": "#2"},
				"west": {"uv": [8.375, 11.75, 8.5, 11.875], "texture": "#2"},
				"up": {"uv": [8.375, 11.75, 9, 11.875], "texture": "#2"},
				"down": {"uv": [8.375, 11.75, 9, 11.875], "texture": "#2"}
			}
		},
		{
			"name": "moonlight_39",
			"from": [7.75, 3.5, 7.9],
			"to": [8.125, 4.625, 8.225],
			"rotation": {"angle": 0, "axis": "y", "origin": [0, 0.5, 8]},
			"faces": {
				"north": {"uv": [8.125, 11.875, 7.75, 13], "texture": "#2"},
				"east": {"uv": [8, 11.875, 8.125, 13], "texture": "#2"},
				"south": {"uv": [7.75, 11.875, 8.125, 13], "texture": "#2"},
				"west": {"uv": [7.75, 11.875, 7.875, 13], "texture": "#2"},
				"up": {"uv": [7.75, 11.875, 8.125, 12], "texture": "#2"},
				"down": {"uv": [7.75, 12.875, 8.125, 13], "texture": "#2"}
			}
		},
		{
			"name": "moonlight_40",
			"from": [7.625, 3.25, 7.8],
			"to": [8.25, 3.5, 8.325],
			"rotation": {"angle": 0, "axis": "y", "origin": [-0.75, 0.5, 8]},
			"faces": {
				"north": {"uv": [9, 13, 8.375, 13.25], "texture": "#2"},
				"east": {"uv": [8.875, 13, 9, 13.25], "texture": "#2"},
				"south": {"uv": [8.375, 13, 9, 13.25], "texture": "#2"},
				"west": {"uv": [8.375, 13, 8.5, 13.25], "texture": "#2"},
				"up": {"uv": [8.375, 13, 9, 13.125], "texture": "#2"},
				"down": {"uv": [8.375, 13.125, 9, 13.25], "texture": "#2"}
			}
		},
		{
			"name": "moonlight_41",
			"from": [7.75, 2.125, 7.9],
			"to": [8.125, 3.25, 8.225],
			"rotation": {"angle": 0, "axis": "y", "origin": [0, 0.5, 8]},
			"faces": {
				"north": {"uv": [8.125, 13.25, 7.75, 14.375], "texture": "#2"},
				"east": {"uv": [8, 13.25, 8.125, 14.375], "texture": "#2"},
				"south": {"uv": [7.75, 13.25, 8.125, 14.375], "texture": "#2"},
				"west": {"uv": [7.75, 13.25, 7.875, 14.375], "texture": "#2"},
				"up": {"uv": [7.75, 13.25, 8.125, 13.375], "texture": "#2"},
				"down": {"uv": [7.75, 14.25, 8.125, 14.375], "texture": "#2"}
			}
		},
		{
			"name": "moonlight_42",
			"from": [7.625, 1.875, 7.8],
			"to": [8.25, 2.125, 8.325],
			"rotation": {"angle": 0, "axis": "y", "origin": [0, 0.75, 8]},
			"faces": {
				"north": {"uv": [8.25, 14.625, 7.625, 14.875], "texture": "#2"},
				"east": {"uv": [8.125, 14.625, 8.25, 14.875], "texture": "#2"},
				"south": {"uv": [7.625, 14.625, 8.25, 14.875], "texture": "#2"},
				"west": {"uv": [7.625, 14.625, 7.75, 14.875], "texture": "#2"},
				"up": {"uv": [7.625, 14.625, 8.25, 14.75], "texture": "#2"},
				"down": {"uv": [7.625, 14.75, 8.25, 14.875], "texture": "#2"}
			}
		},
		{
			"name": "moonlight_43",
			"from": [7.75, 1.75, 7.9],
			"to": [8.125, 1.875, 8.225],
			"rotation": {"angle": 0, "axis": "y", "origin": [0, 1, 8]},
			"faces": {
				"north": {"uv": [8.125, 15.125, 7.75, 15.25], "texture": "#2"},
				"east": {"uv": [8, 15.125, 8.125, 15.25], "texture": "#2"},
				"south": {"uv": [7.75, 15.125, 8.125, 15.25], "texture": "#2"},
				"west": {"uv": [7.75, 15.125, 7.875, 15.25], "texture": "#2"},
				"up": {"uv": [7.75, 15.125, 8.125, 15.25], "texture": "#2"},
				"down": {"uv": [7.75, 15.125, 8.125, 15.25], "texture": "#2"}
			}
		},
		{
			"name": "moonlight_44",
			"from": [7.625, 1.625, 7.8],
			"to": [8.25, 1.75, 8.325],
			"rotation": {"angle": 0, "axis": "y", "origin": [-0.75, 1, 8]},
			"faces": {
				"north": {"uv": [9, 15.25, 8.375, 15.375], "texture": "#2"},
				"east": {"uv": [8.875, 15.25, 9, 15.375], "texture": "#2"},
				"south": {"uv": [8.375, 15.25, 9, 15.375], "texture": "#2"},
				"west": {"uv": [8.375, 15.25, 8.5, 15.375], "texture": "#2"},
				"up": {"uv": [8.375, 15.25, 9, 15.375], "texture": "#2"},
				"down": {"uv": [8.375, 15.25, 9, 15.375], "texture": "#2"}
			}
		},
		{
			"name": "moonlight_45",
			"from": [7.5, 1.5, 7.7],
			"to": [8.375, 1.625, 8.425],
			"rotation": {"angle": 0, "axis": "y", "origin": [0, 1, 8]},
			"faces": {
				"north": {"uv": [8.375, 15.375, 7.5, 15.5], "texture": "#2"},
				"east": {"uv": [8.25, 15.375, 8.375, 15.5], "texture": "#2"},
				"south": {"uv": [7.5, 15.375, 8.375, 15.5], "texture": "#2"},
				"west": {"uv": [7.5, 15.375, 7.625, 15.5], "texture": "#2"},
				"up": {"uv": [7.5, 15.375, 8.375, 15.5], "texture": "#2"},
				"down": {"uv": [7.5, 15.375, 8.375, 15.5], "texture": "#2"}
			}
		},
		{
			"name": "moonlight_46",
			"from": [7.625, 1.375, 7.8],
			"to": [8.25, 1.5, 8.325],
			"rotation": {"angle": 0, "axis": "y", "origin": [-0.75, 1, 8]},
			"faces": {
				"north": {"uv": [9, 15.5, 8.375, 15.625], "texture": "#2"},
				"east": {"uv": [8.875, 15.5, 9, 15.625], "texture": "#2"},
				"south": {"uv": [8.375, 15.5, 9, 15.625], "texture": "#2"},
				"west": {"uv": [8.375, 15.5, 8.5, 15.625], "texture": "#2"},
				"up": {"uv": [8.375, 15.5, 9, 15.625], "texture": "#2"},
				"down": {"uv": [8.375, 15.5, 9, 15.625], "texture": "#2"}
			}
		},
		{
			"name": "moonlight_47",
			"from": [7.75, 1.25, 7.9],
			"to": [8.125, 1.375, 8.225],
			"rotation": {"angle": 0, "axis": "y", "origin": [0, 1, 8]},
			"faces": {
				"north": {"uv": [8.125, 15.625, 7.75, 15.75], "texture": "#2"},
				"east": {"uv": [8, 15.625, 8.125, 15.75], "texture": "#2"},
				"south": {"uv": [7.75, 15.625, 8.125, 15.75], "texture": "#2"},
				"west": {"uv": [7.75, 15.625, 7.875, 15.75], "texture": "#2"},
				"up": {"uv": [7.75, 15.625, 8.125, 15.75], "texture": "#2"},
				"down": {"uv": [7.75, 15.625, 8.125, 15.75], "texture": "#2"}
			}
		}
	],
	"gui_light": "front",
	"display": {
		"thirdperson_righthand": {
			"rotation": [0, 90, 0],
			"translation": [-0.5, 10.5, 1],
			"scale": [3.25, 3.25, 3.25]
		},
		"thirdperson_lefthand": {
			"rotation": [0, -90, 0],
			"translation": [-0.5, 10.5, 1],
			"scale": [3.25, 3.25, 3.25]
		},
		"firstperson_righthand": {
			"rotation": [6, 95, 0],
			"translation": [0, 7, 2],
			"scale": [1.6, 1.6, 1.6]
		},
		"firstperson_lefthand": {
			"rotation": [6, -90, 0],
			"translation": [1.5, 7, 1],
			"scale": [1.6, 1.6, 1.6]
		},
		"ground": {
			"rotation": [0, 0, -45],
			"translation": [0, 3.3956, 0],
			"scale": [1.5, 1.5, 1.5]
		},
		"gui": {
			"rotation": [0, 0, -45],
			"translation": [0.75, 0, 0],
			"scale": [1.8, 1.8, 1.5]
		},
		"head": {
			"rotation": [0, 0, 145],
			"translation": [2.75, -15, 4],
			"scale": [4, 4, 4]
		},
		"fixed": {
			"rotation": [0, 0, 45],
			"translation": [-0.75, 1, -0.5],
			"scale": [4, 4, 4]
		}
	},
	"groups": [
		0,
		1,
		{
			"name": "moonlight",
			"origin": [8, 8, 8],
			"color": 0,
			"nbt": "{}",
			"children": [
				2,
				3,
				4,
				5,
				6,
				7,
				8,
				9,
				10,
				11,
				12,
				13,
				14,
				15,
				16,
				17,
				18,
				19,
				20,
				21,
				22,
				23,
				24,
				25,
				26,
				27,
				28,
				29,
				30,
				31,
				32,
				33,
				34,
				35,
				36,
				37,
				38,
				39,
				40,
				41,
				42,
				43,
				44,
				45,
				46,
				47,
				48,
				49
			]
		}
	]
}