{
	"credit": "Made with Blockbench",
	"textures": {
		"0": "item/diamond_sword/muramasa",
		"particle": "item/diamond_sword/muramasa"
	},
	"elements": [
		{
			"name": "muramasa_0",
			"from": [8.25, 12, 8],
			"to": [8.375, 12.375, 8.125],
			"faces": {
				"north": {"uv": [8.125, 3.625, 8, 4], "texture": "#0"},
				"east": {"uv": [8, 3.625, 8.125, 4], "texture": "#0"},
				"south": {"uv": [8, 3.625, 8.125, 4], "texture": "#0"},
				"west": {"uv": [8, 3.625, 8.125, 4], "texture": "#0"},
				"up": {"uv": [8, 3.625, 8.125, 3.75], "texture": "#0"}
			}
		},
		{
			"name": "muramasa_1",
			"from": [8.125, 11.875, 8],
			"to": [8.25, 12.25, 8.125],
			"faces": {
				"north": {"uv": [8, 3.75, 7.875, 4.125], "texture": "#0"},
				"south": {"uv": [7.875, 3.75, 8, 4.125], "texture": "#0"},
				"west": {"uv": [7.875, 3.75, 8, 4.125], "texture": "#0"},
				"up": {"uv": [7.875, 3.75, 8, 3.875], "texture": "#0"}
			}
		},
		{
			"name": "muramasa_2",
			"from": [8, 11.75, 8],
			"to": [8.125, 12.125, 8.125],
			"faces": {
				"north": {"uv": [7.875, 3.875, 7.75, 4.25], "texture": "#0"},
				"south": {"uv": [7.75, 3.875, 7.875, 4.25], "texture": "#0"},
				"west": {"uv": [7.75, 3.875, 7.875, 4.25], "texture": "#0"},
				"up": {"uv": [7.75, 3.875, 7.875, 4], "texture": "#0"}
			}
		},
		{
			"name": "muramasa_3",
			"from": [7.875, 11.5, 8],
			"to": [8, 12, 8.125],
			"faces": {
				"north": {"uv": [7.75, 4, 7.625, 4.5], "texture": "#0"},
				"south": {"uv": [7.625, 4, 7.75, 4.5], "texture": "#0"},
				"west": {"uv": [7.625, 4, 7.75, 4.5], "texture": "#0"},
				"up": {"uv": [7.625, 4, 7.75, 4.125], "texture": "#0"}
			}
		},
		{
			"name": "muramasa_4",
			"from": [8.25, 11.75, 7.95],
			"to": [8.375, 12, 8.175],
			"faces": {
				"north": {"uv": [8.375, 4, 8.25, 4.25], "texture": "#0"},
				"east": {"uv": [8.25, 4, 8.375, 4.25], "texture": "#0"},
				"south": {"uv": [8.25, 4, 8.375, 4.25], "texture": "#0"},
				"west": {"uv": [8.25, 4, 8.375, 4.25], "texture": "#0"},
				"up": {"uv": [8.25, 4, 8.375, 4.125], "texture": "#0"},
				"down": {"uv": [8.25, 4.125, 8.375, 4.25], "texture": "#0"}
			}
		},
		{
			"name": "muramasa_5",
			"from": [8.125, 11.5, 7.95],
			"to": [8.25, 11.875, 8.175],
			"faces": {
				"north": {"uv": [8.25, 4.125, 8.125, 4.5], "texture": "#0"},
				"east": {"uv": [8.125, 4.125, 8.25, 4.5], "texture": "#0"},
				"south": {"uv": [8.125, 4.125, 8.25, 4.5], "texture": "#0"},
				"west": {"uv": [8.125, 4.125, 8.25, 4.5], "texture": "#0"},
				"up": {"uv": [8.125, 4.125, 8.25, 4.25], "texture": "#0"},
				"down": {"uv": [8.125, 4.375, 8.25, 4.5], "texture": "#0"}
			}
		},
		{
			"name": "muramasa_6",
			"from": [7.75, 9.25, 8],
			"to": [7.875, 11.75, 8.125],
			"faces": {
				"north": {"uv": [7.625, 4.25, 7.5, 6.75], "texture": "#0"},
				"south": {"uv": [7.5, 4.25, 7.625, 6.75], "texture": "#0"},
				"west": {"uv": [7.5, 4.25, 7.625, 6.75], "texture": "#0"},
				"up": {"uv": [7.5, 4.25, 7.625, 4.375], "texture": "#0"}
			}
		},
		{
			"name": "muramasa_7",
			"from": [8, 9.25, 7.95],
			"to": [8.125, 11.75, 8.175],
			"faces": {
				"north": {"uv": [8.125, 4.25, 8, 6.75], "texture": "#0"},
				"east": {"uv": [8, 4.25, 8.125, 6.75], "texture": "#0"},
				"south": {"uv": [8, 4.25, 8.125, 6.75], "texture": "#0"},
				"west": {"uv": [8, 4.25, 8.125, 6.75], "texture": "#0"},
				"up": {"uv": [8, 4.25, 8.125, 4.375], "texture": "#0"},
				"down": {"uv": [8, 6.625, 8.125, 6.75], "texture": "#0"}
			}
		},
		{
			"name": "muramasa_8",
			"from": [7.625, 6, 8],
			"to": [7.75, 11.5, 8.125],
			"faces": {
				"north": {"uv": [7.5, 4.5, 7.375, 10], "texture": "#0"},
				"south": {"uv": [7.375, 4.5, 7.5, 10], "texture": "#0"},
				"west": {"uv": [7.375, 4.5, 7.5, 10], "texture": "#0"},
				"up": {"uv": [7.375, 4.5, 7.5, 4.625], "texture": "#0"}
			}
		},
		{
			"name": "muramasa_9",
			"from": [7.875, 5.875, 7.95],
			"to": [8, 11.5, 8.175],
			"faces": {
				"north": {"uv": [8, 4.5, 7.875, 10.125], "texture": "#0"},
				"east": {"uv": [7.875, 4.5, 8, 10.125], "texture": "#0"},
				"south": {"uv": [7.875, 4.5, 8, 10.125], "texture": "#0"},
				"west": {"uv": [7.875, 4.5, 8, 10.125], "texture": "#0"},
				"up": {"uv": [7.875, 4.5, 8, 4.625], "texture": "#0"},
				"down": {"uv": [7.875, 10, 8, 10.125], "texture": "#0"}
			}
		},
		{
			"name": "muramasa_10",
			"from": [7.5, 5.5, 8],
			"to": [7.625, 9.25, 8.125],
			"faces": {
				"north": {"uv": [7.375, 6.75, 7.25, 10.5], "texture": "#0"},
				"south": {"uv": [7.25, 6.75, 7.375, 10.5], "texture": "#0"},
				"west": {"uv": [7.25, 6.75, 7.375, 10.5], "texture": "#0"},
				"up": {"uv": [7.25, 6.75, 7.375, 6.875], "texture": "#0"}
			}
		},
		{
			"name": "muramasa_11",
			"from": [7.75, 5.125, 7.95],
			"to": [7.875, 9.25, 8.175],
			"faces": {
				"north": {"uv": [7.875, 6.75, 7.75, 10.875], "texture": "#0"},
				"east": {"uv": [7.75, 6.75, 7.875, 10.875], "texture": "#0"},
				"south": {"uv": [7.75, 6.75, 7.875, 10.875], "texture": "#0"},
				"west": {"uv": [7.75, 6.75, 7.875, 10.875], "texture": "#0"},
				"up": {"uv": [7.75, 6.75, 7.875, 6.875], "texture": "#0"}
			}
		},
		{
			"name": "muramasa_12",
			"from": [7.375, 5.125, 8],
			"to": [7.5, 6, 8.125],
			"faces": {
				"north": {"uv": [7.25, 10, 7.125, 10.875], "texture": "#0"},
				"south": {"uv": [7.125, 10, 7.25, 10.875], "texture": "#0"},
				"west": {"uv": [7.125, 10, 7.25, 10.875], "texture": "#0"},
				"up": {"uv": [7.125, 10, 7.25, 10.125], "texture": "#0"},
				"down": {"uv": [7.125, 10.75, 7.25, 10.875], "texture": "#0"}
			}
		},
		{
			"name": "muramasa_13",
			"from": [7.625, 5.25, 7.95],
			"to": [7.75, 6, 8.175],
			"faces": {
				"north": {"uv": [7.75, 10, 7.625, 10.75], "texture": "#0"},
				"south": {"uv": [7.625, 10, 7.75, 10.75], "texture": "#0"},
				"west": {"uv": [7.625, 10, 7.75, 10.75], "texture": "#0"},
				"up": {"uv": [7.625, 10, 7.75, 10.125], "texture": "#0"},
				"down": {"uv": [7.625, 10.625, 7.75, 10.75], "texture": "#0"}
			}
		},
		{
			"name": "muramasa_14",
			"from": [7.25, 5.25, 8],
			"to": [7.375, 5.625, 8.125],
			"faces": {
				"north": {"uv": [7.125, 10.375, 7, 10.75], "texture": "#0"},
				"south": {"uv": [7, 10.375, 7.125, 10.75], "texture": "#0"},
				"west": {"uv": [7, 10.375, 7.125, 10.75], "texture": "#0"},
				"up": {"uv": [7, 10.375, 7.125, 10.5], "texture": "#0"},
				"down": {"uv": [7, 10.625, 7.125, 10.75], "texture": "#0"}
			}
		},
		{
			"name": "muramasa_15",
			"from": [7.125, 5.375, 8],
			"to": [7.25, 5.5, 8.125],
			"faces": {
				"north": {"uv": [7, 10.5, 6.875, 10.625], "texture": "#0"},
				"south": {"uv": [6.875, 10.5, 7, 10.625], "texture": "#0"},
				"west": {"uv": [6.875, 10.5, 7, 10.625], "texture": "#0"},
				"up": {"uv": [6.875, 10.5, 7, 10.625], "texture": "#0"},
				"down": {"uv": [6.875, 10.5, 7, 10.625], "texture": "#0"}
			}
		},
		{
			"name": "muramasa_16",
			"from": [7.5, 5.375, 7.95],
			"to": [7.625, 5.5, 8.175],
			"faces": {
				"north": {"uv": [7.625, 10.5, 7.5, 10.625], "texture": "#0"},
				"south": {"uv": [7.5, 10.5, 7.625, 10.625], "texture": "#0"},
				"west": {"uv": [7.5, 10.5, 7.625, 10.625], "texture": "#0"},
				"up": {"uv": [7.5, 10.5, 7.625, 10.625], "texture": "#0"},
				"down": {"uv": [7.5, 10.5, 7.625, 10.625], "texture": "#0"}
			}
		},
		{
			"name": "muramasa_17",
			"from": [7.5, 5, 8],
			"to": [7.625, 5.375, 8.125],
			"faces": {
				"north": {"uv": [7.375, 10.625, 7.25, 11], "texture": "#0"},
				"south": {"uv": [7.25, 10.625, 7.375, 11], "texture": "#0"},
				"west": {"uv": [7.25, 10.625, 7.375, 11], "texture": "#0"}
			}
		},
		{
			"name": "muramasa_18",
			"from": [7.875, 5, 7.95],
			"to": [8, 5.375, 8.175],
			"faces": {
				"north": {"uv": [8, 10.625, 7.875, 11], "texture": "#0"},
				"east": {"uv": [7.875, 10.625, 8, 11], "texture": "#0"},
				"south": {"uv": [7.875, 10.625, 8, 11], "texture": "#0"},
				"up": {"uv": [7.875, 10.625, 8, 10.75], "texture": "#0"}
			}
		},
		{
			"name": "muramasa_19",
			"from": [7.625, 5.125, 8],
			"to": [7.75, 5.25, 8.125],
			"faces": {
				"north": {"uv": [7.5, 10.75, 7.375, 10.875], "texture": "#0"},
				"south": {"uv": [7.375, 10.75, 7.5, 10.875], "texture": "#0"}
			}
		},
		{
			"name": "muramasa_20",
			"from": [8, 5.125, 7.95],
			"to": [8.25, 5.25, 8.175],
			"faces": {
				"north": {"uv": [8.25, 10.75, 8, 10.875], "texture": "#0"},
				"east": {"uv": [8.125, 10.75, 8.25, 10.875], "texture": "#0"},
				"south": {"uv": [8, 10.75, 8.25, 10.875], "texture": "#0"},
				"up": {"uv": [8, 10.75, 8.25, 10.875], "texture": "#0"},
				"down": {"uv": [8, 10.75, 8.25, 10.875], "texture": "#0"}
			}
		},
		{
			"name": "muramasa_21",
			"from": [8, 5, 7.95],
			"to": [8.125, 5.125, 8.175],
			"faces": {
				"north": {"uv": [8.125, 10.875, 8, 11], "texture": "#0"},
				"east": {"uv": [8, 10.875, 8.125, 11], "texture": "#0"},
				"south": {"uv": [8, 10.875, 8.125, 11], "texture": "#0"},
				"down": {"uv": [8, 10.875, 8.125, 11], "texture": "#0"}
			}
		},
		{
			"name": "muramasa_22",
			"from": [7.625, 4.75, 7.9],
			"to": [7.875, 5.125, 8.225],
			"faces": {
				"north": {"uv": [7.625, 11.125, 7.375, 11.5], "texture": "#0"},
				"east": {"uv": [7.5, 11.125, 7.625, 11.5], "texture": "#0"},
				"south": {"uv": [7.375, 11.125, 7.625, 11.5], "texture": "#0"},
				"west": {"uv": [7.375, 11.125, 7.5, 11.5], "texture": "#0"},
				"up": {"uv": [7.375, 11.125, 7.625, 11.25], "texture": "#0"}
			}
		},
		{
			"name": "muramasa_23",
			"from": [7.5, 4.75, 7.9],
			"to": [7.625, 5, 8.225],
			"faces": {
				"north": {"uv": [7.375, 11.25, 7.25, 11.5], "texture": "#0"},
				"south": {"uv": [7.25, 11.25, 7.375, 11.5], "texture": "#0"},
				"west": {"uv": [7.25, 11.25, 7.375, 11.5], "texture": "#0"},
				"up": {"uv": [7.25, 11.25, 7.375, 11.375], "texture": "#0"}
			}
		},
		{
			"name": "muramasa_24",
			"from": [7.875, 4.75, 7.9],
			"to": [8, 5, 8.225],
			"faces": {
				"north": {"uv": [7.75, 11.25, 7.625, 11.5], "texture": "#0"},
				"east": {"uv": [7.625, 11.25, 7.75, 11.5], "texture": "#0"},
				"south": {"uv": [7.625, 11.25, 7.75, 11.5], "texture": "#0"},
				"up": {"uv": [7.625, 11.25, 7.75, 11.375], "texture": "#0"}
			}
		},
		{
			"name": "muramasa_25",
			"from": [7.125, 4.5, 7.6],
			"to": [8.375, 4.75, 8.525],
			"faces": {
				"north": {"uv": [8.125, 11.75, 6.875, 12], "texture": "#0"},
				"east": {"uv": [8, 11.75, 8.125, 12], "texture": "#0"},
				"south": {"uv": [6.875, 11.75, 8.125, 12], "texture": "#0"},
				"west": {"uv": [6.875, 11.75, 7, 12], "texture": "#0"},
				"up": {"uv": [6.875, 11.75, 8.125, 11.875], "texture": "#0"},
				"down": {"uv": [6.875, 11.875, 8.125, 12], "texture": "#0"}
			}
		},
		{
			"name": "muramasa_26",
			"from": [7.5, 2.625, 7.9],
			"to": [8, 4.5, 8.225],
			"faces": {
				"north": {"uv": [7.75, 12.25, 7.25, 14.125], "texture": "#0"},
				"east": {"uv": [7.625, 12.25, 7.75, 14.125], "texture": "#0"},
				"south": {"uv": [7.25, 12.25, 7.75, 14.125], "texture": "#0"},
				"west": {"uv": [7.25, 12.25, 7.375, 14.125], "texture": "#0"},
				"down": {"uv": [7.25, 14, 7.75, 14.125], "texture": "#0"}
			}
		},
		{
			"name": "muramasa_27",
			"from": [7.625, 1.125, 7.9],
			"to": [8, 2.625, 8.225],
			"faces": {
				"north": {"uv": [7.75, 14.125, 7.375, 15.625], "texture": "#0"},
				"east": {"uv": [7.625, 14.125, 7.75, 15.625], "texture": "#0"},
				"south": {"uv": [7.375, 14.125, 7.75, 15.625], "texture": "#0"},
				"west": {"uv": [7.375, 14.125, 7.5, 15.625], "texture": "#0"},
				"down": {"uv": [7.375, 15.5, 7.75, 15.625], "texture": "#0"}
			}
		},
		{
			"name": "muramasa_28",
			"from": [8, 1.125, 7.9],
			"to": [8.125, 2.5, 8.225],
			"faces": {
				"north": {"uv": [7.875, 14.25, 7.75, 15.625], "texture": "#0"},
				"east": {"uv": [7.75, 14.25, 7.875, 15.625], "texture": "#0"},
				"south": {"uv": [7.75, 14.25, 7.875, 15.625], "texture": "#0"},
				"up": {"uv": [7.75, 14.25, 7.875, 14.375], "texture": "#0"},
				"down": {"uv": [7.75, 15.5, 7.875, 15.625], "texture": "#0"}
			}
		}
	],
	"gui_light": "front",
	"display": {
		"thirdperson_righthand": {
			"rotation": [0, -90, 0],
			"translation": [0, 11, 1.75],
			"scale": [3, 3, 3]
		},
		"thirdperson_lefthand": {
			"rotation": [0, 90, 0],
			"translation": [0, 11.25, 1.75],
			"scale": [3, 3, 3]
		},
		"firstperson_righthand": {
			"rotation": [1, -90, -8],
			"translation": [3, 9, 0],
			"scale": [2.5, 2.5, 2.5]
		},
		"firstperson_lefthand": {
			"rotation": [13, 90, -8],
			"translation": [2.25, 9.25, -0.25],
			"scale": [2.5, 2.5, 2.5]
		},
		"ground": {
			"translation": [0, 7.75, 0],
			"scale": [2, 2, 2]
		},
		"gui": {
			"rotation": [0, 0, -42],
			"translation": [3, 2.25, 0],
			"scale": [2.5, 2.5, 2]
		},
		"head": {
			"rotation": [0, 0, -132],
			"translation": [1, -16, 3.5],
			"scale": [3.5, 3.5, 3.5]
		},
		"fixed": {
			"rotation": [-180, 0, 138],
			"translation": [-1.25, 1.75, 0],
			"scale": [4, 4, 3]
		}
	},
	"groups": [
		{
			"name": "muramasa",
			"origin": [8, 8, 8],
			"color": 0,
			"nbt": "{}",
			"children": [0, 1, 2, 3, 4, 5, 6, 7, 8, 9, 10, 11, 12, 13, 14, 15, 16, 17, 18, 19, 20, 21, 22, 23, 24, 25, 26, 27, 28]
		}
	]
}