{
	"credit": "Made with Blockbench",
	"textures": {
		"0": "item/diamond_sword/mystical_spellblade",
		"1": "item/diamond_sword/mystical_spellblade_v2",
		"particle": "item/diamond_sword/mystical_spellblade"
	},
	"elements": [
		{
			"name": "bekkie_17",
			"from": [8, 12.25, 8],
			"to": [8.125, 13.125, 8.125],
			"rotation": {"angle": 0, "axis": "y", "origin": [0.5, 0, 8]},
			"faces": {
				"north": {"uv": [7.625, 2.875, 7.5, 3.75], "texture": "#0"},
				"east": {"uv": [7.5, 2.875, 7.625, 3.75], "texture": "#0"},
				"south": {"uv": [7.5, 2.875, 7.625, 3.75], "texture": "#0"},
				"west": {"uv": [7.5, 2.875, 7.625, 3.75], "texture": "#0"},
				"up": {"uv": [7.5, 2.875, 7.625, 3], "texture": "#0"}
			}
		},
		{
			"name": "bekkie_20",
			"from": [7.875, 11.75, 8],
			"to": [8, 12.75, 8.125],
			"rotation": {"angle": 0, "axis": "y", "origin": [0.5, 0, 8]},
			"faces": {
				"north": {"uv": [7.5, 3.25, 7.375, 4.25], "texture": "#0"},
				"south": {"uv": [7.375, 3.25, 7.5, 4.25], "texture": "#0"},
				"west": {"uv": [7.375, 3.25, 7.5, 4.25], "texture": "#0"},
				"up": {"uv": [7.375, 3.25, 7.5, 3.375], "texture": "#0"}
			}
		},
		{
			"name": "bekkie_21",
			"from": [8.125, 11.75, 8],
			"to": [8.25, 12.75, 8.125],
			"rotation": {"angle": 0, "axis": "y", "origin": [0.5, 0, 8]},
			"faces": {
				"north": {"uv": [7.75, 3.25, 7.625, 4.25], "texture": "#0"},
				"east": {"uv": [7.625, 3.25, 7.75, 4.25], "texture": "#0"},
				"south": {"uv": [7.625, 3.25, 7.75, 4.25], "texture": "#0"},
				"up": {"uv": [7.625, 3.25, 7.75, 3.375], "texture": "#0"}
			}
		},
		{
			"name": "bekkie_22",
			"from": [8, 7.75, 7.95],
			"to": [8.125, 12.25, 8.175],
			"rotation": {"angle": 0, "axis": "y", "origin": [0.5, 0, 8]},
			"faces": {
				"north": {"uv": [6.375, 3.75, 6.25, 8.25], "texture": "#0"},
				"east": {"uv": [6.25, 3.75, 6.375, 8.25], "texture": "#0"},
				"south": {"uv": [6.25, 3.75, 6.375, 8.25], "texture": "#0"},
				"west": {"uv": [6.25, 3.75, 6.375, 8.25], "texture": "#0"},
				"up": {"uv": [6.25, 3.75, 6.375, 3.875], "texture": "#0"}
			}
		},
		{
			"name": "bekkie_27",
			"from": [6.35, 4.925, 8.025],
			"to": [9.725, 5.05, 8.15],
			"rotation": {"angle": 0, "axis": "y", "origin": [8.1, 5.1, 8.1]},
			"faces": {
				"north": {"uv": [4, 5.125, 4.125, 8.5], "rotation": 270, "texture": "#0"},
				"east": {"uv": [4, 5.125, 4.125, 5.25], "texture": "#0"},
				"south": {"uv": [4, 5.125, 4.125, 8.5], "rotation": 90, "texture": "#0"},
				"west": {"uv": [4, 8.375, 4.125, 8.5], "rotation": 180, "texture": "#0"},
				"up": {"uv": [4.125, 5.125, 4, 8.5], "rotation": 90, "texture": "#0"},
				"down": {"uv": [4, 5.125, 4.125, 8.5], "rotation": 90, "texture": "#1"}
			}
		},
		{
			"name": "bekkie_28",
			"from": [6.475, 4.925, 8.15],
			"to": [9.6, 5.05, 8.275],
			"rotation": {"angle": 0, "axis": "y", "origin": [8.1, 5.1, 8.1]},
			"faces": {
				"east": {"uv": [3.875, 5.25, 4, 5.375], "texture": "#0"},
				"south": {"uv": [3.875, 5.25, 4, 8.375], "rotation": 90, "texture": "#0"},
				"west": {"uv": [3.875, 8.25, 4, 8.375], "rotation": 180, "texture": "#0"},
				"up": {"uv": [4, 5.25, 3.875, 8.375], "rotation": 90, "texture": "#0"},
				"down": {"uv": [3.875, 5.25, 4, 8.375], "rotation": 90, "texture": "#1"}
			}
		},
		{
			"name": "bekkie_29",
			"from": [6.475, 4.925, 7.9],
			"to": [9.6, 5.05, 8.025],
			"rotation": {"angle": 0, "axis": "y", "origin": [8.1, 5.1, 8.1]},
			"faces": {
				"north": {"uv": [4.125, 5.25, 4.25, 8.375], "rotation": 270, "texture": "#0"},
				"east": {"uv": [4.125, 5.25, 4.25, 5.375], "texture": "#0"},
				"west": {"uv": [4.125, 8.25, 4.25, 8.375], "rotation": 180, "texture": "#0"},
				"up": {"uv": [4.25, 5.25, 4.125, 8.375], "rotation": 90, "texture": "#0"},
				"down": {"uv": [4.125, 5.25, 4.25, 8.375], "rotation": 90, "texture": "#1"}
			}
		},
		{
			"name": "bekkie_30",
			"from": [6.85, 4.925, 7.775],
			"to": [9.475, 5.05, 7.9],
			"rotation": {"angle": 0, "axis": "y", "origin": [8.1, 5.1, 8.1]},
			"faces": {
				"north": {"uv": [4.25, 5.375, 4.375, 8], "rotation": 270, "texture": "#0"},
				"east": {"uv": [4.25, 5.375, 4.375, 5.5], "texture": "#0"},
				"west": {"uv": [4.25, 7.875, 4.375, 8], "rotation": 180, "texture": "#0"},
				"up": {"uv": [4.375, 5.375, 4.25, 8], "rotation": 90, "texture": "#0"},
				"down": {"uv": [4.25, 5.375, 4.375, 8], "rotation": 90, "texture": "#1"}
			}
		},
		{
			"name": "bekkie_31",
			"from": [6.6, 4.925, 8.275],
			"to": [9.225, 5.05, 8.4],
			"rotation": {"angle": 0, "axis": "y", "origin": [8.1, 5.1, 8.1]},
			"faces": {
				"east": {"uv": [3.75, 5.625, 3.875, 5.75], "texture": "#0"},
				"south": {"uv": [3.75, 5.625, 3.875, 8.25], "rotation": 90, "texture": "#0"},
				"west": {"uv": [3.75, 8.125, 3.875, 8.25], "rotation": 180, "texture": "#0"},
				"up": {"uv": [3.875, 5.625, 3.75, 8.25], "rotation": 90, "texture": "#0"},
				"down": {"uv": [3.75, 5.625, 3.875, 8.25], "rotation": 90, "texture": "#1"}
			}
		},
		{
			"name": "bekkie_32",
			"from": [7.1, 4.925, 7.65],
			"to": [9.1, 5.05, 7.775],
			"rotation": {"angle": 0, "axis": "y", "origin": [8.1, 5.1, 8.1]},
			"faces": {
				"north": {"uv": [4.375, 5.75, 4.5, 7.75], "rotation": 270, "texture": "#0"},
				"east": {"uv": [4.375, 5.75, 4.5, 5.875], "texture": "#0"},
				"west": {"uv": [4.375, 7.625, 4.5, 7.75], "rotation": 180, "texture": "#0"},
				"up": {"uv": [4.5, 5.75, 4.375, 7.75], "rotation": 90, "texture": "#0"},
				"down": {"uv": [4.375, 5.75, 4.5, 7.75], "rotation": 90, "texture": "#1"}
			}
		},
		{
			"name": "bekkie_33",
			"from": [6.975, 4.925, 8.4],
			"to": [8.975, 5.05, 8.525],
			"rotation": {"angle": 0, "axis": "y", "origin": [8.1, 5.1, 8.1]},
			"faces": {
				"east": {"uv": [3.625, 5.875, 3.75, 6], "texture": "#0"},
				"south": {"uv": [3.625, 5.875, 3.75, 7.875], "rotation": 90, "texture": "#0"},
				"west": {"uv": [3.625, 7.75, 3.75, 7.875], "rotation": 180, "texture": "#0"},
				"up": {"uv": [3.75, 5.875, 3.625, 7.875], "rotation": 90, "texture": "#0"},
				"down": {"uv": [3.625, 5.875, 3.75, 7.875], "rotation": 90, "texture": "#1"}
			}
		},
		{
			"name": "bekkie_34",
			"from": [7.725, 4.925, 8.525],
			"to": [8.475, 5.05, 9.275],
			"rotation": {"angle": 0, "axis": "y", "origin": [8.1, 5.1, 8.1]},
			"faces": {
				"east": {"uv": [2.875, 6.375, 3.625, 6.5], "texture": "#0"},
				"south": {"uv": [2.875, 6.375, 3, 7.125], "rotation": 90, "texture": "#0"},
				"west": {"uv": [2.875, 7, 3.625, 7.125], "rotation": 180, "texture": "#0"},
				"up": {"uv": [3.625, 6.375, 2.875, 7.125], "rotation": 90, "texture": "#0"},
				"down": {"uv": [2.875, 6.375, 3.625, 7.125], "rotation": 90, "texture": "#1"}
			}
		},
		{
			"name": "bekkie_35",
			"from": [7.6, 4.925, 7.025],
			"to": [8.475, 5.05, 7.65],
			"rotation": {"angle": 0, "axis": "y", "origin": [8.1, 5.1, 8.1]},
			"faces": {
				"north": {"uv": [5, 6.375, 5.125, 7.25], "rotation": 270, "texture": "#0"},
				"east": {"uv": [4.5, 6.375, 5.125, 6.5], "texture": "#0"},
				"west": {"uv": [4.5, 7.125, 5.125, 7.25], "rotation": 180, "texture": "#0"},
				"up": {"uv": [5.125, 6.375, 4.5, 7.25], "rotation": 90, "texture": "#0"},
				"down": {"uv": [4.5, 6.375, 5.125, 7.25], "rotation": 90, "texture": "#1"}
			}
		},
		{
			"name": "bekkie_36",
			"from": [7.85, 4.925, 9.275],
			"to": [8.35, 5.05, 9.65],
			"rotation": {"angle": 0, "axis": "y", "origin": [8.1, 5.1, 8.1]},
			"faces": {
				"east": {"uv": [2.5, 6.5, 2.875, 6.625], "texture": "#0"},
				"south": {"uv": [2.5, 6.5, 2.625, 7], "rotation": 90, "texture": "#0"},
				"west": {"uv": [2.5, 6.875, 2.875, 7], "rotation": 180, "texture": "#0"},
				"up": {"uv": [2.875, 6.5, 2.5, 7], "rotation": 90, "texture": "#0"},
				"down": {"uv": [2.5, 6.5, 2.875, 7], "rotation": 90, "texture": "#1"}
			}
		},
		{
			"name": "bekkie_37",
			"from": [7.725, 4.925, 6.775],
			"to": [8.35, 5.05, 7.025],
			"rotation": {"angle": 0, "axis": "y", "origin": [8.1, 5.1, 8.1]},
			"faces": {
				"north": {"uv": [5.25, 6.5, 5.375, 7.125], "rotation": 270, "texture": "#0"},
				"east": {"uv": [5.125, 6.5, 5.375, 6.625], "texture": "#0"},
				"west": {"uv": [5.125, 7, 5.375, 7.125], "rotation": 180, "texture": "#0"},
				"up": {"uv": [5.375, 6.5, 5.125, 7.125], "rotation": 90, "texture": "#0"},
				"down": {"uv": [5.125, 6.5, 5.375, 7.125], "rotation": 90, "texture": "#1"}
			}
		},
		{
			"name": "bekkie_38",
			"from": [7.85, 4.925, 9.65],
			"to": [8.225, 5.05, 9.775],
			"rotation": {"angle": 0, "axis": "y", "origin": [8.1, 5.1, 8.1]},
			"faces": {
				"east": {"uv": [2.375, 6.625, 2.5, 6.75], "texture": "#0"},
				"south": {"uv": [2.375, 6.625, 2.5, 7], "rotation": 90, "texture": "#0"},
				"west": {"uv": [2.375, 6.875, 2.5, 7], "rotation": 180, "texture": "#0"},
				"up": {"uv": [2.5, 6.625, 2.375, 7], "rotation": 90, "texture": "#0"},
				"down": {"uv": [2.375, 6.625, 2.5, 7], "rotation": 90, "texture": "#1"}
			}
		},
		{
			"name": "bekkie_39",
			"from": [7.85, 4.925, 6.4],
			"to": [8.225, 5.05, 6.775],
			"rotation": {"angle": 0, "axis": "y", "origin": [8.1, 5.1, 8.1]},
			"faces": {
				"north": {"uv": [5.625, 6.625, 5.75, 7], "rotation": 270, "texture": "#0"},
				"east": {"uv": [5.375, 6.625, 5.75, 6.75], "texture": "#0"},
				"west": {"uv": [5.375, 6.875, 5.75, 7], "rotation": 180, "texture": "#0"},
				"up": {"uv": [5.75, 6.625, 5.375, 7], "rotation": 90, "texture": "#0"},
				"down": {"uv": [5.375, 6.625, 5.75, 7], "rotation": 90, "texture": "#1"}
			}
		},
		{
			"name": "bekkie_40",
			"from": [7.975, 4.925, 9.775],
			"to": [8.1, 5.05, 9.9],
			"rotation": {"angle": 0, "axis": "y", "origin": [8.1, 5.1, 8.1]},
			"faces": {
				"east": {"uv": [2.25, 6.75, 2.375, 6.875], "texture": "#0"},
				"south": {"uv": [2.25, 6.75, 2.375, 6.875], "rotation": 90, "texture": "#0"},
				"west": {"uv": [2.25, 6.75, 2.375, 6.875], "rotation": 180, "texture": "#0"},
				"up": {"uv": [2.375, 6.75, 2.25, 6.875], "rotation": 90, "texture": "#0"},
				"down": {"uv": [2.25, 6.75, 2.375, 6.875], "rotation": 90, "texture": "#0"}
			}
		},
		{
			"name": "bekkie_41",
			"from": [7.975, 4.925, 6.275],
			"to": [8.1, 5.05, 6.4],
			"rotation": {"angle": 0, "axis": "y", "origin": [8.1, 5.1, 8.1]},
			"faces": {
				"north": {"uv": [5.75, 6.75, 5.875, 6.875], "rotation": 270, "texture": "#0"},
				"east": {"uv": [5.75, 6.75, 5.875, 6.875], "texture": "#0"},
				"west": {"uv": [5.75, 6.75, 5.875, 6.875], "rotation": 180, "texture": "#0"},
				"up": {"uv": [5.875, 6.75, 5.75, 6.875], "rotation": 90, "texture": "#0"},
				"down": {"uv": [5.75, 6.75, 5.875, 6.875], "rotation": 90, "texture": "#0"}
			}
		},
		{
			"name": "bekkie_42",
			"from": [7.725, 4.925, 9.275],
			"to": [7.85, 5.05, 9.4],
			"rotation": {"angle": 0, "axis": "y", "origin": [8.1, 5.1, 8.1]},
			"faces": {
				"south": {"uv": [2.75, 7, 2.875, 7.125], "rotation": 90, "texture": "#0"},
				"west": {"uv": [2.75, 7, 2.875, 7.125], "rotation": 180, "texture": "#0"},
				"up": {"uv": [2.875, 7, 2.75, 7.125], "rotation": 90, "texture": "#0"},
				"down": {"uv": [2.75, 7, 2.875, 7.125], "rotation": 90, "texture": "#0"}
			}
		},
		{
			"name": "bekkie_43",
			"from": [7.725, 4.925, 6.525],
			"to": [7.85, 5.05, 6.775],
			"rotation": {"angle": 0, "axis": "y", "origin": [8.1, 5.1, 8.1]},
			"faces": {
				"north": {"uv": [5.5, 7, 5.625, 7.125], "rotation": 270, "texture": "#0"},
				"west": {"uv": [5.375, 7, 5.625, 7.125], "rotation": 180, "texture": "#0"},
				"up": {"uv": [5.625, 7, 5.375, 7.125], "rotation": 90, "texture": "#0"},
				"down": {"uv": [5.375, 7, 5.625, 7.125], "rotation": 90, "texture": "#0"}
			}
		},
		{
			"name": "bekkie_44",
			"from": [7.6, 4.925, 8.525],
			"to": [7.725, 5.05, 9.15],
			"rotation": {"angle": 0, "axis": "y", "origin": [8.1, 5.1, 8.1]},
			"faces": {
				"south": {"uv": [3, 7.125, 3.125, 7.25], "rotation": 90, "texture": "#0"},
				"west": {"uv": [3, 7.125, 3.625, 7.25], "rotation": 180, "texture": "#0"},
				"up": {"uv": [3.625, 7.125, 3, 7.25], "rotation": 90, "texture": "#0"},
				"down": {"uv": [3, 7.125, 3.625, 7.25], "rotation": 90, "texture": "#0"}
			}
		},
		{
			"name": "bekkie_45",
			"from": [7.6, 4.925, 6.9],
			"to": [7.725, 5.05, 7.025],
			"rotation": {"angle": 0, "axis": "y", "origin": [8.1, 5.1, 8.1]},
			"faces": {
				"north": {"uv": [5.125, 7.125, 5.25, 7.25], "rotation": 270, "texture": "#0"},
				"west": {"uv": [5.125, 7.125, 5.25, 7.25], "rotation": 180, "texture": "#0"},
				"up": {"uv": [5.25, 7.125, 5.125, 7.25], "rotation": 90, "texture": "#0"},
				"down": {"uv": [5.125, 7.125, 5.25, 7.25], "rotation": 90, "texture": "#0"}
			}
		},
		{
			"name": "bekkie_71",
			"from": [6.625, 2.875, 7.625],
			"to": [7.125, 3, 8.5],
			"rotation": {"angle": 45, "axis": "z", "origin": [4.9, 6.1, 8]},
			"faces": {
				"north": {"uv": [1.875, 10.25, 2.375, 10.375], "rotation": 180, "texture": "#0"},
				"east": {"uv": [2.25, 9.5, 2.375, 10.375], "rotation": 270, "texture": "#0"},
				"south": {"uv": [1.875, 9.5, 2.375, 9.625], "texture": "#0"},
				"west": {"uv": [1.875, 9.5, 2, 10.375], "rotation": 90, "texture": "#0"},
				"up": {"uv": [2.375, 9.5, 1.875, 10.375], "rotation": 180, "texture": "#0"},
				"down": {"uv": [1.875, 9.5, 2.375, 10.375], "texture": "#1"}
			}
		},
		{
			"name": "bekkie_73",
			"from": [6.5, 2.875, 7.75],
			"to": [6.625, 3, 8.375],
			"rotation": {"angle": 45, "axis": "z", "origin": [4.9, 6.1, 8]},
			"faces": {
				"north": {"uv": [1.75, 10.125, 1.875, 10.25], "rotation": 180, "texture": "#0"},
				"south": {"uv": [1.75, 9.625, 1.875, 9.75], "texture": "#0"}
			}
		},
		{
			"name": "bekkie_74",
			"from": [7.125, 2.875, 7.75],
			"to": [7.375, 3, 8.375],
			"rotation": {"angle": 45, "axis": "z", "origin": [4.9, 6.1, 8]},
			"faces": {
				"north": {"uv": [2.375, 10.125, 2.625, 10.25], "rotation": 180, "texture": "#0"},
				"east": {"uv": [2.5, 9.625, 2.625, 10.25], "rotation": 270, "texture": "#0"},
				"south": {"uv": [2.375, 9.625, 2.625, 9.75], "texture": "#0"},
				"up": {"uv": [2.625, 9.625, 2.375, 10.25], "rotation": 180, "texture": "#0"},
				"down": {"uv": [2.375, 9.625, 2.625, 10.25], "texture": "#1"}
			}
		},
		{
			"name": "bekkie_76",
			"from": [6.375, 2.875, 7.875],
			"to": [6.5, 3, 8.25],
			"rotation": {"angle": 45, "axis": "z", "origin": [4.9, 6.1, 8]},
			"faces": {
				"north": {"uv": [1.625, 10, 1.75, 10.125], "rotation": 180, "texture": "#0"},
				"south": {"uv": [1.625, 9.75, 1.75, 9.875], "texture": "#0"}
			}
		},
		{
			"name": "bekkie_77",
			"from": [7.375, 2.875, 7.875],
			"to": [7.75, 3, 8.25],
			"rotation": {"angle": 45, "axis": "z", "origin": [4.9, 6.1, 8]},
			"faces": {
				"north": {"uv": [2.625, 10, 3, 10.125], "rotation": 180, "texture": "#0"},
				"east": {"uv": [2.875, 9.75, 3, 10.125], "rotation": 270, "texture": "#0"},
				"south": {"uv": [2.625, 9.75, 3, 9.875], "texture": "#0"},
				"up": {"uv": [3, 9.75, 2.625, 10.125], "rotation": 180, "texture": "#0"},
				"down": {"uv": [2.625, 9.75, 3, 10.125], "texture": "#1"}
			}
		},
		{
			"name": "bekkie_82",
			"from": [7.75, 2.875, 8],
			"to": [7.875, 3, 8.125],
			"rotation": {"angle": 45, "axis": "z", "origin": [4.9, 6.1, 8]},
			"faces": {
				"north": {"uv": [3, 9.875, 3.125, 10], "rotation": 180, "texture": "#0"},
				"east": {"uv": [3, 9.875, 3.125, 10], "rotation": 270, "texture": "#0"},
				"south": {"uv": [3, 9.875, 3.125, 10], "texture": "#0"},
				"up": {"uv": [3.125, 9.875, 3, 10], "rotation": 180, "texture": "#0"},
				"down": {"uv": [3, 9.875, 3.125, 10], "texture": "#0"}
			}
		},
		{
			"name": "bekkie_91",
			"from": [7.375, 2.875, 7.75],
			"to": [7.625, 3, 7.875],
			"rotation": {"angle": 45, "axis": "z", "origin": [4.9, 6.1, 8]},
			"faces": {
				"north": {"uv": [2.625, 10.125, 2.875, 10.25], "rotation": 180, "texture": "#0"},
				"east": {"uv": [2.75, 10.125, 2.875, 10.25], "rotation": 270, "texture": "#0"},
				"up": {"uv": [2.875, 10.125, 2.625, 10.25], "rotation": 180, "texture": "#0"},
				"down": {"uv": [2.625, 10.125, 2.875, 10.25], "texture": "#0"}
			}
		},
		{
			"name": "bekkie_95",
			"from": [7.125, 2.875, 7.625],
			"to": [7.25, 3, 7.75],
			"rotation": {"angle": 45, "axis": "z", "origin": [4.9, 6.1, 8]},
			"faces": {
				"north": {"uv": [2.375, 10.25, 2.5, 10.375], "rotation": 180, "texture": "#0"},
				"east": {"uv": [2.375, 10.25, 2.5, 10.375], "rotation": 270, "texture": "#0"},
				"up": {"uv": [2.5, 10.25, 2.375, 10.375], "rotation": 180, "texture": "#0"},
				"down": {"uv": [2.375, 10.25, 2.5, 10.375], "texture": "#0"}
			}
		},
		{
			"name": "bekkie_71",
			"from": [7.725, 4.93, 7.33063],
			"to": [8.6, 5.055, 7.83063],
			"rotation": {"angle": 45, "axis": "x", "origin": [8.1, 5.1, 8]},
			"faces": {
				"north": {"uv": [2.25, 9.5, 2.375, 10.375], "rotation": 270, "texture": "#0"},
				"east": {"uv": [1.875, 9.5, 2.375, 9.625], "texture": "#0"},
				"west": {"uv": [1.875, 10.25, 2.375, 10.375], "rotation": 180, "texture": "#0"},
				"up": {"uv": [2.375, 9.5, 1.875, 10.375], "rotation": 90, "texture": "#0"},
				"down": {"uv": [1.875, 9.5, 2.375, 10.375], "rotation": 90, "texture": "#1"}
			}
		},
		{
			"name": "bekkie_73",
			"from": [7.85, 4.93, 7.83063],
			"to": [8.475, 5.055, 7.95563],
			"rotation": {"angle": 45, "axis": "x", "origin": [8.1, 5.1, 8]},
			"faces": {
				"east": {"uv": [1.75, 9.625, 1.875, 9.75], "texture": "#0"},
				"west": {"uv": [1.75, 10.125, 1.875, 10.25], "rotation": 180, "texture": "#0"}
			}
		},
		{
			"name": "bekkie_74",
			"from": [7.85, 4.93, 7.08063],
			"to": [8.475, 5.055, 7.33063],
			"rotation": {"angle": 45, "axis": "x", "origin": [8.1, 5.1, 8]},
			"faces": {
				"north": {"uv": [2.5, 9.625, 2.625, 10.25], "rotation": 270, "texture": "#0"},
				"east": {"uv": [2.375, 9.625, 2.625, 9.75], "texture": "#0"},
				"west": {"uv": [2.375, 10.125, 2.625, 10.25], "rotation": 180, "texture": "#0"},
				"up": {"uv": [2.625, 9.625, 2.375, 10.25], "rotation": 90, "texture": "#0"},
				"down": {"uv": [2.375, 9.625, 2.625, 10.25], "rotation": 90, "texture": "#1"}
			}
		},
		{
			"name": "bekkie_76",
			"from": [7.975, 4.93, 7.95563],
			"to": [8.35, 5.055, 8.08063],
			"rotation": {"angle": 45, "axis": "x", "origin": [8.1, 5.1, 8]},
			"faces": {
				"east": {"uv": [1.625, 9.75, 1.75, 9.875], "texture": "#0"},
				"west": {"uv": [1.625, 10, 1.75, 10.125], "rotation": 180, "texture": "#0"}
			}
		},
		{
			"name": "bekkie_77",
			"from": [7.975, 4.93, 6.70563],
			"to": [8.35, 5.055, 7.08063],
			"rotation": {"angle": 45, "axis": "x", "origin": [8.1, 5.1, 8]},
			"faces": {
				"north": {"uv": [2.875, 9.75, 3, 10.125], "rotation": 270, "texture": "#0"},
				"east": {"uv": [2.625, 9.75, 3, 9.875], "texture": "#0"},
				"west": {"uv": [2.625, 10, 3, 10.125], "rotation": 180, "texture": "#0"},
				"up": {"uv": [3, 9.75, 2.625, 10.125], "rotation": 90, "texture": "#0"},
				"down": {"uv": [2.625, 9.75, 3, 10.125], "rotation": 90, "texture": "#1"}
			}
		},
		{
			"name": "bekkie_82",
			"from": [8.1, 4.93, 6.58063],
			"to": [8.225, 5.055, 6.70563],
			"rotation": {"angle": 45, "axis": "x", "origin": [8.1, 5.1, 8]},
			"faces": {
				"north": {"uv": [3, 9.875, 3.125, 10], "rotation": 270, "texture": "#0"},
				"east": {"uv": [3, 9.875, 3.125, 10], "texture": "#0"},
				"west": {"uv": [3, 9.875, 3.125, 10], "rotation": 180, "texture": "#0"},
				"up": {"uv": [3.125, 9.875, 3, 10], "rotation": 90, "texture": "#0"},
				"down": {"uv": [3, 9.875, 3.125, 10], "rotation": 90, "texture": "#0"}
			}
		},
		{
			"name": "bekkie_91",
			"from": [7.85, 4.93, 6.83063],
			"to": [7.975, 5.055, 7.08063],
			"rotation": {"angle": 45, "axis": "x", "origin": [8.1, 5.1, 8]},
			"faces": {
				"north": {"uv": [2.75, 10.125, 2.875, 10.25], "rotation": 270, "texture": "#0"},
				"west": {"uv": [2.625, 10.125, 2.875, 10.25], "rotation": 180, "texture": "#0"},
				"up": {"uv": [2.875, 10.125, 2.625, 10.25], "rotation": 90, "texture": "#0"},
				"down": {"uv": [2.625, 10.125, 2.875, 10.25], "rotation": 90, "texture": "#0"}
			}
		},
		{
			"name": "bekkie_95",
			"from": [7.725, 4.93, 7.20563],
			"to": [7.85, 5.055, 7.33063],
			"rotation": {"angle": 45, "axis": "x", "origin": [8.1, 5.1, 8]},
			"faces": {
				"north": {"uv": [2.375, 10.25, 2.5, 10.375], "rotation": 270, "texture": "#0"},
				"west": {"uv": [2.375, 10.25, 2.5, 10.375], "rotation": 180, "texture": "#0"},
				"up": {"uv": [2.5, 10.25, 2.375, 10.375], "rotation": 90, "texture": "#0"},
				"down": {"uv": [2.375, 10.25, 2.5, 10.375], "rotation": 90, "texture": "#0"}
			}
		},
		{
			"name": "bekkie_71",
			"from": [7.43063, 4.84485, 7.6],
			"to": [7.93063, 4.96985, 8.475],
			"rotation": {"angle": -45, "axis": "z", "origin": [8.1, 5.1, 8]},
			"faces": {
				"north": {"uv": [1.875, 9.5, 2.375, 9.625], "texture": "#0"},
				"east": {"uv": [1.875, 9.5, 2, 10.375], "rotation": 90, "texture": "#0"},
				"south": {"uv": [1.875, 10.25, 2.375, 10.375], "rotation": 180, "texture": "#0"},
				"west": {"uv": [2.25, 9.5, 2.375, 10.375], "rotation": 270, "texture": "#0"},
				"up": {"uv": [2.375, 9.5, 1.875, 10.375], "texture": "#0"},
				"down": {"uv": [1.875, 9.5, 2.375, 10.375], "rotation": 180, "texture": "#1"}
			}
		},
		{
			"name": "bekkie_73",
			"from": [7.93063, 4.84485, 7.725],
			"to": [8.05563, 4.96985, 8.35],
			"rotation": {"angle": -45, "axis": "z", "origin": [8.1, 5.1, 8]},
			"faces": {
				"north": {"uv": [1.75, 9.625, 1.875, 9.75], "texture": "#0"},
				"south": {"uv": [1.75, 10.125, 1.875, 10.25], "rotation": 180, "texture": "#0"}
			}
		},
		{
			"name": "bekkie_74",
			"from": [7.18063, 4.84485, 7.725],
			"to": [7.43063, 4.96985, 8.35],
			"rotation": {"angle": -45, "axis": "z", "origin": [8.1, 5.1, 8]},
			"faces": {
				"north": {"uv": [2.375, 9.625, 2.625, 9.75], "texture": "#0"},
				"south": {"uv": [2.375, 10.125, 2.625, 10.25], "rotation": 180, "texture": "#0"},
				"west": {"uv": [2.5, 9.625, 2.625, 10.25], "rotation": 270, "texture": "#0"},
				"up": {"uv": [2.625, 9.625, 2.375, 10.25], "texture": "#0"},
				"down": {"uv": [2.375, 9.625, 2.625, 10.25], "rotation": 180, "texture": "#1"}
			}
		},
		{
			"name": "bekkie_76",
			"from": [8.05563, 4.84485, 7.85],
			"to": [8.18063, 4.96985, 8.225],
			"rotation": {"angle": -45, "axis": "z", "origin": [8.1, 5.1, 8]},
			"faces": {
				"north": {"uv": [1.625, 9.75, 1.75, 9.875], "texture": "#0"},
				"south": {"uv": [1.625, 10, 1.75, 10.125], "rotation": 180, "texture": "#0"}
			}
		},
		{
			"name": "bekkie_77",
			"from": [6.80563, 4.84485, 7.85],
			"to": [7.18063, 4.96985, 8.225],
			"rotation": {"angle": -45, "axis": "z", "origin": [8.1, 5.1, 8]},
			"faces": {
				"north": {"uv": [2.625, 9.75, 3, 9.875], "texture": "#0"},
				"south": {"uv": [2.625, 10, 3, 10.125], "rotation": 180, "texture": "#0"},
				"west": {"uv": [2.875, 9.75, 3, 10.125], "rotation": 270, "texture": "#0"},
				"up": {"uv": [3, 9.75, 2.625, 10.125], "texture": "#0"},
				"down": {"uv": [2.625, 9.75, 3, 10.125], "rotation": 180, "texture": "#1"}
			}
		},
		{
			"name": "bekkie_82",
			"from": [6.68063, 4.84485, 7.975],
			"to": [6.80563, 4.96985, 8.1],
			"rotation": {"angle": -45, "axis": "z", "origin": [8.1, 5.1, 8]},
			"faces": {
				"north": {"uv": [3, 9.875, 3.125, 10], "texture": "#0"},
				"south": {"uv": [3, 9.875, 3.125, 10], "rotation": 180, "texture": "#0"},
				"west": {"uv": [3, 9.875, 3.125, 10], "rotation": 270, "texture": "#0"},
				"up": {"uv": [3.125, 9.875, 3, 10], "texture": "#0"},
				"down": {"uv": [3, 9.875, 3.125, 10], "rotation": 180, "texture": "#0"}
			}
		},
		{
			"name": "bekkie_91",
			"from": [6.93063, 4.84485, 8.225],
			"to": [7.18063, 4.96985, 8.35],
			"rotation": {"angle": -45, "axis": "z", "origin": [8.1, 5.1, 8]},
			"faces": {
				"south": {"uv": [2.625, 10.125, 2.875, 10.25], "rotation": 180, "texture": "#0"},
				"west": {"uv": [2.75, 10.125, 2.875, 10.25], "rotation": 270, "texture": "#0"},
				"up": {"uv": [2.875, 10.125, 2.625, 10.25], "texture": "#0"},
				"down": {"uv": [2.625, 10.125, 2.875, 10.25], "rotation": 180, "texture": "#0"}
			}
		},
		{
			"name": "bekkie_95",
			"from": [7.30563, 4.84485, 8.35],
			"to": [7.43063, 4.96985, 8.475],
			"rotation": {"angle": -45, "axis": "z", "origin": [8.1, 5.1, 8]},
			"faces": {
				"south": {"uv": [2.375, 10.25, 2.5, 10.375], "rotation": 180, "texture": "#0"},
				"west": {"uv": [2.375, 10.25, 2.5, 10.375], "rotation": 270, "texture": "#0"},
				"up": {"uv": [2.5, 10.25, 2.375, 10.375], "texture": "#0"},
				"down": {"uv": [2.375, 10.25, 2.5, 10.375], "rotation": 180, "texture": "#0"}
			}
		},
		{
			"name": "bekkie_71",
			"from": [7.6, 4.84485, 8.16937],
			"to": [8.475, 4.96985, 8.66937],
			"rotation": {"angle": -45, "axis": "x", "origin": [8.1, 5.1, 8]},
			"faces": {
				"east": {"uv": [1.875, 10.25, 2.375, 10.375], "rotation": 180, "texture": "#0"},
				"south": {"uv": [2.25, 9.5, 2.375, 10.375], "rotation": 270, "texture": "#0"},
				"west": {"uv": [1.875, 9.5, 2.375, 9.625], "texture": "#0"},
				"up": {"uv": [2.375, 9.5, 1.875, 10.375], "rotation": 270, "texture": "#0"},
				"down": {"uv": [1.875, 9.5, 2.375, 10.375], "rotation": 270, "texture": "#1"}
			}
		},
		{
			"name": "bekkie_73",
			"from": [7.725, 4.84485, 8.04437],
			"to": [8.35, 4.96985, 8.16937],
			"rotation": {"angle": -45, "axis": "x", "origin": [8.1, 5.1, 8]},
			"faces": {
				"east": {"uv": [1.75, 10.125, 1.875, 10.25], "rotation": 180, "texture": "#0"},
				"west": {"uv": [1.75, 9.625, 1.875, 9.75], "texture": "#0"}
			}
		},
		{
			"name": "bekkie_74",
			"from": [7.725, 4.84485, 8.66937],
			"to": [8.35, 4.96985, 8.91937],
			"rotation": {"angle": -45, "axis": "x", "origin": [8.1, 5.1, 8]},
			"faces": {
				"east": {"uv": [2.375, 10.125, 2.625, 10.25], "rotation": 180, "texture": "#0"},
				"south": {"uv": [2.5, 9.625, 2.625, 10.25], "rotation": 270, "texture": "#0"},
				"west": {"uv": [2.375, 9.625, 2.625, 9.75], "texture": "#0"},
				"up": {"uv": [2.625, 9.625, 2.375, 10.25], "rotation": 270, "texture": "#0"},
				"down": {"uv": [2.375, 9.625, 2.625, 10.25], "rotation": 270, "texture": "#1"}
			}
		},
		{
			"name": "bekkie_76",
			"from": [7.85, 4.84485, 7.91937],
			"to": [8.225, 4.96985, 8.04437],
			"rotation": {"angle": -45, "axis": "x", "origin": [8.1, 5.1, 8]},
			"faces": {
				"east": {"uv": [1.625, 10, 1.75, 10.125], "rotation": 180, "texture": "#0"},
				"west": {"uv": [1.625, 9.75, 1.75, 9.875], "texture": "#0"}
			}
		},
		{
			"name": "bekkie_77",
			"from": [7.85, 4.84485, 8.91937],
			"to": [8.225, 4.96985, 9.29437],
			"rotation": {"angle": -45, "axis": "x", "origin": [8.1, 5.1, 8]},
			"faces": {
				"east": {"uv": [2.625, 10, 3, 10.125], "rotation": 180, "texture": "#0"},
				"south": {"uv": [2.875, 9.75, 3, 10.125], "rotation": 270, "texture": "#0"},
				"west": {"uv": [2.625, 9.75, 3, 9.875], "texture": "#0"},
				"up": {"uv": [3, 9.75, 2.625, 10.125], "rotation": 270, "texture": "#0"},
				"down": {"uv": [2.625, 9.75, 3, 10.125], "rotation": 270, "texture": "#1"}
			}
		},
		{
			"name": "bekkie_82",
			"from": [7.975, 4.84485, 9.29437],
			"to": [8.1, 4.96985, 9.41937],
			"rotation": {"angle": -45, "axis": "x", "origin": [8.1, 5.1, 8]},
			"faces": {
				"east": {"uv": [3, 9.875, 3.125, 10], "rotation": 180, "texture": "#0"},
				"south": {"uv": [3, 9.875, 3.125, 10], "rotation": 270, "texture": "#0"},
				"west": {"uv": [3, 9.875, 3.125, 10], "texture": "#0"},
				"up": {"uv": [3.125, 9.875, 3, 10], "rotation": 270, "texture": "#0"},
				"down": {"uv": [3, 9.875, 3.125, 10], "rotation": 270, "texture": "#0"}
			}
		},
		{
			"name": "bekkie_91",
			"from": [8.225, 4.84485, 8.91937],
			"to": [8.35, 4.96985, 9.16937],
			"rotation": {"angle": -45, "axis": "x", "origin": [8.1, 5.1, 8]},
			"faces": {
				"east": {"uv": [2.625, 10.125, 2.875, 10.25], "rotation": 180, "texture": "#0"},
				"south": {"uv": [2.75, 10.125, 2.875, 10.25], "rotation": 270, "texture": "#0"},
				"up": {"uv": [2.875, 10.125, 2.625, 10.25], "rotation": 270, "texture": "#0"},
				"down": {"uv": [2.625, 10.125, 2.875, 10.25], "rotation": 270, "texture": "#0"}
			}
		},
		{
			"name": "bekkie_95",
			"from": [8.35, 4.84485, 8.66937],
			"to": [8.475, 4.96985, 8.79437],
			"rotation": {"angle": -45, "axis": "x", "origin": [8.1, 5.1, 8]},
			"faces": {
				"east": {"uv": [2.375, 10.25, 2.5, 10.375], "rotation": 180, "texture": "#0"},
				"south": {"uv": [2.375, 10.25, 2.5, 10.375], "rotation": 270, "texture": "#0"},
				"up": {"uv": [2.5, 10.25, 2.375, 10.375], "rotation": 270, "texture": "#0"},
				"down": {"uv": [2.375, 10.25, 2.5, 10.375], "rotation": 270, "texture": "#0"}
			}
		},
		{
			"name": "bekkie_23",
			"from": [7.75, 6.75, 8],
			"to": [7.875, 12, 8.125],
			"rotation": {"angle": 0, "axis": "y", "origin": [0.5, 0, 8]},
			"faces": {
				"north": {"uv": [7.375, 4, 7.25, 9.25], "texture": "#0"},
				"south": {"uv": [7.25, 4, 7.375, 9.25], "texture": "#0"},
				"west": {"uv": [7.25, 4, 7.375, 9.25], "texture": "#0"},
				"up": {"uv": [7.25, 4, 7.375, 4.125], "texture": "#0"}
			}
		},
		{
			"name": "bekkie_24",
			"from": [8.25, 6.75, 8],
			"to": [8.375, 12, 8.125],
			"rotation": {"angle": 0, "axis": "y", "origin": [0.5, 0, 8]},
			"faces": {
				"north": {"uv": [7.875, 4, 7.75, 9.25], "texture": "#0"},
				"east": {"uv": [7.75, 4, 7.875, 9.25], "texture": "#0"},
				"south": {"uv": [7.75, 4, 7.875, 9.25], "texture": "#0"},
				"up": {"uv": [7.75, 4, 7.875, 4.125], "texture": "#0"}
			}
		},
		{
			"name": "bekkie_25",
			"from": [7.875, 6.625, 7.95],
			"to": [8, 11.75, 8.175],
			"rotation": {"angle": 0, "axis": "y", "origin": [0.5, 0, 8]},
			"faces": {
				"north": {"uv": [6.25, 4.25, 6.125, 9.375], "texture": "#0"},
				"south": {"uv": [6.125, 4.25, 6.25, 9.375], "texture": "#0"},
				"west": {"uv": [6.125, 4.25, 6.25, 9.375], "texture": "#0"},
				"up": {"uv": [6.125, 4.25, 6.25, 4.375], "texture": "#0"}
			}
		},
		{
			"name": "bekkie_26",
			"from": [8.125, 6.625, 7.95],
			"to": [8.25, 11.75, 8.175],
			"rotation": {"angle": 0, "axis": "y", "origin": [0.5, 0, 8]},
			"faces": {
				"north": {"uv": [6.5, 4.25, 6.375, 9.375], "texture": "#0"},
				"east": {"uv": [6.375, 4.25, 6.5, 9.375], "texture": "#0"},
				"south": {"uv": [6.375, 4.25, 6.5, 9.375], "texture": "#0"},
				"up": {"uv": [6.375, 4.25, 6.5, 4.375], "texture": "#0"}
			}
		},
		{
			"name": "bekkie_46",
			"from": [8, 5.25, 7.9],
			"to": [8.125, 7.75, 8.225],
			"rotation": {"angle": 0, "axis": "y", "origin": [0.5, 0, 8]},
			"faces": {
				"north": {"uv": [8.875, 8.25, 8.75, 10.75], "texture": "#0"},
				"east": {"uv": [8.75, 8.25, 8.875, 10.75], "texture": "#0"},
				"south": {"uv": [8.75, 8.25, 8.875, 10.75], "texture": "#0"},
				"west": {"uv": [8.75, 8.25, 8.875, 10.75], "texture": "#0"},
				"up": {"uv": [8.75, 8.25, 8.875, 8.375], "texture": "#0"}
			}
		},
		{
			"name": "bekkie_61",
			"from": [7.75, 6.625, 7.95],
			"to": [7.875, 6.75, 8.175],
			"rotation": {"angle": 0, "axis": "y", "origin": [0.5, 0, 8]},
			"faces": {
				"north": {"uv": [6.125, 9.25, 6, 9.375], "texture": "#0"},
				"south": {"uv": [6, 9.25, 6.125, 9.375], "texture": "#0"},
				"west": {"uv": [6, 9.25, 6.125, 9.375], "texture": "#0"},
				"up": {"uv": [6, 9.25, 6.125, 9.375], "texture": "#0"},
				"down": {"uv": [6, 9.25, 6.125, 9.375], "texture": "#0"}
			}
		},
		{
			"name": "bekkie_62",
			"from": [8.25, 6.625, 7.95],
			"to": [8.375, 6.75, 8.175],
			"rotation": {"angle": 0, "axis": "y", "origin": [0.5, 0, 8]},
			"faces": {
				"north": {"uv": [6.625, 9.25, 6.5, 9.375], "texture": "#0"},
				"east": {"uv": [6.5, 9.25, 6.625, 9.375], "texture": "#0"},
				"south": {"uv": [6.5, 9.25, 6.625, 9.375], "texture": "#0"},
				"up": {"uv": [6.5, 9.25, 6.625, 9.375], "texture": "#0"},
				"down": {"uv": [6.5, 9.25, 6.625, 9.375], "texture": "#0"}
			}
		},
		{
			"name": "bekkie_63",
			"from": [7.625, 6.625, 8],
			"to": [7.75, 6.75, 8.125],
			"rotation": {"angle": 0, "axis": "y", "origin": [0.5, 0, 8]},
			"faces": {
				"north": {"uv": [7.25, 9.25, 7.125, 9.375], "texture": "#0"},
				"south": {"uv": [7.125, 9.25, 7.25, 9.375], "texture": "#0"},
				"west": {"uv": [7.125, 9.25, 7.25, 9.375], "texture": "#0"},
				"up": {"uv": [7.125, 9.25, 7.25, 9.375], "texture": "#0"},
				"down": {"uv": [7.125, 9.25, 7.25, 9.375], "texture": "#0"}
			}
		},
		{
			"name": "bekkie_64",
			"from": [8.375, 6.625, 8],
			"to": [8.5, 6.75, 8.125],
			"rotation": {"angle": 0, "axis": "y", "origin": [0.5, 0, 8]},
			"faces": {
				"north": {"uv": [8, 9.25, 7.875, 9.375], "texture": "#0"},
				"east": {"uv": [7.875, 9.25, 8, 9.375], "texture": "#0"},
				"south": {"uv": [7.875, 9.25, 8, 9.375], "texture": "#0"},
				"up": {"uv": [7.875, 9.25, 8, 9.375], "texture": "#0"},
				"down": {"uv": [7.875, 9.25, 8, 9.375], "texture": "#0"}
			}
		},
		{
			"name": "bekkie_66",
			"from": [7.75, 6.25, 8],
			"to": [7.875, 6.625, 8.125],
			"rotation": {"angle": 0, "axis": "y", "origin": [0.5, 0, 8]},
			"faces": {
				"north": {"uv": [7.375, 9.375, 7.25, 9.75], "texture": "#0"},
				"south": {"uv": [7.25, 9.375, 7.375, 9.75], "texture": "#0"},
				"west": {"uv": [7.25, 9.375, 7.375, 9.75], "texture": "#0"}
			}
		},
		{
			"name": "bekkie_67",
			"from": [8.25, 6.25, 8],
			"to": [8.375, 6.625, 8.125],
			"rotation": {"angle": 0, "axis": "y", "origin": [0.5, 0, 8]},
			"faces": {
				"north": {"uv": [7.875, 9.375, 7.75, 9.75], "texture": "#0"},
				"east": {"uv": [7.75, 9.375, 7.875, 9.75], "texture": "#0"},
				"south": {"uv": [7.75, 9.375, 7.875, 9.75], "texture": "#0"}
			}
		},
		{
			"name": "bekkie_68",
			"from": [7.875, 6.25, 7.9],
			"to": [8, 6.625, 8.225],
			"rotation": {"angle": 0, "axis": "y", "origin": [0.5, 0, 8]},
			"faces": {
				"north": {"uv": [8.75, 9.375, 8.625, 9.75], "texture": "#0"},
				"south": {"uv": [8.625, 9.375, 8.75, 9.75], "texture": "#0"},
				"west": {"uv": [8.625, 9.375, 8.75, 9.75], "texture": "#0"},
				"up": {"uv": [8.625, 9.375, 8.75, 9.5], "texture": "#0"},
				"down": {"uv": [8.625, 9.625, 8.75, 9.75], "texture": "#0"}
			}
		},
		{
			"name": "bekkie_69",
			"from": [8.125, 6.25, 7.9],
			"to": [8.25, 6.625, 8.225],
			"rotation": {"angle": 0, "axis": "y", "origin": [0.5, 0, 8]},
			"faces": {
				"north": {"uv": [9, 9.375, 8.875, 9.75], "texture": "#0"},
				"east": {"uv": [8.875, 9.375, 9, 9.75], "texture": "#0"},
				"south": {"uv": [8.875, 9.375, 9, 9.75], "texture": "#0"},
				"up": {"uv": [8.875, 9.375, 9, 9.5], "texture": "#0"},
				"down": {"uv": [8.875, 9.625, 9, 9.75], "texture": "#0"}
			}
		},
		{
			"name": "bekkie_78",
			"from": [7.875, 5.75, 7.95],
			"to": [8, 6.25, 8.175],
			"rotation": {"angle": 0, "axis": "y", "origin": [0.5, 0, 8]},
			"faces": {
				"north": {"uv": [6.25, 9.75, 6.125, 10.25], "texture": "#0"},
				"south": {"uv": [6.125, 9.75, 6.25, 10.25], "texture": "#0"},
				"west": {"uv": [6.125, 9.75, 6.25, 10.25], "texture": "#0"}
			}
		},
		{
			"name": "bekkie_79",
			"from": [8.125, 5.75, 7.95],
			"to": [8.25, 6.25, 8.175],
			"rotation": {"angle": 0, "axis": "y", "origin": [0.5, 0, 8]},
			"faces": {
				"north": {"uv": [6.5, 9.75, 6.375, 10.25], "texture": "#0"},
				"east": {"uv": [6.375, 9.75, 6.5, 10.25], "texture": "#0"},
				"south": {"uv": [6.375, 9.75, 6.5, 10.25], "texture": "#0"}
			}
		},
		{
			"name": "bekkie_80",
			"from": [7.75, 6.125, 7.9],
			"to": [7.875, 6.25, 8.225],
			"rotation": {"angle": 0, "axis": "y", "origin": [0.5, 0, 8]},
			"faces": {
				"north": {"uv": [8.625, 9.75, 8.5, 9.875], "texture": "#0"},
				"east": {"uv": [8.5, 9.75, 8.625, 9.875], "texture": "#0"},
				"south": {"uv": [8.5, 9.75, 8.625, 9.875], "texture": "#0"},
				"west": {"uv": [8.5, 9.75, 8.625, 9.875], "texture": "#0"},
				"up": {"uv": [8.5, 9.75, 8.625, 9.875], "texture": "#0"},
				"down": {"uv": [8.5, 9.75, 8.625, 9.875], "texture": "#0"}
			}
		},
		{
			"name": "bekkie_81",
			"from": [8.25, 6.125, 7.9],
			"to": [8.375, 6.25, 8.225],
			"rotation": {"angle": 0, "axis": "y", "origin": [0.5, 0, 8]},
			"faces": {
				"north": {"uv": [9.125, 9.75, 9, 9.875], "texture": "#0"},
				"east": {"uv": [9, 9.75, 9.125, 9.875], "texture": "#0"},
				"south": {"uv": [9, 9.75, 9.125, 9.875], "texture": "#0"},
				"west": {"uv": [9, 9.75, 9.125, 9.875], "texture": "#0"},
				"up": {"uv": [9, 9.75, 9.125, 9.875], "texture": "#0"},
				"down": {"uv": [9, 9.75, 9.125, 9.875], "texture": "#0"}
			}
		},
		{
			"name": "bekkie_83",
			"from": [7.625, 6, 8],
			"to": [7.875, 6.125, 8.125],
			"rotation": {"angle": 0, "axis": "y", "origin": [0.5, 0, 8]},
			"faces": {
				"north": {"uv": [7.375, 9.875, 7.125, 10], "texture": "#0"},
				"south": {"uv": [7.125, 9.875, 7.375, 10], "texture": "#0"},
				"west": {"uv": [7.125, 9.875, 7.25, 10], "texture": "#0"},
				"up": {"uv": [7.125, 9.875, 7.375, 10], "texture": "#0"}
			}
		},
		{
			"name": "bekkie_84",
			"from": [8.25, 6, 8],
			"to": [8.5, 6.125, 8.125],
			"rotation": {"angle": 0, "axis": "y", "origin": [0.5, 0, 8]},
			"faces": {
				"north": {"uv": [8, 9.875, 7.75, 10], "texture": "#0"},
				"east": {"uv": [7.875, 9.875, 8, 10], "texture": "#0"},
				"south": {"uv": [7.75, 9.875, 8, 10], "texture": "#0"},
				"up": {"uv": [7.75, 9.875, 8, 10], "texture": "#0"}
			}
		},
		{
			"name": "bekkie_85",
			"from": [7.75, 5.875, 7.95],
			"to": [7.875, 6, 8.175],
			"rotation": {"angle": 0, "axis": "y", "origin": [0.5, 0, 8]},
			"faces": {
				"north": {"uv": [6.125, 10, 6, 10.125], "texture": "#0"},
				"south": {"uv": [6, 10, 6.125, 10.125], "texture": "#0"},
				"west": {"uv": [6, 10, 6.125, 10.125], "texture": "#0"},
				"up": {"uv": [6, 10, 6.125, 10.125], "texture": "#0"},
				"down": {"uv": [6, 10, 6.125, 10.125], "texture": "#0"}
			}
		},
		{
			"name": "bekkie_86",
			"from": [8.25, 5.875, 7.95],
			"to": [8.375, 6, 8.175],
			"rotation": {"angle": 0, "axis": "y", "origin": [0.5, 0, 8]},
			"faces": {
				"north": {"uv": [6.625, 10, 6.5, 10.125], "texture": "#0"},
				"east": {"uv": [6.5, 10, 6.625, 10.125], "texture": "#0"},
				"south": {"uv": [6.5, 10, 6.625, 10.125], "texture": "#0"},
				"up": {"uv": [6.5, 10, 6.625, 10.125], "texture": "#0"},
				"down": {"uv": [6.5, 10, 6.625, 10.125], "texture": "#0"}
			}
		},
		{
			"name": "bekkie_87",
			"from": [7.5, 5.875, 8],
			"to": [7.75, 6, 8.125],
			"rotation": {"angle": 0, "axis": "y", "origin": [0.5, 0, 8]},
			"faces": {
				"north": {"uv": [7.25, 10, 7, 10.125], "texture": "#0"},
				"south": {"uv": [7, 10, 7.25, 10.125], "texture": "#0"},
				"west": {"uv": [7, 10, 7.125, 10.125], "texture": "#0"},
				"up": {"uv": [7, 10, 7.25, 10.125], "texture": "#0"},
				"down": {"uv": [7, 10, 7.25, 10.125], "texture": "#0"}
			}
		},
		{
			"name": "bekkie_88",
			"from": [8.375, 5.875, 8],
			"to": [8.625, 6, 8.125],
			"rotation": {"angle": 0, "axis": "y", "origin": [0.5, 0, 8]},
			"faces": {
				"north": {"uv": [8.125, 10, 7.875, 10.125], "texture": "#0"},
				"east": {"uv": [8, 10, 8.125, 10.125], "texture": "#0"},
				"south": {"uv": [7.875, 10, 8.125, 10.125], "texture": "#0"},
				"up": {"uv": [7.875, 10, 8.125, 10.125], "texture": "#0"},
				"down": {"uv": [7.875, 10, 8.125, 10.125], "texture": "#0"}
			}
		},
		{
			"name": "bekkie_92",
			"from": [7.625, 5.75, 8],
			"to": [7.875, 5.875, 8.125],
			"rotation": {"angle": 0, "axis": "y", "origin": [0.5, 0, 8]},
			"faces": {
				"north": {"uv": [7.375, 10.125, 7.125, 10.25], "texture": "#0"},
				"south": {"uv": [7.125, 10.125, 7.375, 10.25], "texture": "#0"},
				"west": {"uv": [7.125, 10.125, 7.25, 10.25], "texture": "#0"},
				"down": {"uv": [7.125, 10.125, 7.375, 10.25], "texture": "#0"}
			}
		},
		{
			"name": "bekkie_93",
			"from": [8.25, 5.75, 8],
			"to": [8.5, 5.875, 8.125],
			"rotation": {"angle": 0, "axis": "y", "origin": [0.5, 0, 8]},
			"faces": {
				"north": {"uv": [8, 10.125, 7.75, 10.25], "texture": "#0"},
				"east": {"uv": [7.875, 10.125, 8, 10.25], "texture": "#0"},
				"south": {"uv": [7.75, 10.125, 8, 10.25], "texture": "#0"},
				"down": {"uv": [7.75, 10.125, 8, 10.25], "texture": "#0"}
			}
		},
		{
			"name": "bekkie_96",
			"from": [7.75, 5.5, 8],
			"to": [7.875, 5.75, 8.125],
			"rotation": {"angle": 0, "axis": "y", "origin": [0.5, 0, 8]},
			"faces": {
				"north": {"uv": [7.375, 10.25, 7.25, 10.5], "texture": "#0"},
				"south": {"uv": [7.25, 10.25, 7.375, 10.5], "texture": "#0"},
				"west": {"uv": [7.25, 10.25, 7.375, 10.5], "texture": "#0"}
			}
		},
		{
			"name": "bekkie_97",
			"from": [8.25, 5.5, 8],
			"to": [8.375, 5.75, 8.125],
			"rotation": {"angle": 0, "axis": "y", "origin": [0.5, 0, 8]},
			"faces": {
				"north": {"uv": [7.875, 10.25, 7.75, 10.5], "texture": "#0"},
				"east": {"uv": [7.75, 10.25, 7.875, 10.5], "texture": "#0"},
				"south": {"uv": [7.75, 10.25, 7.875, 10.5], "texture": "#0"}
			}
		},
		{
			"name": "bekkie_98",
			"from": [7.875, 5.25, 7.9],
			"to": [8, 5.75, 8.225],
			"rotation": {"angle": 0, "axis": "y", "origin": [0.5, 0, 8]},
			"faces": {
				"north": {"uv": [8.75, 10.25, 8.625, 10.75], "texture": "#0"},
				"south": {"uv": [8.625, 10.25, 8.75, 10.75], "texture": "#0"},
				"west": {"uv": [8.625, 10.25, 8.75, 10.75], "texture": "#0"},
				"up": {"uv": [8.625, 10.25, 8.75, 10.375], "texture": "#0"}
			}
		},
		{
			"name": "bekkie_99",
			"from": [8.125, 5.25, 7.9],
			"to": [8.25, 5.75, 8.225],
			"rotation": {"angle": 0, "axis": "y", "origin": [0.5, 0, 8]},
			"faces": {
				"north": {"uv": [9, 10.25, 8.875, 10.75], "texture": "#0"},
				"east": {"uv": [8.875, 10.25, 9, 10.75], "texture": "#0"},
				"south": {"uv": [8.875, 10.25, 9, 10.75], "texture": "#0"},
				"up": {"uv": [8.875, 10.25, 9, 10.375], "texture": "#0"}
			}
		},
		{
			"name": "bekkie_100",
			"from": [7.625, 5.375, 8],
			"to": [7.75, 5.625, 8.125],
			"rotation": {"angle": 0, "axis": "y", "origin": [0.5, 0, 8]},
			"faces": {
				"north": {"uv": [7.25, 10.375, 7.125, 10.625], "texture": "#0"},
				"south": {"uv": [7.125, 10.375, 7.25, 10.625], "texture": "#0"},
				"west": {"uv": [7.125, 10.375, 7.25, 10.625], "texture": "#0"},
				"up": {"uv": [7.125, 10.375, 7.25, 10.5], "texture": "#0"}
			}
		},
		{
			"name": "bekkie_101",
			"from": [8.375, 5.375, 8],
			"to": [8.5, 5.625, 8.125],
			"rotation": {"angle": 0, "axis": "y", "origin": [0.5, 0, 8]},
			"faces": {
				"north": {"uv": [8, 10.375, 7.875, 10.625], "texture": "#0"},
				"east": {"uv": [7.875, 10.375, 8, 10.625], "texture": "#0"},
				"south": {"uv": [7.875, 10.375, 8, 10.625], "texture": "#0"},
				"up": {"uv": [7.875, 10.375, 8, 10.5], "texture": "#0"}
			}
		},
		{
			"name": "bekkie_102",
			"from": [7.75, 5.375, 7.95],
			"to": [7.875, 5.5, 8.175],
			"rotation": {"angle": 0, "axis": "y", "origin": [0.5, 0, 8]},
			"faces": {
				"north": {"uv": [6.125, 10.5, 6, 10.625], "texture": "#0"},
				"south": {"uv": [6, 10.5, 6.125, 10.625], "texture": "#0"},
				"west": {"uv": [6, 10.5, 6.125, 10.625], "texture": "#0"},
				"up": {"uv": [6, 10.5, 6.125, 10.625], "texture": "#0"}
			}
		},
		{
			"name": "bekkie_103",
			"from": [8.25, 5.375, 7.95],
			"to": [8.375, 5.5, 8.175],
			"rotation": {"angle": 0, "axis": "y", "origin": [0.5, 0, 8]},
			"faces": {
				"north": {"uv": [6.625, 10.5, 6.5, 10.625], "texture": "#0"},
				"east": {"uv": [6.5, 10.5, 6.625, 10.625], "texture": "#0"},
				"south": {"uv": [6.5, 10.5, 6.625, 10.625], "texture": "#0"},
				"up": {"uv": [6.5, 10.5, 6.625, 10.625], "texture": "#0"}
			}
		},
		{
			"name": "bekkie_105",
			"from": [7.625, 5.25, 7.95],
			"to": [7.75, 5.375, 8.175],
			"rotation": {"angle": 0, "axis": "y", "origin": [0.5, 0, 8]},
			"faces": {
				"north": {"uv": [6, 10.625, 5.875, 10.75], "texture": "#0"},
				"south": {"uv": [5.875, 10.625, 6, 10.75], "texture": "#0"},
				"up": {"uv": [5.875, 10.625, 6, 10.75], "texture": "#0"}
			}
		},
		{
			"name": "bekkie_106",
			"from": [8.375, 5.25, 7.95],
			"to": [8.5, 5.375, 8.175],
			"rotation": {"angle": 0, "axis": "y", "origin": [0.5, 0, 8]},
			"faces": {
				"north": {"uv": [6.75, 10.625, 6.625, 10.75], "texture": "#0"},
				"east": {"uv": [6.625, 10.625, 6.75, 10.75], "texture": "#0"},
				"south": {"uv": [6.625, 10.625, 6.75, 10.75], "texture": "#0"},
				"up": {"uv": [6.625, 10.625, 6.75, 10.75], "texture": "#0"}
			}
		},
		{
			"name": "bekkie_107",
			"from": [7.5, 5.25, 8],
			"to": [7.625, 5.375, 8.125],
			"rotation": {"angle": 0, "axis": "y", "origin": [0.5, 0, 8]},
			"faces": {
				"north": {"uv": [7.125, 10.625, 7, 10.75], "texture": "#0"},
				"south": {"uv": [7, 10.625, 7.125, 10.75], "texture": "#0"},
				"west": {"uv": [7, 10.625, 7.125, 10.75], "texture": "#0"}
			}
		},
		{
			"name": "bekkie_108",
			"from": [8.5, 5.25, 8],
			"to": [8.625, 5.375, 8.125],
			"rotation": {"angle": 0, "axis": "y", "origin": [0.5, 0, 8]},
			"faces": {
				"north": {"uv": [8.125, 10.625, 8, 10.75], "texture": "#0"},
				"east": {"uv": [8, 10.625, 8.125, 10.75], "texture": "#0"},
				"south": {"uv": [8, 10.625, 8.125, 10.75], "texture": "#0"},
				"up": {"uv": [8, 10.625, 8.125, 10.75], "texture": "#0"}
			}
		},
		{
			"name": "bekkie_109",
			"from": [7.75, 5.25, 7.9],
			"to": [7.875, 5.375, 8.225],
			"rotation": {"angle": 0, "axis": "y", "origin": [0.5, 0, 8]},
			"faces": {
				"north": {"uv": [8.625, 10.625, 8.5, 10.75], "texture": "#0"},
				"south": {"uv": [8.5, 10.625, 8.625, 10.75], "texture": "#0"},
				"west": {"uv": [8.5, 10.625, 8.625, 10.75], "texture": "#0"},
				"up": {"uv": [8.5, 10.625, 8.625, 10.75], "texture": "#0"}
			}
		},
		{
			"name": "bekkie_110",
			"from": [8.25, 5.25, 7.9],
			"to": [8.375, 5.375, 8.225],
			"rotation": {"angle": 0, "axis": "y", "origin": [0.5, 0, 8]},
			"faces": {
				"north": {"uv": [9.125, 10.625, 9, 10.75], "texture": "#0"},
				"east": {"uv": [9, 10.625, 9.125, 10.75], "texture": "#0"},
				"south": {"uv": [9, 10.625, 9.125, 10.75], "texture": "#0"},
				"up": {"uv": [9, 10.625, 9.125, 10.75], "texture": "#0"}
			}
		},
		{
			"name": "bekkie_121",
			"from": [8.125, 1.625, 7.9],
			"to": [8.25, 2.125, 8.225],
			"rotation": {"angle": 0, "axis": "y", "origin": [0.5, 0, 8]},
			"faces": {
				"north": {"uv": [9, 13.875, 8.875, 14.375], "texture": "#0"},
				"east": {"uv": [8.875, 13.875, 9, 14.375], "texture": "#0"},
				"south": {"uv": [8.875, 13.875, 9, 14.375], "texture": "#0"}
			}
		},
		{
			"name": "bekkie_113",
			"from": [7.5, 4.875, 7.7],
			"to": [8.625, 5.25, 8.425],
			"rotation": {"angle": 0, "axis": "y", "origin": [0.5, 0, 8]},
			"faces": {
				"north": {"uv": [10.375, 10.75, 9.25, 11.125], "texture": "#0"},
				"east": {"uv": [10.25, 10.75, 10.375, 11.125], "texture": "#0"},
				"south": {"uv": [9.25, 10.75, 10.375, 11.125], "texture": "#0"},
				"west": {"uv": [9.25, 10.75, 9.375, 11.125], "texture": "#0"},
				"up": {"uv": [9.25, 10.75, 10.375, 10.875], "texture": "#0"},
				"down": {"uv": [9.25, 11, 10.375, 11.125], "texture": "#0"}
			}
		},
		{
			"name": "bekkie_118",
			"from": [7.625, 4.75, 7.8],
			"to": [8.5, 4.875, 8.325],
			"rotation": {"angle": 0, "axis": "y", "origin": [0.5, 0, 8]},
			"faces": {
				"north": {"uv": [10.25, 11.375, 9.375, 11.5], "texture": "#0"},
				"east": {"uv": [10.125, 11.375, 10.25, 11.5], "texture": "#0"},
				"south": {"uv": [9.375, 11.375, 10.25, 11.5], "texture": "#0"},
				"west": {"uv": [9.375, 11.375, 9.5, 11.5], "texture": "#0"},
				"down": {"uv": [9.375, 11.375, 10.25, 11.5], "texture": "#0"}
			}
		},
		{
			"name": "bekkie_117",
			"from": [7.75, 4.5, 7.9],
			"to": [8.375, 4.75, 8.225],
			"rotation": {"angle": 0, "axis": "y", "origin": [0.5, 0, 8]},
			"faces": {
				"north": {"uv": [8.375, 11.25, 7.75, 11.5], "texture": "#0"},
				"east": {"uv": [8.25, 11.25, 8.375, 11.5], "texture": "#0"},
				"south": {"uv": [7.75, 11.25, 8.375, 11.5], "texture": "#0"},
				"west": {"uv": [7.75, 11.25, 7.875, 11.5], "texture": "#0"},
				"down": {"uv": [7.75, 11.375, 8.375, 11.5], "texture": "#0"}
			}
		},
		{
			"name": "bekkie_119",
			"from": [7.875, 2.125, 7.9],
			"to": [8.25, 4.5, 8.225],
			"rotation": {"angle": 0, "axis": "y", "origin": [0.5, 0, 8]},
			"faces": {
				"north": {"uv": [9, 11.5, 8.625, 13.875], "texture": "#0"},
				"east": {"uv": [8.875, 11.5, 9, 13.875], "texture": "#0"},
				"south": {"uv": [8.625, 11.5, 9, 13.875], "texture": "#0"},
				"west": {"uv": [8.625, 11.5, 8.75, 13.875], "texture": "#0"}
			}
		},
		{
			"name": "bekkie_120",
			"from": [7.875, 1.625, 7.9],
			"to": [8, 2.125, 8.225],
			"rotation": {"angle": 0, "axis": "y", "origin": [0.5, 0, 8]},
			"faces": {
				"north": {"uv": [8.75, 13.875, 8.625, 14.375], "texture": "#0"},
				"south": {"uv": [8.625, 13.875, 8.75, 14.375], "texture": "#0"},
				"west": {"uv": [8.625, 13.875, 8.75, 14.375], "texture": "#0"}
			}
		},
		{
			"name": "bekkie_122",
			"from": [8, 1.25, 7.8],
			"to": [8.125, 2.125, 8.325],
			"rotation": {"angle": 0, "axis": "y", "origin": [0.5, 0, 8]},
			"faces": {
				"north": {"uv": [9.625, 13.875, 9.5, 14.75], "texture": "#0"},
				"east": {"uv": [9.5, 13.875, 9.625, 14.75], "texture": "#0"},
				"south": {"uv": [9.5, 13.875, 9.625, 14.75], "texture": "#0"},
				"west": {"uv": [9.5, 13.875, 9.625, 14.75], "texture": "#0"},
				"up": {"uv": [9.5, 13.875, 9.625, 14], "texture": "#0"},
				"down": {"uv": [9.5, 14.625, 9.625, 14.75], "texture": "#0"}
			}
		},
		{
			"name": "bekkie_123",
			"from": [7.75, 1.25, 7.8],
			"to": [8, 1.625, 8.325],
			"rotation": {"angle": 0, "axis": "y", "origin": [0.5, 0, 8]},
			"faces": {
				"north": {"uv": [9.5, 14.375, 9.25, 14.75], "texture": "#0"},
				"south": {"uv": [9.25, 14.375, 9.5, 14.75], "texture": "#0"},
				"west": {"uv": [9.25, 14.375, 9.375, 14.75], "texture": "#0"},
				"up": {"uv": [9.25, 14.375, 9.5, 14.5], "texture": "#0"},
				"down": {"uv": [9.25, 14.625, 9.5, 14.75], "texture": "#0"}
			}
		},
		{
			"name": "bekkie_124",
			"from": [8.125, 1.25, 7.8],
			"to": [8.375, 1.625, 8.325],
			"rotation": {"angle": 0, "axis": "y", "origin": [0.5, 0, 8]},
			"faces": {
				"north": {"uv": [9.875, 14.375, 9.625, 14.75], "texture": "#0"},
				"east": {"uv": [9.75, 14.375, 9.875, 14.75], "texture": "#0"},
				"south": {"uv": [9.625, 14.375, 9.875, 14.75], "texture": "#0"},
				"up": {"uv": [9.625, 14.375, 9.875, 14.5], "texture": "#0"},
				"down": {"uv": [9.625, 14.625, 9.875, 14.75], "texture": "#0"}
			}
		},
		{
			"name": "bekkie_125",
			"from": [8, 0.75, 8],
			"to": [8.125, 1.25, 8.125],
			"rotation": {"angle": 0, "axis": "y", "origin": [0.5, 0, 8]},
			"faces": {
				"north": {"uv": [8.875, 14.75, 8.75, 15.25], "texture": "#0"},
				"east": {"uv": [8.75, 14.75, 8.875, 15.25], "texture": "#0"},
				"south": {"uv": [8.75, 14.75, 8.875, 15.25], "texture": "#0"},
				"west": {"uv": [8.75, 14.75, 8.875, 15.25], "texture": "#0"},
				"down": {"uv": [8.75, 15.125, 8.875, 15.25], "texture": "#0"}
			}
		},
		{
			"name": "bekkie_126",
			"from": [7.875, 1, 8],
			"to": [8, 1.125, 8.125],
			"rotation": {"angle": 0, "axis": "y", "origin": [0.5, 0, 8]},
			"faces": {
				"north": {"uv": [8.75, 14.875, 8.625, 15], "texture": "#0"},
				"south": {"uv": [8.625, 14.875, 8.75, 15], "texture": "#0"},
				"west": {"uv": [8.625, 14.875, 8.75, 15], "texture": "#0"},
				"up": {"uv": [8.625, 14.875, 8.75, 15], "texture": "#0"},
				"down": {"uv": [8.625, 14.875, 8.75, 15], "texture": "#0"}
			}
		},
		{
			"name": "bekkie_127",
			"from": [8.125, 1, 8],
			"to": [8.25, 1.125, 8.125],
			"rotation": {"angle": 0, "axis": "y", "origin": [0.5, 0, 8]},
			"faces": {
				"north": {"uv": [9, 14.875, 8.875, 15], "texture": "#0"},
				"east": {"uv": [8.875, 14.875, 9, 15], "texture": "#0"},
				"south": {"uv": [8.875, 14.875, 9, 15], "texture": "#0"},
				"up": {"uv": [8.875, 14.875, 9, 15], "texture": "#0"},
				"down": {"uv": [8.875, 14.875, 9, 15], "texture": "#0"}
			}
		},
		{
			"name": "bekkie_71",
			"from": [8.36937, 5.04485, 7.625],
			"to": [8.86937, 5.16985, 8.5],
			"rotation": {"angle": 45, "axis": "y", "origin": [8.1, 5.1, 8]},
			"faces": {
				"north": {"uv": [1.875, 10.25, 2.375, 10.375], "rotation": 180, "texture": "#0"},
				"east": {"uv": [2.25, 9.5, 2.375, 10.375], "rotation": 270, "texture": "#0"},
				"south": {"uv": [1.875, 9.5, 2.375, 9.625], "texture": "#0"},
				"west": {"uv": [1.875, 9.5, 2, 10.375], "rotation": 90, "texture": "#0"},
				"up": {"uv": [2.375, 9.5, 1.875, 10.375], "rotation": 180, "texture": "#0"},
				"down": {"uv": [1.875, 9.5, 2.375, 10.375], "texture": "#1"}
			}
		},
		{
			"name": "bekkie_73",
			"from": [8.24437, 5.04485, 7.75],
			"to": [8.36937, 5.16985, 8.375],
			"rotation": {"angle": 45, "axis": "y", "origin": [8.1, 5.1, 8]},
			"faces": {
				"north": {"uv": [1.75, 10.125, 1.875, 10.25], "rotation": 180, "texture": "#0"},
				"up": {"uv": [1.875, 9.625, 1.75, 10.25], "rotation": 180, "texture": "#0"},
				"down": {"uv": [1.75, 9.625, 1.875, 10.25], "texture": "#0"}
			}
		},
		{
			"name": "bekkie_74",
			"from": [8.86937, 5.04485, 7.75],
			"to": [9.11937, 5.16985, 8.375],
			"rotation": {"angle": 45, "axis": "y", "origin": [8.1, 5.1, 8]},
			"faces": {
				"north": {"uv": [2.375, 10.125, 2.625, 10.25], "rotation": 180, "texture": "#0"},
				"east": {"uv": [2.5, 9.625, 2.625, 10.25], "rotation": 270, "texture": "#0"},
				"south": {"uv": [2.375, 9.625, 2.625, 9.75], "texture": "#0"},
				"up": {"uv": [2.625, 9.625, 2.375, 10.25], "rotation": 180, "texture": "#0"},
				"down": {"uv": [2.375, 9.625, 2.625, 10.25], "texture": "#1"}
			}
		},
		{
			"name": "bekkie_76",
			"from": [8.11937, 5.04485, 7.875],
			"to": [8.24437, 5.16985, 8.25],
			"rotation": {"angle": 45, "axis": "y", "origin": [8.1, 5.1, 8]},
			"faces": {
				"up": {"uv": [1.75, 9.75, 1.625, 10.125], "rotation": 180, "texture": "#0"},
				"down": {"uv": [1.625, 9.75, 1.75, 10.125], "texture": "#0"}
			}
		},
		{
			"name": "bekkie_77",
			"from": [9.11937, 5.04485, 7.875],
			"to": [9.49437, 5.16985, 8.25],
			"rotation": {"angle": 45, "axis": "y", "origin": [8.1, 5.1, 8]},
			"faces": {
				"north": {"uv": [2.625, 10, 3, 10.125], "rotation": 180, "texture": "#0"},
				"east": {"uv": [2.875, 9.75, 3, 10.125], "rotation": 270, "texture": "#0"},
				"south": {"uv": [2.625, 9.75, 3, 9.875], "texture": "#0"},
				"up": {"uv": [3, 9.75, 2.625, 10.125], "rotation": 180, "texture": "#0"},
				"down": {"uv": [2.625, 9.75, 3, 10.125], "texture": "#1"}
			}
		},
		{
			"name": "bekkie_82",
			"from": [9.49437, 5.04485, 8],
			"to": [9.61937, 5.16985, 8.125],
			"rotation": {"angle": 45, "axis": "y", "origin": [8.1, 5.1, 8]},
			"faces": {
				"north": {"uv": [3, 9.875, 3.125, 10], "rotation": 180, "texture": "#0"},
				"east": {"uv": [3, 9.875, 3.125, 10], "rotation": 270, "texture": "#0"},
				"south": {"uv": [3, 9.875, 3.125, 10], "texture": "#0"},
				"up": {"uv": [3.125, 9.875, 3, 10], "rotation": 180, "texture": "#0"},
				"down": {"uv": [3, 9.875, 3.125, 10], "texture": "#0"}
			}
		},
		{
			"name": "bekkie_91",
			"from": [9.11937, 5.04485, 7.75],
			"to": [9.36937, 5.16985, 7.875],
			"rotation": {"angle": 45, "axis": "y", "origin": [8.1, 5.1, 8]},
			"faces": {
				"north": {"uv": [2.625, 10.125, 2.875, 10.25], "rotation": 180, "texture": "#0"},
				"east": {"uv": [2.75, 10.125, 2.875, 10.25], "rotation": 270, "texture": "#0"},
				"up": {"uv": [2.875, 10.125, 2.625, 10.25], "rotation": 180, "texture": "#0"},
				"down": {"uv": [2.625, 10.125, 2.875, 10.25], "texture": "#0"}
			}
		},
		{
			"name": "bekkie_95",
			"from": [8.86937, 5.04485, 7.625],
			"to": [8.99437, 5.16985, 7.75],
			"rotation": {"angle": 45, "axis": "y", "origin": [8.1, 5.1, 8]},
			"faces": {
				"north": {"uv": [2.375, 10.25, 2.5, 10.375], "rotation": 180, "texture": "#0"},
				"east": {"uv": [2.375, 10.25, 2.5, 10.375], "rotation": 270, "texture": "#0"},
				"up": {"uv": [2.5, 10.25, 2.375, 10.375], "rotation": 180, "texture": "#0"},
				"down": {"uv": [2.375, 10.25, 2.5, 10.375], "texture": "#0"}
			}
		},
		{
			"name": "bekkie_71",
			"from": [7.33063, 5.0449, 7.5],
			"to": [7.83063, 5.1699, 8.375],
			"rotation": {"angle": -22.5, "axis": "y", "origin": [8.1, 5.1, 8]},
			"faces": {
				"north": {"uv": [1.875, 9.5, 2.375, 9.625], "texture": "#0"},
				"east": {"uv": [1.875, 9.5, 2, 10.375], "rotation": 90, "texture": "#0"},
				"south": {"uv": [1.875, 10.25, 2.375, 10.375], "rotation": 180, "texture": "#0"},
				"west": {"uv": [2.25, 9.5, 2.375, 10.375], "rotation": 270, "texture": "#0"},
				"up": {"uv": [2.375, 9.5, 1.875, 10.375], "texture": "#0"},
				"down": {"uv": [1.875, 9.5, 2.375, 10.375], "rotation": 180, "texture": "#1"}
			}
		},
		{
			"name": "bekkie_73",
			"from": [7.83063, 5.0449, 7.625],
			"to": [7.95563, 5.1699, 8.25],
			"rotation": {"angle": -22.5, "axis": "y", "origin": [8.1, 5.1, 8]},
			"faces": {
				"north": {"uv": [1.75, 9.625, 1.875, 9.75], "texture": "#0"},
				"east": {"uv": [1.75, 9.625, 1.875, 10.25], "rotation": 90, "texture": "#0"},
				"up": {"uv": [1.875, 9.625, 1.75, 10.25], "texture": "#0"},
				"down": {"uv": [1.75, 9.625, 1.875, 10.25], "rotation": 180, "texture": "#0"}
			}
		},
		{
			"name": "bekkie_74",
			"from": [7.08063, 5.0449, 7.625],
			"to": [7.33063, 5.1699, 8.25],
			"rotation": {"angle": -22.5, "axis": "y", "origin": [8.1, 5.1, 8]},
			"faces": {
				"north": {"uv": [2.375, 9.625, 2.625, 9.75], "texture": "#0"},
				"south": {"uv": [2.375, 10.125, 2.625, 10.25], "rotation": 180, "texture": "#0"},
				"west": {"uv": [2.5, 9.625, 2.625, 10.25], "rotation": 270, "texture": "#0"},
				"up": {"uv": [2.625, 9.625, 2.375, 10.25], "texture": "#0"},
				"down": {"uv": [2.375, 9.625, 2.625, 10.25], "rotation": 180, "texture": "#1"}
			}
		},
		{
			"name": "bekkie_76",
			"from": [7.95563, 5.0449, 7.75],
			"to": [8.08063, 5.1699, 8.125],
			"rotation": {"angle": -22.5, "axis": "y", "origin": [8.1, 5.1, 8]},
			"faces": {
				"up": {"uv": [1.75, 9.75, 1.625, 10.125], "texture": "#0"},
				"down": {"uv": [1.625, 9.75, 1.75, 10.125], "rotation": 180, "texture": "#0"}
			}
		},
		{
			"name": "bekkie_77",
			"from": [6.70563, 5.0449, 7.75],
			"to": [7.08063, 5.1699, 8.125],
			"rotation": {"angle": -22.5, "axis": "y", "origin": [8.1, 5.1, 8]},
			"faces": {
				"north": {"uv": [2.625, 9.75, 3, 9.875], "texture": "#0"},
				"south": {"uv": [2.625, 10, 3, 10.125], "rotation": 180, "texture": "#0"},
				"west": {"uv": [2.875, 9.75, 3, 10.125], "rotation": 270, "texture": "#0"},
				"up": {"uv": [3, 9.75, 2.625, 10.125], "texture": "#0"},
				"down": {"uv": [2.625, 9.75, 3, 10.125], "rotation": 180, "texture": "#1"}
			}
		},
		{
			"name": "bekkie_82",
			"from": [6.58063, 5.0449, 7.875],
			"to": [6.70563, 5.1699, 8],
			"rotation": {"angle": -22.5, "axis": "y", "origin": [8.1, 5.1, 8]},
			"faces": {
				"north": {"uv": [3, 9.875, 3.125, 10], "texture": "#0"},
				"south": {"uv": [3, 9.875, 3.125, 10], "rotation": 180, "texture": "#0"},
				"west": {"uv": [3, 9.875, 3.125, 10], "rotation": 270, "texture": "#0"},
				"up": {"uv": [3.125, 9.875, 3, 10], "texture": "#0"},
				"down": {"uv": [3, 9.875, 3.125, 10], "rotation": 180, "texture": "#0"}
			}
		},
		{
			"name": "bekkie_91",
			"from": [6.83063, 5.0449, 8.125],
			"to": [7.08063, 5.1699, 8.25],
			"rotation": {"angle": -22.5, "axis": "y", "origin": [8.1, 5.1, 8]},
			"faces": {
				"south": {"uv": [2.625, 10.125, 2.875, 10.25], "rotation": 180, "texture": "#0"},
				"west": {"uv": [2.75, 10.125, 2.875, 10.25], "rotation": 270, "texture": "#0"},
				"up": {"uv": [2.875, 10.125, 2.625, 10.25], "texture": "#0"},
				"down": {"uv": [2.625, 10.125, 2.875, 10.25], "rotation": 180, "texture": "#0"}
			}
		},
		{
			"name": "bekkie_95",
			"from": [7.20563, 5.0449, 8.25],
			"to": [7.33063, 5.1699, 8.375],
			"rotation": {"angle": -22.5, "axis": "y", "origin": [8.1, 5.1, 8]},
			"faces": {
				"south": {"uv": [2.375, 10.25, 2.5, 10.375], "rotation": 180, "texture": "#0"},
				"west": {"uv": [2.375, 10.25, 2.5, 10.375], "rotation": 270, "texture": "#0"},
				"up": {"uv": [2.5, 10.25, 2.375, 10.375], "texture": "#0"},
				"down": {"uv": [2.375, 10.25, 2.5, 10.375], "rotation": 180, "texture": "#0"}
			}
		},
		{
			"name": "bekkie_71",
			"from": [7.23063, 5.04485, 7.5],
			"to": [7.73063, 5.16985, 8.375],
			"rotation": {"angle": 45, "axis": "y", "origin": [8.1, 5.1, 8]},
			"faces": {
				"north": {"uv": [1.875, 9.5, 2.375, 9.625], "texture": "#0"},
				"south": {"uv": [1.875, 10.25, 2.375, 10.375], "rotation": 180, "texture": "#0"},
				"west": {"uv": [2.25, 9.5, 2.375, 10.375], "rotation": 270, "texture": "#0"},
				"up": {"uv": [2.375, 9.5, 1.875, 10.375], "texture": "#0"},
				"down": {"uv": [1.875, 9.5, 2.375, 10.375], "rotation": 180, "texture": "#1"}
			}
		},
		{
			"name": "bekkie_73",
			"from": [7.73063, 5.04485, 7.625],
			"to": [7.85563, 5.16985, 8.25],
			"rotation": {"angle": 45, "axis": "y", "origin": [8.1, 5.1, 8]},
			"faces": {
				"up": {"uv": [1.875, 9.625, 1.75, 10.25], "texture": "#0"},
				"down": {"uv": [1.75, 9.625, 1.875, 10.25], "rotation": 180, "texture": "#0"}
			}
		},
		{
			"name": "bekkie_74",
			"from": [6.98063, 5.04485, 7.625],
			"to": [7.23063, 5.16985, 8.25],
			"rotation": {"angle": 45, "axis": "y", "origin": [8.1, 5.1, 8]},
			"faces": {
				"north": {"uv": [2.375, 9.625, 2.625, 9.75], "texture": "#0"},
				"south": {"uv": [2.375, 10.125, 2.625, 10.25], "rotation": 180, "texture": "#0"},
				"west": {"uv": [2.5, 9.625, 2.625, 10.25], "rotation": 270, "texture": "#0"},
				"up": {"uv": [2.625, 9.625, 2.375, 10.25], "texture": "#0"},
				"down": {"uv": [2.375, 9.625, 2.625, 10.25], "rotation": 180, "texture": "#1"}
			}
		},
		{
			"name": "bekkie_76",
			"from": [7.85563, 5.04485, 7.75],
			"to": [7.98063, 5.16985, 8.125],
			"rotation": {"angle": 45, "axis": "y", "origin": [8.1, 5.1, 8]},
			"faces": {
				"up": {"uv": [1.75, 9.75, 1.625, 10.125], "texture": "#0"},
				"down": {"uv": [1.625, 9.75, 1.75, 10.125], "rotation": 180, "texture": "#0"}
			}
		},
		{
			"name": "bekkie_77",
			"from": [6.60563, 5.04485, 7.75],
			"to": [6.98063, 5.16985, 8.125],
			"rotation": {"angle": 45, "axis": "y", "origin": [8.1, 5.1, 8]},
			"faces": {
				"north": {"uv": [2.625, 9.75, 3, 9.875], "texture": "#0"},
				"south": {"uv": [2.625, 10, 3, 10.125], "rotation": 180, "texture": "#0"},
				"west": {"uv": [2.875, 9.75, 3, 10.125], "rotation": 270, "texture": "#0"},
				"up": {"uv": [3, 9.75, 2.625, 10.125], "texture": "#0"},
				"down": {"uv": [2.625, 9.75, 3, 10.125], "rotation": 180, "texture": "#1"}
			}
		},
		{
			"name": "bekkie_82",
			"from": [6.48063, 5.04485, 7.875],
			"to": [6.60563, 5.16985, 8],
			"rotation": {"angle": 45, "axis": "y", "origin": [8.1, 5.1, 8]},
			"faces": {
				"north": {"uv": [3, 9.875, 3.125, 10], "texture": "#0"},
				"south": {"uv": [3, 9.875, 3.125, 10], "rotation": 180, "texture": "#0"},
				"west": {"uv": [3, 9.875, 3.125, 10], "rotation": 270, "texture": "#0"},
				"up": {"uv": [3.125, 9.875, 3, 10], "texture": "#0"},
				"down": {"uv": [3, 9.875, 3.125, 10], "rotation": 180, "texture": "#0"}
			}
		},
		{
			"name": "bekkie_91",
			"from": [6.73063, 5.04485, 8.125],
			"to": [6.98063, 5.16985, 8.25],
			"rotation": {"angle": 45, "axis": "y", "origin": [8.1, 5.1, 8]},
			"faces": {
				"south": {"uv": [2.625, 10.125, 2.875, 10.25], "rotation": 180, "texture": "#0"},
				"west": {"uv": [2.75, 10.125, 2.875, 10.25], "rotation": 270, "texture": "#0"},
				"up": {"uv": [2.875, 10.125, 2.625, 10.25], "texture": "#0"},
				"down": {"uv": [2.625, 10.125, 2.875, 10.25], "rotation": 180, "texture": "#0"}
			}
		},
		{
			"name": "bekkie_95",
			"from": [7.10563, 5.04485, 8.25],
			"to": [7.23063, 5.16985, 8.375],
			"rotation": {"angle": 45, "axis": "y", "origin": [8.1, 5.1, 8]},
			"faces": {
				"south": {"uv": [2.375, 10.25, 2.5, 10.375], "rotation": 180, "texture": "#0"},
				"west": {"uv": [2.375, 10.25, 2.5, 10.375], "rotation": 270, "texture": "#0"},
				"up": {"uv": [2.5, 10.25, 2.375, 10.375], "texture": "#0"},
				"down": {"uv": [2.375, 10.25, 2.5, 10.375], "rotation": 180, "texture": "#0"}
			}
		},
		{
			"name": "bekkie_71",
			"from": [7.6, 5.045, 8.36937],
			"to": [8.475, 5.17, 8.86937],
			"rotation": {"angle": 45, "axis": "y", "origin": [8.1, 5.1, 8]},
			"faces": {
				"north": {"uv": [1.875, 9.5, 2, 10.375], "rotation": 90, "texture": "#0"},
				"east": {"uv": [1.875, 10.25, 2.375, 10.375], "rotation": 180, "texture": "#0"},
				"south": {"uv": [2.25, 9.5, 2.375, 10.375], "rotation": 270, "texture": "#0"},
				"west": {"uv": [1.875, 9.5, 2.375, 9.625], "texture": "#0"},
				"up": {"uv": [2.375, 9.5, 1.875, 10.375], "rotation": 270, "texture": "#0"},
				"down": {"uv": [1.875, 9.5, 2.375, 10.375], "rotation": 270, "texture": "#1"}
			}
		},
		{
			"name": "bekkie_73",
			"from": [7.725, 5.045, 8.24437],
			"to": [8.35, 5.17, 8.36937],
			"rotation": {"angle": 45, "axis": "y", "origin": [8.1, 5.1, 8]},
			"faces": {
				"north": {"uv": [1.75, 9.625, 1.875, 10.25], "rotation": 90, "texture": "#0"},
				"west": {"uv": [1.75, 9.625, 1.875, 9.75], "texture": "#0"},
				"up": {"uv": [1.875, 9.625, 1.75, 10.25], "rotation": 270, "texture": "#0"},
				"down": {"uv": [1.75, 9.625, 1.875, 10.25], "rotation": 270, "texture": "#0"}
			}
		},
		{
			"name": "bekkie_74",
			"from": [7.725, 5.045, 8.86937],
			"to": [8.35, 5.17, 9.11937],
			"rotation": {"angle": 45, "axis": "y", "origin": [8.1, 5.1, 8]},
			"faces": {
				"east": {"uv": [2.375, 10.125, 2.625, 10.25], "rotation": 180, "texture": "#0"},
				"south": {"uv": [2.5, 9.625, 2.625, 10.25], "rotation": 270, "texture": "#0"},
				"west": {"uv": [2.375, 9.625, 2.625, 9.75], "texture": "#0"},
				"up": {"uv": [2.625, 9.625, 2.375, 10.25], "rotation": 270, "texture": "#0"},
				"down": {"uv": [2.375, 9.625, 2.625, 10.25], "rotation": 270, "texture": "#1"}
			}
		},
		{
			"name": "bekkie_76",
			"from": [7.85, 5.045, 8.11937],
			"to": [8.225, 5.17, 8.24437],
			"rotation": {"angle": 45, "axis": "y", "origin": [8.1, 5.1, 8]},
			"faces": {
				"up": {"uv": [1.75, 9.75, 1.625, 10.125], "rotation": 270, "texture": "#0"},
				"down": {"uv": [1.625, 9.75, 1.75, 10.125], "rotation": 270, "texture": "#0"}
			}
		},
		{
			"name": "bekkie_77",
			"from": [7.85, 5.045, 9.11937],
			"to": [8.225, 5.17, 9.49437],
			"rotation": {"angle": 45, "axis": "y", "origin": [8.1, 5.1, 8]},
			"faces": {
				"east": {"uv": [2.625, 10, 3, 10.125], "rotation": 180, "texture": "#0"},
				"south": {"uv": [2.875, 9.75, 3, 10.125], "rotation": 270, "texture": "#0"},
				"west": {"uv": [2.625, 9.75, 3, 9.875], "texture": "#0"},
				"up": {"uv": [3, 9.75, 2.625, 10.125], "rotation": 270, "texture": "#0"},
				"down": {"uv": [2.625, 9.75, 3, 10.125], "rotation": 270, "texture": "#1"}
			}
		},
		{
			"name": "bekkie_82",
			"from": [7.975, 5.045, 9.49437],
			"to": [8.1, 5.17, 9.61937],
			"rotation": {"angle": 45, "axis": "y", "origin": [8.1, 5.1, 8]},
			"faces": {
				"east": {"uv": [3, 9.875, 3.125, 10], "rotation": 180, "texture": "#0"},
				"south": {"uv": [3, 9.875, 3.125, 10], "rotation": 270, "texture": "#0"},
				"west": {"uv": [3, 9.875, 3.125, 10], "texture": "#0"},
				"up": {"uv": [3.125, 9.875, 3, 10], "rotation": 270, "texture": "#0"},
				"down": {"uv": [3, 9.875, 3.125, 10], "rotation": 270, "texture": "#0"}
			}
		},
		{
			"name": "bekkie_91",
			"from": [8.225, 5.045, 9.11937],
			"to": [8.35, 5.17, 9.36937],
			"rotation": {"angle": 45, "axis": "y", "origin": [8.1, 5.1, 8]},
			"faces": {
				"east": {"uv": [2.625, 10.125, 2.875, 10.25], "rotation": 180, "texture": "#0"},
				"south": {"uv": [2.75, 10.125, 2.875, 10.25], "rotation": 270, "texture": "#0"},
				"up": {"uv": [2.875, 10.125, 2.625, 10.25], "rotation": 270, "texture": "#0"},
				"down": {"uv": [2.625, 10.125, 2.875, 10.25], "rotation": 270, "texture": "#0"}
			}
		},
		{
			"name": "bekkie_95",
			"from": [8.35, 5.045, 8.86937],
			"to": [8.475, 5.17, 8.99437],
			"rotation": {"angle": 45, "axis": "y", "origin": [8.1, 5.1, 8]},
			"faces": {
				"east": {"uv": [2.375, 10.25, 2.5, 10.375], "rotation": 180, "texture": "#0"},
				"south": {"uv": [2.375, 10.25, 2.5, 10.375], "rotation": 270, "texture": "#0"},
				"up": {"uv": [2.5, 10.25, 2.375, 10.375], "rotation": 270, "texture": "#0"},
				"down": {"uv": [2.375, 10.25, 2.5, 10.375], "rotation": 270, "texture": "#0"}
			}
		}
	],
	"gui_light": "front",
	"display": {
		"thirdperson_righthand": {
			"rotation": [0, -90, 0],
			"translation": [-0.25, 10.25, 1.25],
			"scale": [2.8, 2.8, 2.8]
		},
		"thirdperson_lefthand": {
			"rotation": [0, -90, 0],
			"translation": [-0.25, 10.25, 1.25],
			"scale": [2.8, 2.8, 2.8]
		},
		"firstperson_righthand": {
			"rotation": [-4, -90, -8],
			"translation": [2.5, 9.75, 0],
			"scale": [2.25, 2.25, 2.25]
		},
		"firstperson_lefthand": {
			"rotation": [-4, -90, -8],
			"translation": [2.5, 9.75, 0],
			"scale": [2.25, 2.25, 2.25]
		},
		"ground": {
			"translation": [0, 7.75, 0],
			"scale": [2, 2, 2]
		},
		"gui": {
			"rotation": [0, 0, -42],
			"translation": [1.75, 2.25, 0],
			"scale": [2, 2, 2]
		},
		"head": {
			"rotation": [0, 0, -132],
			"translation": [2.25, -15.5, 3.5],
			"scale": [3.5, 3.5, 3.5]
		},
		"fixed": {
			"rotation": [-180, 0, 138],
			"translation": [-1.25, 1.75, 0.25],
			"scale": [4, 4, 3]
		}
	},
	"groups": [
		{
			"name": "bekkie",
			"origin": [8, 8, 8],
			"color": 0,
			"nbt": "{}",
			"children": [
				0,
				1,
				2,
				3,
				{
					"name": "petal3",
					"origin": [7.6, 5.1, 0.1],
					"color": 0,
					"nbt": "{}",
					"children": [4, 5, 6, 7, 8, 9, 10, 11, 12, 13, 14, 15, 16, 17, 18, 19, 20, 21, 22]
				},
				{
					"name": "petal1",
					"origin": [4.4, 6.1, 0],
					"color": 0,
					"nbt": "{}",
					"children": [
						23,
						24,
						25,
						26,
						27,
						28,
						29,
						30,
						{
							"name": "petal1",
							"origin": [4.4, 6.1, 0],
							"color": 0,
							"nbt": "{}",
							"children": [
								31,
								32,
								33,
								34,
								35,
								36,
								37,
								38,
								{
									"name": "petal1",
									"origin": [4.4, 6.1, 0],
									"color": 0,
									"nbt": "{}",
									"children": [
										39,
										40,
										41,
										42,
										43,
										44,
										45,
										46,
										{
											"name": "petal1",
											"origin": [4.4, 6.1, 0],
											"color": 0,
											"nbt": "{}",
											"children": [47, 48, 49, 50, 51, 52, 53, 54]
										}
									]
								}
							]
						}
					]
				},
				{
					"name": "blade",
					"origin": [0, 0, 0],
					"color": 0,
					"nbt": "{}",
					"children": [55, 56, 57, 58, 59, 60, 61, 62, 63, 64, 65, 66, 67, 68, 69, 70, 71, 72, 73, 74, 75, 76, 77, 78, 79, 80, 81, 82, 83, 84, 85, 86, 87, 88, 89, 90, 91, 92, 93]
				},
				94,
				{
					"name": "handle",
					"origin": [0, 0, 0],
					"color": 0,
					"nbt": "{}",
					"children": [95, 96, 97, 98, 99, 100, 101, 102, 103, 104, 105]
				}
			]
		},
		{
			"name": "petal2",
			"origin": [4.4, 6.1, 0],
			"color": 0,
			"nbt": "{}",
			"children": [
				106,
				107,
				108,
				109,
				110,
				111,
				112,
				113,
				{
					"name": "petal1",
					"origin": [4.4, 6.1, 0],
					"color": 0,
					"nbt": "{}",
					"children": [
						114,
						115,
						116,
						117,
						118,
						119,
						120,
						121,
						{
							"name": "petal1",
							"origin": [4.4, 6.1, 0],
							"color": 0,
							"nbt": "{}",
							"children": [
								122,
								123,
								124,
								125,
								126,
								127,
								128,
								129,
								{
									"name": "petal1",
									"origin": [4.4, 6.1, 0],
									"color": 0,
									"nbt": "{}",
									"children": [130, 131, 132, 133, 134, 135, 136, 137]
								}
							]
						}
					]
				}
			]
		}
	]
}