{
	"credit": "Made with Blockbench",
	"textures": {
		"0": "item/diamond_sword/bladeofanubis",
		"particle": "item/diamond_sword/bladeofanubis"
	},
	"elements": [
		{
			"name": "bladeofanubis_0",
			"from": [7.675, 12.375, 7.9],
			"to": [7.8, 12.75, 8.025],
			"faces": {
				"north": {"uv": [5.5, 3.25, 5.375, 3.625], "texture": "#0"},
				"east": {"uv": [5.375, 3.25, 5.5, 3.625], "texture": "#0"},
				"south": {"uv": [5.375, 3.25, 5.5, 3.625], "texture": "#0"},
				"west": {"uv": [5.375, 3.25, 5.5, 3.625], "texture": "#0"},
				"up": {"uv": [5.375, 3.25, 5.5, 3.375], "texture": "#0"},
				"down": {"uv": [5.375, 3.5, 5.5, 3.625], "texture": "#0"}
			}
		},
		{
			"name": "bladeofanubis_1",
			"from": [7.8, 12.375, 7.9],
			"to": [7.925, 12.625, 8.025],
			"faces": {
				"north": {"uv": [5.625, 3.375, 5.5, 3.625], "texture": "#0"},
				"east": {"uv": [5.5, 3.375, 5.625, 3.625], "texture": "#0"},
				"south": {"uv": [5.5, 3.375, 5.625, 3.625], "texture": "#0"},
				"west": {"uv": [5.5, 3.375, 5.625, 3.625], "texture": "#0"},
				"up": {"uv": [5.5, 3.375, 5.625, 3.5], "texture": "#0"},
				"down": {"uv": [5.5, 3.5, 5.625, 3.625], "texture": "#0"}
			}
		},
		{
			"name": "bladeofanubis_2",
			"from": [7.55, 12, 7.9],
			"to": [7.675, 12.5, 8.025],
			"faces": {
				"north": {"uv": [5.375, 3.5, 5.25, 4], "texture": "#0"},
				"east": {"uv": [5.25, 3.5, 5.375, 4], "texture": "#0"},
				"south": {"uv": [5.25, 3.5, 5.375, 4], "texture": "#0"},
				"west": {"uv": [5.25, 3.5, 5.375, 4], "texture": "#0"},
				"up": {"uv": [5.25, 3.5, 5.375, 3.625], "texture": "#0"},
				"down": {"uv": [5.25, 3.875, 5.375, 4], "texture": "#0"}
			}
		},
		{
			"name": "bladeofanubis_3",
			"from": [7.925, 12.25, 7.9],
			"to": [8.05, 12.5, 8.025],
			"faces": {
				"north": {"uv": [5.75, 3.5, 5.625, 3.75], "texture": "#0"},
				"east": {"uv": [5.625, 3.5, 5.75, 3.75], "texture": "#0"},
				"south": {"uv": [5.625, 3.5, 5.75, 3.75], "texture": "#0"},
				"west": {"uv": [5.625, 3.5, 5.75, 3.75], "texture": "#0"},
				"up": {"uv": [5.625, 3.5, 5.75, 3.625], "texture": "#0"},
				"down": {"uv": [5.625, 3.625, 5.75, 3.75], "texture": "#0"}
			}
		},
		{
			"name": "bladeofanubis_4",
			"from": [7.425, 11.875, 7.9],
			"to": [7.55, 12.375, 8.025],
			"faces": {
				"north": {"uv": [5.25, 3.625, 5.125, 4.125], "texture": "#0"},
				"east": {"uv": [5.125, 3.625, 5.25, 4.125], "texture": "#0"},
				"south": {"uv": [5.125, 3.625, 5.25, 4.125], "texture": "#0"},
				"west": {"uv": [5.125, 3.625, 5.25, 4.125], "texture": "#0"},
				"up": {"uv": [5.125, 3.625, 5.25, 3.75], "texture": "#0"},
				"down": {"uv": [5.125, 4, 5.25, 4.125], "texture": "#0"}
			}
		},
		{
			"name": "bladeofanubis_5",
			"from": [8.05, 11.875, 7.9],
			"to": [8.175, 12.375, 8.025],
			"faces": {
				"north": {"uv": [5.875, 3.625, 5.75, 4.125], "texture": "#0"},
				"east": {"uv": [5.75, 3.625, 5.875, 4.125], "texture": "#0"},
				"south": {"uv": [5.75, 3.625, 5.875, 4.125], "texture": "#0"},
				"west": {"uv": [5.75, 3.625, 5.875, 4.125], "texture": "#0"},
				"up": {"uv": [5.75, 3.625, 5.875, 3.75], "texture": "#0"},
				"down": {"uv": [5.75, 4, 5.875, 4.125], "texture": "#0"}
			}
		},
		{
			"name": "bladeofanubis_6",
			"from": [7.675, 12.25, 7.85],
			"to": [7.925, 12.375, 8.075],
			"faces": {
				"north": {"uv": [7.125, 3.625, 6.875, 3.75], "texture": "#0"},
				"east": {"uv": [7, 3.625, 7.125, 3.75], "texture": "#0"},
				"south": {"uv": [6.875, 3.625, 7.125, 3.75], "texture": "#0"},
				"west": {"uv": [6.875, 3.625, 7, 3.75], "texture": "#0"},
				"up": {"uv": [6.875, 3.625, 7.125, 3.75], "texture": "#0"},
				"down": {"uv": [6.875, 3.625, 7.125, 3.75], "texture": "#0"}
			}
		},
		{
			"name": "bladeofanubis_7",
			"from": [7.3, 11.75, 7.9],
			"to": [7.425, 12.25, 8.025],
			"faces": {
				"north": {"uv": [5.125, 3.75, 5, 4.25], "texture": "#0"},
				"east": {"uv": [5, 3.75, 5.125, 4.25], "texture": "#0"},
				"south": {"uv": [5, 3.75, 5.125, 4.25], "texture": "#0"},
				"west": {"uv": [5, 3.75, 5.125, 4.25], "texture": "#0"},
				"up": {"uv": [5, 3.75, 5.125, 3.875], "texture": "#0"},
				"down": {"uv": [5, 4.125, 5.125, 4.25], "texture": "#0"}
			}
		},
		{
			"name": "bladeofanubis_8",
			"from": [7.675, 12.125, 7.9],
			"to": [7.8, 12.25, 8.025],
			"faces": {
				"north": {"uv": [5.5, 3.75, 5.375, 3.875], "texture": "#0"},
				"east": {"uv": [5.375, 3.75, 5.5, 3.875], "texture": "#0"},
				"south": {"uv": [5.375, 3.75, 5.5, 3.875], "texture": "#0"},
				"west": {"uv": [5.375, 3.75, 5.5, 3.875], "texture": "#0"},
				"up": {"uv": [5.375, 3.75, 5.5, 3.875], "texture": "#0"},
				"down": {"uv": [5.375, 3.75, 5.5, 3.875], "texture": "#0"}
			}
		},
		{
			"name": "bladeofanubis_9",
			"from": [8.175, 11.875, 7.9],
			"to": [8.3, 12.25, 8.025],
			"faces": {
				"north": {"uv": [6, 3.75, 5.875, 4.125], "texture": "#0"},
				"east": {"uv": [5.875, 3.75, 6, 4.125], "texture": "#0"},
				"south": {"uv": [5.875, 3.75, 6, 4.125], "texture": "#0"},
				"west": {"uv": [5.875, 3.75, 6, 4.125], "texture": "#0"},
				"up": {"uv": [5.875, 3.75, 6, 3.875], "texture": "#0"},
				"down": {"uv": [5.875, 4, 6, 4.125], "texture": "#0"}
			}
		},
		{
			"name": "bladeofanubis_10",
			"from": [7.8, 12.125, 7.85],
			"to": [8.05, 12.25, 8.075],
			"faces": {
				"north": {"uv": [7.25, 3.75, 7, 3.875], "texture": "#0"},
				"east": {"uv": [7.125, 3.75, 7.25, 3.875], "texture": "#0"},
				"south": {"uv": [7, 3.75, 7.25, 3.875], "texture": "#0"},
				"west": {"uv": [7, 3.75, 7.125, 3.875], "texture": "#0"},
				"up": {"uv": [7, 3.75, 7.25, 3.875], "texture": "#0"},
				"down": {"uv": [7, 3.75, 7.25, 3.875], "texture": "#0"}
			}
		},
		{
			"name": "bladeofanubis_11",
			"from": [7.175, 11.625, 7.9],
			"to": [7.3, 12.125, 8.025],
			"faces": {
				"north": {"uv": [5, 3.875, 4.875, 4.375], "texture": "#0"},
				"east": {"uv": [4.875, 3.875, 5, 4.375], "texture": "#0"},
				"south": {"uv": [4.875, 3.875, 5, 4.375], "texture": "#0"},
				"west": {"uv": [4.875, 3.875, 5, 4.375], "texture": "#0"},
				"up": {"uv": [4.875, 3.875, 5, 4], "texture": "#0"},
				"down": {"uv": [4.875, 4.25, 5, 4.375], "texture": "#0"}
			}
		},
		{
			"name": "bladeofanubis_12",
			"from": [7.925, 11.75, 7.9],
			"to": [8.05, 12.125, 8.025],
			"faces": {
				"north": {"uv": [5.75, 3.875, 5.625, 4.25], "texture": "#0"},
				"east": {"uv": [5.625, 3.875, 5.75, 4.25], "texture": "#0"},
				"south": {"uv": [5.625, 3.875, 5.75, 4.25], "texture": "#0"},
				"west": {"uv": [5.625, 3.875, 5.75, 4.25], "texture": "#0"},
				"up": {"uv": [5.625, 3.875, 5.75, 4], "texture": "#0"},
				"down": {"uv": [5.625, 4.125, 5.75, 4.25], "texture": "#0"}
			}
		},
		{
			"name": "bladeofanubis_13",
			"from": [8.3, 12, 7.9],
			"to": [8.425, 12.125, 8.025],
			"faces": {
				"north": {"uv": [6.125, 3.875, 6, 4], "texture": "#0"},
				"east": {"uv": [6, 3.875, 6.125, 4], "texture": "#0"},
				"south": {"uv": [6, 3.875, 6.125, 4], "texture": "#0"},
				"west": {"uv": [6, 3.875, 6.125, 4], "texture": "#0"},
				"up": {"uv": [6, 3.875, 6.125, 4], "texture": "#0"},
				"down": {"uv": [6, 3.875, 6.125, 4], "texture": "#0"}
			}
		},
		{
			"name": "bladeofanubis_14",
			"from": [7.675, 12, 7.85],
			"to": [7.925, 12.125, 8.075],
			"faces": {
				"north": {"uv": [7.125, 3.875, 6.875, 4], "texture": "#0"},
				"east": {"uv": [7, 3.875, 7.125, 4], "texture": "#0"},
				"south": {"uv": [6.875, 3.875, 7.125, 4], "texture": "#0"},
				"west": {"uv": [6.875, 3.875, 7, 4], "texture": "#0"},
				"up": {"uv": [6.875, 3.875, 7.125, 4], "texture": "#0"},
				"down": {"uv": [6.875, 3.875, 7.125, 4], "texture": "#0"}
			}
		},
		{
			"name": "bladeofanubis_15",
			"from": [7.05, 11.5, 7.9],
			"to": [7.175, 12, 8.025],
			"faces": {
				"north": {"uv": [4.875, 4, 4.75, 4.5], "texture": "#0"},
				"east": {"uv": [4.75, 4, 4.875, 4.5], "texture": "#0"},
				"south": {"uv": [4.75, 4, 4.875, 4.5], "texture": "#0"},
				"west": {"uv": [4.75, 4, 4.875, 4.5], "texture": "#0"},
				"up": {"uv": [4.75, 4, 4.875, 4.125], "texture": "#0"},
				"down": {"uv": [4.75, 4.375, 4.875, 4.5], "texture": "#0"}
			}
		},
		{
			"name": "bladeofanubis_16",
			"from": [7.8, 11.75, 7.9],
			"to": [7.925, 12, 8.025],
			"faces": {
				"north": {"uv": [5.625, 4, 5.5, 4.25], "texture": "#0"},
				"east": {"uv": [5.5, 4, 5.625, 4.25], "texture": "#0"},
				"south": {"uv": [5.5, 4, 5.625, 4.25], "texture": "#0"},
				"west": {"uv": [5.5, 4, 5.625, 4.25], "texture": "#0"},
				"up": {"uv": [5.5, 4, 5.625, 4.125], "texture": "#0"},
				"down": {"uv": [5.5, 4.125, 5.625, 4.25], "texture": "#0"}
			}
		},
		{
			"name": "bladeofanubis_17",
			"from": [7.55, 11.875, 7.85],
			"to": [7.8, 12, 8.075],
			"faces": {
				"north": {"uv": [7, 4, 6.75, 4.125], "texture": "#0"},
				"east": {"uv": [6.875, 4, 7, 4.125], "texture": "#0"},
				"south": {"uv": [6.75, 4, 7, 4.125], "texture": "#0"},
				"west": {"uv": [6.75, 4, 6.875, 4.125], "texture": "#0"},
				"up": {"uv": [6.75, 4, 7, 4.125], "texture": "#0"},
				"down": {"uv": [6.75, 4, 7, 4.125], "texture": "#0"}
			}
		},
		{
			"name": "bladeofanubis_18",
			"from": [6.925, 11.375, 7.9],
			"to": [7.05, 11.875, 8.025],
			"faces": {
				"north": {"uv": [4.75, 4.125, 4.625, 4.625], "texture": "#0"},
				"east": {"uv": [4.625, 4.125, 4.75, 4.625], "texture": "#0"},
				"south": {"uv": [4.625, 4.125, 4.75, 4.625], "texture": "#0"},
				"west": {"uv": [4.625, 4.125, 4.75, 4.625], "texture": "#0"},
				"up": {"uv": [4.625, 4.125, 4.75, 4.25], "texture": "#0"},
				"down": {"uv": [4.625, 4.5, 4.75, 4.625], "texture": "#0"}
			}
		},
		{
			"name": "bladeofanubis_19",
			"from": [7.675, 11.625, 7.9],
			"to": [7.8, 11.875, 8.025],
			"faces": {
				"north": {"uv": [5.5, 4.125, 5.375, 4.375], "texture": "#0"},
				"east": {"uv": [5.375, 4.125, 5.5, 4.375], "texture": "#0"},
				"south": {"uv": [5.375, 4.125, 5.5, 4.375], "texture": "#0"},
				"west": {"uv": [5.375, 4.125, 5.5, 4.375], "texture": "#0"},
				"up": {"uv": [5.375, 4.125, 5.5, 4.25], "texture": "#0"},
				"down": {"uv": [5.375, 4.25, 5.5, 4.375], "texture": "#0"}
			}
		},
		{
			"name": "bladeofanubis_20",
			"from": [7.425, 11.75, 7.85],
			"to": [7.675, 11.875, 8.075],
			"faces": {
				"north": {"uv": [6.875, 4.125, 6.625, 4.25], "texture": "#0"},
				"east": {"uv": [6.75, 4.125, 6.875, 4.25], "texture": "#0"},
				"south": {"uv": [6.625, 4.125, 6.875, 4.25], "texture": "#0"},
				"west": {"uv": [6.625, 4.125, 6.75, 4.25], "texture": "#0"},
				"up": {"uv": [6.625, 4.125, 6.875, 4.25], "texture": "#0"},
				"down": {"uv": [6.625, 4.125, 6.875, 4.25], "texture": "#0"}
			}
		},
		{
			"name": "bladeofanubis_21",
			"from": [6.8, 11.125, 7.9],
			"to": [6.925, 11.75, 8.025],
			"faces": {
				"north": {"uv": [4.625, 4.25, 4.5, 4.875], "texture": "#0"},
				"east": {"uv": [4.5, 4.25, 4.625, 4.875], "texture": "#0"},
				"south": {"uv": [4.5, 4.25, 4.625, 4.875], "texture": "#0"},
				"west": {"uv": [4.5, 4.25, 4.625, 4.875], "texture": "#0"},
				"up": {"uv": [4.5, 4.25, 4.625, 4.375], "texture": "#0"},
				"down": {"uv": [4.5, 4.75, 4.625, 4.875], "texture": "#0"}
			}
		},
		{
			"name": "bladeofanubis_22",
			"from": [7.55, 11.5, 7.9],
			"to": [7.675, 11.75, 8.025],
			"faces": {
				"north": {"uv": [5.375, 4.25, 5.25, 4.5], "texture": "#0"},
				"east": {"uv": [5.25, 4.25, 5.375, 4.5], "texture": "#0"},
				"south": {"uv": [5.25, 4.25, 5.375, 4.5], "texture": "#0"},
				"west": {"uv": [5.25, 4.25, 5.375, 4.5], "texture": "#0"},
				"up": {"uv": [5.25, 4.25, 5.375, 4.375], "texture": "#0"},
				"down": {"uv": [5.25, 4.375, 5.375, 4.5], "texture": "#0"}
			}
		},
		{
			"name": "bladeofanubis_23",
			"from": [7.3, 11.625, 7.85],
			"to": [7.55, 11.75, 8.075],
			"faces": {
				"north": {"uv": [6.75, 4.25, 6.5, 4.375], "texture": "#0"},
				"east": {"uv": [6.625, 4.25, 6.75, 4.375], "texture": "#0"},
				"south": {"uv": [6.5, 4.25, 6.75, 4.375], "texture": "#0"},
				"west": {"uv": [6.5, 4.25, 6.625, 4.375], "texture": "#0"},
				"up": {"uv": [6.5, 4.25, 6.75, 4.375], "texture": "#0"},
				"down": {"uv": [6.5, 4.25, 6.75, 4.375], "texture": "#0"}
			}
		},
		{
			"name": "bladeofanubis_24",
			"from": [7.425, 11.375, 7.9],
			"to": [7.55, 11.625, 8.025],
			"faces": {
				"north": {"uv": [5.25, 4.375, 5.125, 4.625], "texture": "#0"},
				"east": {"uv": [5.125, 4.375, 5.25, 4.625], "texture": "#0"},
				"south": {"uv": [5.125, 4.375, 5.25, 4.625], "texture": "#0"},
				"west": {"uv": [5.125, 4.375, 5.25, 4.625], "texture": "#0"},
				"up": {"uv": [5.125, 4.375, 5.25, 4.5], "texture": "#0"},
				"down": {"uv": [5.125, 4.5, 5.25, 4.625], "texture": "#0"}
			}
		},
		{
			"name": "bladeofanubis_25",
			"from": [7.175, 11.5, 7.85],
			"to": [7.425, 11.625, 8.075],
			"faces": {
				"north": {"uv": [6.625, 4.375, 6.375, 4.5], "texture": "#0"},
				"east": {"uv": [6.5, 4.375, 6.625, 4.5], "texture": "#0"},
				"south": {"uv": [6.375, 4.375, 6.625, 4.5], "texture": "#0"},
				"west": {"uv": [6.375, 4.375, 6.5, 4.5], "texture": "#0"},
				"up": {"uv": [6.375, 4.375, 6.625, 4.5], "texture": "#0"},
				"down": {"uv": [6.375, 4.375, 6.625, 4.5], "texture": "#0"}
			}
		},
		{
			"name": "bladeofanubis_26",
			"from": [6.675, 10.625, 7.9],
			"to": [6.8, 11.5, 8.025],
			"faces": {
				"north": {"uv": [4.5, 4.5, 4.375, 5.375], "texture": "#0"},
				"east": {"uv": [4.375, 4.5, 4.5, 5.375], "texture": "#0"},
				"south": {"uv": [4.375, 4.5, 4.5, 5.375], "texture": "#0"},
				"west": {"uv": [4.375, 4.5, 4.5, 5.375], "texture": "#0"},
				"up": {"uv": [4.375, 4.5, 4.5, 4.625], "texture": "#0"},
				"down": {"uv": [4.375, 5.25, 4.5, 5.375], "texture": "#0"}
			}
		},
		{
			"name": "bladeofanubis_27",
			"from": [7.3, 11.25, 7.9],
			"to": [7.425, 11.5, 8.025],
			"faces": {
				"north": {"uv": [5.125, 4.5, 5, 4.75], "texture": "#0"},
				"east": {"uv": [5, 4.5, 5.125, 4.75], "texture": "#0"},
				"south": {"uv": [5, 4.5, 5.125, 4.75], "texture": "#0"},
				"west": {"uv": [5, 4.5, 5.125, 4.75], "texture": "#0"},
				"up": {"uv": [5, 4.5, 5.125, 4.625], "texture": "#0"},
				"down": {"uv": [5, 4.625, 5.125, 4.75], "texture": "#0"}
			}
		},
		{
			"name": "bladeofanubis_28",
			"from": [7.05, 11.375, 7.85],
			"to": [7.3, 11.5, 8.075],
			"faces": {
				"north": {"uv": [6.5, 4.5, 6.25, 4.625], "texture": "#0"},
				"east": {"uv": [6.375, 4.5, 6.5, 4.625], "texture": "#0"},
				"south": {"uv": [6.25, 4.5, 6.5, 4.625], "texture": "#0"},
				"west": {"uv": [6.25, 4.5, 6.375, 4.625], "texture": "#0"},
				"up": {"uv": [6.25, 4.5, 6.5, 4.625], "texture": "#0"},
				"down": {"uv": [6.25, 4.5, 6.5, 4.625], "texture": "#0"}
			}
		},
		{
			"name": "bladeofanubis_29",
			"from": [7.175, 10.875, 7.9],
			"to": [7.3, 11.375, 8.025],
			"faces": {
				"north": {"uv": [5, 4.625, 4.875, 5.125], "texture": "#0"},
				"east": {"uv": [4.875, 4.625, 5, 5.125], "texture": "#0"},
				"south": {"uv": [4.875, 4.625, 5, 5.125], "texture": "#0"},
				"west": {"uv": [4.875, 4.625, 5, 5.125], "texture": "#0"},
				"up": {"uv": [4.875, 4.625, 5, 4.75], "texture": "#0"},
				"down": {"uv": [4.875, 5, 5, 5.125], "texture": "#0"}
			}
		},
		{
			"name": "bladeofanubis_30",
			"from": [6.925, 10.875, 7.85],
			"to": [7.175, 11.375, 8.075],
			"faces": {
				"north": {"uv": [6.375, 4.625, 6.125, 5.125], "texture": "#0"},
				"east": {"uv": [6.25, 4.625, 6.375, 5.125], "texture": "#0"},
				"south": {"uv": [6.125, 4.625, 6.375, 5.125], "texture": "#0"},
				"west": {"uv": [6.125, 4.625, 6.25, 5.125], "texture": "#0"},
				"up": {"uv": [6.125, 4.625, 6.375, 4.75], "texture": "#0"},
				"down": {"uv": [6.125, 5, 6.375, 5.125], "texture": "#0"}
			}
		},
		{
			"name": "bladeofanubis_31",
			"from": [6.55, 10, 7.9],
			"to": [6.675, 11.25, 8.025],
			"faces": {
				"north": {"uv": [4.375, 4.75, 4.25, 6], "texture": "#0"},
				"east": {"uv": [4.25, 4.75, 4.375, 6], "texture": "#0"},
				"south": {"uv": [4.25, 4.75, 4.375, 6], "texture": "#0"},
				"west": {"uv": [4.25, 4.75, 4.375, 6], "texture": "#0"},
				"up": {"uv": [4.25, 4.75, 4.375, 4.875], "texture": "#0"},
				"down": {"uv": [4.25, 5.875, 4.375, 6], "texture": "#0"}
			}
		},
		{
			"name": "bladeofanubis_32",
			"from": [6.8, 8.125, 7.85],
			"to": [6.925, 11.125, 8.075],
			"faces": {
				"north": {"uv": [6.125, 4.875, 6, 7.875], "texture": "#0"},
				"east": {"uv": [6, 4.875, 6.125, 7.875], "texture": "#0"},
				"south": {"uv": [6, 4.875, 6.125, 7.875], "texture": "#0"},
				"west": {"uv": [6, 4.875, 6.125, 7.875], "texture": "#0"},
				"up": {"uv": [6, 4.875, 6.125, 5], "texture": "#0"},
				"down": {"uv": [6, 7.75, 6.125, 7.875], "texture": "#0"}
			}
		},
		{
			"name": "bladeofanubis_33",
			"from": [7.05, 10.5, 7.9],
			"to": [7.175, 10.875, 8.025],
			"faces": {
				"north": {"uv": [4.875, 5.125, 4.75, 5.5], "texture": "#0"},
				"east": {"uv": [4.75, 5.125, 4.875, 5.5], "texture": "#0"},
				"south": {"uv": [4.75, 5.125, 4.875, 5.5], "texture": "#0"},
				"west": {"uv": [4.75, 5.125, 4.875, 5.5], "texture": "#0"},
				"up": {"uv": [4.75, 5.125, 4.875, 5.25], "texture": "#0"},
				"down": {"uv": [4.75, 5.375, 4.875, 5.5], "texture": "#0"}
			}
		},
		{
			"name": "bladeofanubis_34",
			"from": [6.925, 10.625, 7.85],
			"to": [7.05, 10.875, 8.075],
			"faces": {
				"north": {"uv": [6.25, 5.125, 6.125, 5.375], "texture": "#0"},
				"east": {"uv": [6.125, 5.125, 6.25, 5.375], "texture": "#0"},
				"south": {"uv": [6.125, 5.125, 6.25, 5.375], "texture": "#0"},
				"west": {"uv": [6.125, 5.125, 6.25, 5.375], "texture": "#0"},
				"up": {"uv": [6.125, 5.125, 6.25, 5.25], "texture": "#0"},
				"down": {"uv": [6.125, 5.25, 6.25, 5.375], "texture": "#0"}
			}
		},
		{
			"name": "bladeofanubis_35",
			"from": [6.425, 8.25, 7.9],
			"to": [6.55, 10.75, 8.025],
			"faces": {
				"north": {"uv": [4.25, 5.25, 4.125, 7.75], "texture": "#0"},
				"east": {"uv": [4.125, 5.25, 4.25, 7.75], "texture": "#0"},
				"south": {"uv": [4.125, 5.25, 4.25, 7.75], "texture": "#0"},
				"west": {"uv": [4.125, 5.25, 4.25, 7.75], "texture": "#0"},
				"up": {"uv": [4.125, 5.25, 4.25, 5.375], "texture": "#0"},
				"down": {"uv": [4.125, 7.625, 4.25, 7.75], "texture": "#0"}
			}
		},
		{
			"name": "bladeofanubis_36",
			"from": [6.925, 8.5, 7.9],
			"to": [7.05, 10.625, 8.025],
			"faces": {
				"north": {"uv": [4.75, 5.375, 4.625, 7.5], "texture": "#0"},
				"east": {"uv": [4.625, 5.375, 4.75, 7.5], "texture": "#0"},
				"south": {"uv": [4.625, 5.375, 4.75, 7.5], "texture": "#0"},
				"west": {"uv": [4.625, 5.375, 4.75, 7.5], "texture": "#0"},
				"up": {"uv": [4.625, 5.375, 4.75, 5.5], "texture": "#0"},
				"down": {"uv": [4.625, 7.375, 4.75, 7.5], "texture": "#0"}
			}
		},
		{
			"name": "bladeofanubis_37",
			"from": [6.675, 8.5, 7.85],
			"to": [6.8, 10.625, 8.075],
			"faces": {
				"north": {"uv": [6, 5.375, 5.875, 7.5], "texture": "#0"},
				"east": {"uv": [5.875, 5.375, 6, 7.5], "texture": "#0"},
				"south": {"uv": [5.875, 5.375, 6, 7.5], "texture": "#0"},
				"west": {"uv": [5.875, 5.375, 6, 7.5], "texture": "#0"},
				"up": {"uv": [5.875, 5.375, 6, 5.5], "texture": "#0"},
				"down": {"uv": [5.875, 7.375, 6, 7.5], "texture": "#0"}
			}
		},
		{
			"name": "bladeofanubis_38",
			"from": [6.3, 8.625, 7.9],
			"to": [6.425, 10.125, 8.025],
			"faces": {
				"north": {"uv": [4.125, 5.875, 4, 7.375], "texture": "#0"},
				"east": {"uv": [4, 5.875, 4.125, 7.375], "texture": "#0"},
				"south": {"uv": [4, 5.875, 4.125, 7.375], "texture": "#0"},
				"west": {"uv": [4, 5.875, 4.125, 7.375], "texture": "#0"},
				"up": {"uv": [4, 5.875, 4.125, 6], "texture": "#0"},
				"down": {"uv": [4, 7.25, 4.125, 7.375], "texture": "#0"}
			}
		},
		{
			"name": "bladeofanubis_39",
			"from": [6.55, 8.75, 7.85],
			"to": [6.675, 10, 8.075],
			"faces": {
				"north": {"uv": [5.875, 6, 5.75, 7.25], "texture": "#0"},
				"east": {"uv": [5.75, 6, 5.875, 7.25], "texture": "#0"},
				"south": {"uv": [5.75, 6, 5.875, 7.25], "texture": "#0"},
				"west": {"uv": [5.75, 6, 5.875, 7.25], "texture": "#0"},
				"up": {"uv": [5.75, 6, 5.875, 6.125], "texture": "#0"},
				"down": {"uv": [5.75, 7.125, 5.875, 7.25], "texture": "#0"}
			}
		},
		{
			"name": "bladeofanubis_40",
			"from": [6.55, 8, 7.9],
			"to": [6.675, 8.75, 8.025],
			"faces": {
				"north": {"uv": [4.375, 7.25, 4.25, 8], "texture": "#0"},
				"east": {"uv": [4.25, 7.25, 4.375, 8], "texture": "#0"},
				"south": {"uv": [4.25, 7.25, 4.375, 8], "texture": "#0"},
				"west": {"uv": [4.25, 7.25, 4.375, 8], "texture": "#0"},
				"up": {"uv": [4.25, 7.25, 4.375, 7.375], "texture": "#0"},
				"down": {"uv": [4.25, 7.875, 4.375, 8], "texture": "#0"}
			}
		},
		{
			"name": "bladeofanubis_41",
			"from": [6.675, 7.625, 7.9],
			"to": [6.8, 8.5, 8.025],
			"faces": {
				"north": {"uv": [4.5, 7.5, 4.375, 8.375], "texture": "#0"},
				"east": {"uv": [4.375, 7.5, 4.5, 8.375], "texture": "#0"},
				"south": {"uv": [4.375, 7.5, 4.5, 8.375], "texture": "#0"},
				"west": {"uv": [4.375, 7.5, 4.5, 8.375], "texture": "#0"},
				"up": {"uv": [4.375, 7.5, 4.5, 7.625], "texture": "#0"},
				"down": {"uv": [4.375, 8.25, 4.5, 8.375], "texture": "#0"}
			}
		},
		{
			"name": "bladeofanubis_42",
			"from": [7.05, 8.25, 7.9],
			"to": [7.175, 8.5, 8.025],
			"faces": {
				"north": {"uv": [4.875, 7.5, 4.75, 7.75], "texture": "#0"},
				"east": {"uv": [4.75, 7.5, 4.875, 7.75], "texture": "#0"},
				"south": {"uv": [4.75, 7.5, 4.875, 7.75], "texture": "#0"},
				"west": {"uv": [4.75, 7.5, 4.875, 7.75], "texture": "#0"},
				"up": {"uv": [4.75, 7.5, 4.875, 7.625], "texture": "#0"},
				"down": {"uv": [4.75, 7.625, 4.875, 7.75], "texture": "#0"}
			}
		},
		{
			"name": "bladeofanubis_43",
			"from": [6.925, 7.75, 7.85],
			"to": [7.05, 8.5, 8.075],
			"faces": {
				"north": {"uv": [6.25, 7.5, 6.125, 8.25], "texture": "#0"},
				"east": {"uv": [6.125, 7.5, 6.25, 8.25], "texture": "#0"},
				"south": {"uv": [6.125, 7.5, 6.25, 8.25], "texture": "#0"},
				"west": {"uv": [6.125, 7.5, 6.25, 8.25], "texture": "#0"},
				"up": {"uv": [6.125, 7.5, 6.25, 7.625], "texture": "#0"},
				"down": {"uv": [6.125, 8.125, 6.25, 8.25], "texture": "#0"}
			}
		},
		{
			"name": "bladeofanubis_44",
			"from": [7.175, 7.875, 7.9],
			"to": [7.3, 8.25, 8.025],
			"faces": {
				"north": {"uv": [5, 7.75, 4.875, 8.125], "texture": "#0"},
				"east": {"uv": [4.875, 7.75, 5, 8.125], "texture": "#0"},
				"south": {"uv": [4.875, 7.75, 5, 8.125], "texture": "#0"},
				"west": {"uv": [4.875, 7.75, 5, 8.125], "texture": "#0"},
				"up": {"uv": [4.875, 7.75, 5, 7.875], "texture": "#0"},
				"down": {"uv": [4.875, 8, 5, 8.125], "texture": "#0"}
			}
		},
		{
			"name": "bladeofanubis_45",
			"from": [7.05, 7.75, 7.85],
			"to": [7.175, 8.25, 8.075],
			"faces": {
				"north": {"uv": [6.375, 7.75, 6.25, 8.25], "texture": "#0"},
				"east": {"uv": [6.25, 7.75, 6.375, 8.25], "texture": "#0"},
				"south": {"uv": [6.25, 7.75, 6.375, 8.25], "texture": "#0"},
				"west": {"uv": [6.25, 7.75, 6.375, 8.25], "texture": "#0"},
				"up": {"uv": [6.25, 7.75, 6.375, 7.875], "texture": "#0"},
				"down": {"uv": [6.25, 8.125, 6.375, 8.25], "texture": "#0"}
			}
		},
		{
			"name": "bladeofanubis_46",
			"from": [6.8, 7.375, 7.9],
			"to": [6.925, 8.125, 8.025],
			"faces": {
				"north": {"uv": [4.625, 7.875, 4.5, 8.625], "texture": "#0"},
				"east": {"uv": [4.5, 7.875, 4.625, 8.625], "texture": "#0"},
				"south": {"uv": [4.5, 7.875, 4.625, 8.625], "texture": "#0"},
				"west": {"uv": [4.5, 7.875, 4.625, 8.625], "texture": "#0"},
				"up": {"uv": [4.5, 7.875, 4.625, 8], "texture": "#0"},
				"down": {"uv": [4.5, 8.5, 4.625, 8.625], "texture": "#0"}
			}
		},
		{
			"name": "bladeofanubis_47",
			"from": [7.3, 7.75, 7.9],
			"to": [7.425, 8, 8.025],
			"faces": {
				"north": {"uv": [5.125, 8, 5, 8.25], "texture": "#0"},
				"east": {"uv": [5, 8, 5.125, 8.25], "texture": "#0"},
				"south": {"uv": [5, 8, 5.125, 8.25], "texture": "#0"},
				"west": {"uv": [5, 8, 5.125, 8.25], "texture": "#0"},
				"up": {"uv": [5, 8, 5.125, 8.125], "texture": "#0"},
				"down": {"uv": [5, 8.125, 5.125, 8.25], "texture": "#0"}
			}
		},
		{
			"name": "bladeofanubis_48",
			"from": [7.425, 7.625, 7.9],
			"to": [7.675, 7.875, 8.025],
			"faces": {
				"north": {"uv": [5.375, 8.125, 5.125, 8.375], "texture": "#0"},
				"east": {"uv": [5.25, 8.125, 5.375, 8.375], "texture": "#0"},
				"south": {"uv": [5.125, 8.125, 5.375, 8.375], "texture": "#0"},
				"west": {"uv": [5.125, 8.125, 5.25, 8.375], "texture": "#0"},
				"up": {"uv": [5.125, 8.125, 5.375, 8.25], "texture": "#0"},
				"down": {"uv": [5.125, 8.25, 5.375, 8.375], "texture": "#0"}
			}
		},
		{
			"name": "bladeofanubis_49",
			"from": [8.05, 5.875, 7.9],
			"to": [8.175, 7.875, 8.025],
			"faces": {
				"north": {"uv": [5.875, 8.125, 5.75, 10.125], "texture": "#0"},
				"east": {"uv": [5.75, 8.125, 5.875, 10.125], "texture": "#0"},
				"south": {"uv": [5.75, 8.125, 5.875, 10.125], "texture": "#0"},
				"west": {"uv": [5.75, 8.125, 5.875, 10.125], "texture": "#0"},
				"up": {"uv": [5.75, 8.125, 5.875, 8.25], "texture": "#0"},
				"down": {"uv": [5.75, 10, 5.875, 10.125], "texture": "#0"}
			}
		},
		{
			"name": "bladeofanubis_50",
			"from": [7.175, 7.625, 7.85],
			"to": [7.3, 7.875, 8.075],
			"faces": {
				"north": {"uv": [6.5, 8.125, 6.375, 8.375], "texture": "#0"},
				"east": {"uv": [6.375, 8.125, 6.5, 8.375], "texture": "#0"},
				"south": {"uv": [6.375, 8.125, 6.5, 8.375], "texture": "#0"},
				"west": {"uv": [6.375, 8.125, 6.5, 8.375], "texture": "#0"},
				"up": {"uv": [6.375, 8.125, 6.5, 8.25], "texture": "#0"},
				"down": {"uv": [6.375, 8.25, 6.5, 8.375], "texture": "#0"}
			}
		},
		{
			"name": "bladeofanubis_51",
			"from": [6.925, 7.25, 7.9],
			"to": [7.175, 7.75, 8.025],
			"faces": {
				"north": {"uv": [4.875, 8.25, 4.625, 8.75], "texture": "#0"},
				"east": {"uv": [4.75, 8.25, 4.875, 8.75], "texture": "#0"},
				"south": {"uv": [4.625, 8.25, 4.875, 8.75], "texture": "#0"},
				"west": {"uv": [4.625, 8.25, 4.75, 8.75], "texture": "#0"},
				"up": {"uv": [4.625, 8.25, 4.875, 8.375], "texture": "#0"},
				"down": {"uv": [4.625, 8.625, 4.875, 8.75], "texture": "#0"}
			}
		},
		{
			"name": "bladeofanubis_52",
			"from": [7.675, 7.5, 7.9],
			"to": [7.8, 7.75, 8.025],
			"faces": {
				"north": {"uv": [5.5, 8.25, 5.375, 8.5], "texture": "#0"},
				"east": {"uv": [5.375, 8.25, 5.5, 8.5], "texture": "#0"},
				"south": {"uv": [5.375, 8.25, 5.5, 8.5], "texture": "#0"},
				"west": {"uv": [5.375, 8.25, 5.5, 8.5], "texture": "#0"},
				"up": {"uv": [5.375, 8.25, 5.5, 8.375], "texture": "#0"},
				"down": {"uv": [5.375, 8.375, 5.5, 8.5], "texture": "#0"}
			}
		},
		{
			"name": "bladeofanubis_53",
			"from": [7.925, 7.5, 7.9],
			"to": [8.05, 7.75, 8.025],
			"faces": {
				"north": {"uv": [5.75, 8.25, 5.625, 8.5], "texture": "#0"},
				"east": {"uv": [5.625, 8.25, 5.75, 8.5], "texture": "#0"},
				"south": {"uv": [5.625, 8.25, 5.75, 8.5], "texture": "#0"},
				"west": {"uv": [5.625, 8.25, 5.75, 8.5], "texture": "#0"},
				"up": {"uv": [5.625, 8.25, 5.75, 8.375], "texture": "#0"},
				"down": {"uv": [5.625, 8.375, 5.75, 8.5], "texture": "#0"}
			}
		},
		{
			"name": "bladeofanubis_54",
			"from": [7.3, 7.5, 7.85],
			"to": [7.425, 7.75, 8.075],
			"faces": {
				"north": {"uv": [6.625, 8.25, 6.5, 8.5], "texture": "#0"},
				"east": {"uv": [6.5, 8.25, 6.625, 8.5], "texture": "#0"},
				"south": {"uv": [6.5, 8.25, 6.625, 8.5], "texture": "#0"},
				"west": {"uv": [6.5, 8.25, 6.625, 8.5], "texture": "#0"},
				"up": {"uv": [6.5, 8.25, 6.625, 8.375], "texture": "#0"},
				"down": {"uv": [6.5, 8.375, 6.625, 8.5], "texture": "#0"}
			}
		},
		{
			"name": "bladeofanubis_55",
			"from": [7.175, 6.75, 7.9],
			"to": [7.3, 7.625, 8.025],
			"faces": {
				"north": {"uv": [5, 8.375, 4.875, 9.25], "texture": "#0"},
				"east": {"uv": [4.875, 8.375, 5, 9.25], "texture": "#0"},
				"south": {"uv": [4.875, 8.375, 5, 9.25], "texture": "#0"},
				"west": {"uv": [4.875, 8.375, 5, 9.25], "texture": "#0"},
				"up": {"uv": [4.875, 8.375, 5, 8.5], "texture": "#0"},
				"down": {"uv": [4.875, 9.125, 5, 9.25], "texture": "#0"}
			}
		},
		{
			"name": "bladeofanubis_56",
			"from": [7.55, 7.5, 7.9],
			"to": [7.675, 7.625, 8.025],
			"faces": {
				"north": {"uv": [5.375, 8.375, 5.25, 8.5], "texture": "#0"},
				"east": {"uv": [5.25, 8.375, 5.375, 8.5], "texture": "#0"},
				"south": {"uv": [5.25, 8.375, 5.375, 8.5], "texture": "#0"},
				"west": {"uv": [5.25, 8.375, 5.375, 8.5], "texture": "#0"},
				"up": {"uv": [5.25, 8.375, 5.375, 8.5], "texture": "#0"},
				"down": {"uv": [5.25, 8.375, 5.375, 8.5], "texture": "#0"}
			}
		},
		{
			"name": "bladeofanubis_57",
			"from": [7.8, 7.375, 7.9],
			"to": [7.925, 7.625, 8.025],
			"faces": {
				"north": {"uv": [5.625, 8.375, 5.5, 8.625], "texture": "#0"},
				"east": {"uv": [5.5, 8.375, 5.625, 8.625], "texture": "#0"},
				"south": {"uv": [5.5, 8.375, 5.625, 8.625], "texture": "#0"},
				"west": {"uv": [5.5, 8.375, 5.625, 8.625], "texture": "#0"},
				"up": {"uv": [5.5, 8.375, 5.625, 8.5], "texture": "#0"},
				"down": {"uv": [5.5, 8.5, 5.625, 8.625], "texture": "#0"}
			}
		},
		{
			"name": "bladeofanubis_58",
			"from": [7.425, 7.375, 7.85],
			"to": [7.55, 7.625, 8.075],
			"faces": {
				"north": {"uv": [6.75, 8.375, 6.625, 8.625], "texture": "#0"},
				"east": {"uv": [6.625, 8.375, 6.75, 8.625], "texture": "#0"},
				"south": {"uv": [6.625, 8.375, 6.75, 8.625], "texture": "#0"},
				"west": {"uv": [6.625, 8.375, 6.75, 8.625], "texture": "#0"},
				"up": {"uv": [6.625, 8.375, 6.75, 8.5], "texture": "#0"},
				"down": {"uv": [6.625, 8.5, 6.75, 8.625], "texture": "#0"}
			}
		},
		{
			"name": "bladeofanubis_59",
			"from": [7.3, 6.875, 7.9],
			"to": [7.425, 7.5, 8.025],
			"faces": {
				"north": {"uv": [5.125, 8.5, 5, 9.125], "texture": "#0"},
				"east": {"uv": [5, 8.5, 5.125, 9.125], "texture": "#0"},
				"south": {"uv": [5, 8.5, 5.125, 9.125], "texture": "#0"},
				"west": {"uv": [5, 8.5, 5.125, 9.125], "texture": "#0"},
				"up": {"uv": [5, 8.5, 5.125, 8.625], "texture": "#0"},
				"down": {"uv": [5, 9, 5.125, 9.125], "texture": "#0"}
			}
		},
		{
			"name": "bladeofanubis_60",
			"from": [7.55, 7.25, 7.85],
			"to": [7.8, 7.5, 8.075],
			"faces": {
				"north": {"uv": [7, 8.5, 6.75, 8.75], "texture": "#0"},
				"east": {"uv": [6.875, 8.5, 7, 8.75], "texture": "#0"},
				"south": {"uv": [6.75, 8.5, 7, 8.75], "texture": "#0"},
				"west": {"uv": [6.75, 8.5, 6.875, 8.75], "texture": "#0"},
				"up": {"uv": [6.75, 8.5, 7, 8.625], "texture": "#0"},
				"down": {"uv": [6.75, 8.625, 7, 8.75], "texture": "#0"}
			}
		},
		{
			"name": "bladeofanubis_61",
			"from": [7.925, 5.5, 7.85],
			"to": [8.05, 7.5, 8.075],
			"faces": {
				"north": {"uv": [7.25, 8.5, 7.125, 10.5], "texture": "#0"},
				"east": {"uv": [7.125, 8.5, 7.25, 10.5], "texture": "#0"},
				"south": {"uv": [7.125, 8.5, 7.25, 10.5], "texture": "#0"},
				"west": {"uv": [7.125, 8.5, 7.25, 10.5], "texture": "#0"},
				"up": {"uv": [7.125, 8.5, 7.25, 8.625], "texture": "#0"},
				"down": {"uv": [7.125, 10.375, 7.25, 10.5], "texture": "#0"}
			}
		},
		{
			"name": "bladeofanubis_62",
			"from": [7.425, 7, 7.9],
			"to": [7.55, 7.375, 8.025],
			"faces": {
				"north": {"uv": [5.25, 8.625, 5.125, 9], "texture": "#0"},
				"east": {"uv": [5.125, 8.625, 5.25, 9], "texture": "#0"},
				"south": {"uv": [5.125, 8.625, 5.25, 9], "texture": "#0"},
				"west": {"uv": [5.125, 8.625, 5.25, 9], "texture": "#0"},
				"up": {"uv": [5.125, 8.625, 5.25, 8.75], "texture": "#0"},
				"down": {"uv": [5.125, 8.875, 5.25, 9], "texture": "#0"}
			}
		},
		{
			"name": "bladeofanubis_63",
			"from": [7.8, 5.875, 7.85],
			"to": [7.925, 7.375, 8.075],
			"faces": {
				"north": {"uv": [7.125, 8.625, 7, 10.125], "texture": "#0"},
				"east": {"uv": [7, 8.625, 7.125, 10.125], "texture": "#0"},
				"south": {"uv": [7, 8.625, 7.125, 10.125], "texture": "#0"},
				"west": {"uv": [7, 8.625, 7.125, 10.125], "texture": "#0"},
				"up": {"uv": [7, 8.625, 7.125, 8.75], "texture": "#0"},
				"down": {"uv": [7, 10, 7.125, 10.125], "texture": "#0"}
			}
		},
		{
			"name": "bladeofanubis_64",
			"from": [7.05, 7, 7.9],
			"to": [7.175, 7.25, 8.025],
			"faces": {
				"north": {"uv": [4.875, 8.75, 4.75, 9], "texture": "#0"},
				"east": {"uv": [4.75, 8.75, 4.875, 9], "texture": "#0"},
				"south": {"uv": [4.75, 8.75, 4.875, 9], "texture": "#0"},
				"west": {"uv": [4.75, 8.75, 4.875, 9], "texture": "#0"},
				"up": {"uv": [4.75, 8.75, 4.875, 8.875], "texture": "#0"},
				"down": {"uv": [4.75, 8.875, 4.875, 9], "texture": "#0"}
			}
		},
		{
			"name": "bladeofanubis_65",
			"from": [7.55, 6.125, 7.9],
			"to": [7.675, 7.25, 8.025],
			"faces": {
				"north": {"uv": [5.375, 8.75, 5.25, 9.875], "texture": "#0"},
				"east": {"uv": [5.25, 8.75, 5.375, 9.875], "texture": "#0"},
				"south": {"uv": [5.25, 8.75, 5.375, 9.875], "texture": "#0"},
				"west": {"uv": [5.25, 8.75, 5.375, 9.875], "texture": "#0"},
				"up": {"uv": [5.25, 8.75, 5.375, 8.875], "texture": "#0"},
				"down": {"uv": [5.25, 9.75, 5.375, 9.875], "texture": "#0"}
			}
		},
		{
			"name": "bladeofanubis_66",
			"from": [7.675, 7, 7.85],
			"to": [7.8, 7.25, 8.075],
			"faces": {
				"north": {"uv": [7, 8.75, 6.875, 9], "texture": "#0"},
				"east": {"uv": [6.875, 8.75, 7, 9], "texture": "#0"},
				"south": {"uv": [6.875, 8.75, 7, 9], "texture": "#0"},
				"west": {"uv": [6.875, 8.75, 7, 9], "texture": "#0"},
				"up": {"uv": [6.875, 8.75, 7, 8.875], "texture": "#0"},
				"down": {"uv": [6.875, 8.875, 7, 9], "texture": "#0"}
			}
		},
		{
			"name": "bladeofanubis_67",
			"from": [7.675, 4.875, 7.9],
			"to": [7.8, 7, 8.025],
			"faces": {
				"north": {"uv": [5.5, 9, 5.375, 11.125], "texture": "#0"},
				"east": {"uv": [5.375, 9, 5.5, 11.125], "texture": "#0"},
				"south": {"uv": [5.375, 9, 5.5, 11.125], "texture": "#0"},
				"west": {"uv": [5.375, 9, 5.5, 11.125], "texture": "#0"},
				"up": {"uv": [5.375, 9, 5.5, 9.125], "texture": "#0"},
				"down": {"uv": [5.375, 11, 5.5, 11.125], "texture": "#0"}
			}
		},
		{
			"name": "bladeofanubis_68",
			"from": [8.175, 4.875, 7.9],
			"to": [8.3, 6, 8.025],
			"faces": {
				"north": {"uv": [6, 10, 5.875, 11.125], "texture": "#0"},
				"east": {"uv": [5.875, 10, 6, 11.125], "texture": "#0"},
				"south": {"uv": [5.875, 10, 6, 11.125], "texture": "#0"},
				"west": {"uv": [5.875, 10, 6, 11.125], "texture": "#0"},
				"up": {"uv": [5.875, 10, 6, 10.125], "texture": "#0"},
				"down": {"uv": [5.875, 11, 6, 11.125], "texture": "#0"}
			}
		},
		{
			"name": "bladeofanubis_69",
			"from": [7.8, 5.125, 7.9],
			"to": [7.925, 5.875, 8.025],
			"faces": {
				"north": {"uv": [5.625, 10.125, 5.5, 10.875], "texture": "#0"},
				"east": {"uv": [5.5, 10.125, 5.625, 10.875], "texture": "#0"},
				"south": {"uv": [5.5, 10.125, 5.625, 10.875], "texture": "#0"},
				"west": {"uv": [5.5, 10.125, 5.625, 10.875], "texture": "#0"},
				"up": {"uv": [5.5, 10.125, 5.625, 10.25], "texture": "#0"},
				"down": {"uv": [5.5, 10.75, 5.625, 10.875], "texture": "#0"}
			}
		},
		{
			"name": "bladeofanubis_70",
			"from": [8.05, 5.125, 7.85],
			"to": [8.175, 5.875, 8.075],
			"faces": {
				"north": {"uv": [7.375, 10.125, 7.25, 10.875], "texture": "#0"},
				"east": {"uv": [7.25, 10.125, 7.375, 10.875], "texture": "#0"},
				"south": {"uv": [7.25, 10.125, 7.375, 10.875], "texture": "#0"},
				"west": {"uv": [7.25, 10.125, 7.375, 10.875], "texture": "#0"},
				"up": {"uv": [7.25, 10.125, 7.375, 10.25], "texture": "#0"},
				"down": {"uv": [7.25, 10.75, 7.375, 10.875], "texture": "#0"}
			}
		},
		{
			"name": "bladeofanubis_71",
			"from": [7.925, 4.5, 7.75],
			"to": [8.05, 5.5, 8.175],
			"faces": {
				"north": {"uv": [5.75, 11, 5.625, 12], "texture": "#0"},
				"east": {"uv": [5.625, 11, 5.75, 12], "texture": "#0"},
				"south": {"uv": [5.625, 11, 5.75, 12], "texture": "#0"},
				"west": {"uv": [5.625, 11, 5.75, 12], "texture": "#0"},
				"up": {"uv": [5.625, 11, 5.75, 11.125], "texture": "#0"},
				"down": {"uv": [5.625, 11.875, 5.75, 12], "texture": "#0"}
			}
		},
		{
			"name": "bladeofanubis_72",
			"from": [7.8, 4.5, 7.75],
			"to": [7.925, 5.125, 8.175],
			"faces": {
				"north": {"uv": [5.625, 11.375, 5.5, 12], "texture": "#0"},
				"east": {"uv": [5.5, 11.375, 5.625, 12], "texture": "#0"},
				"south": {"uv": [5.5, 11.375, 5.625, 12], "texture": "#0"},
				"west": {"uv": [5.5, 11.375, 5.625, 12], "texture": "#0"},
				"up": {"uv": [5.5, 11.375, 5.625, 11.5], "texture": "#0"},
				"down": {"uv": [5.5, 11.875, 5.625, 12], "texture": "#0"}
			}
		},
		{
			"name": "bladeofanubis_73",
			"from": [8.05, 4.5, 7.75],
			"to": [8.175, 5.125, 8.175],
			"faces": {
				"north": {"uv": [5.875, 11.375, 5.75, 12], "texture": "#0"},
				"east": {"uv": [5.75, 11.375, 5.875, 12], "texture": "#0"},
				"south": {"uv": [5.75, 11.375, 5.875, 12], "texture": "#0"},
				"west": {"uv": [5.75, 11.375, 5.875, 12], "texture": "#0"},
				"up": {"uv": [5.75, 11.375, 5.875, 11.5], "texture": "#0"},
				"down": {"uv": [5.75, 11.875, 5.875, 12], "texture": "#0"}
			}
		},
		{
			"name": "bladeofanubis_74",
			"from": [7.675, 4.375, 7.75],
			"to": [7.8, 4.875, 8.175],
			"faces": {
				"north": {"uv": [5.5, 11.625, 5.375, 12.125], "texture": "#0"},
				"east": {"uv": [5.375, 11.625, 5.5, 12.125], "texture": "#0"},
				"south": {"uv": [5.375, 11.625, 5.5, 12.125], "texture": "#0"},
				"west": {"uv": [5.375, 11.625, 5.5, 12.125], "texture": "#0"},
				"up": {"uv": [5.375, 11.625, 5.5, 11.75], "texture": "#0"},
				"down": {"uv": [5.375, 12, 5.5, 12.125], "texture": "#0"}
			}
		},
		{
			"name": "bladeofanubis_75",
			"from": [8.175, 4.5, 7.75],
			"to": [8.55, 4.875, 8.175],
			"faces": {
				"north": {"uv": [6.25, 11.625, 5.875, 12], "texture": "#0"},
				"east": {"uv": [6.125, 11.625, 6.25, 12], "texture": "#0"},
				"south": {"uv": [5.875, 11.625, 6.25, 12], "texture": "#0"},
				"west": {"uv": [5.875, 11.625, 6, 12], "texture": "#0"},
				"up": {"uv": [5.875, 11.625, 6.25, 11.75], "texture": "#0"},
				"down": {"uv": [5.875, 11.875, 6.25, 12], "texture": "#0"}
			}
		},
		{
			"name": "bladeofanubis_76",
			"from": [7.425, 4.375, 7.75],
			"to": [7.675, 4.75, 8.175],
			"faces": {
				"north": {"uv": [5.375, 11.75, 5.125, 12.125], "texture": "#0"},
				"east": {"uv": [5.25, 11.75, 5.375, 12.125], "texture": "#0"},
				"south": {"uv": [5.125, 11.75, 5.375, 12.125], "texture": "#0"},
				"west": {"uv": [5.125, 11.75, 5.25, 12.125], "texture": "#0"},
				"up": {"uv": [5.125, 11.75, 5.375, 11.875], "texture": "#0"},
				"down": {"uv": [5.125, 12, 5.375, 12.125], "texture": "#0"}
			}
		},
		{
			"name": "bladeofanubis_77",
			"from": [8.55, 4.625, 7.75],
			"to": [8.8, 4.75, 8.175],
			"faces": {
				"north": {"uv": [6.5, 11.75, 6.25, 11.875], "texture": "#0"},
				"east": {"uv": [6.375, 11.75, 6.5, 11.875], "texture": "#0"},
				"south": {"uv": [6.25, 11.75, 6.5, 11.875], "texture": "#0"},
				"west": {"uv": [6.25, 11.75, 6.375, 11.875], "texture": "#0"},
				"up": {"uv": [6.25, 11.75, 6.5, 11.875], "texture": "#0"},
				"down": {"uv": [6.25, 11.75, 6.5, 11.875], "texture": "#0"}
			}
		},
		{
			"name": "bladeofanubis_78",
			"from": [7.175, 4.25, 7.75],
			"to": [7.425, 4.625, 8.175],
			"faces": {
				"north": {"uv": [5.125, 11.875, 4.875, 12.25], "texture": "#0"},
				"east": {"uv": [5, 11.875, 5.125, 12.25], "texture": "#0"},
				"south": {"uv": [4.875, 11.875, 5.125, 12.25], "texture": "#0"},
				"west": {"uv": [4.875, 11.875, 5, 12.25], "texture": "#0"},
				"up": {"uv": [4.875, 11.875, 5.125, 12], "texture": "#0"},
				"down": {"uv": [4.875, 12.125, 5.125, 12.25], "texture": "#0"}
			}
		},
		{
			"name": "bladeofanubis_79",
			"from": [7.425, 4.25, 7.75],
			"to": [7.55, 4.375, 8.175],
			"faces": {
				"north": {"uv": [5.25, 12.125, 5.125, 12.25], "texture": "#0"},
				"east": {"uv": [5.125, 12.125, 5.25, 12.25], "texture": "#0"},
				"south": {"uv": [5.125, 12.125, 5.25, 12.25], "texture": "#0"},
				"west": {"uv": [5.125, 12.125, 5.25, 12.25], "texture": "#0"},
				"up": {"uv": [5.125, 12.125, 5.25, 12.25], "texture": "#0"},
				"down": {"uv": [5.125, 12.125, 5.25, 12.25], "texture": "#0"}
			}
		},
		{
			"name": "bladeofanubis_80",
			"from": [7.8, 2.25, 7.8],
			"to": [8.3, 4.5, 8.125],
			"faces": {
				"north": {"uv": [6, 12.25, 5.5, 14.5], "texture": "#0"},
				"east": {"uv": [5.875, 12.25, 6, 14.5], "texture": "#0"},
				"south": {"uv": [5.5, 12.25, 6, 14.5], "texture": "#0"},
				"west": {"uv": [5.5, 12.25, 5.625, 14.5], "texture": "#0"},
				"up": {"uv": [5.5, 12.25, 6, 12.375], "texture": "#0"},
				"down": {"uv": [5.5, 14.375, 6, 14.5], "texture": "#0"}
			}
		},
		{
			"name": "bladeofanubis_81",
			"from": [7.8, 2.125, 7.8],
			"to": [8.05, 2.25, 8.125],
			"faces": {
				"north": {"uv": [5.75, 14.5, 5.5, 14.625], "texture": "#0"},
				"east": {"uv": [5.625, 14.5, 5.75, 14.625], "texture": "#0"},
				"south": {"uv": [5.5, 14.5, 5.75, 14.625], "texture": "#0"},
				"west": {"uv": [5.5, 14.5, 5.625, 14.625], "texture": "#0"},
				"up": {"uv": [5.5, 14.5, 5.75, 14.625], "texture": "#0"},
				"down": {"uv": [5.5, 14.5, 5.75, 14.625], "texture": "#0"}
			}
		},
		{
			"name": "bladeofanubis_82",
			"from": [8.05, 1.875, 7.75],
			"to": [8.425, 2.25, 8.175],
			"faces": {
				"north": {"uv": [6.125, 14.75, 5.75, 15.125], "texture": "#0"},
				"east": {"uv": [6, 14.75, 6.125, 15.125], "texture": "#0"},
				"south": {"uv": [5.75, 14.75, 6.125, 15.125], "texture": "#0"},
				"west": {"uv": [5.75, 14.75, 5.875, 15.125], "texture": "#0"},
				"up": {"uv": [5.75, 14.75, 6.125, 14.875], "texture": "#0"},
				"down": {"uv": [5.75, 15, 6.125, 15.125], "texture": "#0"}
			}
		},
		{
			"name": "bladeofanubis_83",
			"from": [7.8, 1.75, 7.75],
			"to": [8.05, 2.125, 8.175],
			"faces": {
				"north": {"uv": [5.75, 14.875, 5.5, 15.25], "texture": "#0"},
				"east": {"uv": [5.625, 14.875, 5.75, 15.25], "texture": "#0"},
				"south": {"uv": [5.5, 14.875, 5.75, 15.25], "texture": "#0"},
				"west": {"uv": [5.5, 14.875, 5.625, 15.25], "texture": "#0"},
				"up": {"uv": [5.5, 14.875, 5.75, 15], "texture": "#0"},
				"down": {"uv": [5.5, 15.125, 5.75, 15.25], "texture": "#0"}
			}
		},
		{
			"name": "bladeofanubis_84",
			"from": [7.55, 1.625, 7.75],
			"to": [7.8, 2, 8.175],
			"faces": {
				"north": {"uv": [5.5, 15, 5.25, 15.375], "texture": "#0"},
				"east": {"uv": [5.375, 15, 5.5, 15.375], "texture": "#0"},
				"south": {"uv": [5.25, 15, 5.5, 15.375], "texture": "#0"},
				"west": {"uv": [5.25, 15, 5.375, 15.375], "texture": "#0"},
				"up": {"uv": [5.25, 15, 5.5, 15.125], "texture": "#0"},
				"down": {"uv": [5.25, 15.25, 5.5, 15.375], "texture": "#0"}
			}
		},
		{
			"name": "bladeofanubis_85",
			"from": [8.05, 1.75, 7.75],
			"to": [8.175, 1.875, 8.175],
			"faces": {
				"north": {"uv": [5.875, 15.125, 5.75, 15.25], "texture": "#0"},
				"east": {"uv": [5.75, 15.125, 5.875, 15.25], "texture": "#0"},
				"south": {"uv": [5.75, 15.125, 5.875, 15.25], "texture": "#0"},
				"west": {"uv": [5.75, 15.125, 5.875, 15.25], "texture": "#0"},
				"up": {"uv": [5.75, 15.125, 5.875, 15.25], "texture": "#0"},
				"down": {"uv": [5.75, 15.125, 5.875, 15.25], "texture": "#0"}
			}
		},
		{
			"name": "bladeofanubis_86",
			"from": [7.8, 1.625, 7.75],
			"to": [7.925, 1.75, 8.175],
			"faces": {
				"north": {"uv": [5.625, 15.25, 5.5, 15.375], "texture": "#0"},
				"east": {"uv": [5.5, 15.25, 5.625, 15.375], "texture": "#0"},
				"south": {"uv": [5.5, 15.25, 5.625, 15.375], "texture": "#0"},
				"west": {"uv": [5.5, 15.25, 5.625, 15.375], "texture": "#0"},
				"up": {"uv": [5.5, 15.25, 5.625, 15.375], "texture": "#0"},
				"down": {"uv": [5.5, 15.25, 5.625, 15.375], "texture": "#0"}
			}
		}
	],
	"gui_light": "front",
	"display": {
		"thirdperson_righthand": {
			"rotation": [0, -90, 0],
			"translation": [0, 10.75, 1],
			"scale": [2.8, 2.8, 2.8]
		},
		"thirdperson_lefthand": {
			"rotation": [0, 90, 0],
			"translation": [0, 10.75, 1],
			"scale": [2.8, 2.8, 2.8]
		},
		"firstperson_righthand": {
			"rotation": [-4, -90, -8],
			"translation": [2.5, 8, -0.25],
			"scale": [2, 2, 2]
		},
		"firstperson_lefthand": {
			"rotation": [9, 90, -8],
			"translation": [1.75, 8.25, -0.5],
			"scale": [2, 2, 2]
		},
		"ground": {
			"translation": [0, 7.75, 0],
			"scale": [2, 2, 2]
		},
		"gui": {
			"rotation": [0, 0, -42],
			"translation": [2.25, 1.25, 0],
			"scale": [2, 2, 2]
		},
		"head": {
			"rotation": [0, 0, -132],
			"translation": [0.25, -13.75, 3.5],
			"scale": [3.5, 3.5, 3.5]
		},
		"fixed": {
			"rotation": [-180, 0, 138],
			"translation": [-1.25, 1.75, -0.5],
			"scale": [4, 4, 3.5]
		}
	},
	"groups": [
		{
			"name": "bladeofanubis",
			"origin": [8, 8, 8],
			"color": 0,
			"nbt": "{}",
			"children": [
				0,
				1,
				2,
				3,
				4,
				5,
				6,
				7,
				8,
				9,
				10,
				11,
				12,
				13,
				14,
				15,
				16,
				17,
				18,
				19,
				20,
				21,
				22,
				23,
				24,
				25,
				26,
				27,
				28,
				29,
				30,
				31,
				32,
				33,
				34,
				35,
				36,
				37,
				38,
				39,
				40,
				41,
				42,
				43,
				44,
				45,
				46,
				47,
				48,
				49,
				50,
				51,
				52,
				53,
				54,
				55,
				56,
				57,
				58,
				59,
				60,
				61,
				62,
				63,
				64,
				65,
				66,
				67,
				68,
				69,
				70,
				71,
				72,
				73,
				74,
				75,
				76,
				77,
				78,
				79,
				80,
				81,
				82,
				83,
				84,
				85,
				86
			]
		}
	]
}