{
	"credit": "Made with Blockbench",
	"textures": {
		"1": "item/diamond_sword/ribboncleaver",
		"3": "item/diamond_sword/ribbon",
		"particle": "item/diamond_sword/ribboncleaver"
	},
	"elements": [
		{
			"name": "rc2_0",
			"from": [8, 6.375, 7.95],
			"to": [8.125, 13.125, 8.175],
			"rotation": {"angle": 0, "axis": "y", "origin": [0, 0, 8]},
			"faces": {
				"north": {"uv": [8.125, 2.875, 8, 9.625], "texture": "#1"},
				"east": {"uv": [8, 2.875, 8.125, 9.625], "texture": "#1"},
				"south": {"uv": [8, 2.875, 8.125, 9.625], "texture": "#1"},
				"west": {"uv": [8, 2.875, 8.125, 9.625], "texture": "#1"},
				"up": {"uv": [8, 2.875, 8.125, 3], "texture": "#1"}
			}
		},
		{
			"name": "rc2_1",
			"from": [7.875, 6.125, 7.95],
			"to": [8, 12.75, 8.175],
			"rotation": {"angle": 0, "axis": "y", "origin": [0, 0, 8]},
			"faces": {
				"north": {"uv": [8, 3.25, 7.875, 9.875], "texture": "#1"},
				"south": {"uv": [7.875, 3.25, 8, 9.875], "texture": "#1"},
				"west": {"uv": [7.875, 3.25, 8, 9.875], "texture": "#1"},
				"up": {"uv": [7.875, 3.25, 8, 3.375], "texture": "#1"}
			}
		},
		{
			"name": "rc2_2",
			"from": [8.125, 6.125, 7.95],
			"to": [8.25, 12.75, 8.175],
			"rotation": {"angle": 0, "axis": "y", "origin": [0, 0, 8]},
			"faces": {
				"north": {"uv": [8.25, 3.25, 8.125, 9.875], "texture": "#1"},
				"east": {"uv": [8.125, 3.25, 8.25, 9.875], "texture": "#1"},
				"south": {"uv": [8.125, 3.25, 8.25, 9.875], "texture": "#1"},
				"up": {"uv": [8.125, 3.25, 8.25, 3.375], "texture": "#1"}
			}
		},
		{
			"name": "rc2_3",
			"from": [7.75, 5.625, 7.95],
			"to": [7.875, 12.25, 8.175],
			"rotation": {"angle": 0, "axis": "y", "origin": [0, 0, 8]},
			"faces": {
				"north": {"uv": [7.875, 3.75, 7.75, 10.375], "texture": "#1"},
				"south": {"uv": [7.75, 3.75, 7.875, 10.375], "texture": "#1"},
				"west": {"uv": [7.75, 3.75, 7.875, 10.375], "texture": "#1"},
				"up": {"uv": [7.75, 3.75, 7.875, 3.875], "texture": "#1"}
			}
		},
		{
			"name": "rc2_4",
			"from": [8.25, 5.625, 7.95],
			"to": [8.375, 12.25, 8.175],
			"rotation": {"angle": 0, "axis": "y", "origin": [0, 0, 8]},
			"faces": {
				"north": {"uv": [8.375, 3.75, 8.25, 10.375], "texture": "#1"},
				"east": {"uv": [8.25, 3.75, 8.375, 10.375], "texture": "#1"},
				"south": {"uv": [8.25, 3.75, 8.375, 10.375], "texture": "#1"},
				"up": {"uv": [8.25, 3.75, 8.375, 3.875], "texture": "#1"}
			}
		},
		{
			"name": "rc2_5",
			"from": [7.625, 5.5, 7.95],
			"to": [7.75, 7.375, 8.175],
			"rotation": {"angle": 0, "axis": "y", "origin": [0, 0, 8]},
			"faces": {
				"north": {"uv": [7.75, 8.625, 7.625, 10.5], "texture": "#1"},
				"south": {"uv": [7.625, 8.625, 7.75, 10.5], "texture": "#1"},
				"west": {"uv": [7.625, 8.625, 7.75, 10.5], "texture": "#1"},
				"up": {"uv": [7.625, 8.625, 7.75, 8.75], "texture": "#1"}
			}
		},
		{
			"name": "rc2_6",
			"from": [8.375, 5.5, 7.95],
			"to": [8.5, 7.375, 8.175],
			"rotation": {"angle": 0, "axis": "y", "origin": [0, 0, 8]},
			"faces": {
				"north": {"uv": [8.5, 8.625, 8.375, 10.5], "texture": "#1"},
				"east": {"uv": [8.375, 8.625, 8.5, 10.5], "texture": "#1"},
				"south": {"uv": [8.375, 8.625, 8.5, 10.5], "texture": "#1"},
				"up": {"uv": [8.375, 8.625, 8.5, 8.75], "texture": "#1"}
			}
		},
		{
			"name": "rc2_7",
			"from": [7.5, 6.375, 7.95],
			"to": [7.625, 6.625, 8.175],
			"rotation": {"angle": 0, "axis": "y", "origin": [0, 0, 8]},
			"faces": {
				"north": {"uv": [7.625, 9.375, 7.5, 9.625], "texture": "#1"},
				"south": {"uv": [7.5, 9.375, 7.625, 9.625], "texture": "#1"},
				"west": {"uv": [7.5, 9.375, 7.625, 9.625], "texture": "#1"},
				"up": {"uv": [7.5, 9.375, 7.625, 9.5], "texture": "#1"},
				"down": {"uv": [7.5, 9.5, 7.625, 9.625], "texture": "#1"}
			}
		},
		{
			"name": "rc2_8",
			"from": [8.5, 6.375, 7.95],
			"to": [8.625, 6.625, 8.175],
			"rotation": {"angle": 0, "axis": "y", "origin": [0, 0, 8]},
			"faces": {
				"north": {"uv": [8.625, 9.375, 8.5, 9.625], "texture": "#1"},
				"east": {"uv": [8.5, 9.375, 8.625, 9.625], "texture": "#1"},
				"south": {"uv": [8.5, 9.375, 8.625, 9.625], "texture": "#1"},
				"up": {"uv": [8.5, 9.375, 8.625, 9.5], "texture": "#1"},
				"down": {"uv": [8.5, 9.5, 8.625, 9.625], "texture": "#1"}
			}
		},
		{
			"name": "rc2_9",
			"from": [7.5, 5.5, 7.95],
			"to": [7.625, 5.75, 8.175],
			"rotation": {"angle": 0, "axis": "y", "origin": [0, 0, 8]},
			"faces": {
				"north": {"uv": [7.625, 10.25, 7.5, 10.5], "texture": "#1"},
				"south": {"uv": [7.5, 10.25, 7.625, 10.5], "texture": "#1"}
			}
		},
		{
			"name": "rc2_10",
			"from": [8.5, 5.5, 7.95],
			"to": [8.625, 5.75, 8.175],
			"rotation": {"angle": 0, "axis": "y", "origin": [0, 0, 8]},
			"faces": {
				"north": {"uv": [8.625, 10.25, 8.5, 10.5], "texture": "#1"},
				"south": {"uv": [8.5, 10.25, 8.625, 10.5], "texture": "#1"}
			}
		},
		{
			"name": "rc2_11",
			"from": [7.875, 2.375, 7.9],
			"to": [8.25, 4.875, 8.225],
			"rotation": {"angle": 0, "axis": "y", "origin": [0, 0, 8]},
			"faces": {
				"north": {"uv": [8.25, 11.125, 7.875, 13.625], "texture": "#1"},
				"east": {"uv": [8.125, 11.125, 8.25, 13.625], "texture": "#1"},
				"south": {"uv": [7.875, 11.125, 8.25, 13.625], "texture": "#1"},
				"west": {"uv": [7.875, 11.125, 8, 13.625], "texture": "#1"}
			}
		},
		{
			"name": "rc2_12",
			"from": [7.875, 2, 7.9],
			"to": [8.25, 2.125, 8.225],
			"rotation": {"angle": 0, "axis": "y", "origin": [0, 0, 8]},
			"faces": {
				"north": {"uv": [8.25, 13.875, 7.875, 14], "texture": "#1"},
				"east": {"uv": [8.125, 13.875, 8.25, 14], "texture": "#1"},
				"south": {"uv": [7.875, 13.875, 8.25, 14], "texture": "#1"},
				"west": {"uv": [7.875, 13.875, 8, 14], "texture": "#1"}
			}
		},
		{
			"name": "rc2_13",
			"from": [7.625, 1.625, 7.7],
			"to": [8.5, 1.75, 8.425],
			"rotation": {"angle": 0, "axis": "y", "origin": [0, 0, 8]},
			"faces": {
				"north": {"uv": [8.5, 14.25, 7.625, 14.375], "texture": "#1"},
				"east": {"uv": [8.375, 14.25, 8.5, 14.375], "texture": "#1"},
				"south": {"uv": [7.625, 14.25, 8.5, 14.375], "texture": "#1"},
				"west": {"uv": [7.625, 14.25, 7.75, 14.375], "texture": "#1"},
				"up": {"uv": [7.625, 14.25, 8.5, 14.375], "texture": "#1"},
				"down": {"uv": [7.625, 14.25, 8.5, 14.375], "texture": "#1"}
			}
		},
		{
			"name": "rc1_0",
			"from": [8, 13.125, 8],
			"to": [8.125, 14.125, 8.125],
			"rotation": {"angle": 0, "axis": "y", "origin": [0, 0, 8]},
			"faces": {
				"north": {"uv": [8.125, 1.875, 8, 2.875], "texture": "#1"},
				"east": {"uv": [8, 1.875, 8.125, 2.875], "texture": "#1"},
				"south": {"uv": [8, 1.875, 8.125, 2.875], "texture": "#1"},
				"west": {"uv": [8, 1.875, 8.125, 2.875], "texture": "#1"},
				"up": {"uv": [8, 1.875, 8.125, 2], "texture": "#1"}
			}
		},
		{
			"name": "rc1_1",
			"from": [7.875, 12.75, 8],
			"to": [8, 13.75, 8.125],
			"rotation": {"angle": 0, "axis": "y", "origin": [0, 0, 8]},
			"faces": {
				"north": {"uv": [8, 2.25, 7.875, 3.25], "texture": "#1"},
				"south": {"uv": [7.875, 2.25, 8, 3.25], "texture": "#1"},
				"west": {"uv": [7.875, 2.25, 8, 3.25], "texture": "#1"},
				"up": {"uv": [7.875, 2.25, 8, 2.375], "texture": "#1"}
			}
		},
		{
			"name": "rc1_2",
			"from": [8.125, 12.75, 8],
			"to": [8.25, 13.75, 8.125],
			"rotation": {"angle": 0, "axis": "y", "origin": [0, 0, 8]},
			"faces": {
				"north": {"uv": [8.25, 2.25, 8.125, 3.25], "texture": "#1"},
				"east": {"uv": [8.125, 2.25, 8.25, 3.25], "texture": "#1"},
				"south": {"uv": [8.125, 2.25, 8.25, 3.25], "texture": "#1"},
				"up": {"uv": [8.125, 2.25, 8.25, 2.375], "texture": "#1"}
			}
		},
		{
			"name": "rc1_3",
			"from": [7.75, 12.25, 8],
			"to": [7.875, 13.25, 8.125],
			"rotation": {"angle": 0, "axis": "y", "origin": [0, 0, 8]},
			"faces": {
				"north": {"uv": [7.875, 2.75, 7.75, 3.75], "texture": "#1"},
				"south": {"uv": [7.75, 2.75, 7.875, 3.75], "texture": "#1"},
				"west": {"uv": [7.75, 2.75, 7.875, 3.75], "texture": "#1"},
				"up": {"uv": [7.75, 2.75, 7.875, 2.875], "texture": "#1"}
			}
		},
		{
			"name": "rc1_4",
			"from": [8.25, 12.25, 8],
			"to": [8.375, 13.25, 8.125],
			"rotation": {"angle": 0, "axis": "y", "origin": [0, 0, 8]},
			"faces": {
				"north": {"uv": [8.375, 2.75, 8.25, 3.75], "texture": "#1"},
				"east": {"uv": [8.25, 2.75, 8.375, 3.75], "texture": "#1"},
				"south": {"uv": [8.25, 2.75, 8.375, 3.75], "texture": "#1"},
				"up": {"uv": [8.25, 2.75, 8.375, 2.875], "texture": "#1"}
			}
		},
		{
			"name": "rc1_5",
			"from": [7.625, 7.375, 8],
			"to": [7.75, 12.75, 8.125],
			"rotation": {"angle": 0, "axis": "y", "origin": [0, 0, 8]},
			"faces": {
				"north": {"uv": [7.75, 3.25, 7.625, 8.625], "texture": "#1"},
				"south": {"uv": [7.625, 3.25, 7.75, 8.625], "texture": "#1"},
				"west": {"uv": [7.625, 3.25, 7.75, 8.625], "texture": "#1"},
				"up": {"uv": [7.625, 3.25, 7.75, 3.375], "texture": "#1"}
			}
		},
		{
			"name": "rc1_6",
			"from": [8.375, 7.375, 8],
			"to": [8.5, 12.75, 8.125],
			"rotation": {"angle": 0, "axis": "y", "origin": [0, 0, 8]},
			"faces": {
				"north": {"uv": [8.5, 3.25, 8.375, 8.625], "texture": "#1"},
				"east": {"uv": [8.375, 3.25, 8.5, 8.625], "texture": "#1"},
				"south": {"uv": [8.375, 3.25, 8.5, 8.625], "texture": "#1"},
				"up": {"uv": [8.375, 3.25, 8.5, 3.375], "texture": "#1"}
			}
		},
		{
			"name": "rc1_7",
			"from": [7.5, 6.625, 8],
			"to": [7.625, 12.25, 8.125],
			"rotation": {"angle": 0, "axis": "y", "origin": [0, 0, 8]},
			"faces": {
				"north": {"uv": [7.625, 3.75, 7.5, 9.375], "texture": "#1"},
				"south": {"uv": [7.5, 3.75, 7.625, 9.375], "texture": "#1"},
				"west": {"uv": [7.5, 3.75, 7.625, 9.375], "texture": "#1"},
				"up": {"uv": [7.5, 3.75, 7.625, 3.875], "texture": "#1"}
			}
		},
		{
			"name": "rc1_8",
			"from": [8.5, 6.625, 8],
			"to": [8.625, 12.25, 8.125],
			"rotation": {"angle": 0, "axis": "y", "origin": [0, 0, 8]},
			"faces": {
				"north": {"uv": [8.625, 3.75, 8.5, 9.375], "texture": "#1"},
				"east": {"uv": [8.5, 3.75, 8.625, 9.375], "texture": "#1"},
				"south": {"uv": [8.5, 3.75, 8.625, 9.375], "texture": "#1"},
				"up": {"uv": [8.5, 3.75, 8.625, 3.875], "texture": "#1"}
			}
		},
		{
			"name": "rc1_9",
			"from": [7.375, 6.125, 8],
			"to": [7.5, 7.375, 8.125],
			"rotation": {"angle": 0, "axis": "y", "origin": [0, 0, 8]},
			"faces": {
				"north": {"uv": [7.5, 8.625, 7.375, 9.875], "texture": "#1"},
				"south": {"uv": [7.375, 8.625, 7.5, 9.875], "texture": "#1"},
				"west": {"uv": [7.375, 8.625, 7.5, 9.875], "texture": "#1"},
				"up": {"uv": [7.375, 8.625, 7.5, 8.75], "texture": "#1"},
				"down": {"uv": [7.375, 9.75, 7.5, 9.875], "texture": "#1"}
			}
		},
		{
			"name": "rc1_10",
			"from": [8.625, 6.125, 8],
			"to": [8.75, 7.375, 8.125],
			"rotation": {"angle": 0, "axis": "y", "origin": [0, 0, 8]},
			"faces": {
				"north": {"uv": [8.75, 8.625, 8.625, 9.875], "texture": "#1"},
				"east": {"uv": [8.625, 8.625, 8.75, 9.875], "texture": "#1"},
				"south": {"uv": [8.625, 8.625, 8.75, 9.875], "texture": "#1"},
				"up": {"uv": [8.625, 8.625, 8.75, 8.75], "texture": "#1"},
				"down": {"uv": [8.625, 9.75, 8.75, 9.875], "texture": "#1"}
			}
		},
		{
			"name": "rc1_11",
			"from": [7.25, 6.25, 8],
			"to": [7.375, 6.625, 8.125],
			"rotation": {"angle": 0, "axis": "y", "origin": [0, 0, 8]},
			"faces": {
				"north": {"uv": [7.375, 9.375, 7.25, 9.75], "texture": "#1"},
				"south": {"uv": [7.25, 9.375, 7.375, 9.75], "texture": "#1"},
				"west": {"uv": [7.25, 9.375, 7.375, 9.75], "texture": "#1"},
				"up": {"uv": [7.25, 9.375, 7.375, 9.5], "texture": "#1"},
				"down": {"uv": [7.25, 9.625, 7.375, 9.75], "texture": "#1"}
			}
		},
		{
			"name": "rc1_12",
			"from": [8.75, 6.25, 8],
			"to": [8.875, 6.625, 8.125],
			"rotation": {"angle": 0, "axis": "y", "origin": [0, 0, 8]},
			"faces": {
				"north": {"uv": [8.875, 9.375, 8.75, 9.75], "texture": "#1"},
				"east": {"uv": [8.75, 9.375, 8.875, 9.75], "texture": "#1"},
				"south": {"uv": [8.75, 9.375, 8.875, 9.75], "texture": "#1"},
				"up": {"uv": [8.75, 9.375, 8.875, 9.5], "texture": "#1"},
				"down": {"uv": [8.75, 9.625, 8.875, 9.75], "texture": "#1"}
			}
		},
		{
			"name": "rc1_13",
			"from": [7.5, 6, 8],
			"to": [7.625, 6.375, 8.125],
			"rotation": {"angle": 0, "axis": "y", "origin": [0, 0, 8]},
			"faces": {
				"north": {"uv": [7.625, 9.625, 7.5, 10], "texture": "#1"},
				"south": {"uv": [7.5, 9.625, 7.625, 10], "texture": "#1"},
				"west": {"uv": [7.5, 9.625, 7.625, 10], "texture": "#1"}
			}
		},
		{
			"name": "rc1_14",
			"from": [8, 5.5, 7.9],
			"to": [8.125, 6.375, 8.225],
			"rotation": {"angle": 0, "axis": "y", "origin": [0, 0, 8]},
			"faces": {
				"north": {"uv": [8.125, 9.625, 8, 10.5], "texture": "#1"},
				"east": {"uv": [8, 9.625, 8.125, 10.5], "texture": "#1"},
				"south": {"uv": [8, 9.625, 8.125, 10.5], "texture": "#1"},
				"west": {"uv": [8, 9.625, 8.125, 10.5], "texture": "#1"},
				"up": {"uv": [8, 9.625, 8.125, 9.75], "texture": "#1"}
			}
		},
		{
			"name": "rc1_15",
			"from": [8.5, 6, 8],
			"to": [8.625, 6.375, 8.125],
			"rotation": {"angle": 0, "axis": "y", "origin": [0, 0, 8]},
			"faces": {
				"north": {"uv": [8.625, 9.625, 8.5, 10], "texture": "#1"},
				"east": {"uv": [8.5, 9.625, 8.625, 10], "texture": "#1"},
				"south": {"uv": [8.5, 9.625, 8.625, 10], "texture": "#1"}
			}
		},
		{
			"name": "rc1_16",
			"from": [7.875, 5.5, 7.9],
			"to": [8, 6.125, 8.225],
			"rotation": {"angle": 0, "axis": "y", "origin": [0, 0, 8]},
			"faces": {
				"north": {"uv": [8, 9.875, 7.875, 10.5], "texture": "#1"},
				"south": {"uv": [7.875, 9.875, 8, 10.5], "texture": "#1"},
				"west": {"uv": [7.875, 9.875, 8, 10.5], "texture": "#1"},
				"up": {"uv": [7.875, 9.875, 8, 10], "texture": "#1"}
			}
		},
		{
			"name": "rc1_17",
			"from": [8.125, 5.5, 7.9],
			"to": [8.25, 6.125, 8.225],
			"rotation": {"angle": 0, "axis": "y", "origin": [0, 0, 8]},
			"faces": {
				"north": {"uv": [8.25, 9.875, 8.125, 10.5], "texture": "#1"},
				"east": {"uv": [8.125, 9.875, 8.25, 10.5], "texture": "#1"},
				"south": {"uv": [8.125, 9.875, 8.25, 10.5], "texture": "#1"},
				"up": {"uv": [8.125, 9.875, 8.25, 10], "texture": "#1"}
			}
		},
		{
			"name": "rc1_18",
			"from": [7.75, 5.5, 7.9],
			"to": [7.875, 5.625, 8.225],
			"rotation": {"angle": 0, "axis": "y", "origin": [0, 0, 8]},
			"faces": {
				"north": {"uv": [7.875, 10.375, 7.75, 10.5], "texture": "#1"},
				"south": {"uv": [7.75, 10.375, 7.875, 10.5], "texture": "#1"},
				"west": {"uv": [7.75, 10.375, 7.875, 10.5], "texture": "#1"},
				"up": {"uv": [7.75, 10.375, 7.875, 10.5], "texture": "#1"}
			}
		},
		{
			"name": "rc1_19",
			"from": [8.25, 5.5, 7.9],
			"to": [8.375, 5.625, 8.225],
			"rotation": {"angle": 0, "axis": "y", "origin": [0, 0, 8]},
			"faces": {
				"north": {"uv": [8.375, 10.375, 8.25, 10.5], "texture": "#1"},
				"east": {"uv": [8.25, 10.375, 8.375, 10.5], "texture": "#1"},
				"south": {"uv": [8.25, 10.375, 8.375, 10.5], "texture": "#1"},
				"up": {"uv": [8.25, 10.375, 8.375, 10.5], "texture": "#1"}
			}
		},
		{
			"name": "rc1_20",
			"from": [7.75, 4.875, 7.8],
			"to": [8.375, 5.125, 8.325],
			"rotation": {"angle": 0, "axis": "y", "origin": [0, 0, 8]},
			"faces": {
				"north": {"uv": [8.375, 10.875, 7.75, 11.125], "texture": "#1"},
				"east": {"uv": [8.25, 10.875, 8.375, 11.125], "texture": "#1"},
				"south": {"uv": [7.75, 10.875, 8.375, 11.125], "texture": "#1"},
				"west": {"uv": [7.75, 10.875, 7.875, 11.125], "texture": "#1"},
				"up": {"uv": [7.75, 10.875, 8.375, 11], "texture": "#1"},
				"down": {"uv": [7.75, 11, 8.375, 11.125], "texture": "#1"}
			}
		},
		{
			"name": "rc1_21",
			"from": [7.75, 2.125, 7.8],
			"to": [8.375, 2.375, 8.325],
			"rotation": {"angle": 0, "axis": "y", "origin": [0, 0, 8]},
			"faces": {
				"north": {"uv": [8.375, 13.625, 7.75, 13.875], "texture": "#1"},
				"east": {"uv": [8.25, 13.625, 8.375, 13.875], "texture": "#1"},
				"south": {"uv": [7.75, 13.625, 8.375, 13.875], "texture": "#1"},
				"west": {"uv": [7.75, 13.625, 7.875, 13.875], "texture": "#1"},
				"up": {"uv": [7.75, 13.625, 8.375, 13.75], "texture": "#1"},
				"down": {"uv": [7.75, 13.75, 8.375, 13.875], "texture": "#1"}
			}
		},
		{
			"name": "rc1_22",
			"from": [7.75, 1.75, 7.8],
			"to": [8.375, 2, 8.325],
			"rotation": {"angle": 0, "axis": "y", "origin": [0, 0, 8]},
			"faces": {
				"north": {"uv": [8.375, 14, 7.75, 14.25], "texture": "#1"},
				"east": {"uv": [8.25, 14, 8.375, 14.25], "texture": "#1"},
				"south": {"uv": [7.75, 14, 8.375, 14.25], "texture": "#1"},
				"west": {"uv": [7.75, 14, 7.875, 14.25], "texture": "#1"},
				"up": {"uv": [7.75, 14, 8.375, 14.125], "texture": "#1"}
			}
		},
		{
			"name": "rc1_23",
			"from": [7.75, 1.375, 7.8],
			"to": [8.375, 1.625, 8.325],
			"rotation": {"angle": 0, "axis": "y", "origin": [0, 0, 8]},
			"faces": {
				"north": {"uv": [8.375, 14.375, 7.75, 14.625], "texture": "#1"},
				"east": {"uv": [8.25, 14.375, 8.375, 14.625], "texture": "#1"},
				"south": {"uv": [7.75, 14.375, 8.375, 14.625], "texture": "#1"},
				"west": {"uv": [7.75, 14.375, 7.875, 14.625], "texture": "#1"},
				"down": {"uv": [7.75, 14.5, 8.375, 14.625], "texture": "#1"}
			}
		},
		{
			"name": "rc3_0",
			"from": [7.25, 5.75, 7.85],
			"to": [7.625, 6, 8.275],
			"rotation": {"angle": 0, "axis": "y", "origin": [0, 0, 8]},
			"faces": {
				"north": {"uv": [7.625, 10, 7.25, 10.25], "texture": "#1"},
				"east": {"uv": [7.5, 10, 7.625, 10.25], "texture": "#1"},
				"south": {"uv": [7.25, 10, 7.625, 10.25], "texture": "#1"},
				"west": {"uv": [7.25, 10, 7.375, 10.25], "texture": "#1"},
				"up": {"uv": [7.25, 10, 7.625, 10.125], "texture": "#1"},
				"down": {"uv": [7.25, 10.125, 7.625, 10.25], "texture": "#1"}
			}
		},
		{
			"name": "rc3_1",
			"from": [8.5, 5.75, 7.85],
			"to": [8.875, 6, 8.275],
			"rotation": {"angle": 0, "axis": "y", "origin": [0, 0, 8]},
			"faces": {
				"north": {"uv": [8.875, 10, 8.5, 10.25], "texture": "#1"},
				"east": {"uv": [8.75, 10, 8.875, 10.25], "texture": "#1"},
				"south": {"uv": [8.5, 10, 8.875, 10.25], "texture": "#1"},
				"west": {"uv": [8.5, 10, 8.625, 10.25], "texture": "#1"},
				"up": {"uv": [8.5, 10, 8.875, 10.125], "texture": "#1"},
				"down": {"uv": [8.5, 10.125, 8.875, 10.25], "texture": "#1"}
			}
		},
		{
			"name": "rc3_2",
			"from": [7.125, 5.25, 7.85],
			"to": [7.5, 5.75, 8.275],
			"rotation": {"angle": 0, "axis": "y", "origin": [0, 0, 8]},
			"faces": {
				"north": {"uv": [7.5, 10.25, 7.125, 10.75], "texture": "#1"},
				"east": {"uv": [7.375, 10.25, 7.5, 10.75], "texture": "#1"},
				"south": {"uv": [7.125, 10.25, 7.5, 10.75], "texture": "#1"},
				"west": {"uv": [7.125, 10.25, 7.25, 10.75], "texture": "#1"},
				"up": {"uv": [7.125, 10.25, 7.5, 10.375], "texture": "#1"},
				"down": {"uv": [7.125, 10.625, 7.5, 10.75], "texture": "#1"}
			}
		},
		{
			"name": "rc3_3",
			"from": [8.625, 5.25, 7.85],
			"to": [9, 5.75, 8.275],
			"rotation": {"angle": 0, "axis": "y", "origin": [0, 0, 8]},
			"faces": {
				"north": {"uv": [9, 10.25, 8.625, 10.75], "texture": "#1"},
				"east": {"uv": [8.875, 10.25, 9, 10.75], "texture": "#1"},
				"south": {"uv": [8.625, 10.25, 9, 10.75], "texture": "#1"},
				"west": {"uv": [8.625, 10.25, 8.75, 10.75], "texture": "#1"},
				"up": {"uv": [8.625, 10.25, 9, 10.375], "texture": "#1"},
				"down": {"uv": [8.625, 10.625, 9, 10.75], "texture": "#1"}
			}
		},
		{
			"name": "rc3_4",
			"from": [7.5, 5.125, 7.85],
			"to": [8.625, 5.5, 8.275],
			"rotation": {"angle": 0, "axis": "y", "origin": [0, 0, 8]},
			"faces": {
				"north": {"uv": [8.625, 10.5, 7.5, 10.875], "texture": "#1"},
				"south": {"uv": [7.5, 10.5, 8.625, 10.875], "texture": "#1"},
				"up": {"uv": [7.5, 10.5, 8.625, 10.625], "texture": "#1"},
				"down": {"uv": [7.5, 10.75, 8.625, 10.875], "texture": "#1"}
			}
		},
		{
			"name": "rc3_5",
			"from": [7.25, 5.125, 7.85],
			"to": [7.5, 5.25, 8.275],
			"rotation": {"angle": 0, "axis": "y", "origin": [0, 0, 8]},
			"faces": {
				"north": {"uv": [7.5, 10.75, 7.25, 10.875], "texture": "#1"},
				"south": {"uv": [7.25, 10.75, 7.5, 10.875], "texture": "#1"},
				"west": {"uv": [7.25, 10.75, 7.375, 10.875], "texture": "#1"},
				"down": {"uv": [7.25, 10.75, 7.5, 10.875], "texture": "#1"}
			}
		},
		{
			"name": "rc3_6",
			"from": [8.625, 5.125, 7.85],
			"to": [8.875, 5.25, 8.275],
			"rotation": {"angle": 0, "axis": "y", "origin": [0, 0, 8]},
			"faces": {
				"north": {"uv": [8.875, 10.75, 8.625, 10.875], "texture": "#1"},
				"east": {"uv": [8.75, 10.75, 8.875, 10.875], "texture": "#1"},
				"south": {"uv": [8.625, 10.75, 8.875, 10.875], "texture": "#1"},
				"down": {"uv": [8.625, 10.75, 8.875, 10.875], "texture": "#1"}
			}
		},
		{
			"from": [8.5, 4.7, 8.1],
			"to": [11.5, 7.7, 8.1],
			"rotation": {"angle": 0, "axis": "y", "origin": [8.5, 4.7, 8.1]},
			"faces": {
				"north": {"uv": [10.25, 12.375, 13.25, 15.375], "texture": "#3"},
				"south": {"uv": [13.25, 12.375, 10.25, 15.375], "texture": "#3"}
			}
		},
		{
			"from": [7.49, 6.4, 7.9],
			"to": [8.69, 12.5, 8.2],
			"rotation": {"angle": 0, "axis": "y", "origin": [7, 6.4, 7.9]},
			"faces": {
				"east": {"uv": [9.375, 3.25, 9.475, 9.35], "texture": "#3"},
				"south": {"uv": [13.35, 4, 12.25, 10.1], "texture": "#3"}
			}
		},
		{
			"from": [7.49, 7.3, 7.9],
			"to": [8.69, 13.4, 8.2],
			"rotation": {"angle": 0, "axis": "y", "origin": [7, 7.3, 7.9]},
			"faces": {
				"north": {"uv": [10.125, 3.375, 11.225, 9.475], "texture": "#3"},
				"east": {"uv": [10.125, 3, 10.225, 9.1], "texture": "#3"},
				"south": {"uv": [0, 0, 1.1, 6.1], "texture": "#3"},
				"west": {"uv": [11.125, 3.25, 11.225, 9.35], "texture": "#3"}
			}
		}
	],
	"gui_light": "front",
	"display": {
		"thirdperson_righthand": {
			"rotation": [0, -90, -7],
			"translation": [-0.25, 10.75, 2.5],
			"scale": [3.15, 3.15, 3]
		},
		"thirdperson_lefthand": {
			"rotation": [0, 90, 8],
			"translation": [-0.25, 11, 2.75],
			"scale": [3.15, 3.15, 3]
		},
		"firstperson_righthand": {
			"rotation": [8, -90, 0],
			"translation": [0, 6.25, 2],
			"scale": [1.7, 1.7, 1.7]
		},
		"firstperson_lefthand": {
			"rotation": [8, 90, 0],
			"translation": [0, 6.5, 2],
			"scale": [1.7, 1.7, 1.7]
		},
		"ground": {
			"translation": [0, 7, 0],
			"scale": [2, 2, 2]
		},
		"gui": {
			"rotation": [0, 0, -43],
			"translation": [0.75, 0.25, 0],
			"scale": [2, 2, 2]
		},
		"head": {
			"rotation": [0, 0, 144],
			"translation": [-1.25, -17, 3.75],
			"scale": [4, 4, 3.75]
		},
		"fixed": {
			"rotation": [0, 180, -42],
			"translation": [-3.5, 3.25, -0.75],
			"scale": [3.8, 3.8, 2.5]
		}
	},
	"groups": [
		{
			"name": "rc2",
			"origin": [8, 8, 8],
			"color": 0,
			"children": [0, 1, 2, 3, 4, 5, 6, 7, 8, 9, 10, 11, 12, 13]
		},
		{
			"name": "rc1",
			"origin": [8, 8, 8],
			"color": 0,
			"children": [14, 15, 16, 17, 18, 19, 20, 21, 22, 23, 24, 25, 26, 27, 28, 29, 30, 31, 32, 33, 34, 35, 36, 37]
		},
		{
			"name": "rc3",
			"origin": [8, 8, 8],
			"color": 0,
			"children": [38, 39, 40, 41, 42, 43, 44]
		},
		45,
		46,
		47
	]
}