{
	"credit": "Made by Eftann",
	"textures": {
		"4": "item/diamond_sword/unique_longsword_holy"
	},
	"elements": [
		{
			"name": "blade2_0",
			"from": [7.875, 11.875, 8],
			"to": [8, 12.125, 8.125],
			"rotation": {"angle": 0, "axis": "y", "origin": [-1.5, -1, 8]},
			"faces": {
				"north": {"uv": [9.5, 2.875, 9.375, 3.125], "texture": "#4"},
				"east": {"uv": [9.375, 2.875, 9.5, 3.125], "texture": "#4"},
				"south": {"uv": [9.375, 2.875, 9.5, 3.125], "texture": "#4"},
				"west": {"uv": [9.375, 2.875, 9.5, 3.125], "texture": "#4"},
				"up": {"uv": [9.375, 2.875, 9.5, 3], "texture": "#4"}
			}
		},
		{
			"name": "blade2_1",
			"from": [7.75, 11.625, 8],
			"to": [7.875, 11.875, 8.125],
			"rotation": {"angle": 0, "axis": "y", "origin": [-1.5, -1, 8]},
			"faces": {
				"north": {"uv": [9.375, 3.125, 9.25, 3.375], "texture": "#4"},
				"south": {"uv": [9.25, 3.125, 9.375, 3.375], "texture": "#4"},
				"west": {"uv": [9.25, 3.125, 9.375, 3.375], "texture": "#4"},
				"up": {"uv": [9.25, 3.125, 9.375, 3.25], "texture": "#4"}
			}
		},
		{
			"name": "blade2_2",
			"from": [8, 11.625, 8],
			"to": [8.125, 11.875, 8.125],
			"rotation": {"angle": 0, "axis": "y", "origin": [-1.5, -1, 8]},
			"faces": {
				"north": {"uv": [9.625, 3.125, 9.5, 3.375], "texture": "#4"},
				"east": {"uv": [9.5, 3.125, 9.625, 3.375], "texture": "#4"},
				"south": {"uv": [9.5, 3.125, 9.625, 3.375], "texture": "#4"},
				"up": {"uv": [9.5, 3.125, 9.625, 3.25], "texture": "#4"}
			}
		},
		{
			"name": "blade2_3",
			"from": [7.625, 6.625, 8],
			"to": [7.75, 11.625, 8.125],
			"rotation": {"angle": 0, "axis": "y", "origin": [-1.5, -1, 8]},
			"faces": {
				"north": {"uv": [9.25, 3.375, 9.125, 8.375], "texture": "#4"},
				"south": {"uv": [9.125, 3.375, 9.25, 8.375], "texture": "#4"},
				"west": {"uv": [9.125, 3.375, 9.25, 8.375], "texture": "#4"},
				"up": {"uv": [9.125, 3.375, 9.25, 3.5], "texture": "#4"}
			}
		},
		{
			"name": "blade2_4",
			"from": [8.125, 6.625, 8],
			"to": [8.25, 11.625, 8.125],
			"rotation": {"angle": 0, "axis": "y", "origin": [-1.5, -1, 8]},
			"faces": {
				"north": {"uv": [9.75, 3.375, 9.625, 8.375], "texture": "#4"},
				"east": {"uv": [9.625, 3.375, 9.75, 8.375], "texture": "#4"},
				"south": {"uv": [9.625, 3.375, 9.75, 8.375], "texture": "#4"},
				"up": {"uv": [9.625, 3.375, 9.75, 3.5], "texture": "#4"}
			}
		},
		{
			"name": "blade2_5",
			"from": [6.75, 5.875, 7.95],
			"to": [7.5, 6, 8.175],
			"rotation": {"angle": 0, "axis": "y", "origin": [-1.5, -1, 8]},
			"faces": {
				"north": {"uv": [9, 9, 8.25, 9.125], "texture": "#4"},
				"east": {"uv": [8.875, 9, 9, 9.125], "texture": "#4"},
				"south": {"uv": [8.25, 9, 9, 9.125], "texture": "#4"},
				"west": {"uv": [8.25, 9, 8.375, 9.125], "texture": "#4"},
				"up": {"uv": [8.25, 9, 9, 9.125], "texture": "#4"},
				"down": {"uv": [8.25, 9, 9, 9.125], "texture": "#4"}
			}
		},
		{
			"name": "blade2_6",
			"from": [8.375, 5.625, 7.95],
			"to": [8.875, 6, 8.175],
			"rotation": {"angle": 0, "axis": "y", "origin": [-1.5, -1, 8]},
			"faces": {
				"north": {"uv": [10.375, 9, 9.875, 9.375], "texture": "#4"},
				"east": {"uv": [10.25, 9, 10.375, 9.375], "texture": "#4"},
				"south": {"uv": [9.875, 9, 10.375, 9.375], "texture": "#4"},
				"west": {"uv": [9.875, 9, 10, 9.375], "texture": "#4"},
				"up": {"uv": [9.875, 9, 10.375, 9.125], "texture": "#4"},
				"down": {"uv": [9.875, 9.25, 10.375, 9.375], "texture": "#4"}
			}
		},
		{
			"name": "blade2_7",
			"from": [8.875, 5.875, 7.95],
			"to": [9.125, 6, 8.175],
			"rotation": {"angle": 0, "axis": "y", "origin": [-1.5, -1, 8]},
			"faces": {
				"north": {"uv": [10.625, 9, 10.375, 9.125], "texture": "#4"},
				"east": {"uv": [10.5, 9, 10.625, 9.125], "texture": "#4"},
				"south": {"uv": [10.375, 9, 10.625, 9.125], "texture": "#4"},
				"up": {"uv": [10.375, 9, 10.625, 9.125], "texture": "#4"},
				"down": {"uv": [10.375, 9, 10.625, 9.125], "texture": "#4"}
			}
		},
		{
			"name": "blade2_8",
			"from": [7, 5.625, 7.95],
			"to": [7.75, 5.875, 8.175],
			"rotation": {"angle": 0, "axis": "y", "origin": [-1.5, -1, 8]},
			"faces": {
				"north": {"uv": [9.25, 9.125, 8.5, 9.375], "texture": "#4"},
				"south": {"uv": [8.5, 9.125, 9.25, 9.375], "texture": "#4"},
				"west": {"uv": [8.5, 9.125, 8.625, 9.375], "texture": "#4"},
				"up": {"uv": [8.5, 9.125, 9.25, 9.25], "texture": "#4"},
				"down": {"uv": [8.5, 9.25, 9.25, 9.375], "texture": "#4"}
			}
		},
		{
			"name": "blade2_9",
			"from": [8.125, 5.625, 7.95],
			"to": [8.375, 5.875, 8.175],
			"rotation": {"angle": 0, "axis": "y", "origin": [-1.5, -1, 8]},
			"faces": {
				"north": {"uv": [9.875, 9.125, 9.625, 9.375], "texture": "#4"},
				"south": {"uv": [9.625, 9.125, 9.875, 9.375], "texture": "#4"},
				"up": {"uv": [9.625, 9.125, 9.875, 9.25], "texture": "#4"},
				"down": {"uv": [9.625, 9.25, 9.875, 9.375], "texture": "#4"}
			}
		},
		{
			"name": "blade2_10",
			"from": [7.25, 5.5, 7.95],
			"to": [7.5, 5.625, 8.175],
			"rotation": {"angle": 0, "axis": "y", "origin": [-1.5, -1, 8]},
			"faces": {
				"north": {"uv": [9, 9.375, 8.75, 9.5], "texture": "#4"},
				"east": {"uv": [8.875, 9.375, 9, 9.5], "texture": "#4"},
				"south": {"uv": [8.75, 9.375, 9, 9.5], "texture": "#4"},
				"west": {"uv": [8.75, 9.375, 8.875, 9.5], "texture": "#4"},
				"down": {"uv": [8.75, 9.375, 9, 9.5], "texture": "#4"}
			}
		},
		{
			"name": "blade2_11",
			"from": [8.375, 5.5, 7.95],
			"to": [8.625, 5.625, 8.175],
			"rotation": {"angle": 0, "axis": "y", "origin": [-1.5, -1, 8]},
			"faces": {
				"north": {"uv": [10.125, 9.375, 9.875, 9.5], "texture": "#4"},
				"east": {"uv": [10, 9.375, 10.125, 9.5], "texture": "#4"},
				"south": {"uv": [9.875, 9.375, 10.125, 9.5], "texture": "#4"},
				"west": {"uv": [9.875, 9.375, 10, 9.5], "texture": "#4"},
				"down": {"uv": [9.875, 9.375, 10.125, 9.5], "texture": "#4"}
			}
		},
		{
			"name": "blade2_12",
			"from": [7.875, 3.125, 7.9],
			"to": [8, 5.375, 8.225],
			"rotation": {"angle": 0, "axis": "y", "origin": [-1.5, -1, 8]},
			"faces": {
				"north": {"uv": [9.5, 9.625, 9.375, 11.875], "texture": "#4"},
				"south": {"uv": [9.375, 9.625, 9.5, 11.875], "texture": "#4"}
			}
		},
		{
			"name": "blade2_13",
			"from": [7.75, 3.125, 7.9],
			"to": [7.875, 5.25, 8.225],
			"rotation": {"angle": 0, "axis": "y", "origin": [-1.5, -1, 8]},
			"faces": {
				"north": {"uv": [9.375, 9.75, 9.25, 11.875], "texture": "#4"},
				"south": {"uv": [9.25, 9.75, 9.375, 11.875], "texture": "#4"},
				"west": {"uv": [9.25, 9.75, 9.375, 11.875], "texture": "#4"}
			}
		},
		{
			"name": "blade2_14",
			"from": [8, 3.125, 7.9],
			"to": [8.125, 5.25, 8.225],
			"rotation": {"angle": 0, "axis": "y", "origin": [-1.5, -1, 8]},
			"faces": {
				"north": {"uv": [9.625, 9.75, 9.5, 11.875], "texture": "#4"},
				"east": {"uv": [9.5, 9.75, 9.625, 11.875], "texture": "#4"},
				"south": {"uv": [9.5, 9.75, 9.625, 11.875], "texture": "#4"}
			}
		},
		{
			"name": "blade2_15",
			"from": [7.75, 2.625, 7.95],
			"to": [7.875, 2.875, 8.175],
			"rotation": {"angle": 0, "axis": "y", "origin": [-1.5, -1, 8]},
			"faces": {
				"north": {"uv": [9.375, 12.125, 9.25, 12.375], "texture": "#4"},
				"east": {"uv": [9.25, 12.125, 9.375, 12.375], "texture": "#4"},
				"south": {"uv": [9.25, 12.125, 9.375, 12.375], "texture": "#4"},
				"west": {"uv": [9.25, 12.125, 9.375, 12.375], "texture": "#4"},
				"down": {"uv": [9.25, 12.25, 9.375, 12.375], "texture": "#4"}
			}
		},
		{
			"name": "blade2_16",
			"from": [8, 2.625, 7.95],
			"to": [8.125, 2.875, 8.175],
			"rotation": {"angle": 0, "axis": "y", "origin": [-1.5, -1, 8]},
			"faces": {
				"north": {"uv": [9.625, 12.125, 9.5, 12.375], "texture": "#4"},
				"east": {"uv": [9.5, 12.125, 9.625, 12.375], "texture": "#4"},
				"south": {"uv": [9.5, 12.125, 9.625, 12.375], "texture": "#4"},
				"west": {"uv": [9.5, 12.125, 9.625, 12.375], "texture": "#4"},
				"down": {"uv": [9.5, 12.25, 9.625, 12.375], "texture": "#4"}
			}
		},
		{
			"name": "blade2_17",
			"from": [7.875, 2.625, 7.95],
			"to": [8, 2.75, 8.175],
			"rotation": {"angle": 0, "axis": "y", "origin": [-1.5, -1, 8]},
			"faces": {
				"north": {"uv": [9.5, 12.25, 9.375, 12.375], "texture": "#4"},
				"south": {"uv": [9.375, 12.25, 9.5, 12.375], "texture": "#4"},
				"up": {"uv": [9.375, 12.25, 9.5, 12.375], "texture": "#4"},
				"down": {"uv": [9.375, 12.25, 9.5, 12.375], "texture": "#4"}
			}
		},
		{
			"name": "blade-1_0",
			"from": [7.875, 6.5, 7.95],
			"to": [8, 11.875, 8.175],
			"rotation": {"angle": 0, "axis": "y", "origin": [-1.5, -1, 8]},
			"faces": {
				"north": {"uv": [9.5, 3.125, 9.375, 8.5], "texture": "#4"},
				"east": {"uv": [9.375, 3.125, 9.5, 8.5], "texture": "#4"},
				"south": {"uv": [9.375, 3.125, 9.5, 8.5], "texture": "#4"},
				"west": {"uv": [9.375, 3.125, 9.5, 8.5], "texture": "#4"},
				"up": {"uv": [9.375, 3.125, 9.5, 3.25], "texture": "#4"}
			}
		},
		{
			"name": "blade-1_1",
			"from": [7.75, 6.625, 7.95],
			"to": [7.875, 11.625, 8.175],
			"rotation": {"angle": 0, "axis": "y", "origin": [-1.5, -1, 8]},
			"faces": {
				"north": {"uv": [9.375, 3.375, 9.25, 8.375], "texture": "#4"},
				"south": {"uv": [9.25, 3.375, 9.375, 8.375], "texture": "#4"},
				"west": {"uv": [9.25, 3.375, 9.375, 8.375], "texture": "#4"},
				"up": {"uv": [9.25, 3.375, 9.375, 3.5], "texture": "#4"}
			}
		},
		{
			"name": "blade-1_2",
			"from": [8, 6.625, 7.95],
			"to": [8.125, 11.625, 8.175],
			"rotation": {"angle": 0, "axis": "y", "origin": [-1.5, -1, 8]},
			"faces": {
				"north": {"uv": [9.625, 3.375, 9.5, 8.375], "texture": "#4"},
				"east": {"uv": [9.5, 3.375, 9.625, 8.375], "texture": "#4"},
				"south": {"uv": [9.5, 3.375, 9.625, 8.375], "texture": "#4"},
				"up": {"uv": [9.5, 3.375, 9.625, 3.5], "texture": "#4"}
			}
		},
		{
			"name": "handle1_0",
			"from": [7.875, 5.375, 7.85],
			"to": [8, 6.25, 8.275],
			"rotation": {"angle": 0, "axis": "y", "origin": [-1.5, -1, 8]},
			"faces": {
				"north": {"uv": [9.5, 8.75, 9.375, 9.625], "texture": "#4"},
				"east": {"uv": [9.375, 8.75, 9.5, 9.625], "texture": "#4"},
				"south": {"uv": [9.375, 8.75, 9.5, 9.625], "texture": "#4"},
				"west": {"uv": [9.375, 8.75, 9.5, 9.625], "texture": "#4"},
				"up": {"uv": [9.375, 8.75, 9.5, 8.875], "texture": "#4"},
				"down": {"uv": [9.375, 9.5, 9.5, 9.625], "texture": "#4"}
			}
		},
		{
			"name": "handle1_1",
			"from": [7.75, 5.25, 7.85],
			"to": [7.875, 5.875, 8.275],
			"rotation": {"angle": 0, "axis": "y", "origin": [-1.5, -1, 8]},
			"faces": {
				"north": {"uv": [9.375, 9.125, 9.25, 9.75], "texture": "#4"},
				"east": {"uv": [9.25, 9.125, 9.375, 9.75], "texture": "#4"},
				"south": {"uv": [9.25, 9.125, 9.375, 9.75], "texture": "#4"},
				"west": {"uv": [9.25, 9.125, 9.375, 9.75], "texture": "#4"},
				"up": {"uv": [9.25, 9.125, 9.375, 9.25], "texture": "#4"},
				"down": {"uv": [9.25, 9.625, 9.375, 9.75], "texture": "#4"}
			}
		},
		{
			"name": "handle1_2",
			"from": [8, 5.25, 7.85],
			"to": [8.125, 5.875, 8.275],
			"rotation": {"angle": 0, "axis": "y", "origin": [-1.5, -1, 8]},
			"faces": {
				"north": {"uv": [9.625, 9.125, 9.5, 9.75], "texture": "#4"},
				"east": {"uv": [9.5, 9.125, 9.625, 9.75], "texture": "#4"},
				"south": {"uv": [9.5, 9.125, 9.625, 9.75], "texture": "#4"},
				"west": {"uv": [9.5, 9.125, 9.625, 9.75], "texture": "#4"},
				"up": {"uv": [9.5, 9.125, 9.625, 9.25], "texture": "#4"},
				"down": {"uv": [9.5, 9.625, 9.625, 9.75], "texture": "#4"}
			}
		},
		{
			"name": "handle1_3",
			"from": [7.625, 5.25, 7.85],
			"to": [7.75, 5.625, 8.275],
			"rotation": {"angle": 0, "axis": "y", "origin": [-1.5, -1, 8]},
			"faces": {
				"north": {"uv": [9.25, 9.375, 9.125, 9.75], "texture": "#4"},
				"south": {"uv": [9.125, 9.375, 9.25, 9.75], "texture": "#4"},
				"west": {"uv": [9.125, 9.375, 9.25, 9.75], "texture": "#4"},
				"up": {"uv": [9.125, 9.375, 9.25, 9.5], "texture": "#4"},
				"down": {"uv": [9.125, 9.625, 9.25, 9.75], "texture": "#4"}
			}
		},
		{
			"name": "handle1_4",
			"from": [8.125, 5.25, 7.85],
			"to": [8.25, 5.625, 8.275],
			"rotation": {"angle": 0, "axis": "y", "origin": [-1.5, -1, 8]},
			"faces": {
				"north": {"uv": [9.75, 9.375, 9.625, 9.75], "texture": "#4"},
				"east": {"uv": [9.625, 9.375, 9.75, 9.75], "texture": "#4"},
				"south": {"uv": [9.625, 9.375, 9.75, 9.75], "texture": "#4"},
				"up": {"uv": [9.625, 9.375, 9.75, 9.5], "texture": "#4"},
				"down": {"uv": [9.625, 9.625, 9.75, 9.75], "texture": "#4"}
			}
		},
		{
			"name": "handle1_5",
			"from": [7.125, 5.25, 7.85],
			"to": [7.375, 5.5, 8.275],
			"rotation": {"angle": 0, "axis": "y", "origin": [-1.5, -1, 8]},
			"faces": {
				"north": {"uv": [8.875, 9.5, 8.625, 9.75], "texture": "#4"},
				"east": {"uv": [8.75, 9.5, 8.875, 9.75], "texture": "#4"},
				"south": {"uv": [8.625, 9.5, 8.875, 9.75], "texture": "#4"},
				"west": {"uv": [8.625, 9.5, 8.75, 9.75], "texture": "#4"},
				"up": {"uv": [8.625, 9.5, 8.875, 9.625], "texture": "#4"},
				"down": {"uv": [8.625, 9.625, 8.875, 9.75], "texture": "#4"}
			}
		},
		{
			"name": "handle1_6",
			"from": [7.5, 5.125, 7.85],
			"to": [7.625, 5.5, 8.275],
			"rotation": {"angle": 0, "axis": "y", "origin": [-1.5, -1, 8]},
			"faces": {
				"north": {"uv": [9.125, 9.5, 9, 9.875], "texture": "#4"},
				"east": {"uv": [9, 9.5, 9.125, 9.875], "texture": "#4"},
				"south": {"uv": [9, 9.5, 9.125, 9.875], "texture": "#4"},
				"west": {"uv": [9, 9.5, 9.125, 9.875], "texture": "#4"},
				"up": {"uv": [9, 9.5, 9.125, 9.625], "texture": "#4"},
				"down": {"uv": [9, 9.75, 9.125, 9.875], "texture": "#4"}
			}
		},
		{
			"name": "handle1_7",
			"from": [8.25, 5.125, 7.85],
			"to": [8.375, 5.5, 8.275],
			"rotation": {"angle": 0, "axis": "y", "origin": [-1.5, -1, 8]},
			"faces": {
				"north": {"uv": [9.875, 9.5, 9.75, 9.875], "texture": "#4"},
				"east": {"uv": [9.75, 9.5, 9.875, 9.875], "texture": "#4"},
				"south": {"uv": [9.75, 9.5, 9.875, 9.875], "texture": "#4"},
				"west": {"uv": [9.75, 9.5, 9.875, 9.875], "texture": "#4"},
				"up": {"uv": [9.75, 9.5, 9.875, 9.625], "texture": "#4"},
				"down": {"uv": [9.75, 9.75, 9.875, 9.875], "texture": "#4"}
			}
		},
		{
			"name": "handle1_8",
			"from": [8.5, 5.25, 7.85],
			"to": [8.75, 5.5, 8.275],
			"rotation": {"angle": 0, "axis": "y", "origin": [-1.5, -1, 8]},
			"faces": {
				"north": {"uv": [10.25, 9.5, 10, 9.75], "texture": "#4"},
				"east": {"uv": [10.125, 9.5, 10.25, 9.75], "texture": "#4"},
				"south": {"uv": [10, 9.5, 10.25, 9.75], "texture": "#4"},
				"west": {"uv": [10, 9.5, 10.125, 9.75], "texture": "#4"},
				"up": {"uv": [10, 9.5, 10.25, 9.625], "texture": "#4"},
				"down": {"uv": [10, 9.625, 10.25, 9.75], "texture": "#4"}
			}
		},
		{
			"name": "handle1_9",
			"from": [7.375, 5.125, 7.85],
			"to": [7.5, 5.375, 8.275],
			"rotation": {"angle": 0, "axis": "y", "origin": [-1.5, -1, 8]},
			"faces": {
				"north": {"uv": [9, 9.625, 8.875, 9.875], "texture": "#4"},
				"south": {"uv": [8.875, 9.625, 9, 9.875], "texture": "#4"},
				"up": {"uv": [8.875, 9.625, 9, 9.75], "texture": "#4"},
				"down": {"uv": [8.875, 9.75, 9, 9.875], "texture": "#4"}
			}
		},
		{
			"name": "handle1_10",
			"from": [8.375, 5.125, 7.85],
			"to": [8.5, 5.375, 8.275],
			"rotation": {"angle": 0, "axis": "y", "origin": [-1.5, -1, 8]},
			"faces": {
				"north": {"uv": [10, 9.625, 9.875, 9.875], "texture": "#4"},
				"south": {"uv": [9.875, 9.625, 10, 9.875], "texture": "#4"},
				"up": {"uv": [9.875, 9.625, 10, 9.75], "texture": "#4"},
				"down": {"uv": [9.875, 9.75, 10, 9.875], "texture": "#4"}
			}
		},
		{
			"name": "handle1_11",
			"from": [7.25, 5.125, 7.85],
			"to": [7.375, 5.25, 8.275],
			"rotation": {"angle": 0, "axis": "y", "origin": [-1.5, -1, 8]},
			"faces": {
				"north": {"uv": [8.875, 9.75, 8.75, 9.875], "texture": "#4"},
				"south": {"uv": [8.75, 9.75, 8.875, 9.875], "texture": "#4"},
				"west": {"uv": [8.75, 9.75, 8.875, 9.875], "texture": "#4"},
				"down": {"uv": [8.75, 9.75, 8.875, 9.875], "texture": "#4"}
			}
		},
		{
			"name": "handle1_12",
			"from": [8.5, 5.125, 7.85],
			"to": [8.625, 5.25, 8.275],
			"rotation": {"angle": 0, "axis": "y", "origin": [-1.5, -1, 8]},
			"faces": {
				"north": {"uv": [10.125, 9.75, 10, 9.875], "texture": "#4"},
				"east": {"uv": [10, 9.75, 10.125, 9.875], "texture": "#4"},
				"south": {"uv": [10, 9.75, 10.125, 9.875], "texture": "#4"},
				"down": {"uv": [10, 9.75, 10.125, 9.875], "texture": "#4"}
			}
		},
		{
			"name": "handle1_13",
			"from": [7.625, 2.875, 7.85],
			"to": [8.25, 3.125, 8.275],
			"rotation": {"angle": 0, "axis": "y", "origin": [-1.5, -1, 8]},
			"faces": {
				"north": {"uv": [9.75, 11.875, 9.125, 12.125], "texture": "#4"},
				"east": {"uv": [9.625, 11.875, 9.75, 12.125], "texture": "#4"},
				"south": {"uv": [9.125, 11.875, 9.75, 12.125], "texture": "#4"},
				"west": {"uv": [9.125, 11.875, 9.25, 12.125], "texture": "#4"},
				"up": {"uv": [9.125, 11.875, 9.75, 12], "texture": "#4"},
				"down": {"uv": [9.125, 12, 9.75, 12.125], "texture": "#4"}
			}
		},
		{
			"name": "handle2_0",
			"from": [7.5, 6.5, 7.9],
			"to": [7.625, 6.75, 8.225],
			"rotation": {"angle": 0, "axis": "y", "origin": [-1.5, -1, 8]},
			"faces": {
				"north": {"uv": [9.125, 8.25, 9, 8.5], "texture": "#4"},
				"east": {"uv": [9, 8.25, 9.125, 8.5], "texture": "#4"},
				"south": {"uv": [9, 8.25, 9.125, 8.5], "texture": "#4"},
				"west": {"uv": [9, 8.25, 9.125, 8.5], "texture": "#4"},
				"up": {"uv": [9, 8.25, 9.125, 8.375], "texture": "#4"},
				"down": {"uv": [9, 8.375, 9.125, 8.5], "texture": "#4"}
			}
		},
		{
			"name": "handle2_1",
			"from": [8.25, 6.5, 7.9],
			"to": [8.375, 6.75, 8.225],
			"rotation": {"angle": 0, "axis": "y", "origin": [-1.5, -1, 8]},
			"faces": {
				"north": {"uv": [9.875, 8.25, 9.75, 8.5], "texture": "#4"},
				"east": {"uv": [9.75, 8.25, 9.875, 8.5], "texture": "#4"},
				"south": {"uv": [9.75, 8.25, 9.875, 8.5], "texture": "#4"},
				"west": {"uv": [9.75, 8.25, 9.875, 8.5], "texture": "#4"},
				"up": {"uv": [9.75, 8.25, 9.875, 8.375], "texture": "#4"},
				"down": {"uv": [9.75, 8.375, 9.875, 8.5], "texture": "#4"}
			}
		},
		{
			"name": "handle2_2",
			"from": [7.625, 6.375, 7.9],
			"to": [7.875, 6.625, 8.225],
			"rotation": {"angle": 0, "axis": "y", "origin": [-1.5, -1, 8]},
			"faces": {
				"north": {"uv": [9.375, 8.375, 9.125, 8.625], "texture": "#4"},
				"east": {"uv": [9.25, 8.375, 9.375, 8.625], "texture": "#4"},
				"south": {"uv": [9.125, 8.375, 9.375, 8.625], "texture": "#4"},
				"west": {"uv": [9.125, 8.375, 9.25, 8.625], "texture": "#4"},
				"up": {"uv": [9.125, 8.375, 9.375, 8.5], "texture": "#4"},
				"down": {"uv": [9.125, 8.5, 9.375, 8.625], "texture": "#4"}
			}
		},
		{
			"name": "handle2_3",
			"from": [8, 6.375, 7.9],
			"to": [8.25, 6.625, 8.225],
			"rotation": {"angle": 0, "axis": "y", "origin": [-1.5, -1, 8]},
			"faces": {
				"north": {"uv": [9.75, 8.375, 9.5, 8.625], "texture": "#4"},
				"east": {"uv": [9.625, 8.375, 9.75, 8.625], "texture": "#4"},
				"south": {"uv": [9.5, 8.375, 9.75, 8.625], "texture": "#4"},
				"west": {"uv": [9.5, 8.375, 9.625, 8.625], "texture": "#4"},
				"up": {"uv": [9.5, 8.375, 9.75, 8.5], "texture": "#4"},
				"down": {"uv": [9.5, 8.5, 9.75, 8.625], "texture": "#4"}
			}
		},
		{
			"name": "handle2_4",
			"from": [7.875, 6.25, 7.9],
			"to": [8, 6.5, 8.225],
			"rotation": {"angle": 0, "axis": "y", "origin": [-1.5, -1, 8]},
			"faces": {
				"north": {"uv": [9.5, 8.5, 9.375, 8.75], "texture": "#4"},
				"south": {"uv": [9.375, 8.5, 9.5, 8.75], "texture": "#4"},
				"up": {"uv": [9.375, 8.5, 9.5, 8.625], "texture": "#4"}
			}
		},
		{
			"name": "handle2_5",
			"from": [7.75, 5.875, 7.9],
			"to": [7.875, 6.375, 8.225],
			"rotation": {"angle": 0, "axis": "y", "origin": [-1.5, -1, 8]},
			"faces": {
				"north": {"uv": [9.375, 8.625, 9.25, 9.125], "texture": "#4"},
				"south": {"uv": [9.25, 8.625, 9.375, 9.125], "texture": "#4"},
				"west": {"uv": [9.25, 8.625, 9.375, 9.125], "texture": "#4"}
			}
		},
		{
			"name": "handle2_6",
			"from": [8, 5.875, 7.9],
			"to": [8.125, 6.375, 8.225],
			"rotation": {"angle": 0, "axis": "y", "origin": [-1.5, -1, 8]},
			"faces": {
				"north": {"uv": [9.625, 8.625, 9.5, 9.125], "texture": "#4"},
				"east": {"uv": [9.5, 8.625, 9.625, 9.125], "texture": "#4"},
				"south": {"uv": [9.5, 8.625, 9.625, 9.125], "texture": "#4"}
			}
		},
		{
			"name": "handle2_7",
			"from": [7.375, 6, 7.9],
			"to": [7.625, 6.25, 8.225],
			"rotation": {"angle": 0, "axis": "y", "origin": [-1.5, -1, 8]},
			"faces": {
				"north": {"uv": [9.125, 8.75, 8.875, 9], "texture": "#4"},
				"east": {"uv": [9, 8.75, 9.125, 9], "texture": "#4"},
				"south": {"uv": [8.875, 8.75, 9.125, 9], "texture": "#4"},
				"west": {"uv": [8.875, 8.75, 9, 9], "texture": "#4"},
				"up": {"uv": [8.875, 8.75, 9.125, 8.875], "texture": "#4"},
				"down": {"uv": [8.875, 8.875, 9.125, 9], "texture": "#4"}
			}
		},
		{
			"name": "handle2_8",
			"from": [8.25, 6, 7.9],
			"to": [8.5, 6.25, 8.225],
			"rotation": {"angle": 0, "axis": "y", "origin": [-1.5, -1, 8]},
			"faces": {
				"north": {"uv": [10, 8.75, 9.75, 9], "texture": "#4"},
				"east": {"uv": [9.875, 8.75, 10, 9], "texture": "#4"},
				"south": {"uv": [9.75, 8.75, 10, 9], "texture": "#4"},
				"west": {"uv": [9.75, 8.75, 9.875, 9], "texture": "#4"},
				"up": {"uv": [9.75, 8.75, 10, 8.875], "texture": "#4"},
				"down": {"uv": [9.75, 8.875, 10, 9], "texture": "#4"}
			}
		},
		{
			"name": "handle2_9",
			"from": [7.25, 6, 7.9],
			"to": [7.375, 6.125, 8.225],
			"rotation": {"angle": 0, "axis": "y", "origin": [-1.5, -1, 8]},
			"faces": {
				"north": {"uv": [8.875, 8.875, 8.75, 9], "texture": "#4"},
				"south": {"uv": [8.75, 8.875, 8.875, 9], "texture": "#4"},
				"west": {"uv": [8.75, 8.875, 8.875, 9], "texture": "#4"},
				"up": {"uv": [8.75, 8.875, 8.875, 9], "texture": "#4"},
				"down": {"uv": [8.75, 8.875, 8.875, 9], "texture": "#4"}
			}
		},
		{
			"name": "handle2_10",
			"from": [7.625, 5.875, 7.9],
			"to": [7.75, 6.125, 8.225],
			"rotation": {"angle": 0, "axis": "y", "origin": [-1.5, -1, 8]},
			"faces": {
				"north": {"uv": [9.25, 8.875, 9.125, 9.125], "texture": "#4"},
				"south": {"uv": [9.125, 8.875, 9.25, 9.125], "texture": "#4"},
				"west": {"uv": [9.125, 8.875, 9.25, 9.125], "texture": "#4"},
				"up": {"uv": [9.125, 8.875, 9.25, 9], "texture": "#4"},
				"down": {"uv": [9.125, 9, 9.25, 9.125], "texture": "#4"}
			}
		},
		{
			"name": "handle2_11",
			"from": [8.125, 5.875, 7.9],
			"to": [8.25, 6.125, 8.225],
			"rotation": {"angle": 0, "axis": "y", "origin": [-1.5, -1, 8]},
			"faces": {
				"north": {"uv": [9.75, 8.875, 9.625, 9.125], "texture": "#4"},
				"east": {"uv": [9.625, 8.875, 9.75, 9.125], "texture": "#4"},
				"south": {"uv": [9.625, 8.875, 9.75, 9.125], "texture": "#4"},
				"up": {"uv": [9.625, 8.875, 9.75, 9], "texture": "#4"},
				"down": {"uv": [9.625, 9, 9.75, 9.125], "texture": "#4"}
			}
		},
		{
			"name": "handle2_12",
			"from": [8.5, 6, 7.9],
			"to": [8.625, 6.125, 8.225],
			"rotation": {"angle": 0, "axis": "y", "origin": [-1.5, -1, 8]},
			"faces": {
				"north": {"uv": [10.125, 8.875, 10, 9], "texture": "#4"},
				"east": {"uv": [10, 8.875, 10.125, 9], "texture": "#4"},
				"south": {"uv": [10, 8.875, 10.125, 9], "texture": "#4"},
				"up": {"uv": [10, 8.875, 10.125, 9], "texture": "#4"},
				"down": {"uv": [10, 8.875, 10.125, 9], "texture": "#4"}
			}
		}
	],
	"gui_light": "front",
	"display": {
		"thirdperson_righthand": {
			"rotation": [0, -90, 0],
			"translation": [0, 9.5, 1.25],
			"scale": [3.15, 3.15, 2.5]
		},
		"thirdperson_lefthand": {
			"rotation": [0, 90, 0],
			"translation": [0, 9.5, 1.25],
			"scale": [3.15, 3.15, 2.5]
		},
		"firstperson_righthand": {
			"rotation": [8, -90, 0],
			"translation": [0, 7.5, 2],
			"scale": [2.1, 2.1, 2]
		},
		"firstperson_lefthand": {
			"rotation": [8, 90, 0],
			"translation": [0, 7.5, 2],
			"scale": [2.1, 2.1, 2]
		},
		"ground": {
			"translation": [0, 7, 0],
			"scale": [2, 2, 2]
		},
		"gui": {
			"rotation": [0, 0, -43],
			"translation": [1.25, 0.75, 0],
			"scale": [2.8, 2.8, 2]
		},
		"head": {
			"rotation": [0, 0, 144],
			"translation": [-1.25, -15.25, 3.75],
			"scale": [4, 4, 3.75]
		},
		"fixed": {
			"rotation": [0, 0, 47],
			"translation": [-1.5, 2, -0.75],
			"scale": [3.8, 3.8, 2.5]
		}
	},
	"groups": [
		{
			"name": "blade2",
			"origin": [8, 8, 8],
			"color": 0,
			"nbt": "{}",
			"children": [0, 1, 2, 3, 4, 5, 6, 7, 8, 9, 10, 11, 12, 13, 14, 15, 16, 17]
		},
		{
			"name": "blade-1",
			"origin": [8, 8, 8],
			"color": 0,
			"nbt": "{}",
			"children": [18, 19, 20]
		},
		{
			"name": "handle1",
			"origin": [8, 8, 8],
			"color": 0,
			"nbt": "{}",
			"children": [21, 22, 23, 24, 25, 26, 27, 28, 29, 30, 31, 32, 33, 34]
		},
		{
			"name": "handle2",
			"origin": [8, 8, 8],
			"color": 0,
			"nbt": "{}",
			"children": [35, 36, 37, 38, 39, 40, 41, 42, 43, 44, 45, 46, 47]
		}
	]
}