{
	"credit": "Made with Blockbench",
	"textures": {
		"0": "item/diamond_sword/sabre",
		"particle": "item/diamond_sword/sabre"
	},
	"elements": [
		{
			"name": "sabre_0",
			"from": [8.875, 12.375, 7.75],
			"to": [9.125, 12.75, 7.875],
			"faces": {
				"north": {"uv": [9.125, 3.25, 8.875, 3.625], "texture": "#0"},
				"east": {"uv": [9, 3.25, 9.125, 3.625], "texture": "#0"},
				"south": {"uv": [8.875, 3.25, 9.125, 3.625], "texture": "#0"},
				"west": {"uv": [8.875, 3.25, 9, 3.625], "texture": "#0"},
				"up": {"uv": [8.875, 3.25, 9.125, 3.375], "texture": "#0"},
				"down": {"uv": [8.875, 3.5, 9.125, 3.625], "texture": "#0"}
			}
		},
		{
			"name": "sabre_1",
			"from": [9.125, 12.625, 7.75],
			"to": [9.25, 12.75, 7.875],
			"faces": {
				"north": {"uv": [9.25, 3.25, 9.125, 3.375], "texture": "#0"},
				"east": {"uv": [9.125, 3.25, 9.25, 3.375], "texture": "#0"},
				"south": {"uv": [9.125, 3.25, 9.25, 3.375], "texture": "#0"},
				"west": {"uv": [9.125, 3.25, 9.25, 3.375], "texture": "#0"},
				"up": {"uv": [9.125, 3.25, 9.25, 3.375], "texture": "#0"},
				"down": {"uv": [9.125, 3.25, 9.25, 3.375], "texture": "#0"}
			}
		},
		{
			"name": "sabre_2",
			"from": [8.625, 12.125, 7.75],
			"to": [8.875, 12.625, 7.875],
			"faces": {
				"north": {"uv": [8.875, 3.375, 8.625, 3.875], "texture": "#0"},
				"east": {"uv": [8.75, 3.375, 8.875, 3.875], "texture": "#0"},
				"south": {"uv": [8.625, 3.375, 8.875, 3.875], "texture": "#0"},
				"west": {"uv": [8.625, 3.375, 8.75, 3.875], "texture": "#0"},
				"up": {"uv": [8.625, 3.375, 8.875, 3.5], "texture": "#0"},
				"down": {"uv": [8.625, 3.75, 8.875, 3.875], "texture": "#0"}
			}
		},
		{
			"name": "sabre_3",
			"from": [8.5, 11.875, 7.75],
			"to": [8.625, 12.5, 7.875],
			"faces": {
				"north": {"uv": [8.625, 3.5, 8.5, 4.125], "texture": "#0"},
				"east": {"uv": [8.5, 3.5, 8.625, 4.125], "texture": "#0"},
				"south": {"uv": [8.5, 3.5, 8.625, 4.125], "texture": "#0"},
				"west": {"uv": [8.5, 3.5, 8.625, 4.125], "texture": "#0"},
				"up": {"uv": [8.5, 3.5, 8.625, 3.625], "texture": "#0"},
				"down": {"uv": [8.5, 4, 8.625, 4.125], "texture": "#0"}
			}
		},
		{
			"name": "sabre_4",
			"from": [8.375, 11.375, 7.75],
			"to": [8.5, 12.375, 7.875],
			"faces": {
				"north": {"uv": [8.5, 3.625, 8.375, 4.625], "texture": "#0"},
				"east": {"uv": [8.375, 3.625, 8.5, 4.625], "texture": "#0"},
				"south": {"uv": [8.375, 3.625, 8.5, 4.625], "texture": "#0"},
				"west": {"uv": [8.375, 3.625, 8.5, 4.625], "texture": "#0"},
				"up": {"uv": [8.375, 3.625, 8.5, 3.75], "texture": "#0"},
				"down": {"uv": [8.375, 4.5, 8.5, 4.625], "texture": "#0"}
			}
		},
		{
			"name": "sabre_5",
			"from": [8.875, 12.25, 7.75],
			"to": [9, 12.375, 7.875],
			"faces": {
				"north": {"uv": [9, 3.625, 8.875, 3.75], "texture": "#0"},
				"east": {"uv": [8.875, 3.625, 9, 3.75], "texture": "#0"},
				"south": {"uv": [8.875, 3.625, 9, 3.75], "texture": "#0"},
				"west": {"uv": [8.875, 3.625, 9, 3.75], "texture": "#0"},
				"up": {"uv": [8.875, 3.625, 9, 3.75], "texture": "#0"},
				"down": {"uv": [8.875, 3.625, 9, 3.75], "texture": "#0"}
			}
		},
		{
			"name": "sabre_6",
			"from": [8.875, 12.125, 7.7],
			"to": [9, 12.25, 7.925],
			"faces": {
				"north": {"uv": [9.5, 3.75, 9.375, 3.875], "texture": "#0"},
				"east": {"uv": [9.375, 3.75, 9.5, 3.875], "texture": "#0"},
				"south": {"uv": [9.375, 3.75, 9.5, 3.875], "texture": "#0"},
				"west": {"uv": [9.375, 3.75, 9.5, 3.875], "texture": "#0"},
				"up": {"uv": [9.375, 3.75, 9.5, 3.875], "texture": "#0"},
				"down": {"uv": [9.375, 3.75, 9.5, 3.875], "texture": "#0"}
			}
		},
		{
			"name": "sabre_7",
			"from": [8.25, 10.875, 7.75],
			"to": [8.375, 12.125, 7.875],
			"faces": {
				"north": {"uv": [8.375, 3.875, 8.25, 5.125], "texture": "#0"},
				"east": {"uv": [8.25, 3.875, 8.375, 5.125], "texture": "#0"},
				"south": {"uv": [8.25, 3.875, 8.375, 5.125], "texture": "#0"},
				"west": {"uv": [8.25, 3.875, 8.375, 5.125], "texture": "#0"},
				"up": {"uv": [8.25, 3.875, 8.375, 4], "texture": "#0"},
				"down": {"uv": [8.25, 5, 8.375, 5.125], "texture": "#0"}
			}
		},
		{
			"name": "sabre_8",
			"from": [8.625, 11.875, 7.7],
			"to": [8.875, 12.125, 7.925],
			"faces": {
				"north": {"uv": [9.375, 3.875, 9.125, 4.125], "texture": "#0"},
				"east": {"uv": [9.25, 3.875, 9.375, 4.125], "texture": "#0"},
				"south": {"uv": [9.125, 3.875, 9.375, 4.125], "texture": "#0"},
				"west": {"uv": [9.125, 3.875, 9.25, 4.125], "texture": "#0"},
				"up": {"uv": [9.125, 3.875, 9.375, 4], "texture": "#0"},
				"down": {"uv": [9.125, 4, 9.375, 4.125], "texture": "#0"}
			}
		},
		{
			"name": "sabre_9",
			"from": [8.125, 9.75, 7.75],
			"to": [8.25, 11.875, 7.875],
			"faces": {
				"north": {"uv": [8.25, 4.125, 8.125, 6.25], "texture": "#0"},
				"east": {"uv": [8.125, 4.125, 8.25, 6.25], "texture": "#0"},
				"south": {"uv": [8.125, 4.125, 8.25, 6.25], "texture": "#0"},
				"west": {"uv": [8.125, 4.125, 8.25, 6.25], "texture": "#0"},
				"up": {"uv": [8.125, 4.125, 8.25, 4.25], "texture": "#0"},
				"down": {"uv": [8.125, 6.125, 8.25, 6.25], "texture": "#0"}
			}
		},
		{
			"name": "sabre_10",
			"from": [8.5, 11.375, 7.7],
			"to": [8.75, 11.875, 7.925],
			"faces": {
				"north": {"uv": [9.25, 4.125, 9, 4.625], "texture": "#0"},
				"east": {"uv": [9.125, 4.125, 9.25, 4.625], "texture": "#0"},
				"south": {"uv": [9, 4.125, 9.25, 4.625], "texture": "#0"},
				"west": {"uv": [9, 4.125, 9.125, 4.625], "texture": "#0"},
				"up": {"uv": [9, 4.125, 9.25, 4.25], "texture": "#0"},
				"down": {"uv": [9, 4.5, 9.25, 4.625], "texture": "#0"}
			}
		},
		{
			"name": "sabre_11",
			"from": [8, 8.75, 7.75],
			"to": [8.125, 11.375, 7.875],
			"faces": {
				"north": {"uv": [8.125, 4.625, 8, 7.25], "texture": "#0"},
				"east": {"uv": [8, 4.625, 8.125, 7.25], "texture": "#0"},
				"south": {"uv": [8, 4.625, 8.125, 7.25], "texture": "#0"},
				"west": {"uv": [8, 4.625, 8.125, 7.25], "texture": "#0"},
				"up": {"uv": [8, 4.625, 8.125, 4.75], "texture": "#0"},
				"down": {"uv": [8, 7.125, 8.125, 7.25], "texture": "#0"}
			}
		},
		{
			"name": "sabre_12",
			"from": [8.375, 10.75, 7.7],
			"to": [8.625, 11.375, 7.925],
			"faces": {
				"north": {"uv": [9.125, 4.625, 8.875, 5.25], "texture": "#0"},
				"east": {"uv": [9, 4.625, 9.125, 5.25], "texture": "#0"},
				"south": {"uv": [8.875, 4.625, 9.125, 5.25], "texture": "#0"},
				"west": {"uv": [8.875, 4.625, 9, 5.25], "texture": "#0"},
				"up": {"uv": [8.875, 4.625, 9.125, 4.75], "texture": "#0"},
				"down": {"uv": [8.875, 5.125, 9.125, 5.25], "texture": "#0"}
			}
		},
		{
			"name": "sabre_13",
			"from": [8.25, 8.75, 7.7],
			"to": [8.375, 10.875, 7.925],
			"faces": {
				"north": {"uv": [8.875, 5.125, 8.75, 7.25], "texture": "#0"},
				"east": {"uv": [8.75, 5.125, 8.875, 7.25], "texture": "#0"},
				"south": {"uv": [8.75, 5.125, 8.875, 7.25], "texture": "#0"},
				"west": {"uv": [8.75, 5.125, 8.875, 7.25], "texture": "#0"},
				"up": {"uv": [8.75, 5.125, 8.875, 5.25], "texture": "#0"},
				"down": {"uv": [8.75, 7.125, 8.875, 7.25], "texture": "#0"}
			}
		},
		{
			"name": "sabre_14",
			"from": [7.875, 5.25, 7.75],
			"to": [8, 10.75, 7.875],
			"faces": {
				"north": {"uv": [8, 5.25, 7.875, 10.75], "texture": "#0"},
				"east": {"uv": [7.875, 5.25, 8, 10.75], "texture": "#0"},
				"south": {"uv": [7.875, 5.25, 8, 10.75], "texture": "#0"},
				"west": {"uv": [7.875, 5.25, 8, 10.75], "texture": "#0"},
				"up": {"uv": [7.875, 5.25, 8, 5.375], "texture": "#0"},
				"down": {"uv": [7.875, 10.625, 8, 10.75], "texture": "#0"}
			}
		},
		{
			"name": "sabre_15",
			"from": [8.375, 9.75, 7.7],
			"to": [8.5, 10.75, 7.925],
			"faces": {
				"north": {"uv": [9, 5.25, 8.875, 6.25], "texture": "#0"},
				"east": {"uv": [8.875, 5.25, 9, 6.25], "texture": "#0"},
				"south": {"uv": [8.875, 5.25, 9, 6.25], "texture": "#0"},
				"west": {"uv": [8.875, 5.25, 9, 6.25], "texture": "#0"},
				"up": {"uv": [8.875, 5.25, 9, 5.375], "texture": "#0"},
				"down": {"uv": [8.875, 6.125, 9, 6.25], "texture": "#0"}
			}
		},
		{
			"name": "sabre_16",
			"from": [7.75, 5.25, 7.75],
			"to": [7.875, 9.75, 7.875],
			"faces": {
				"north": {"uv": [7.875, 6.25, 7.75, 10.75], "texture": "#0"},
				"east": {"uv": [7.75, 6.25, 7.875, 10.75], "texture": "#0"},
				"south": {"uv": [7.75, 6.25, 7.875, 10.75], "texture": "#0"},
				"west": {"uv": [7.75, 6.25, 7.875, 10.75], "texture": "#0"},
				"up": {"uv": [7.75, 6.25, 7.875, 6.375], "texture": "#0"},
				"down": {"uv": [7.75, 10.625, 7.875, 10.75], "texture": "#0"}
			}
		},
		{
			"name": "sabre_17",
			"from": [8.125, 5.625, 7.7],
			"to": [8.25, 9.75, 7.925],
			"faces": {
				"north": {"uv": [8.75, 6.25, 8.625, 10.375], "texture": "#0"},
				"east": {"uv": [8.625, 6.25, 8.75, 10.375], "texture": "#0"},
				"south": {"uv": [8.625, 6.25, 8.75, 10.375], "texture": "#0"},
				"west": {"uv": [8.625, 6.25, 8.75, 10.375], "texture": "#0"},
				"up": {"uv": [8.625, 6.25, 8.75, 6.375], "texture": "#0"},
				"down": {"uv": [8.625, 10.25, 8.75, 10.375], "texture": "#0"}
			}
		},
		{
			"name": "sabre_18",
			"from": [7.625, 6.75, 7.75],
			"to": [7.75, 8.75, 7.875],
			"faces": {
				"north": {"uv": [7.75, 7.25, 7.625, 9.25], "texture": "#0"},
				"east": {"uv": [7.625, 7.25, 7.75, 9.25], "texture": "#0"},
				"south": {"uv": [7.625, 7.25, 7.75, 9.25], "texture": "#0"},
				"west": {"uv": [7.625, 7.25, 7.75, 9.25], "texture": "#0"},
				"up": {"uv": [7.625, 7.25, 7.75, 7.375], "texture": "#0"},
				"down": {"uv": [7.625, 9.125, 7.75, 9.25], "texture": "#0"}
			}
		},
		{
			"name": "sabre_19",
			"from": [8, 6.75, 7.7],
			"to": [8.125, 8.75, 7.925],
			"faces": {
				"north": {"uv": [8.625, 7.25, 8.5, 9.25], "texture": "#0"},
				"east": {"uv": [8.5, 7.25, 8.625, 9.25], "texture": "#0"},
				"south": {"uv": [8.5, 7.25, 8.625, 9.25], "texture": "#0"},
				"west": {"uv": [8.5, 7.25, 8.625, 9.25], "texture": "#0"},
				"up": {"uv": [8.5, 7.25, 8.625, 7.375], "texture": "#0"},
				"down": {"uv": [8.5, 9.125, 8.625, 9.25], "texture": "#0"}
			}
		},
		{
			"name": "sabre_20",
			"from": [8, 5.625, 7.75],
			"to": [8.125, 6.75, 7.875],
			"faces": {
				"north": {"uv": [8.125, 9.25, 8, 10.375], "texture": "#0"},
				"east": {"uv": [8, 9.25, 8.125, 10.375], "texture": "#0"},
				"south": {"uv": [8, 9.25, 8.125, 10.375], "texture": "#0"},
				"west": {"uv": [8, 9.25, 8.125, 10.375], "texture": "#0"},
				"up": {"uv": [8, 9.25, 8.125, 9.375], "texture": "#0"},
				"down": {"uv": [8, 10.25, 8.125, 10.375], "texture": "#0"}
			}
		},
		{
			"name": "sabre_21",
			"from": [8.25, 5.25, 7.7],
			"to": [8.375, 6.75, 7.925],
			"faces": {
				"north": {"uv": [8.875, 9.25, 8.75, 10.75], "texture": "#0"},
				"east": {"uv": [8.75, 9.25, 8.875, 10.75], "texture": "#0"},
				"south": {"uv": [8.75, 9.25, 8.875, 10.75], "texture": "#0"},
				"west": {"uv": [8.75, 9.25, 8.875, 10.75], "texture": "#0"},
				"up": {"uv": [8.75, 9.25, 8.875, 9.375], "texture": "#0"},
				"down": {"uv": [8.75, 10.625, 8.875, 10.75], "texture": "#0"}
			}
		},
		{
			"name": "sabre_22",
			"from": [8, 4.5, 7.6],
			"to": [8.25, 5.625, 8.025],
			"faces": {
				"north": {"uv": [7, 10.375, 6.75, 11.5], "texture": "#0"},
				"east": {"uv": [6.875, 10.375, 7, 11.5], "texture": "#0"},
				"south": {"uv": [6.75, 10.375, 7, 11.5], "texture": "#0"},
				"west": {"uv": [6.75, 10.375, 6.875, 11.5], "texture": "#0"},
				"up": {"uv": [6.75, 10.375, 7, 10.5], "texture": "#0"},
				"down": {"uv": [6.75, 11.375, 7, 11.5], "texture": "#0"}
			}
		},
		{
			"name": "sabre_23",
			"from": [7, 4.875, 7.6],
			"to": [8, 5.25, 8.025],
			"faces": {
				"north": {"uv": [6.75, 10.75, 5.75, 11.125], "texture": "#0"},
				"east": {"uv": [6.625, 10.75, 6.75, 11.125], "texture": "#0"},
				"south": {"uv": [5.75, 10.75, 6.75, 11.125], "texture": "#0"},
				"west": {"uv": [5.75, 10.75, 5.875, 11.125], "texture": "#0"},
				"up": {"uv": [5.75, 10.75, 6.75, 10.875], "texture": "#0"},
				"down": {"uv": [5.75, 11, 6.75, 11.125], "texture": "#0"}
			}
		},
		{
			"name": "sabre_24",
			"from": [8.25, 4.875, 7.6],
			"to": [9, 5.25, 8.025],
			"faces": {
				"north": {"uv": [7.75, 10.75, 7, 11.125], "texture": "#0"},
				"east": {"uv": [7.625, 10.75, 7.75, 11.125], "texture": "#0"},
				"south": {"uv": [7, 10.75, 7.75, 11.125], "texture": "#0"},
				"west": {"uv": [7, 10.75, 7.125, 11.125], "texture": "#0"},
				"up": {"uv": [7, 10.75, 7.75, 10.875], "texture": "#0"},
				"down": {"uv": [7, 11, 7.75, 11.125], "texture": "#0"}
			}
		},
		{
			"name": "sabre_25",
			"from": [7, 3.5, 7.6],
			"to": [7.25, 4.875, 8.025],
			"faces": {
				"north": {"uv": [6, 11.125, 5.75, 12.5], "texture": "#0"},
				"east": {"uv": [5.875, 11.125, 6, 12.5], "texture": "#0"},
				"south": {"uv": [5.75, 11.125, 6, 12.5], "texture": "#0"},
				"west": {"uv": [5.75, 11.125, 5.875, 12.5], "texture": "#0"},
				"up": {"uv": [5.75, 11.125, 6, 11.25], "texture": "#0"},
				"down": {"uv": [5.75, 12.375, 6, 12.5], "texture": "#0"}
			}
		},
		{
			"name": "sabre_26",
			"from": [7.875, 2.875, 7.65],
			"to": [8, 4.875, 7.975],
			"faces": {
				"north": {"uv": [8, 11.125, 7.875, 13.125], "texture": "#0"},
				"east": {"uv": [7.875, 11.125, 8, 13.125], "texture": "#0"},
				"south": {"uv": [7.875, 11.125, 8, 13.125], "texture": "#0"},
				"west": {"uv": [7.875, 11.125, 8, 13.125], "texture": "#0"},
				"up": {"uv": [7.875, 11.125, 8, 11.25], "texture": "#0"},
				"down": {"uv": [7.875, 13, 8, 13.125], "texture": "#0"}
			}
		},
		{
			"name": "sabre_27",
			"from": [8.25, 4.25, 7.65],
			"to": [8.375, 4.875, 7.975],
			"faces": {
				"north": {"uv": [8.375, 11.125, 8.25, 11.75], "texture": "#0"},
				"east": {"uv": [8.25, 11.125, 8.375, 11.75], "texture": "#0"},
				"south": {"uv": [8.25, 11.125, 8.375, 11.75], "texture": "#0"},
				"west": {"uv": [8.25, 11.125, 8.375, 11.75], "texture": "#0"},
				"up": {"uv": [8.25, 11.125, 8.375, 11.25], "texture": "#0"},
				"down": {"uv": [8.25, 11.625, 8.375, 11.75], "texture": "#0"}
			}
		},
		{
			"name": "sabre_28",
			"from": [8, 3.25, 7.65],
			"to": [8.25, 4.5, 7.975],
			"faces": {
				"north": {"uv": [8.25, 11.5, 8, 12.75], "texture": "#0"},
				"east": {"uv": [8.125, 11.5, 8.25, 12.75], "texture": "#0"},
				"south": {"uv": [8, 11.5, 8.25, 12.75], "texture": "#0"},
				"west": {"uv": [8, 11.5, 8.125, 12.75], "texture": "#0"},
				"up": {"uv": [8, 11.5, 8.25, 11.625], "texture": "#0"},
				"down": {"uv": [8, 12.625, 8.25, 12.75], "texture": "#0"}
			}
		},
		{
			"name": "sabre_29",
			"from": [8.25, 2.875, 7.6],
			"to": [8.375, 4.25, 8.025],
			"faces": {
				"north": {"uv": [8.875, 11.75, 8.75, 13.125], "texture": "#0"},
				"east": {"uv": [8.75, 11.75, 8.875, 13.125], "texture": "#0"},
				"south": {"uv": [8.75, 11.75, 8.875, 13.125], "texture": "#0"},
				"west": {"uv": [8.75, 11.75, 8.875, 13.125], "texture": "#0"},
				"up": {"uv": [8.75, 11.75, 8.875, 11.875], "texture": "#0"},
				"down": {"uv": [8.75, 13, 8.875, 13.125], "texture": "#0"}
			}
		},
		{
			"name": "sabre_30",
			"from": [7.25, 3, 7.6],
			"to": [7.375, 3.625, 8.025],
			"faces": {
				"north": {"uv": [6.125, 12.375, 6, 13], "texture": "#0"},
				"east": {"uv": [6, 12.375, 6.125, 13], "texture": "#0"},
				"south": {"uv": [6, 12.375, 6.125, 13], "texture": "#0"},
				"west": {"uv": [6, 12.375, 6.125, 13], "texture": "#0"},
				"up": {"uv": [6, 12.375, 6.125, 12.5], "texture": "#0"},
				"down": {"uv": [6, 12.875, 6.125, 13], "texture": "#0"}
			}
		},
		{
			"name": "sabre_31",
			"from": [7.125, 3.125, 7.6],
			"to": [7.25, 3.5, 8.025],
			"faces": {
				"north": {"uv": [6, 12.5, 5.875, 12.875], "texture": "#0"},
				"east": {"uv": [5.875, 12.5, 6, 12.875], "texture": "#0"},
				"south": {"uv": [5.875, 12.5, 6, 12.875], "texture": "#0"},
				"west": {"uv": [5.875, 12.5, 6, 12.875], "texture": "#0"},
				"up": {"uv": [5.875, 12.5, 6, 12.625], "texture": "#0"},
				"down": {"uv": [5.875, 12.75, 6, 12.875], "texture": "#0"}
			}
		},
		{
			"name": "sabre_32",
			"from": [7.375, 3, 7.6],
			"to": [7.5, 3.25, 8.025],
			"faces": {
				"north": {"uv": [6.25, 12.75, 6.125, 13], "texture": "#0"},
				"east": {"uv": [6.125, 12.75, 6.25, 13], "texture": "#0"},
				"south": {"uv": [6.125, 12.75, 6.25, 13], "texture": "#0"},
				"west": {"uv": [6.125, 12.75, 6.25, 13], "texture": "#0"},
				"up": {"uv": [6.125, 12.75, 6.25, 12.875], "texture": "#0"},
				"down": {"uv": [6.125, 12.875, 6.25, 13], "texture": "#0"}
			}
		},
		{
			"name": "sabre_33",
			"from": [8, 2.875, 7.65],
			"to": [8.125, 3.25, 7.975],
			"faces": {
				"north": {"uv": [8.125, 12.75, 8, 13.125], "texture": "#0"},
				"east": {"uv": [8, 12.75, 8.125, 13.125], "texture": "#0"},
				"south": {"uv": [8, 12.75, 8.125, 13.125], "texture": "#0"},
				"west": {"uv": [8, 12.75, 8.125, 13.125], "texture": "#0"},
				"up": {"uv": [8, 12.75, 8.125, 12.875], "texture": "#0"},
				"down": {"uv": [8, 13, 8.125, 13.125], "texture": "#0"}
			}
		},
		{
			"name": "sabre_34",
			"from": [8.125, 2.625, 7.6],
			"to": [8.25, 3.25, 8.025],
			"faces": {
				"north": {"uv": [8.75, 12.75, 8.625, 13.375], "texture": "#0"},
				"east": {"uv": [8.625, 12.75, 8.75, 13.375], "texture": "#0"},
				"south": {"uv": [8.625, 12.75, 8.75, 13.375], "texture": "#0"},
				"west": {"uv": [8.625, 12.75, 8.75, 13.375], "texture": "#0"},
				"up": {"uv": [8.625, 12.75, 8.75, 12.875], "texture": "#0"},
				"down": {"uv": [8.625, 13.25, 8.75, 13.375], "texture": "#0"}
			}
		},
		{
			"name": "sabre_35",
			"from": [7.75, 2.875, 7.65],
			"to": [7.875, 3, 7.975],
			"faces": {
				"north": {"uv": [7.875, 13, 7.75, 13.125], "texture": "#0"},
				"east": {"uv": [7.75, 13, 7.875, 13.125], "texture": "#0"},
				"south": {"uv": [7.75, 13, 7.875, 13.125], "texture": "#0"},
				"west": {"uv": [7.75, 13, 7.875, 13.125], "texture": "#0"},
				"up": {"uv": [7.75, 13, 7.875, 13.125], "texture": "#0"},
				"down": {"uv": [7.75, 13, 7.875, 13.125], "texture": "#0"}
			}
		},
		{
			"name": "sabre_36",
			"from": [7.625, 2.625, 7.6],
			"to": [8.125, 2.875, 8.025],
			"faces": {
				"north": {"uv": [8.625, 13.125, 8.125, 13.375], "texture": "#0"},
				"east": {"uv": [8.5, 13.125, 8.625, 13.375], "texture": "#0"},
				"south": {"uv": [8.125, 13.125, 8.625, 13.375], "texture": "#0"},
				"west": {"uv": [8.125, 13.125, 8.25, 13.375], "texture": "#0"},
				"up": {"uv": [8.125, 13.125, 8.625, 13.25], "texture": "#0"},
				"down": {"uv": [8.125, 13.25, 8.625, 13.375], "texture": "#0"}
			}
		},
		{
			"name": "sabre_37",
			"from": [7.75, 2.5, 7.6],
			"to": [8.125, 2.625, 8.025],
			"faces": {
				"north": {"uv": [8.625, 13.375, 8.25, 13.5], "texture": "#0"},
				"east": {"uv": [8.5, 13.375, 8.625, 13.5], "texture": "#0"},
				"south": {"uv": [8.25, 13.375, 8.625, 13.5], "texture": "#0"},
				"west": {"uv": [8.25, 13.375, 8.375, 13.5], "texture": "#0"},
				"up": {"uv": [8.25, 13.375, 8.625, 13.5], "texture": "#0"},
				"down": {"uv": [8.25, 13.375, 8.625, 13.5], "texture": "#0"}
			}
		}
	],
	"gui_light": "front",
	"display": {
		"thirdperson_righthand": {
			"rotation": [0, -90, 0],
			"translation": [0, 9.25, 1],
			"scale": [2.8, 2.8, 2.8]
		},
		"thirdperson_lefthand": {
			"rotation": [0, 90, 0],
			"translation": [0, 9.5, 1],
			"scale": [2.8, 2.8, 2.8]
		},
		"firstperson_righthand": {
			"rotation": [-4, -90, -8],
			"translation": [2.5, 8.5, -0.25],
			"scale": [2, 2, 2]
		},
		"firstperson_lefthand": {
			"rotation": [9, 90, -8],
			"translation": [1.75, 8.5, -0.5],
			"scale": [2, 2, 2]
		},
		"ground": {
			"translation": [0, 7.75, 0],
			"scale": [2, 2, 2]
		},
		"gui": {
			"rotation": [0, 0, -42],
			"translation": [1.25, 2, 0],
			"scale": [2.5, 2.5, 2.5]
		},
		"head": {
			"rotation": [0, 0, -132],
			"translation": [-2.25, -13, 4],
			"scale": [3.5, 3.5, 3.5]
		},
		"fixed": {
			"rotation": [-180, 0, 138],
			"translation": [-1.25, 1.75, -0.5],
			"scale": [4, 4, 3]
		}
	},
	"groups": [
		{
			"name": "sabre",
			"origin": [8, 8, 8],
			"color": 0,
			"nbt": "{}",
			"children": [0, 1, 2, 3, 4, 5, 6, 7, 8, 9, 10, 11, 12, 13, 14, 15, 16, 17, 18, 19, 20, 21, 22, 23, 24, 25, 26, 27, 28, 29, 30, 31, 32, 33, 34, 35, 36, 37]
		}
	]
}