{
	"credit": "Made with Blockbench",
	"textures": {
		"0": "item/diamond_sword/scissor_blade",
		"particle": "item/diamond_sword/scissor_blade"
	},
	"elements": [
		{
			"name": "scissor_blade_0",
			"from": [8, 12.25, 9],
			"to": [8.125, 12.75, 9.125],
			"faces": {
				"north": {"uv": [7.875, 3.25, 7.75, 3.75], "texture": "#0"},
				"east": {"uv": [7.75, 3.25, 7.875, 3.75], "texture": "#0"},
				"south": {"uv": [7.75, 3.25, 7.875, 3.75], "texture": "#0"},
				"west": {"uv": [7.75, 3.25, 7.875, 3.75], "texture": "#0"},
				"up": {"uv": [7.75, 3.25, 7.875, 3.375], "texture": "#0"},
				"down": {"uv": [7.75, 3.625, 7.875, 3.75], "texture": "#0"}
			}
		},
		{
			"name": "scissor_blade_1",
			"from": [7.875, 12.125, 9],
			"to": [8, 12.625, 9.125],
			"faces": {
				"north": {"uv": [7.75, 3.375, 7.625, 3.875], "texture": "#0"},
				"east": {"uv": [7.625, 3.375, 7.75, 3.875], "texture": "#0"},
				"south": {"uv": [7.625, 3.375, 7.75, 3.875], "texture": "#0"},
				"west": {"uv": [7.625, 3.375, 7.75, 3.875], "texture": "#0"},
				"up": {"uv": [7.625, 3.375, 7.75, 3.5], "texture": "#0"},
				"down": {"uv": [7.625, 3.75, 7.75, 3.875], "texture": "#0"}
			}
		},
		{
			"name": "scissor_blade_2",
			"from": [7.75, 11.875, 9],
			"to": [7.875, 12.375, 9.125],
			"faces": {
				"north": {"uv": [7.625, 3.625, 7.5, 4.125], "texture": "#0"},
				"east": {"uv": [7.5, 3.625, 7.625, 4.125], "texture": "#0"},
				"south": {"uv": [7.5, 3.625, 7.625, 4.125], "texture": "#0"},
				"west": {"uv": [7.5, 3.625, 7.625, 4.125], "texture": "#0"},
				"up": {"uv": [7.5, 3.625, 7.625, 3.75], "texture": "#0"},
				"down": {"uv": [7.5, 4, 7.625, 4.125], "texture": "#0"}
			}
		},
		{
			"name": "scissor_blade_3",
			"from": [8, 12.125, 8.9],
			"to": [8.125, 12.25, 9.225],
			"faces": {
				"north": {"uv": [8.125, 3.75, 8, 3.875], "texture": "#0"},
				"east": {"uv": [8, 3.75, 8.125, 3.875], "texture": "#0"},
				"south": {"uv": [8, 3.75, 8.125, 3.875], "texture": "#0"},
				"west": {"uv": [8, 3.75, 8.125, 3.875], "texture": "#0"},
				"up": {"uv": [8, 3.75, 8.125, 3.875], "texture": "#0"},
				"down": {"uv": [8, 3.75, 8.125, 3.875], "texture": "#0"}
			}
		},
		{
			"name": "scissor_blade_4",
			"from": [7.875, 11.875, 8.9],
			"to": [8, 12.125, 9.225],
			"faces": {
				"north": {"uv": [8, 3.875, 7.875, 4.125], "texture": "#0"},
				"east": {"uv": [7.875, 3.875, 8, 4.125], "texture": "#0"},
				"south": {"uv": [7.875, 3.875, 8, 4.125], "texture": "#0"},
				"west": {"uv": [7.875, 3.875, 8, 4.125], "texture": "#0"},
				"up": {"uv": [7.875, 3.875, 8, 4], "texture": "#0"},
				"down": {"uv": [7.875, 4, 8, 4.125], "texture": "#0"}
			}
		},
		{
			"name": "scissor_blade_5",
			"from": [8, 8.375, 9],
			"to": [8.125, 12.125, 9.125],
			"faces": {
				"north": {"uv": [9.125, 3.875, 9, 7.625], "texture": "#0"},
				"east": {"uv": [9, 3.875, 9.125, 7.625], "texture": "#0"},
				"south": {"uv": [9, 3.875, 9.125, 7.625], "texture": "#0"},
				"west": {"uv": [9, 3.875, 9.125, 7.625], "texture": "#0"},
				"up": {"uv": [9, 3.875, 9.125, 4], "texture": "#0"},
				"down": {"uv": [9, 7.5, 9.125, 7.625], "texture": "#0"}
			}
		},
		{
			"name": "scissor_blade_6",
			"from": [7.625, 11.375, 9],
			"to": [7.75, 12, 9.125],
			"faces": {
				"north": {"uv": [7.5, 4, 7.375, 4.625], "texture": "#0"},
				"east": {"uv": [7.375, 4, 7.5, 4.625], "texture": "#0"},
				"south": {"uv": [7.375, 4, 7.5, 4.625], "texture": "#0"},
				"west": {"uv": [7.375, 4, 7.5, 4.625], "texture": "#0"},
				"up": {"uv": [7.375, 4, 7.5, 4.125], "texture": "#0"},
				"down": {"uv": [7.375, 4.5, 7.5, 4.625], "texture": "#0"}
			}
		},
		{
			"name": "scissor_blade_7",
			"from": [7.75, 11.25, 8.9],
			"to": [7.875, 11.875, 9.225],
			"faces": {
				"north": {"uv": [7.875, 4.125, 7.75, 4.75], "texture": "#0"},
				"east": {"uv": [7.75, 4.125, 7.875, 4.75], "texture": "#0"},
				"south": {"uv": [7.75, 4.125, 7.875, 4.75], "texture": "#0"},
				"west": {"uv": [7.75, 4.125, 7.875, 4.75], "texture": "#0"},
				"up": {"uv": [7.75, 4.125, 7.875, 4.25], "texture": "#0"},
				"down": {"uv": [7.75, 4.625, 7.875, 4.75], "texture": "#0"}
			}
		},
		{
			"name": "scissor_blade_8",
			"from": [7.875, 11.25, 8.95],
			"to": [8, 11.875, 9.175],
			"faces": {
				"north": {"uv": [8.75, 4.125, 8.625, 4.75], "texture": "#0"},
				"east": {"uv": [8.625, 4.125, 8.75, 4.75], "texture": "#0"},
				"south": {"uv": [8.625, 4.125, 8.75, 4.75], "texture": "#0"},
				"west": {"uv": [8.625, 4.125, 8.75, 4.75], "texture": "#0"},
				"up": {"uv": [8.625, 4.125, 8.75, 4.25], "texture": "#0"},
				"down": {"uv": [8.625, 4.625, 8.75, 4.75], "texture": "#0"}
			}
		},
		{
			"name": "scissor_blade_9",
			"from": [7.5, 11.25, 9],
			"to": [7.625, 11.5, 9.125],
			"faces": {
				"north": {"uv": [7.375, 4.5, 7.25, 4.75], "texture": "#0"},
				"east": {"uv": [7.25, 4.5, 7.375, 4.75], "texture": "#0"},
				"south": {"uv": [7.25, 4.5, 7.375, 4.75], "texture": "#0"},
				"west": {"uv": [7.25, 4.5, 7.375, 4.75], "texture": "#0"},
				"up": {"uv": [7.25, 4.5, 7.375, 4.625], "texture": "#0"},
				"down": {"uv": [7.25, 4.625, 7.375, 4.75], "texture": "#0"}
			}
		},
		{
			"name": "scissor_blade_10",
			"from": [7.625, 11.25, 8.9],
			"to": [7.75, 11.375, 9.225],
			"faces": {
				"north": {"uv": [7.75, 4.625, 7.625, 4.75], "texture": "#0"},
				"east": {"uv": [7.625, 4.625, 7.75, 4.75], "texture": "#0"},
				"south": {"uv": [7.625, 4.625, 7.75, 4.75], "texture": "#0"},
				"west": {"uv": [7.625, 4.625, 7.75, 4.75], "texture": "#0"},
				"up": {"uv": [7.625, 4.625, 7.75, 4.75], "texture": "#0"},
				"down": {"uv": [7.625, 4.625, 7.75, 4.75], "texture": "#0"}
			}
		},
		{
			"name": "scissor_blade_11",
			"from": [7.5, 11, 8.9],
			"to": [7.625, 11.25, 9.225],
			"faces": {
				"north": {"uv": [7.625, 4.75, 7.5, 5], "texture": "#0"},
				"east": {"uv": [7.5, 4.75, 7.625, 5], "texture": "#0"},
				"south": {"uv": [7.5, 4.75, 7.625, 5], "texture": "#0"},
				"west": {"uv": [7.5, 4.75, 7.625, 5], "texture": "#0"},
				"up": {"uv": [7.5, 4.75, 7.625, 4.875], "texture": "#0"},
				"down": {"uv": [7.5, 4.875, 7.625, 5], "texture": "#0"}
			}
		},
		{
			"name": "scissor_blade_12",
			"from": [7.875, 11, 8.9],
			"to": [8, 11.25, 9.225],
			"faces": {
				"north": {"uv": [8, 4.75, 7.875, 5], "texture": "#0"},
				"east": {"uv": [7.875, 4.75, 8, 5], "texture": "#0"},
				"south": {"uv": [7.875, 4.75, 8, 5], "texture": "#0"},
				"west": {"uv": [7.875, 4.75, 8, 5], "texture": "#0"},
				"up": {"uv": [7.875, 4.75, 8, 4.875], "texture": "#0"},
				"down": {"uv": [7.875, 4.875, 8, 5], "texture": "#0"}
			}
		},
		{
			"name": "scissor_blade_13",
			"from": [7.5, 10.75, 9],
			"to": [7.625, 11, 9.125],
			"faces": {
				"north": {"uv": [6.625, 5, 6.5, 5.25], "texture": "#0"},
				"east": {"uv": [6.5, 5, 6.625, 5.25], "texture": "#0"},
				"south": {"uv": [6.5, 5, 6.625, 5.25], "texture": "#0"},
				"west": {"uv": [6.5, 5, 6.625, 5.25], "texture": "#0"},
				"up": {"uv": [6.5, 5, 6.625, 5.125], "texture": "#0"},
				"down": {"uv": [6.5, 5.125, 6.625, 5.25], "texture": "#0"}
			}
		},
		{
			"name": "scissor_blade_14",
			"from": [7.625, 10.875, 8.9],
			"to": [7.875, 11, 9.225],
			"faces": {
				"north": {"uv": [7.875, 5, 7.625, 5.125], "texture": "#0"},
				"east": {"uv": [7.75, 5, 7.875, 5.125], "texture": "#0"},
				"south": {"uv": [7.625, 5, 7.875, 5.125], "texture": "#0"},
				"west": {"uv": [7.625, 5, 7.75, 5.125], "texture": "#0"},
				"up": {"uv": [7.625, 5, 7.875, 5.125], "texture": "#0"},
				"down": {"uv": [7.625, 5, 7.875, 5.125], "texture": "#0"}
			}
		},
		{
			"name": "scissor_blade_15",
			"from": [7.875, 8.5, 8.95],
			"to": [8, 11, 9.175],
			"faces": {
				"north": {"uv": [8.75, 5, 8.625, 7.5], "texture": "#0"},
				"east": {"uv": [8.625, 5, 8.75, 7.5], "texture": "#0"},
				"south": {"uv": [8.625, 5, 8.75, 7.5], "texture": "#0"},
				"west": {"uv": [8.625, 5, 8.75, 7.5], "texture": "#0"},
				"up": {"uv": [8.625, 5, 8.75, 5.125], "texture": "#0"},
				"down": {"uv": [8.625, 7.375, 8.75, 7.5], "texture": "#0"}
			}
		},
		{
			"name": "scissor_blade_16",
			"from": [7.625, 8.125, 8.95],
			"to": [7.75, 10.875, 9.175],
			"faces": {
				"north": {"uv": [7, 5.125, 6.875, 7.875], "texture": "#0"},
				"east": {"uv": [6.875, 5.125, 7, 7.875], "texture": "#0"},
				"south": {"uv": [6.875, 5.125, 7, 7.875], "texture": "#0"},
				"west": {"uv": [6.875, 5.125, 7, 7.875], "texture": "#0"},
				"up": {"uv": [6.875, 5.125, 7, 5.25], "texture": "#0"},
				"down": {"uv": [6.875, 7.75, 7, 7.875], "texture": "#0"}
			}
		},
		{
			"name": "scissor_blade_17",
			"from": [7.75, 8.5, 8.9],
			"to": [7.875, 10.875, 9.225],
			"faces": {
				"north": {"uv": [7.875, 5.125, 7.75, 7.5], "texture": "#0"},
				"east": {"uv": [7.75, 5.125, 7.875, 7.5], "texture": "#0"},
				"south": {"uv": [7.75, 5.125, 7.875, 7.5], "texture": "#0"},
				"west": {"uv": [7.75, 5.125, 7.875, 7.5], "texture": "#0"},
				"up": {"uv": [7.75, 5.125, 7.875, 5.25], "texture": "#0"},
				"down": {"uv": [7.75, 7.375, 7.875, 7.5], "texture": "#0"}
			}
		},
		{
			"name": "scissor_blade_18",
			"from": [7.375, 9.875, 9],
			"to": [7.5, 10.75, 9.125],
			"faces": {
				"north": {"uv": [6.5, 5.25, 6.375, 6.125], "texture": "#0"},
				"east": {"uv": [6.375, 5.25, 6.5, 6.125], "texture": "#0"},
				"south": {"uv": [6.375, 5.25, 6.5, 6.125], "texture": "#0"},
				"west": {"uv": [6.375, 5.25, 6.5, 6.125], "texture": "#0"},
				"up": {"uv": [6.375, 5.25, 6.5, 5.375], "texture": "#0"},
				"down": {"uv": [6.375, 6, 6.5, 6.125], "texture": "#0"}
			}
		},
		{
			"name": "scissor_blade_19",
			"from": [7.5, 9.875, 8.95],
			"to": [7.625, 10.75, 9.175],
			"faces": {
				"north": {"uv": [6.875, 5.25, 6.75, 6.125], "texture": "#0"},
				"east": {"uv": [6.75, 5.25, 6.875, 6.125], "texture": "#0"},
				"south": {"uv": [6.75, 5.25, 6.875, 6.125], "texture": "#0"},
				"west": {"uv": [6.75, 5.25, 6.875, 6.125], "texture": "#0"},
				"up": {"uv": [6.75, 5.25, 6.875, 5.375], "texture": "#0"},
				"down": {"uv": [6.75, 6, 6.875, 6.125], "texture": "#0"}
			}
		},
		{
			"name": "scissor_blade_20",
			"from": [7.5, 9.375, 9],
			"to": [7.625, 9.875, 9.125],
			"faces": {
				"north": {"uv": [6.625, 6.125, 6.5, 6.625], "texture": "#0"},
				"east": {"uv": [6.5, 6.125, 6.625, 6.625], "texture": "#0"},
				"south": {"uv": [6.5, 6.125, 6.625, 6.625], "texture": "#0"},
				"west": {"uv": [6.5, 6.125, 6.625, 6.625], "texture": "#0"},
				"up": {"uv": [6.5, 6.125, 6.625, 6.25], "texture": "#0"},
				"down": {"uv": [6.5, 6.5, 6.625, 6.625], "texture": "#0"}
			}
		},
		{
			"name": "scissor_blade_21",
			"from": [7.5, 8, 9],
			"to": [7.625, 8.5, 9.125],
			"faces": {
				"north": {"uv": [6.875, 7.5, 6.75, 8], "texture": "#0"},
				"east": {"uv": [6.75, 7.5, 6.875, 8], "texture": "#0"},
				"south": {"uv": [6.75, 7.5, 6.875, 8], "texture": "#0"},
				"west": {"uv": [6.75, 7.5, 6.875, 8], "texture": "#0"},
				"up": {"uv": [6.75, 7.5, 6.875, 7.625], "texture": "#0"},
				"down": {"uv": [6.75, 7.875, 6.875, 8], "texture": "#0"}
			}
		},
		{
			"name": "scissor_blade_22",
			"from": [7.75, 8.25, 8.95],
			"to": [7.875, 8.5, 9.175],
			"faces": {
				"north": {"uv": [7.125, 7.5, 7, 7.75], "texture": "#0"},
				"east": {"uv": [7, 7.5, 7.125, 7.75], "texture": "#0"},
				"south": {"uv": [7, 7.5, 7.125, 7.75], "texture": "#0"},
				"west": {"uv": [7, 7.5, 7.125, 7.75], "texture": "#0"},
				"up": {"uv": [7, 7.5, 7.125, 7.625], "texture": "#0"},
				"down": {"uv": [7, 7.625, 7.125, 7.75], "texture": "#0"}
			}
		},
		{
			"name": "scissor_blade_23",
			"from": [7.875, 8.125, 8.9],
			"to": [8, 8.5, 9.225],
			"faces": {
				"north": {"uv": [8, 7.5, 7.875, 7.875], "texture": "#0"},
				"east": {"uv": [7.875, 7.5, 8, 7.875], "texture": "#0"},
				"south": {"uv": [7.875, 7.5, 8, 7.875], "texture": "#0"},
				"west": {"uv": [7.875, 7.5, 8, 7.875], "texture": "#0"},
				"up": {"uv": [7.875, 7.5, 8, 7.625], "texture": "#0"},
				"down": {"uv": [7.875, 7.75, 8, 7.875], "texture": "#0"}
			}
		},
		{
			"name": "scissor_blade_24",
			"from": [8, 8, 8.9],
			"to": [8.125, 8.375, 9.225],
			"faces": {
				"north": {"uv": [8.125, 7.625, 8, 8], "texture": "#0"},
				"east": {"uv": [8, 7.625, 8.125, 8], "texture": "#0"},
				"south": {"uv": [8, 7.625, 8.125, 8], "texture": "#0"},
				"west": {"uv": [8, 7.625, 8.125, 8], "texture": "#0"},
				"up": {"uv": [8, 7.625, 8.125, 7.75], "texture": "#0"},
				"down": {"uv": [8, 7.875, 8.125, 8], "texture": "#0"}
			}
		},
		{
			"name": "scissor_blade_25",
			"from": [7.75, 8, 8.9],
			"to": [7.875, 8.25, 9.225],
			"faces": {
				"north": {"uv": [7.875, 7.75, 7.75, 8], "texture": "#0"},
				"east": {"uv": [7.75, 7.75, 7.875, 8], "texture": "#0"},
				"south": {"uv": [7.75, 7.75, 7.875, 8], "texture": "#0"},
				"west": {"uv": [7.75, 7.75, 7.875, 8], "texture": "#0"},
				"up": {"uv": [7.75, 7.75, 7.875, 7.875], "texture": "#0"},
				"down": {"uv": [7.75, 7.875, 7.875, 8], "texture": "#0"}
			}
		},
		{
			"name": "scissor_blade_26",
			"from": [7.375, 8, 9],
			"to": [7.5, 8.125, 9.125],
			"faces": {
				"north": {"uv": [6.75, 7.875, 6.625, 8], "texture": "#0"},
				"east": {"uv": [6.625, 7.875, 6.75, 8], "texture": "#0"},
				"south": {"uv": [6.625, 7.875, 6.75, 8], "texture": "#0"},
				"west": {"uv": [6.625, 7.875, 6.75, 8], "texture": "#0"},
				"up": {"uv": [6.625, 7.875, 6.75, 8], "texture": "#0"},
				"down": {"uv": [6.625, 7.875, 6.75, 8], "texture": "#0"}
			}
		},
		{
			"name": "scissor_blade_27",
			"from": [7.625, 7.75, 8.9],
			"to": [7.75, 8.125, 9.225],
			"faces": {
				"north": {"uv": [7.75, 7.875, 7.625, 8.25], "texture": "#0"},
				"east": {"uv": [7.625, 7.875, 7.75, 8.25], "texture": "#0"},
				"south": {"uv": [7.625, 7.875, 7.75, 8.25], "texture": "#0"},
				"west": {"uv": [7.625, 7.875, 7.75, 8.25], "texture": "#0"},
				"up": {"uv": [7.625, 7.875, 7.75, 8], "texture": "#0"},
				"down": {"uv": [7.625, 8.125, 7.75, 8.25], "texture": "#0"}
			}
		},
		{
			"name": "scissor_blade_28",
			"from": [8.125, 7.125, 8.9],
			"to": [8.25, 8.125, 9.225],
			"faces": {
				"north": {"uv": [8.25, 7.875, 8.125, 8.875], "texture": "#0"},
				"east": {"uv": [8.125, 7.875, 8.25, 8.875], "texture": "#0"},
				"south": {"uv": [8.125, 7.875, 8.25, 8.875], "texture": "#0"},
				"west": {"uv": [8.125, 7.875, 8.25, 8.875], "texture": "#0"},
				"up": {"uv": [8.125, 7.875, 8.25, 8], "texture": "#0"},
				"down": {"uv": [8.125, 8.75, 8.25, 8.875], "texture": "#0"}
			}
		},
		{
			"name": "scissor_blade_29",
			"from": [7.25, 7.875, 9],
			"to": [7.375, 8, 9.125],
			"faces": {
				"north": {"uv": [6.625, 8, 6.5, 8.125], "texture": "#0"},
				"east": {"uv": [6.5, 8, 6.625, 8.125], "texture": "#0"},
				"south": {"uv": [6.5, 8, 6.625, 8.125], "texture": "#0"},
				"west": {"uv": [6.5, 8, 6.625, 8.125], "texture": "#0"},
				"up": {"uv": [6.5, 8, 6.625, 8.125], "texture": "#0"},
				"down": {"uv": [6.5, 8, 6.625, 8.125], "texture": "#0"}
			}
		},
		{
			"name": "scissor_blade_30",
			"from": [7.375, 7.875, 8.9],
			"to": [7.625, 8, 9.225],
			"faces": {
				"north": {"uv": [7.625, 8, 7.375, 8.125], "texture": "#0"},
				"east": {"uv": [7.5, 8, 7.625, 8.125], "texture": "#0"},
				"south": {"uv": [7.375, 8, 7.625, 8.125], "texture": "#0"},
				"west": {"uv": [7.375, 8, 7.5, 8.125], "texture": "#0"},
				"up": {"uv": [7.375, 8, 7.625, 8.125], "texture": "#0"},
				"down": {"uv": [7.375, 8, 7.625, 8.125], "texture": "#0"}
			}
		},
		{
			"name": "scissor_blade_31",
			"from": [7.375, 7.75, 9],
			"to": [7.625, 7.875, 9.125],
			"faces": {
				"north": {"uv": [6.875, 8.125, 6.625, 8.25], "texture": "#0"},
				"east": {"uv": [6.75, 8.125, 6.875, 8.25], "texture": "#0"},
				"south": {"uv": [6.625, 8.125, 6.875, 8.25], "texture": "#0"},
				"west": {"uv": [6.625, 8.125, 6.75, 8.25], "texture": "#0"},
				"up": {"uv": [6.625, 8.125, 6.875, 8.25], "texture": "#0"},
				"down": {"uv": [6.625, 8.125, 6.875, 8.25], "texture": "#0"}
			}
		},
		{
			"name": "scissor_blade_32",
			"from": [7.75, 5.25, 8.9],
			"to": [7.875, 7.875, 9.225],
			"faces": {
				"north": {"uv": [7.875, 8.125, 7.75, 10.75], "texture": "#0"},
				"east": {"uv": [7.75, 8.125, 7.875, 10.75], "texture": "#0"},
				"south": {"uv": [7.75, 8.125, 7.875, 10.75], "texture": "#0"},
				"west": {"uv": [7.75, 8.125, 7.875, 10.75], "texture": "#0"},
				"up": {"uv": [7.75, 8.125, 7.875, 8.25], "texture": "#0"},
				"down": {"uv": [7.75, 10.625, 7.875, 10.75], "texture": "#0"}
			}
		},
		{
			"name": "scissor_blade_33",
			"from": [8, 6.625, 8.9],
			"to": [8.125, 7.875, 9.225],
			"faces": {
				"north": {"uv": [8.125, 8.125, 8, 9.375], "texture": "#0"},
				"east": {"uv": [8, 8.125, 8.125, 9.375], "texture": "#0"},
				"south": {"uv": [8, 8.125, 8.125, 9.375], "texture": "#0"},
				"west": {"uv": [8, 8.125, 8.125, 9.375], "texture": "#0"},
				"up": {"uv": [8, 8.125, 8.125, 8.25], "texture": "#0"},
				"down": {"uv": [8, 9.25, 8.125, 9.375], "texture": "#0"}
			}
		},
		{
			"name": "scissor_blade_34",
			"from": [7.5, 7.625, 9],
			"to": [7.75, 7.75, 9.125],
			"faces": {
				"north": {"uv": [7, 8.25, 6.75, 8.375], "texture": "#0"},
				"east": {"uv": [6.875, 8.25, 7, 8.375], "texture": "#0"},
				"south": {"uv": [6.75, 8.25, 7, 8.375], "texture": "#0"},
				"west": {"uv": [6.75, 8.25, 6.875, 8.375], "texture": "#0"},
				"up": {"uv": [6.75, 8.25, 7, 8.375], "texture": "#0"},
				"down": {"uv": [6.75, 8.25, 7, 8.375], "texture": "#0"}
			}
		},
		{
			"name": "scissor_blade_35",
			"from": [7.875, 5.625, 8.9],
			"to": [8, 7.75, 9.225],
			"faces": {
				"north": {"uv": [8, 8.25, 7.875, 10.375], "texture": "#0"},
				"east": {"uv": [7.875, 8.25, 8, 10.375], "texture": "#0"},
				"south": {"uv": [7.875, 8.25, 8, 10.375], "texture": "#0"},
				"west": {"uv": [7.875, 8.25, 8, 10.375], "texture": "#0"},
				"up": {"uv": [7.875, 8.25, 8, 8.375], "texture": "#0"},
				"down": {"uv": [7.875, 10.25, 8, 10.375], "texture": "#0"}
			}
		},
		{
			"name": "scissor_blade_36",
			"from": [7.625, 7.375, 9],
			"to": [7.75, 7.625, 9.125],
			"faces": {
				"north": {"uv": [7, 8.375, 6.875, 8.625], "texture": "#0"},
				"east": {"uv": [6.875, 8.375, 7, 8.625], "texture": "#0"},
				"south": {"uv": [6.875, 8.375, 7, 8.625], "texture": "#0"},
				"west": {"uv": [6.875, 8.375, 7, 8.625], "texture": "#0"},
				"up": {"uv": [6.875, 8.375, 7, 8.5], "texture": "#0"},
				"down": {"uv": [6.875, 8.5, 7, 8.625], "texture": "#0"}
			}
		},
		{
			"name": "scissor_blade_37",
			"from": [7.625, 5.5, 8.9],
			"to": [7.75, 7.375, 9.225],
			"faces": {
				"north": {"uv": [7.75, 8.625, 7.625, 10.5], "texture": "#0"},
				"east": {"uv": [7.625, 8.625, 7.75, 10.5], "texture": "#0"},
				"south": {"uv": [7.625, 8.625, 7.75, 10.5], "texture": "#0"},
				"west": {"uv": [7.625, 8.625, 7.75, 10.5], "texture": "#0"},
				"up": {"uv": [7.625, 8.625, 7.75, 8.75], "texture": "#0"},
				"down": {"uv": [7.625, 10.375, 7.75, 10.5], "texture": "#0"}
			}
		},
		{
			"name": "scissor_blade_38",
			"from": [7.5, 5.625, 8.9],
			"to": [7.625, 7.25, 9.225],
			"faces": {
				"north": {"uv": [7.625, 8.75, 7.5, 10.375], "texture": "#0"},
				"east": {"uv": [7.5, 8.75, 7.625, 10.375], "texture": "#0"},
				"south": {"uv": [7.5, 8.75, 7.625, 10.375], "texture": "#0"},
				"west": {"uv": [7.5, 8.75, 7.625, 10.375], "texture": "#0"},
				"up": {"uv": [7.5, 8.75, 7.625, 8.875], "texture": "#0"},
				"down": {"uv": [7.5, 10.25, 7.625, 10.375], "texture": "#0"}
			}
		},
		{
			"name": "scissor_blade_39",
			"from": [7.375, 5.75, 8.9],
			"to": [7.5, 6.625, 9.225],
			"faces": {
				"north": {"uv": [7.5, 9.375, 7.375, 10.25], "texture": "#0"},
				"east": {"uv": [7.375, 9.375, 7.5, 10.25], "texture": "#0"},
				"south": {"uv": [7.375, 9.375, 7.5, 10.25], "texture": "#0"},
				"west": {"uv": [7.375, 9.375, 7.5, 10.25], "texture": "#0"},
				"up": {"uv": [7.375, 9.375, 7.5, 9.5], "texture": "#0"},
				"down": {"uv": [7.375, 10.125, 7.5, 10.25], "texture": "#0"}
			}
		},
		{
			"name": "scissor_blade_40",
			"from": [8, 5.75, 8.9],
			"to": [8.125, 6.25, 9.225],
			"faces": {
				"north": {"uv": [8.125, 9.75, 8, 10.25], "texture": "#0"},
				"east": {"uv": [8, 9.75, 8.125, 10.25], "texture": "#0"},
				"south": {"uv": [8, 9.75, 8.125, 10.25], "texture": "#0"},
				"west": {"uv": [8, 9.75, 8.125, 10.25], "texture": "#0"},
				"up": {"uv": [8, 9.75, 8.125, 9.875], "texture": "#0"},
				"down": {"uv": [8, 10.125, 8.125, 10.25], "texture": "#0"}
			}
		},
		{
			"name": "scissor_blade_41",
			"from": [8.125, 5.75, 8.9],
			"to": [8.25, 6, 9.225],
			"faces": {
				"north": {"uv": [8.25, 10, 8.125, 10.25], "texture": "#0"},
				"east": {"uv": [8.125, 10, 8.25, 10.25], "texture": "#0"},
				"south": {"uv": [8.125, 10, 8.25, 10.25], "texture": "#0"},
				"west": {"uv": [8.125, 10, 8.25, 10.25], "texture": "#0"},
				"up": {"uv": [8.125, 10, 8.25, 10.125], "texture": "#0"},
				"down": {"uv": [8.125, 10.125, 8.25, 10.25], "texture": "#0"}
			}
		},
		{
			"name": "scissor_blade_42",
			"from": [7.25, 5.75, 9],
			"to": [7.375, 5.875, 9.125],
			"faces": {
				"north": {"uv": [7.125, 10.125, 7, 10.25], "texture": "#0"},
				"east": {"uv": [7, 10.125, 7.125, 10.25], "texture": "#0"},
				"south": {"uv": [7, 10.125, 7.125, 10.25], "texture": "#0"},
				"west": {"uv": [7, 10.125, 7.125, 10.25], "texture": "#0"},
				"up": {"uv": [7, 10.125, 7.125, 10.25], "texture": "#0"},
				"down": {"uv": [7, 10.125, 7.125, 10.25], "texture": "#0"}
			}
		},
		{
			"name": "scissor_blade_43",
			"from": [8.25, 5.75, 8.9],
			"to": [8.5, 5.875, 9.225],
			"faces": {
				"north": {"uv": [8.5, 10.125, 8.25, 10.25], "texture": "#0"},
				"east": {"uv": [8.375, 10.125, 8.5, 10.25], "texture": "#0"},
				"south": {"uv": [8.25, 10.125, 8.5, 10.25], "texture": "#0"},
				"west": {"uv": [8.25, 10.125, 8.375, 10.25], "texture": "#0"},
				"up": {"uv": [8.25, 10.125, 8.5, 10.25], "texture": "#0"},
				"down": {"uv": [8.25, 10.125, 8.5, 10.25], "texture": "#0"}
			}
		},
		{
			"name": "scissor_blade_44",
			"from": [7.375, 5.625, 9],
			"to": [7.5, 5.75, 9.125],
			"faces": {
				"north": {"uv": [7.25, 10.25, 7.125, 10.375], "texture": "#0"},
				"east": {"uv": [7.125, 10.25, 7.25, 10.375], "texture": "#0"},
				"south": {"uv": [7.125, 10.25, 7.25, 10.375], "texture": "#0"},
				"west": {"uv": [7.125, 10.25, 7.25, 10.375], "texture": "#0"},
				"up": {"uv": [7.125, 10.25, 7.25, 10.375], "texture": "#0"},
				"down": {"uv": [7.125, 10.25, 7.25, 10.375], "texture": "#0"}
			}
		},
		{
			"name": "scissor_blade_45",
			"from": [7.5, 5.5, 9],
			"to": [7.625, 5.625, 9.125],
			"faces": {
				"north": {"uv": [7.375, 10.375, 7.25, 10.5], "texture": "#0"},
				"east": {"uv": [7.25, 10.375, 7.375, 10.5], "texture": "#0"},
				"south": {"uv": [7.25, 10.375, 7.375, 10.5], "texture": "#0"},
				"west": {"uv": [7.25, 10.375, 7.375, 10.5], "texture": "#0"},
				"up": {"uv": [7.25, 10.375, 7.375, 10.5], "texture": "#0"},
				"down": {"uv": [7.25, 10.375, 7.375, 10.5], "texture": "#0"}
			}
		},
		{
			"name": "scissor_blade_46",
			"from": [7.625, 5.375, 9],
			"to": [7.75, 5.5, 9.125],
			"faces": {
				"north": {"uv": [7.5, 10.5, 7.375, 10.625], "texture": "#0"},
				"east": {"uv": [7.375, 10.5, 7.5, 10.625], "texture": "#0"},
				"south": {"uv": [7.375, 10.5, 7.5, 10.625], "texture": "#0"},
				"west": {"uv": [7.375, 10.5, 7.5, 10.625], "texture": "#0"},
				"up": {"uv": [7.375, 10.5, 7.5, 10.625], "texture": "#0"},
				"down": {"uv": [7.375, 10.5, 7.5, 10.625], "texture": "#0"}
			}
		},
		{
			"name": "scissor_blade_47",
			"from": [8, 5.375, 8.85],
			"to": [8.375, 5.75, 9.275],
			"faces": {
				"north": {"uv": [9.125, 10.75, 8.75, 11.125], "texture": "#0"},
				"east": {"uv": [9, 10.75, 9.125, 11.125], "texture": "#0"},
				"south": {"uv": [8.75, 10.75, 9.125, 11.125], "texture": "#0"},
				"west": {"uv": [8.75, 10.75, 8.875, 11.125], "texture": "#0"},
				"up": {"uv": [8.75, 10.75, 9.125, 10.875], "texture": "#0"},
				"down": {"uv": [8.75, 11, 9.125, 11.125], "texture": "#0"}
			}
		},
		{
			"name": "scissor_blade_48",
			"from": [7.875, 5.375, 8.85],
			"to": [8, 5.625, 9.275],
			"faces": {
				"north": {"uv": [8.75, 10.875, 8.625, 11.125], "texture": "#0"},
				"east": {"uv": [8.625, 10.875, 8.75, 11.125], "texture": "#0"},
				"south": {"uv": [8.625, 10.875, 8.75, 11.125], "texture": "#0"},
				"west": {"uv": [8.625, 10.875, 8.75, 11.125], "texture": "#0"},
				"up": {"uv": [8.625, 10.875, 8.75, 11], "texture": "#0"},
				"down": {"uv": [8.625, 11, 8.75, 11.125], "texture": "#0"}
			}
		},
		{
			"name": "scissor_blade_49",
			"from": [8.375, 5.25, 8.85],
			"to": [8.5, 5.625, 9.275],
			"faces": {
				"north": {"uv": [9.25, 10.875, 9.125, 11.25], "texture": "#0"},
				"east": {"uv": [9.125, 10.875, 9.25, 11.25], "texture": "#0"},
				"south": {"uv": [9.125, 10.875, 9.25, 11.25], "texture": "#0"},
				"west": {"uv": [9.125, 10.875, 9.25, 11.25], "texture": "#0"},
				"up": {"uv": [9.125, 10.875, 9.25, 11], "texture": "#0"},
				"down": {"uv": [9.125, 11.125, 9.25, 11.25], "texture": "#0"}
			}
		},
		{
			"name": "scissor_blade_50",
			"from": [8.625, 4.875, 8.85],
			"to": [8.75, 5.625, 9.275],
			"faces": {
				"north": {"uv": [9.5, 10.875, 9.375, 11.625], "texture": "#0"},
				"east": {"uv": [9.375, 10.875, 9.5, 11.625], "texture": "#0"},
				"south": {"uv": [9.375, 10.875, 9.5, 11.625], "texture": "#0"},
				"west": {"uv": [9.375, 10.875, 9.5, 11.625], "texture": "#0"},
				"up": {"uv": [9.375, 10.875, 9.5, 11], "texture": "#0"},
				"down": {"uv": [9.375, 11.5, 9.5, 11.625], "texture": "#0"}
			}
		},
		{
			"name": "scissor_blade_51",
			"from": [8.5, 5.125, 8.85],
			"to": [8.625, 5.5, 9.275],
			"faces": {
				"north": {"uv": [9.375, 11, 9.25, 11.375], "texture": "#0"},
				"east": {"uv": [9.25, 11, 9.375, 11.375], "texture": "#0"},
				"south": {"uv": [9.25, 11, 9.375, 11.375], "texture": "#0"},
				"west": {"uv": [9.25, 11, 9.375, 11.375], "texture": "#0"},
				"up": {"uv": [9.25, 11, 9.375, 11.125], "texture": "#0"},
				"down": {"uv": [9.25, 11.25, 9.375, 11.375], "texture": "#0"}
			}
		},
		{
			"name": "scissor_blade_52",
			"from": [7.875, 3.125, 8.9],
			"to": [8.125, 5.375, 9.225],
			"faces": {
				"north": {"uv": [8.125, 11.125, 7.875, 13.375], "texture": "#0"},
				"east": {"uv": [8, 11.125, 8.125, 13.375], "texture": "#0"},
				"south": {"uv": [7.875, 11.125, 8.125, 13.375], "texture": "#0"},
				"west": {"uv": [7.875, 11.125, 8, 13.375], "texture": "#0"},
				"up": {"uv": [7.875, 11.125, 8.125, 11.25], "texture": "#0"},
				"down": {"uv": [7.875, 13.25, 8.125, 13.375], "texture": "#0"}
			}
		},
		{
			"name": "scissor_blade_53",
			"from": [8.75, 4.5, 8.85],
			"to": [8.875, 5.375, 9.275],
			"faces": {
				"north": {"uv": [9.625, 11.125, 9.5, 12], "texture": "#0"},
				"east": {"uv": [9.5, 11.125, 9.625, 12], "texture": "#0"},
				"south": {"uv": [9.5, 11.125, 9.625, 12], "texture": "#0"},
				"west": {"uv": [9.5, 11.125, 9.625, 12], "texture": "#0"},
				"up": {"uv": [9.5, 11.125, 9.625, 11.25], "texture": "#0"},
				"down": {"uv": [9.5, 11.875, 9.625, 12], "texture": "#0"}
			}
		},
		{
			"name": "scissor_blade_54",
			"from": [7.75, 3.25, 8.9],
			"to": [7.875, 5.25, 9.225],
			"faces": {
				"north": {"uv": [7.875, 11.25, 7.75, 13.25], "texture": "#0"},
				"east": {"uv": [7.75, 11.25, 7.875, 13.25], "texture": "#0"},
				"south": {"uv": [7.75, 11.25, 7.875, 13.25], "texture": "#0"},
				"west": {"uv": [7.75, 11.25, 7.875, 13.25], "texture": "#0"},
				"up": {"uv": [7.75, 11.25, 7.875, 11.375], "texture": "#0"},
				"down": {"uv": [7.75, 13.125, 7.875, 13.25], "texture": "#0"}
			}
		},
		{
			"name": "scissor_blade_55",
			"from": [8.875, 3.5, 8.85],
			"to": [9, 5.25, 9.275],
			"faces": {
				"north": {"uv": [9.75, 11.25, 9.625, 13], "texture": "#0"},
				"east": {"uv": [9.625, 11.25, 9.75, 13], "texture": "#0"},
				"south": {"uv": [9.625, 11.25, 9.75, 13], "texture": "#0"},
				"west": {"uv": [9.625, 11.25, 9.75, 13], "texture": "#0"},
				"up": {"uv": [9.625, 11.25, 9.75, 11.375], "texture": "#0"},
				"down": {"uv": [9.625, 12.875, 9.75, 13], "texture": "#0"}
			}
		},
		{
			"name": "scissor_blade_56",
			"from": [8.125, 4.75, 8.9],
			"to": [8.25, 5.125, 9.225],
			"faces": {
				"north": {"uv": [8.25, 11.375, 8.125, 11.75], "texture": "#0"},
				"east": {"uv": [8.125, 11.375, 8.25, 11.75], "texture": "#0"},
				"south": {"uv": [8.125, 11.375, 8.25, 11.75], "texture": "#0"},
				"west": {"uv": [8.125, 11.375, 8.25, 11.75], "texture": "#0"},
				"up": {"uv": [8.125, 11.375, 8.25, 11.5], "texture": "#0"},
				"down": {"uv": [8.125, 11.625, 8.25, 11.75], "texture": "#0"}
			}
		},
		{
			"name": "scissor_blade_57",
			"from": [9, 3.75, 8.85],
			"to": [9.125, 5, 9.275],
			"faces": {
				"north": {"uv": [9.875, 11.5, 9.75, 12.75], "texture": "#0"},
				"east": {"uv": [9.75, 11.5, 9.875, 12.75], "texture": "#0"},
				"south": {"uv": [9.75, 11.5, 9.875, 12.75], "texture": "#0"},
				"west": {"uv": [9.75, 11.5, 9.875, 12.75], "texture": "#0"},
				"up": {"uv": [9.75, 11.5, 9.875, 11.625], "texture": "#0"},
				"down": {"uv": [9.75, 12.625, 9.875, 12.75], "texture": "#0"}
			}
		},
		{
			"name": "scissor_blade_58",
			"from": [9.125, 4, 8.85],
			"to": [9.25, 4.625, 9.275],
			"faces": {
				"north": {"uv": [10, 11.875, 9.875, 12.5], "texture": "#0"},
				"east": {"uv": [9.875, 11.875, 10, 12.5], "texture": "#0"},
				"south": {"uv": [9.875, 11.875, 10, 12.5], "texture": "#0"},
				"west": {"uv": [9.875, 11.875, 10, 12.5], "texture": "#0"},
				"up": {"uv": [9.875, 11.875, 10, 12], "texture": "#0"},
				"down": {"uv": [9.875, 12.375, 10, 12.5], "texture": "#0"}
			}
		},
		{
			"name": "scissor_blade_59",
			"from": [8.125, 3.625, 8.9],
			"to": [8.25, 4.125, 9.225],
			"faces": {
				"north": {"uv": [8.25, 12.375, 8.125, 12.875], "texture": "#0"},
				"east": {"uv": [8.125, 12.375, 8.25, 12.875], "texture": "#0"},
				"south": {"uv": [8.125, 12.375, 8.25, 12.875], "texture": "#0"},
				"west": {"uv": [8.125, 12.375, 8.25, 12.875], "texture": "#0"},
				"up": {"uv": [8.125, 12.375, 8.25, 12.5], "texture": "#0"},
				"down": {"uv": [8.125, 12.75, 8.25, 12.875], "texture": "#0"}
			}
		},
		{
			"name": "scissor_blade_60",
			"from": [8.75, 3.25, 8.85],
			"to": [8.875, 4.125, 9.275],
			"faces": {
				"north": {"uv": [9.625, 12.375, 9.5, 13.25], "texture": "#0"},
				"east": {"uv": [9.5, 12.375, 9.625, 13.25], "texture": "#0"},
				"south": {"uv": [9.5, 12.375, 9.625, 13.25], "texture": "#0"},
				"west": {"uv": [9.5, 12.375, 9.625, 13.25], "texture": "#0"},
				"up": {"uv": [9.5, 12.375, 9.625, 12.5], "texture": "#0"},
				"down": {"uv": [9.5, 13.125, 9.625, 13.25], "texture": "#0"}
			}
		},
		{
			"name": "scissor_blade_61",
			"from": [8.625, 3.125, 8.85],
			"to": [8.75, 3.75, 9.275],
			"faces": {
				"north": {"uv": [9.5, 12.75, 9.375, 13.375], "texture": "#0"},
				"east": {"uv": [9.375, 12.75, 9.5, 13.375], "texture": "#0"},
				"south": {"uv": [9.375, 12.75, 9.5, 13.375], "texture": "#0"},
				"west": {"uv": [9.375, 12.75, 9.5, 13.375], "texture": "#0"},
				"up": {"uv": [9.375, 12.75, 9.5, 12.875], "texture": "#0"},
				"down": {"uv": [9.375, 13.25, 9.5, 13.375], "texture": "#0"}
			}
		},
		{
			"name": "scissor_blade_62",
			"from": [8.5, 2.875, 8.85],
			"to": [8.625, 3.375, 9.275],
			"faces": {
				"north": {"uv": [9.375, 13.125, 9.25, 13.625], "texture": "#0"},
				"east": {"uv": [9.25, 13.125, 9.375, 13.625], "texture": "#0"},
				"south": {"uv": [9.25, 13.125, 9.375, 13.625], "texture": "#0"},
				"west": {"uv": [9.25, 13.125, 9.375, 13.625], "texture": "#0"},
				"up": {"uv": [9.25, 13.125, 9.375, 13.25], "texture": "#0"},
				"down": {"uv": [9.25, 13.5, 9.375, 13.625], "texture": "#0"}
			}
		},
		{
			"name": "scissor_blade_63",
			"from": [7.75, 2.75, 8.85],
			"to": [7.875, 3.25, 9.275],
			"faces": {
				"north": {"uv": [8.625, 13.25, 8.5, 13.75], "texture": "#0"},
				"east": {"uv": [8.5, 13.25, 8.625, 13.75], "texture": "#0"},
				"south": {"uv": [8.5, 13.25, 8.625, 13.75], "texture": "#0"},
				"west": {"uv": [8.5, 13.25, 8.625, 13.75], "texture": "#0"},
				"up": {"uv": [8.5, 13.25, 8.625, 13.375], "texture": "#0"},
				"down": {"uv": [8.5, 13.625, 8.625, 13.75], "texture": "#0"}
			}
		},
		{
			"name": "scissor_blade_64",
			"from": [8.25, 2.875, 8.85],
			"to": [8.5, 3.25, 9.275],
			"faces": {
				"north": {"uv": [9.25, 13.25, 9, 13.625], "texture": "#0"},
				"east": {"uv": [9.125, 13.25, 9.25, 13.625], "texture": "#0"},
				"south": {"uv": [9, 13.25, 9.25, 13.625], "texture": "#0"},
				"west": {"uv": [9, 13.25, 9.125, 13.625], "texture": "#0"},
				"up": {"uv": [9, 13.25, 9.25, 13.375], "texture": "#0"},
				"down": {"uv": [9, 13.5, 9.25, 13.625], "texture": "#0"}
			}
		},
		{
			"name": "scissor_blade_65",
			"from": [7.625, 2.75, 8.85],
			"to": [7.75, 3.125, 9.275],
			"faces": {
				"north": {"uv": [8.5, 13.375, 8.375, 13.75], "texture": "#0"},
				"east": {"uv": [8.375, 13.375, 8.5, 13.75], "texture": "#0"},
				"south": {"uv": [8.375, 13.375, 8.5, 13.75], "texture": "#0"},
				"west": {"uv": [8.375, 13.375, 8.5, 13.75], "texture": "#0"},
				"up": {"uv": [8.375, 13.375, 8.5, 13.5], "texture": "#0"},
				"down": {"uv": [8.375, 13.625, 8.5, 13.75], "texture": "#0"}
			}
		},
		{
			"name": "scissor_blade_66",
			"from": [7.875, 2.75, 8.85],
			"to": [8.125, 3.125, 9.275],
			"faces": {
				"north": {"uv": [8.875, 13.375, 8.625, 13.75], "texture": "#0"},
				"east": {"uv": [8.75, 13.375, 8.875, 13.75], "texture": "#0"},
				"south": {"uv": [8.625, 13.375, 8.875, 13.75], "texture": "#0"},
				"west": {"uv": [8.625, 13.375, 8.75, 13.75], "texture": "#0"},
				"up": {"uv": [8.625, 13.375, 8.875, 13.5], "texture": "#0"},
				"down": {"uv": [8.625, 13.625, 8.875, 13.75], "texture": "#0"}
			}
		},
		{
			"name": "scissor_blade_67",
			"from": [8.125, 2.75, 8.85],
			"to": [8.25, 3, 9.275],
			"faces": {
				"north": {"uv": [9, 13.5, 8.875, 13.75], "texture": "#0"},
				"east": {"uv": [8.875, 13.5, 9, 13.75], "texture": "#0"},
				"south": {"uv": [8.875, 13.5, 9, 13.75], "texture": "#0"},
				"west": {"uv": [8.875, 13.5, 9, 13.75], "texture": "#0"},
				"up": {"uv": [8.875, 13.5, 9, 13.625], "texture": "#0"},
				"down": {"uv": [8.875, 13.625, 9, 13.75], "texture": "#0"}
			}
		}
	],
	"gui_light": "front",
	"display": {
		"thirdperson_righthand": {
			"rotation": [0, 90, 0],
			"translation": [-3.25, 8.75, 0.75],
			"scale": [3, 3, 2.5]
		},
		"thirdperson_lefthand": {
			"rotation": [0, -90, 0],
			"translation": [2.5, 8.75, 0.75],
			"scale": [3, 3, 2.5]
		},
		"firstperson_righthand": {
			"rotation": [5, 90, 7],
			"translation": [-0.25, 7.25, 1.5],
			"scale": [2, 2, 1.5]
		},
		"firstperson_lefthand": {
			"rotation": [5, -90, -3],
			"translation": [-0.25, 7.25, 2],
			"scale": [2, 2, 1.5]
		},
		"ground": {
			"translation": [0, 8.5, 0],
			"scale": [2.5, 2.5, 2.5]
		},
		"gui": {
			"rotation": [0, 0, -42],
			"translation": [1, 0.75, 0],
			"scale": [2.5, 2.5, 1]
		},
		"head": {
			"rotation": [0, -94, -117],
			"translation": [-4.25, -22.25, -0.25],
			"scale": [3, 3, 3]
		},
		"fixed": {
			"rotation": [-180, 0, 138],
			"translation": [-1.25, 1.75, 2],
			"scale": [4, 4, 3]
		}
	},
	"groups": [
		{
			"name": "scissor_blade",
			"origin": [8, 8, 8],
			"color": 0,
			"children": [
				0,
				1,
				2,
				3,
				4,
				5,
				6,
				7,
				8,
				9,
				10,
				11,
				12,
				13,
				14,
				15,
				16,
				17,
				18,
				19,
				20,
				21,
				22,
				23,
				24,
				25,
				26,
				27,
				28,
				29,
				30,
				31,
				32,
				33,
				34,
				35,
				36,
				37,
				38,
				39,
				40,
				41,
				42,
				43,
				44,
				45,
				46,
				47,
				48,
				49,
				50,
				51,
				52,
				53,
				54,
				55,
				56,
				57,
				58,
				59,
				60,
				61,
				62,
				63,
				64,
				65,
				66,
				67
			]
		}
	]
}