{
	"credit": "Made with Blockbench",
	"textures": {
		"0": "item/diamond_sword/sculk_sword1",
		"particle": "item/diamond_sword/sculk_sword1"
	},
	"elements": [
		{
			"name": "sculk_sword_0",
			"from": [7.875, 8.5, 7.9],
			"to": [8, 11.875, 8.025],
			"faces": {
				"north": {"uv": [8, 4.125, 7.875, 7.5], "texture": "#0"},
				"east": {"uv": [7.875, 4.125, 8, 7.5], "texture": "#0"},
				"south": {"uv": [7.875, 4.125, 8, 7.5], "texture": "#0"},
				"west": {"uv": [7.875, 4.125, 8, 7.5], "texture": "#0"},
				"up": {"uv": [7.875, 4.125, 8, 4.25], "texture": "#0"},
				"down": {"uv": [7.875, 7.375, 8, 7.5], "texture": "#0"}
			}
		},
		{
			"name": "sculk_sword_1",
			"from": [7.75, 8.25, 7.9],
			"to": [7.875, 11.5, 8.025],
			"faces": {
				"north": {"uv": [7.875, 4.5, 7.75, 7.75], "texture": "#0"},
				"east": {"uv": [7.75, 4.5, 7.875, 7.75], "texture": "#0"},
				"south": {"uv": [7.75, 4.5, 7.875, 7.75], "texture": "#0"},
				"west": {"uv": [7.75, 4.5, 7.875, 7.75], "texture": "#0"},
				"up": {"uv": [7.75, 4.5, 7.875, 4.625], "texture": "#0"},
				"down": {"uv": [7.75, 7.625, 7.875, 7.75], "texture": "#0"}
			}
		},
		{
			"name": "sculk_sword_2",
			"from": [8, 7.5, 7.9],
			"to": [8.125, 11.5, 8.025],
			"faces": {
				"north": {"uv": [8.125, 4.5, 8, 8.5], "texture": "#0"},
				"east": {"uv": [8, 4.5, 8.125, 8.5], "texture": "#0"},
				"south": {"uv": [8, 4.5, 8.125, 8.5], "texture": "#0"},
				"west": {"uv": [8, 4.5, 8.125, 8.5], "texture": "#0"},
				"up": {"uv": [8, 4.5, 8.125, 4.625], "texture": "#0"},
				"down": {"uv": [8, 8.375, 8.125, 8.5], "texture": "#0"}
			}
		},
		{
			"name": "sculk_sword_3",
			"from": [7.625, 8, 7.9],
			"to": [7.75, 11.125, 8.025],
			"faces": {
				"north": {"uv": [7.75, 4.875, 7.625, 8], "texture": "#0"},
				"east": {"uv": [7.625, 4.875, 7.75, 8], "texture": "#0"},
				"south": {"uv": [7.625, 4.875, 7.75, 8], "texture": "#0"},
				"west": {"uv": [7.625, 4.875, 7.75, 8], "texture": "#0"},
				"up": {"uv": [7.625, 4.875, 7.75, 5], "texture": "#0"},
				"down": {"uv": [7.625, 7.875, 7.75, 8], "texture": "#0"}
			}
		},
		{
			"name": "sculk_sword_4",
			"from": [8.125, 7.25, 7.9],
			"to": [8.25, 11.125, 8.025],
			"faces": {
				"north": {"uv": [8.25, 4.875, 8.125, 8.75], "texture": "#0"},
				"east": {"uv": [8.125, 4.875, 8.25, 8.75], "texture": "#0"},
				"south": {"uv": [8.125, 4.875, 8.25, 8.75], "texture": "#0"},
				"west": {"uv": [8.125, 4.875, 8.25, 8.75], "texture": "#0"},
				"up": {"uv": [8.125, 4.875, 8.25, 5], "texture": "#0"},
				"down": {"uv": [8.125, 8.625, 8.25, 8.75], "texture": "#0"}
			}
		},
		{
			"name": "sculk_sword_5",
			"from": [7.875, 8, 7.8],
			"to": [8, 8.5, 8.125],
			"faces": {
				"north": {"uv": [10, 7.5, 9.875, 8], "texture": "#0"},
				"east": {"uv": [9.875, 7.5, 10, 8], "texture": "#0"},
				"south": {"uv": [9.875, 7.5, 10, 8], "texture": "#0"},
				"west": {"uv": [9.875, 7.5, 10, 8], "texture": "#0"},
				"up": {"uv": [9.875, 7.5, 10, 7.625], "texture": "#0"},
				"down": {"uv": [9.875, 7.875, 10, 8], "texture": "#0"}
			}
		},
		{
			"name": "sculk_sword_6",
			"from": [7.75, 7.5, 7.8],
			"to": [7.875, 8.25, 8.125],
			"faces": {
				"north": {"uv": [9.875, 7.75, 9.75, 8.5], "texture": "#0"},
				"east": {"uv": [9.75, 7.75, 9.875, 8.5], "texture": "#0"},
				"south": {"uv": [9.75, 7.75, 9.875, 8.5], "texture": "#0"},
				"west": {"uv": [9.75, 7.75, 9.875, 8.5], "texture": "#0"},
				"up": {"uv": [9.75, 7.75, 9.875, 7.875], "texture": "#0"},
				"down": {"uv": [9.75, 8.375, 9.875, 8.5], "texture": "#0"}
			}
		},
		{
			"name": "sculk_sword_7",
			"from": [7.875, 7.875, 7.9],
			"to": [8, 8, 8.025],
			"faces": {
				"north": {"uv": [8, 8, 7.875, 8.125], "texture": "#0"},
				"east": {"uv": [7.875, 8, 8, 8.125], "texture": "#0"},
				"south": {"uv": [7.875, 8, 8, 8.125], "texture": "#0"},
				"west": {"uv": [7.875, 8, 8, 8.125], "texture": "#0"},
				"up": {"uv": [7.875, 8, 8, 8.125], "texture": "#0"},
				"down": {"uv": [7.875, 8, 8, 8.125], "texture": "#0"}
			}
		},
		{
			"name": "sculk_sword_8",
			"from": [7.625, 7.625, 7.8],
			"to": [7.75, 8, 8.125],
			"faces": {
				"north": {"uv": [9.75, 8, 9.625, 8.375], "texture": "#0"},
				"east": {"uv": [9.625, 8, 9.75, 8.375], "texture": "#0"},
				"south": {"uv": [9.625, 8, 9.75, 8.375], "texture": "#0"},
				"west": {"uv": [9.625, 8, 9.75, 8.375], "texture": "#0"},
				"up": {"uv": [9.625, 8, 9.75, 8.125], "texture": "#0"},
				"down": {"uv": [9.625, 8.25, 9.75, 8.375], "texture": "#0"}
			}
		},
		{
			"name": "sculk_sword_9",
			"from": [7.875, 7.25, 7.8],
			"to": [8, 7.875, 8.125],
			"faces": {
				"north": {"uv": [10, 8.125, 9.875, 8.75], "texture": "#0"},
				"east": {"uv": [9.875, 8.125, 10, 8.75], "texture": "#0"},
				"south": {"uv": [9.875, 8.125, 10, 8.75], "texture": "#0"},
				"west": {"uv": [9.875, 8.125, 10, 8.75], "texture": "#0"},
				"up": {"uv": [9.875, 8.125, 10, 8.25], "texture": "#0"},
				"down": {"uv": [9.875, 8.625, 10, 8.75], "texture": "#0"}
			}
		},
		{
			"name": "sculk_sword_10",
			"from": [7.625, 6.25, 7.9],
			"to": [7.75, 7.625, 8.025],
			"faces": {
				"north": {"uv": [7.75, 8.375, 7.625, 9.75], "texture": "#0"},
				"east": {"uv": [7.625, 8.375, 7.75, 9.75], "texture": "#0"},
				"south": {"uv": [7.625, 8.375, 7.75, 9.75], "texture": "#0"},
				"west": {"uv": [7.625, 8.375, 7.75, 9.75], "texture": "#0"},
				"up": {"uv": [7.625, 8.375, 7.75, 8.5], "texture": "#0"},
				"down": {"uv": [7.625, 9.625, 7.75, 9.75], "texture": "#0"}
			}
		},
		{
			"name": "sculk_sword_11",
			"from": [7.75, 6.5, 7.9],
			"to": [7.875, 7.5, 8.025],
			"faces": {
				"north": {"uv": [7.875, 8.5, 7.75, 9.5], "texture": "#0"},
				"east": {"uv": [7.75, 8.5, 7.875, 9.5], "texture": "#0"},
				"south": {"uv": [7.75, 8.5, 7.875, 9.5], "texture": "#0"},
				"west": {"uv": [7.75, 8.5, 7.875, 9.5], "texture": "#0"},
				"up": {"uv": [7.75, 8.5, 7.875, 8.625], "texture": "#0"},
				"down": {"uv": [7.75, 9.375, 7.875, 9.5], "texture": "#0"}
			}
		},
		{
			"name": "sculk_sword_12",
			"from": [8, 6.375, 7.8],
			"to": [8.125, 7.5, 8.125],
			"faces": {
				"north": {"uv": [10.125, 8.5, 10, 9.625], "texture": "#0"},
				"east": {"uv": [10, 8.5, 10.125, 9.625], "texture": "#0"},
				"south": {"uv": [10, 8.5, 10.125, 9.625], "texture": "#0"},
				"west": {"uv": [10, 8.5, 10.125, 9.625], "texture": "#0"},
				"up": {"uv": [10, 8.5, 10.125, 8.625], "texture": "#0"},
				"down": {"uv": [10, 9.5, 10.125, 9.625], "texture": "#0"}
			}
		},
		{
			"name": "sculk_sword_13",
			"from": [7.875, 6.75, 7.9],
			"to": [8, 7.25, 8.025],
			"faces": {
				"north": {"uv": [8, 8.75, 7.875, 9.25], "texture": "#0"},
				"east": {"uv": [7.875, 8.75, 8, 9.25], "texture": "#0"},
				"south": {"uv": [7.875, 8.75, 8, 9.25], "texture": "#0"},
				"west": {"uv": [7.875, 8.75, 8, 9.25], "texture": "#0"},
				"up": {"uv": [7.875, 8.75, 8, 8.875], "texture": "#0"},
				"down": {"uv": [7.875, 9.125, 8, 9.25], "texture": "#0"}
			}
		},
		{
			"name": "sculk_sword_14",
			"from": [8.125, 6.75, 7.8],
			"to": [8.25, 7.25, 8.125],
			"faces": {
				"north": {"uv": [10.25, 8.75, 10.125, 9.25], "texture": "#0"},
				"east": {"uv": [10.125, 8.75, 10.25, 9.25], "texture": "#0"},
				"south": {"uv": [10.125, 8.75, 10.25, 9.25], "texture": "#0"},
				"west": {"uv": [10.125, 8.75, 10.25, 9.25], "texture": "#0"},
				"up": {"uv": [10.125, 8.75, 10.25, 8.875], "texture": "#0"},
				"down": {"uv": [10.125, 9.125, 10.25, 9.25], "texture": "#0"}
			}
		},
		{
			"name": "sculk_sword_15",
			"from": [8.125, 5.75, 7.9],
			"to": [8.25, 6.75, 8.025],
			"faces": {
				"north": {"uv": [8.25, 9.25, 8.125, 10.25], "texture": "#0"},
				"east": {"uv": [8.125, 9.25, 8.25, 10.25], "texture": "#0"},
				"south": {"uv": [8.125, 9.25, 8.25, 10.25], "texture": "#0"},
				"west": {"uv": [8.125, 9.25, 8.25, 10.25], "texture": "#0"},
				"up": {"uv": [8.125, 9.25, 8.25, 9.375], "texture": "#0"},
				"down": {"uv": [8.125, 10.125, 8.25, 10.25], "texture": "#0"}
			}
		},
		{
			"name": "sculk_sword_16",
			"from": [7.875, 6.25, 7.8],
			"to": [8, 6.75, 8.125],
			"faces": {
				"north": {"uv": [10, 9.25, 9.875, 9.75], "texture": "#0"},
				"east": {"uv": [9.875, 9.25, 10, 9.75], "texture": "#0"},
				"south": {"uv": [9.875, 9.25, 10, 9.75], "texture": "#0"},
				"west": {"uv": [9.875, 9.25, 10, 9.75], "texture": "#0"},
				"up": {"uv": [9.875, 9.25, 10, 9.375], "texture": "#0"},
				"down": {"uv": [9.875, 9.625, 10, 9.75], "texture": "#0"}
			}
		},
		{
			"name": "sculk_sword_17",
			"from": [7.5, 6, 7.9],
			"to": [7.625, 6.5, 8.025],
			"faces": {
				"north": {"uv": [7.625, 9.5, 7.5, 10], "texture": "#0"},
				"east": {"uv": [7.5, 9.5, 7.625, 10], "texture": "#0"},
				"south": {"uv": [7.5, 9.5, 7.625, 10], "texture": "#0"},
				"west": {"uv": [7.5, 9.5, 7.625, 10], "texture": "#0"},
				"up": {"uv": [7.5, 9.5, 7.625, 9.625], "texture": "#0"},
				"down": {"uv": [7.5, 9.875, 7.625, 10], "texture": "#0"}
			}
		},
		{
			"name": "sculk_sword_18",
			"from": [8.25, 6, 7.9],
			"to": [8.375, 6.5, 8.025],
			"faces": {
				"north": {"uv": [8.375, 9.5, 8.25, 10], "texture": "#0"},
				"east": {"uv": [8.25, 9.5, 8.375, 10], "texture": "#0"},
				"south": {"uv": [8.25, 9.5, 8.375, 10], "texture": "#0"},
				"west": {"uv": [8.25, 9.5, 8.375, 10], "texture": "#0"},
				"up": {"uv": [8.25, 9.5, 8.375, 9.625], "texture": "#0"},
				"down": {"uv": [8.25, 9.875, 8.375, 10], "texture": "#0"}
			}
		},
		{
			"name": "sculk_sword_19",
			"from": [7.75, 5.75, 7.8],
			"to": [7.875, 6.5, 8.125],
			"faces": {
				"north": {"uv": [9.875, 9.5, 9.75, 10.25], "texture": "#0"},
				"east": {"uv": [9.75, 9.5, 9.875, 10.25], "texture": "#0"},
				"south": {"uv": [9.75, 9.5, 9.875, 10.25], "texture": "#0"},
				"west": {"uv": [9.75, 9.5, 9.875, 10.25], "texture": "#0"},
				"up": {"uv": [9.75, 9.5, 9.875, 9.625], "texture": "#0"},
				"down": {"uv": [9.75, 10.125, 9.875, 10.25], "texture": "#0"}
			}
		},
		{
			"name": "sculk_sword_20",
			"from": [8, 6.125, 7.9],
			"to": [8.125, 6.375, 8.025],
			"faces": {
				"north": {"uv": [8.125, 9.625, 8, 9.875], "texture": "#0"},
				"east": {"uv": [8, 9.625, 8.125, 9.875], "texture": "#0"},
				"south": {"uv": [8, 9.625, 8.125, 9.875], "texture": "#0"},
				"west": {"uv": [8, 9.625, 8.125, 9.875], "texture": "#0"},
				"up": {"uv": [8, 9.625, 8.125, 9.75], "texture": "#0"},
				"down": {"uv": [8, 9.75, 8.125, 9.875], "texture": "#0"}
			}
		},
		{
			"name": "sculk_sword_21",
			"from": [7.875, 6, 7.85],
			"to": [8, 6.25, 8.075],
			"faces": {
				"north": {"uv": [6.75, 9.75, 6.625, 10], "texture": "#0"},
				"east": {"uv": [6.625, 9.75, 6.75, 10], "texture": "#0"},
				"south": {"uv": [6.625, 9.75, 6.75, 10], "texture": "#0"},
				"west": {"uv": [6.625, 9.75, 6.75, 10], "texture": "#0"},
				"up": {"uv": [6.625, 9.75, 6.75, 9.875], "texture": "#0"},
				"down": {"uv": [6.625, 9.875, 6.75, 10], "texture": "#0"}
			}
		},
		{
			"name": "sculk_sword_22",
			"from": [7.375, 6.125, 7.9],
			"to": [7.5, 6.25, 8.025],
			"faces": {
				"north": {"uv": [7.5, 9.75, 7.375, 9.875], "texture": "#0"},
				"east": {"uv": [7.375, 9.75, 7.5, 9.875], "texture": "#0"},
				"south": {"uv": [7.375, 9.75, 7.5, 9.875], "texture": "#0"},
				"west": {"uv": [7.375, 9.75, 7.5, 9.875], "texture": "#0"},
				"up": {"uv": [7.375, 9.75, 7.5, 9.875], "texture": "#0"},
				"down": {"uv": [7.375, 9.75, 7.5, 9.875], "texture": "#0"}
			}
		},
		{
			"name": "sculk_sword_23",
			"from": [8.375, 6.125, 7.9],
			"to": [8.5, 6.25, 8.025],
			"faces": {
				"north": {"uv": [8.5, 9.75, 8.375, 9.875], "texture": "#0"},
				"east": {"uv": [8.375, 9.75, 8.5, 9.875], "texture": "#0"},
				"south": {"uv": [8.375, 9.75, 8.5, 9.875], "texture": "#0"},
				"west": {"uv": [8.375, 9.75, 8.5, 9.875], "texture": "#0"},
				"up": {"uv": [8.375, 9.75, 8.5, 9.875], "texture": "#0"},
				"down": {"uv": [8.375, 9.75, 8.5, 9.875], "texture": "#0"}
			}
		},
		{
			"name": "sculk_sword_24",
			"from": [7.625, 5.875, 7.8],
			"to": [7.75, 6.25, 8.125],
			"faces": {
				"north": {"uv": [9.75, 9.75, 9.625, 10.125], "texture": "#0"},
				"east": {"uv": [9.625, 9.75, 9.75, 10.125], "texture": "#0"},
				"south": {"uv": [9.625, 9.75, 9.75, 10.125], "texture": "#0"},
				"west": {"uv": [9.625, 9.75, 9.75, 10.125], "texture": "#0"},
				"up": {"uv": [9.625, 9.75, 9.75, 9.875], "texture": "#0"},
				"down": {"uv": [9.625, 10, 9.75, 10.125], "texture": "#0"}
			}
		},
		{
			"name": "sculk_sword_25",
			"from": [8, 5.875, 7.85],
			"to": [8.125, 6.125, 8.075],
			"faces": {
				"north": {"uv": [6.875, 9.875, 6.75, 10.125], "texture": "#0"},
				"east": {"uv": [6.75, 9.875, 6.875, 10.125], "texture": "#0"},
				"south": {"uv": [6.75, 9.875, 6.875, 10.125], "texture": "#0"},
				"west": {"uv": [6.75, 9.875, 6.875, 10.125], "texture": "#0"},
				"up": {"uv": [6.75, 9.875, 6.875, 10], "texture": "#0"},
				"down": {"uv": [6.75, 10, 6.875, 10.125], "texture": "#0"}
			}
		},
		{
			"name": "sculk_sword_26",
			"from": [7.875, 5.25, 7.8],
			"to": [8, 6, 8.125],
			"faces": {
				"north": {"uv": [10, 10, 9.875, 10.75], "texture": "#0"},
				"east": {"uv": [9.875, 10, 10, 10.75], "texture": "#0"},
				"south": {"uv": [9.875, 10, 10, 10.75], "texture": "#0"},
				"west": {"uv": [9.875, 10, 10, 10.75], "texture": "#0"},
				"up": {"uv": [9.875, 10, 10, 10.125], "texture": "#0"},
				"down": {"uv": [9.875, 10.625, 10, 10.75], "texture": "#0"}
			}
		},
		{
			"name": "sculk_sword_27",
			"from": [7.625, 5.5, 7.9],
			"to": [7.75, 5.875, 8.025],
			"faces": {
				"north": {"uv": [7.75, 10.125, 7.625, 10.5], "texture": "#0"},
				"east": {"uv": [7.625, 10.125, 7.75, 10.5], "texture": "#0"},
				"south": {"uv": [7.625, 10.125, 7.75, 10.5], "texture": "#0"},
				"west": {"uv": [7.625, 10.125, 7.75, 10.5], "texture": "#0"},
				"up": {"uv": [7.625, 10.125, 7.75, 10.25], "texture": "#0"},
				"down": {"uv": [7.625, 10.375, 7.75, 10.5], "texture": "#0"}
			}
		},
		{
			"name": "sculk_sword_28",
			"from": [8, 5.625, 7.8],
			"to": [8.125, 5.875, 8.125],
			"faces": {
				"north": {"uv": [10.125, 10.125, 10, 10.375], "texture": "#0"},
				"east": {"uv": [10, 10.125, 10.125, 10.375], "texture": "#0"},
				"south": {"uv": [10, 10.125, 10.125, 10.375], "texture": "#0"},
				"west": {"uv": [10, 10.125, 10.125, 10.375], "texture": "#0"},
				"up": {"uv": [10, 10.125, 10.125, 10.25], "texture": "#0"},
				"down": {"uv": [10, 10.25, 10.125, 10.375], "texture": "#0"}
			}
		},
		{
			"name": "sculk_sword_29",
			"from": [7.75, 5.5, 7.85],
			"to": [7.875, 5.75, 8.075],
			"faces": {
				"north": {"uv": [6.625, 10.25, 6.5, 10.5], "texture": "#0"},
				"east": {"uv": [6.5, 10.25, 6.625, 10.5], "texture": "#0"},
				"south": {"uv": [6.5, 10.25, 6.625, 10.5], "texture": "#0"},
				"west": {"uv": [6.5, 10.25, 6.625, 10.5], "texture": "#0"},
				"up": {"uv": [6.5, 10.25, 6.625, 10.375], "texture": "#0"},
				"down": {"uv": [6.5, 10.375, 6.625, 10.5], "texture": "#0"}
			}
		},
		{
			"name": "sculk_sword_30",
			"from": [7.25, 5.5, 7.8],
			"to": [7.375, 5.75, 8.125],
			"faces": {
				"north": {"uv": [9.375, 10.25, 9.25, 10.5], "texture": "#0"},
				"east": {"uv": [9.25, 10.25, 9.375, 10.5], "texture": "#0"},
				"south": {"uv": [9.25, 10.25, 9.375, 10.5], "texture": "#0"},
				"west": {"uv": [9.25, 10.25, 9.375, 10.5], "texture": "#0"},
				"up": {"uv": [9.25, 10.25, 9.375, 10.375], "texture": "#0"},
				"down": {"uv": [9.25, 10.375, 9.375, 10.5], "texture": "#0"}
			}
		},
		{
			"name": "sculk_sword_31",
			"from": [8.125, 5.5, 7.8],
			"to": [8.25, 5.75, 8.125],
			"faces": {
				"north": {"uv": [10.25, 10.25, 10.125, 10.5], "texture": "#0"},
				"east": {"uv": [10.125, 10.25, 10.25, 10.5], "texture": "#0"},
				"south": {"uv": [10.125, 10.25, 10.25, 10.5], "texture": "#0"},
				"west": {"uv": [10.125, 10.25, 10.25, 10.5], "texture": "#0"},
				"up": {"uv": [10.125, 10.25, 10.25, 10.375], "texture": "#0"},
				"down": {"uv": [10.125, 10.375, 10.25, 10.5], "texture": "#0"}
			}
		},
		{
			"name": "sculk_sword_32",
			"from": [7.375, 5.375, 7.8],
			"to": [7.625, 5.625, 8.125],
			"faces": {
				"north": {"uv": [9.625, 10.375, 9.375, 10.625], "texture": "#0"},
				"east": {"uv": [9.5, 10.375, 9.625, 10.625], "texture": "#0"},
				"south": {"uv": [9.375, 10.375, 9.625, 10.625], "texture": "#0"},
				"west": {"uv": [9.375, 10.375, 9.5, 10.625], "texture": "#0"},
				"up": {"uv": [9.375, 10.375, 9.625, 10.5], "texture": "#0"},
				"down": {"uv": [9.375, 10.5, 9.625, 10.625], "texture": "#0"}
			}
		},
		{
			"name": "sculk_sword_33",
			"from": [8.25, 5, 7.8],
			"to": [8.375, 5.625, 8.125],
			"faces": {
				"north": {"uv": [10.375, 10.375, 10.25, 11], "texture": "#0"},
				"east": {"uv": [10.25, 10.375, 10.375, 11], "texture": "#0"},
				"south": {"uv": [10.25, 10.375, 10.375, 11], "texture": "#0"},
				"west": {"uv": [10.25, 10.375, 10.375, 11], "texture": "#0"},
				"up": {"uv": [10.25, 10.375, 10.375, 10.5], "texture": "#0"},
				"down": {"uv": [10.25, 10.875, 10.375, 11], "texture": "#0"}
			}
		},
		{
			"name": "sculk_sword_34",
			"from": [8, 5.375, 7.75],
			"to": [8.125, 5.625, 8.175],
			"faces": {
				"north": {"uv": [11.375, 10.375, 11.25, 10.625], "texture": "#0"},
				"east": {"uv": [11.25, 10.375, 11.375, 10.625], "texture": "#0"},
				"south": {"uv": [11.25, 10.375, 11.375, 10.625], "texture": "#0"},
				"west": {"uv": [11.25, 10.375, 11.375, 10.625], "texture": "#0"},
				"up": {"uv": [11.25, 10.375, 11.375, 10.5], "texture": "#0"},
				"down": {"uv": [11.25, 10.5, 11.375, 10.625], "texture": "#0"}
			}
		},
		{
			"name": "sculk_sword_35",
			"from": [7, 5.25, 7.9],
			"to": [7.375, 5.5, 8.025],
			"faces": {
				"north": {"uv": [7.375, 10.5, 7, 10.75], "texture": "#0"},
				"east": {"uv": [7.25, 10.5, 7.375, 10.75], "texture": "#0"},
				"south": {"uv": [7, 10.5, 7.375, 10.75], "texture": "#0"},
				"west": {"uv": [7, 10.5, 7.125, 10.75], "texture": "#0"},
				"up": {"uv": [7, 10.5, 7.375, 10.625], "texture": "#0"},
				"down": {"uv": [7, 10.625, 7.375, 10.75], "texture": "#0"}
			}
		},
		{
			"name": "sculk_sword_36",
			"from": [8.5, 5.25, 7.9],
			"to": [8.875, 5.5, 8.025],
			"faces": {
				"north": {"uv": [8.875, 10.5, 8.5, 10.75], "texture": "#0"},
				"east": {"uv": [8.75, 10.5, 8.875, 10.75], "texture": "#0"},
				"south": {"uv": [8.5, 10.5, 8.875, 10.75], "texture": "#0"},
				"west": {"uv": [8.5, 10.5, 8.625, 10.75], "texture": "#0"},
				"up": {"uv": [8.5, 10.5, 8.875, 10.625], "texture": "#0"},
				"down": {"uv": [8.5, 10.625, 8.875, 10.75], "texture": "#0"}
			}
		},
		{
			"name": "sculk_sword_37",
			"from": [7.625, 5, 7.8],
			"to": [7.875, 5.5, 8.125],
			"faces": {
				"north": {"uv": [9.875, 10.5, 9.625, 11], "texture": "#0"},
				"east": {"uv": [9.75, 10.5, 9.875, 11], "texture": "#0"},
				"south": {"uv": [9.625, 10.5, 9.875, 11], "texture": "#0"},
				"west": {"uv": [9.625, 10.5, 9.75, 11], "texture": "#0"},
				"up": {"uv": [9.625, 10.5, 9.875, 10.625], "texture": "#0"},
				"down": {"uv": [9.625, 10.875, 9.875, 11], "texture": "#0"}
			}
		},
		{
			"name": "sculk_sword_38",
			"from": [8.375, 5.125, 7.8],
			"to": [8.5, 5.5, 8.125],
			"faces": {
				"north": {"uv": [10.5, 10.5, 10.375, 10.875], "texture": "#0"},
				"east": {"uv": [10.375, 10.5, 10.5, 10.875], "texture": "#0"},
				"south": {"uv": [10.375, 10.5, 10.5, 10.875], "texture": "#0"},
				"west": {"uv": [10.375, 10.5, 10.5, 10.875], "texture": "#0"},
				"up": {"uv": [10.375, 10.5, 10.5, 10.625], "texture": "#0"},
				"down": {"uv": [10.375, 10.75, 10.5, 10.875], "texture": "#0"}
			}
		},
		{
			"name": "sculk_sword_39",
			"from": [8.125, 3.875, 7.75],
			"to": [8.25, 5.5, 8.175],
			"faces": {
				"north": {"uv": [11.5, 10.5, 11.375, 12.125], "texture": "#0"},
				"east": {"uv": [11.375, 10.5, 11.5, 12.125], "texture": "#0"},
				"south": {"uv": [11.375, 10.5, 11.5, 12.125], "texture": "#0"},
				"west": {"uv": [11.375, 10.5, 11.5, 12.125], "texture": "#0"},
				"up": {"uv": [11.375, 10.5, 11.5, 10.625], "texture": "#0"},
				"down": {"uv": [11.375, 12, 11.5, 12.125], "texture": "#0"}
			}
		},
		{
			"name": "sculk_sword_40",
			"from": [7.375, 5.125, 7.9],
			"to": [7.5, 5.375, 8.025],
			"faces": {
				"north": {"uv": [7.5, 10.625, 7.375, 10.875], "texture": "#0"},
				"east": {"uv": [7.375, 10.625, 7.5, 10.875], "texture": "#0"},
				"south": {"uv": [7.375, 10.625, 7.5, 10.875], "texture": "#0"},
				"west": {"uv": [7.375, 10.625, 7.5, 10.875], "texture": "#0"},
				"up": {"uv": [7.375, 10.625, 7.5, 10.75], "texture": "#0"},
				"down": {"uv": [7.375, 10.75, 7.5, 10.875], "texture": "#0"}
			}
		},
		{
			"name": "sculk_sword_41",
			"from": [7.5, 5.25, 7.8],
			"to": [7.625, 5.375, 8.125],
			"faces": {
				"north": {"uv": [9.625, 10.625, 9.5, 10.75], "texture": "#0"},
				"east": {"uv": [9.5, 10.625, 9.625, 10.75], "texture": "#0"},
				"south": {"uv": [9.5, 10.625, 9.625, 10.75], "texture": "#0"},
				"west": {"uv": [9.5, 10.625, 9.625, 10.75], "texture": "#0"},
				"up": {"uv": [9.5, 10.625, 9.625, 10.75], "texture": "#0"},
				"down": {"uv": [9.5, 10.625, 9.625, 10.75], "texture": "#0"}
			}
		},
		{
			"name": "sculk_sword_42",
			"from": [8, 5.25, 7.8],
			"to": [8.125, 5.375, 8.125],
			"faces": {
				"north": {"uv": [10.125, 10.625, 10, 10.75], "texture": "#0"},
				"east": {"uv": [10, 10.625, 10.125, 10.75], "texture": "#0"},
				"south": {"uv": [10, 10.625, 10.125, 10.75], "texture": "#0"},
				"west": {"uv": [10, 10.625, 10.125, 10.75], "texture": "#0"},
				"up": {"uv": [10, 10.625, 10.125, 10.75], "texture": "#0"},
				"down": {"uv": [10, 10.625, 10.125, 10.75], "texture": "#0"}
			}
		},
		{
			"name": "sculk_sword_43",
			"from": [7.25, 5.125, 7.9],
			"to": [7.375, 5.25, 8.025],
			"faces": {
				"north": {"uv": [7.375, 10.75, 7.25, 10.875], "texture": "#0"},
				"east": {"uv": [7.25, 10.75, 7.375, 10.875], "texture": "#0"},
				"south": {"uv": [7.25, 10.75, 7.375, 10.875], "texture": "#0"},
				"west": {"uv": [7.25, 10.75, 7.375, 10.875], "texture": "#0"},
				"up": {"uv": [7.25, 10.75, 7.375, 10.875], "texture": "#0"},
				"down": {"uv": [7.25, 10.75, 7.375, 10.875], "texture": "#0"}
			}
		},
		{
			"name": "sculk_sword_44",
			"from": [7.5, 5.125, 7.9],
			"to": [7.625, 5.25, 8.025],
			"faces": {
				"north": {"uv": [7.625, 10.75, 7.5, 10.875], "texture": "#0"},
				"east": {"uv": [7.5, 10.75, 7.625, 10.875], "texture": "#0"},
				"south": {"uv": [7.5, 10.75, 7.625, 10.875], "texture": "#0"},
				"west": {"uv": [7.5, 10.75, 7.625, 10.875], "texture": "#0"},
				"up": {"uv": [7.5, 10.75, 7.625, 10.875], "texture": "#0"},
				"down": {"uv": [7.5, 10.75, 7.625, 10.875], "texture": "#0"}
			}
		},
		{
			"name": "sculk_sword_45",
			"from": [8.5, 5.125, 7.9],
			"to": [8.625, 5.25, 8.025],
			"faces": {
				"north": {"uv": [8.625, 10.75, 8.5, 10.875], "texture": "#0"},
				"east": {"uv": [8.5, 10.75, 8.625, 10.875], "texture": "#0"},
				"south": {"uv": [8.5, 10.75, 8.625, 10.875], "texture": "#0"},
				"west": {"uv": [8.5, 10.75, 8.625, 10.875], "texture": "#0"},
				"up": {"uv": [8.5, 10.75, 8.625, 10.875], "texture": "#0"},
				"down": {"uv": [8.5, 10.75, 8.625, 10.875], "texture": "#0"}
			}
		},
		{
			"name": "sculk_sword_46",
			"from": [7.875, 4.875, 7.75],
			"to": [8.125, 5.25, 8.175],
			"faces": {
				"north": {"uv": [11.375, 10.75, 11.125, 11.125], "texture": "#0"},
				"east": {"uv": [11.25, 10.75, 11.375, 11.125], "texture": "#0"},
				"south": {"uv": [11.125, 10.75, 11.375, 11.125], "texture": "#0"},
				"west": {"uv": [11.125, 10.75, 11.25, 11.125], "texture": "#0"},
				"up": {"uv": [11.125, 10.75, 11.375, 10.875], "texture": "#0"},
				"down": {"uv": [11.125, 11, 11.375, 11.125], "texture": "#0"}
			}
		},
		{
			"name": "sculk_sword_47",
			"from": [7.75, 4.875, 7.8],
			"to": [7.875, 5, 8.125],
			"faces": {
				"north": {"uv": [9.875, 11, 9.75, 11.125], "texture": "#0"},
				"east": {"uv": [9.75, 11, 9.875, 11.125], "texture": "#0"},
				"south": {"uv": [9.75, 11, 9.875, 11.125], "texture": "#0"},
				"west": {"uv": [9.75, 11, 9.875, 11.125], "texture": "#0"},
				"up": {"uv": [9.75, 11, 9.875, 11.125], "texture": "#0"},
				"down": {"uv": [9.75, 11, 9.875, 11.125], "texture": "#0"}
			}
		},
		{
			"name": "sculk_sword_48",
			"from": [7.75, 4, 7.8],
			"to": [8, 4.875, 8.125],
			"faces": {
				"north": {"uv": [8, 11.125, 7.75, 12], "texture": "#0"},
				"east": {"uv": [7.875, 11.125, 8, 12], "texture": "#0"},
				"south": {"uv": [7.75, 11.125, 8, 12], "texture": "#0"},
				"west": {"uv": [7.75, 11.125, 7.875, 12], "texture": "#0"},
				"up": {"uv": [7.75, 11.125, 8, 11.25], "texture": "#0"},
				"down": {"uv": [7.75, 11.875, 8, 12], "texture": "#0"}
			}
		},
		{
			"name": "sculk_sword_49",
			"from": [8, 4.75, 7.75],
			"to": [8.125, 4.875, 8.175],
			"faces": {
				"north": {"uv": [11.375, 11.125, 11.25, 11.25], "texture": "#0"},
				"east": {"uv": [11.25, 11.125, 11.375, 11.25], "texture": "#0"},
				"south": {"uv": [11.25, 11.125, 11.375, 11.25], "texture": "#0"},
				"west": {"uv": [11.25, 11.125, 11.375, 11.25], "texture": "#0"},
				"up": {"uv": [11.25, 11.125, 11.375, 11.25], "texture": "#0"},
				"down": {"uv": [11.25, 11.125, 11.375, 11.25], "texture": "#0"}
			}
		},
		{
			"name": "sculk_sword_50",
			"from": [8.25, 4.125, 7.75],
			"to": [8.375, 4.875, 8.175],
			"faces": {
				"north": {"uv": [11.625, 11.125, 11.5, 11.875], "texture": "#0"},
				"east": {"uv": [11.5, 11.125, 11.625, 11.875], "texture": "#0"},
				"south": {"uv": [11.5, 11.125, 11.625, 11.875], "texture": "#0"},
				"west": {"uv": [11.5, 11.125, 11.625, 11.875], "texture": "#0"},
				"up": {"uv": [11.5, 11.125, 11.625, 11.25], "texture": "#0"},
				"down": {"uv": [11.5, 11.75, 11.625, 11.875], "texture": "#0"}
			}
		},
		{
			"name": "sculk_sword_51",
			"from": [8, 4.25, 7.8],
			"to": [8.125, 4.75, 8.125],
			"faces": {
				"north": {"uv": [8.125, 11.25, 8, 11.75], "texture": "#0"},
				"east": {"uv": [8, 11.25, 8.125, 11.75], "texture": "#0"},
				"south": {"uv": [8, 11.25, 8.125, 11.75], "texture": "#0"},
				"west": {"uv": [8, 11.25, 8.125, 11.75], "texture": "#0"},
				"up": {"uv": [8, 11.25, 8.125, 11.375], "texture": "#0"},
				"down": {"uv": [8, 11.625, 8.125, 11.75], "texture": "#0"}
			}
		},
		{
			"name": "sculk_sword_52",
			"from": [8.375, 4.375, 7.75],
			"to": [8.5, 4.75, 8.175],
			"faces": {
				"north": {"uv": [11.75, 11.25, 11.625, 11.625], "texture": "#0"},
				"east": {"uv": [11.625, 11.25, 11.75, 11.625], "texture": "#0"},
				"south": {"uv": [11.625, 11.25, 11.75, 11.625], "texture": "#0"},
				"west": {"uv": [11.625, 11.25, 11.75, 11.625], "texture": "#0"},
				"up": {"uv": [11.625, 11.25, 11.75, 11.375], "texture": "#0"},
				"down": {"uv": [11.625, 11.5, 11.75, 11.625], "texture": "#0"}
			}
		},
		{
			"name": "sculk_sword_53",
			"from": [8, 3.75, 7.75],
			"to": [8.125, 4.25, 8.175],
			"faces": {
				"north": {"uv": [11.375, 11.75, 11.25, 12.25], "texture": "#0"},
				"east": {"uv": [11.25, 11.75, 11.375, 12.25], "texture": "#0"},
				"south": {"uv": [11.25, 11.75, 11.375, 12.25], "texture": "#0"},
				"west": {"uv": [11.25, 11.75, 11.375, 12.25], "texture": "#0"},
				"up": {"uv": [11.25, 11.75, 11.375, 11.875], "texture": "#0"},
				"down": {"uv": [11.25, 12.125, 11.375, 12.25], "texture": "#0"}
			}
		},
		{
			"name": "sculk_sword_54",
			"from": [7.75, 2.875, 7.8],
			"to": [7.875, 4, 8.125],
			"faces": {
				"north": {"uv": [7.875, 12, 7.75, 13.125], "texture": "#0"},
				"east": {"uv": [7.75, 12, 7.875, 13.125], "texture": "#0"},
				"south": {"uv": [7.75, 12, 7.875, 13.125], "texture": "#0"},
				"west": {"uv": [7.75, 12, 7.875, 13.125], "texture": "#0"},
				"up": {"uv": [7.75, 12, 7.875, 12.125], "texture": "#0"},
				"down": {"uv": [7.75, 13, 7.875, 13.125], "texture": "#0"}
			}
		},
		{
			"name": "sculk_sword_55",
			"from": [7.875, 3.5, 7.75],
			"to": [8, 4, 8.175],
			"faces": {
				"north": {"uv": [11.25, 12, 11.125, 12.5], "texture": "#0"},
				"east": {"uv": [11.125, 12, 11.25, 12.5], "texture": "#0"},
				"south": {"uv": [11.125, 12, 11.25, 12.5], "texture": "#0"},
				"west": {"uv": [11.125, 12, 11.25, 12.5], "texture": "#0"},
				"up": {"uv": [11.125, 12, 11.25, 12.125], "texture": "#0"},
				"down": {"uv": [11.125, 12.375, 11.25, 12.5], "texture": "#0"}
			}
		},
		{
			"name": "sculk_sword_56",
			"from": [8, 2.875, 7.8],
			"to": [8.125, 3.75, 8.125],
			"faces": {
				"north": {"uv": [8.125, 12.25, 8, 13.125], "texture": "#0"},
				"east": {"uv": [8, 12.25, 8.125, 13.125], "texture": "#0"},
				"south": {"uv": [8, 12.25, 8.125, 13.125], "texture": "#0"},
				"west": {"uv": [8, 12.25, 8.125, 13.125], "texture": "#0"},
				"up": {"uv": [8, 12.25, 8.125, 12.375], "texture": "#0"},
				"down": {"uv": [8, 13, 8.125, 13.125], "texture": "#0"}
			}
		},
		{
			"name": "sculk_sword_57",
			"from": [7.875, 2.875, 7.8],
			"to": [8, 3.5, 8.125],
			"faces": {
				"north": {"uv": [8, 12.5, 7.875, 13.125], "texture": "#0"},
				"east": {"uv": [7.875, 12.5, 8, 13.125], "texture": "#0"},
				"south": {"uv": [7.875, 12.5, 8, 13.125], "texture": "#0"},
				"west": {"uv": [7.875, 12.5, 8, 13.125], "texture": "#0"},
				"up": {"uv": [7.875, 12.5, 8, 12.625], "texture": "#0"},
				"down": {"uv": [7.875, 13, 8, 13.125], "texture": "#0"}
			}
		},
		{
			"name": "sculk_sword_58",
			"from": [7.625, 2.625, 7.75],
			"to": [8.25, 2.875, 8.175],
			"faces": {
				"north": {"uv": [8.25, 13.375, 7.625, 13.625], "texture": "#0"},
				"east": {"uv": [8.125, 13.375, 8.25, 13.625], "texture": "#0"},
				"south": {"uv": [7.625, 13.375, 8.25, 13.625], "texture": "#0"},
				"west": {"uv": [7.625, 13.375, 7.75, 13.625], "texture": "#0"},
				"up": {"uv": [7.625, 13.375, 8.25, 13.5], "texture": "#0"},
				"down": {"uv": [7.625, 13.5, 8.25, 13.625], "texture": "#0"}
			}
		},
		{
			"name": "sculk_sword_59",
			"from": [7.75, 2.5, 7.75],
			"to": [8.125, 2.625, 8.175],
			"faces": {
				"north": {"uv": [8.125, 13.625, 7.75, 13.75], "texture": "#0"},
				"east": {"uv": [8, 13.625, 8.125, 13.75], "texture": "#0"},
				"south": {"uv": [7.75, 13.625, 8.125, 13.75], "texture": "#0"},
				"west": {"uv": [7.75, 13.625, 7.875, 13.75], "texture": "#0"},
				"up": {"uv": [7.75, 13.625, 8.125, 13.75], "texture": "#0"},
				"down": {"uv": [7.75, 13.625, 8.125, 13.75], "texture": "#0"}
			}
		}
	],
	"gui_light": "front",
	"display": {
		"thirdperson_righthand": {
			"rotation": [0, -90, 0],
			"translation": [0, 9.5, 1.25],
			"scale": [3, 3, 3]
		},
		"thirdperson_lefthand": {
			"rotation": [0, 90, 0],
			"translation": [0, 10, 1.25],
			"scale": [3, 3, 3]
		},
		"firstperson_righthand": {
			"rotation": [1, -90, -8],
			"translation": [3, 9, 0],
			"scale": [2.5, 2.5, 2.5]
		},
		"firstperson_lefthand": {
			"rotation": [13, 90, -8],
			"translation": [2.25, 9.25, -0.25],
			"scale": [2.5, 2.5, 2.5]
		},
		"ground": {
			"translation": [0, 7.75, 0],
			"scale": [2, 2, 2]
		},
		"gui": {
			"rotation": [0, 0, -42],
			"translation": [3, 2.25, 0],
			"scale": [2.5, 2.5, 2]
		},
		"head": {
			"rotation": [0, 0, -132],
			"translation": [1, -16, 3.5],
			"scale": [3.5, 3.5, 3.5]
		},
		"fixed": {
			"rotation": [-180, 0, 138],
			"translation": [-1.25, 1.75, 0],
			"scale": [4, 4, 3]
		}
	},
	"groups": [
		{
			"name": "sculk_sword",
			"origin": [8, 8, 8],
			"color": 0,
			"nbt": "{}",
			"children": [
				0,
				1,
				2,
				3,
				4,
				5,
				6,
				7,
				8,
				9,
				10,
				11,
				12,
				13,
				14,
				15,
				16,
				17,
				18,
				19,
				20,
				21,
				22,
				23,
				24,
				25,
				26,
				27,
				28,
				29,
				30,
				31,
				32,
				33,
				34,
				35,
				36,
				37,
				38,
				39,
				40,
				41,
				42,
				43,
				44,
				45,
				46,
				47,
				48,
				49,
				50,
				51,
				52,
				53,
				54,
				55,
				56,
				57,
				58,
				59
			]
		}
	]
}