{
	"credit": "Made with Blockbench",
	"textures": {
		"0": "item/diamond_sword/silverine_blade",
		"particle": "item/diamond_sword/silverine_blade"
	},
	"elements": [
		{
			"name": "silverine_blade_0",
			"from": [7.75, 12.125, 7.9],
			"to": [7.875, 13, 8.025],
			"faces": {
				"north": {"uv": [7.875, 3, 7.75, 3.875], "texture": "#0"},
				"east": {"uv": [7.75, 3, 7.875, 3.875], "texture": "#0"},
				"south": {"uv": [7.75, 3, 7.875, 3.875], "texture": "#0"},
				"west": {"uv": [7.75, 3, 7.875, 3.875], "texture": "#0"},
				"up": {"uv": [7.75, 3, 7.875, 3.125], "texture": "#0"},
				"down": {"uv": [7.75, 3.75, 7.875, 3.875], "texture": "#0"}
			}
		},
		{
			"name": "silverine_blade_1",
			"from": [7.625, 6, 7.9],
			"to": [7.75, 12.375, 8.025],
			"faces": {
				"north": {"uv": [7.75, 3.625, 7.625, 10], "texture": "#0"},
				"east": {"uv": [7.625, 3.625, 7.75, 10], "texture": "#0"},
				"south": {"uv": [7.625, 3.625, 7.75, 10], "texture": "#0"},
				"west": {"uv": [7.625, 3.625, 7.75, 10], "texture": "#0"},
				"up": {"uv": [7.625, 3.625, 7.75, 3.75], "texture": "#0"},
				"down": {"uv": [7.625, 9.875, 7.75, 10], "texture": "#0"}
			}
		},
		{
			"name": "silverine_blade_2",
			"from": [7.875, 6, 7.9],
			"to": [8, 12.375, 8.025],
			"faces": {
				"north": {"uv": [8, 3.625, 7.875, 10], "texture": "#0"},
				"east": {"uv": [7.875, 3.625, 8, 10], "texture": "#0"},
				"south": {"uv": [7.875, 3.625, 8, 10], "texture": "#0"},
				"west": {"uv": [7.875, 3.625, 8, 10], "texture": "#0"},
				"up": {"uv": [7.875, 3.625, 8, 3.75], "texture": "#0"},
				"down": {"uv": [7.875, 9.875, 8, 10], "texture": "#0"}
			}
		},
		{
			"name": "silverine_blade_3",
			"from": [7.75, 6.5, 7.85],
			"to": [7.875, 12.125, 8.075],
			"faces": {
				"north": {"uv": [7.375, 3.875, 7.25, 9.5], "texture": "#0"},
				"east": {"uv": [7.25, 3.875, 7.375, 9.5], "texture": "#0"},
				"south": {"uv": [7.25, 3.875, 7.375, 9.5], "texture": "#0"},
				"west": {"uv": [7.25, 3.875, 7.375, 9.5], "texture": "#0"},
				"up": {"uv": [7.25, 3.875, 7.375, 4], "texture": "#0"},
				"down": {"uv": [7.25, 9.375, 7.375, 9.5], "texture": "#0"}
			}
		},
		{
			"name": "silverine_blade_4",
			"from": [7.75, 5.5, 7.8],
			"to": [7.875, 6.5, 8.125],
			"faces": {
				"north": {"uv": [9.625, 9.25, 9.5, 10.25], "texture": "#0"},
				"east": {"uv": [9.5, 9.25, 9.625, 10.25], "texture": "#0"},
				"south": {"uv": [9.5, 9.25, 9.625, 10.25], "texture": "#0"},
				"west": {"uv": [9.5, 9.25, 9.625, 10.25], "texture": "#0"},
				"up": {"uv": [9.5, 9.25, 9.625, 9.375], "texture": "#0"},
				"down": {"uv": [9.5, 10.125, 9.625, 10.25], "texture": "#0"}
			}
		},
		{
			"name": "silverine_blade_5",
			"from": [7.5, 5.875, 7.8],
			"to": [7.75, 6, 8.125],
			"faces": {
				"north": {"uv": [9.5, 9.75, 9.25, 9.875], "texture": "#0"},
				"east": {"uv": [9.375, 9.75, 9.5, 9.875], "texture": "#0"},
				"south": {"uv": [9.25, 9.75, 9.5, 9.875], "texture": "#0"},
				"west": {"uv": [9.25, 9.75, 9.375, 9.875], "texture": "#0"},
				"up": {"uv": [9.25, 9.75, 9.5, 9.875], "texture": "#0"},
				"down": {"uv": [9.25, 9.75, 9.5, 9.875], "texture": "#0"}
			}
		},
		{
			"name": "silverine_blade_6",
			"from": [7.875, 5.875, 7.8],
			"to": [8.125, 6, 8.125],
			"faces": {
				"north": {"uv": [9.875, 9.75, 9.625, 9.875], "texture": "#0"},
				"east": {"uv": [9.75, 9.75, 9.875, 9.875], "texture": "#0"},
				"south": {"uv": [9.625, 9.75, 9.875, 9.875], "texture": "#0"},
				"west": {"uv": [9.625, 9.75, 9.75, 9.875], "texture": "#0"},
				"up": {"uv": [9.625, 9.75, 9.875, 9.875], "texture": "#0"},
				"down": {"uv": [9.625, 9.75, 9.875, 9.875], "texture": "#0"}
			}
		},
		{
			"name": "silverine_blade_7",
			"from": [7.625, 5.5, 7.9],
			"to": [7.75, 5.875, 8.025],
			"faces": {
				"north": {"uv": [7.75, 10.125, 7.625, 10.5], "texture": "#0"},
				"east": {"uv": [7.625, 10.125, 7.75, 10.5], "texture": "#0"},
				"south": {"uv": [7.625, 10.125, 7.75, 10.5], "texture": "#0"},
				"west": {"uv": [7.625, 10.125, 7.75, 10.5], "texture": "#0"},
				"up": {"uv": [7.625, 10.125, 7.75, 10.25], "texture": "#0"},
				"down": {"uv": [7.625, 10.375, 7.75, 10.5], "texture": "#0"}
			}
		},
		{
			"name": "silverine_blade_8",
			"from": [7.875, 5.5, 7.9],
			"to": [8, 5.875, 8.025],
			"faces": {
				"north": {"uv": [8, 10.125, 7.875, 10.5], "texture": "#0"},
				"east": {"uv": [7.875, 10.125, 8, 10.5], "texture": "#0"},
				"south": {"uv": [7.875, 10.125, 8, 10.5], "texture": "#0"},
				"west": {"uv": [7.875, 10.125, 8, 10.5], "texture": "#0"},
				"up": {"uv": [7.875, 10.125, 8, 10.25], "texture": "#0"},
				"down": {"uv": [7.875, 10.375, 8, 10.5], "texture": "#0"}
			}
		},
		{
			"name": "silverine_blade_9",
			"from": [6.875, 5, 7.85],
			"to": [7, 5.5, 8.075],
			"faces": {
				"north": {"uv": [8.5, 10.5, 8.375, 11], "texture": "#0"},
				"east": {"uv": [8.375, 10.5, 8.5, 11], "texture": "#0"},
				"south": {"uv": [8.375, 10.5, 8.5, 11], "texture": "#0"},
				"west": {"uv": [8.375, 10.5, 8.5, 11], "texture": "#0"},
				"up": {"uv": [8.375, 10.5, 8.5, 10.625], "texture": "#0"},
				"down": {"uv": [8.375, 10.875, 8.5, 11], "texture": "#0"}
			}
		},
		{
			"name": "silverine_blade_10",
			"from": [7.625, 4.875, 7.75],
			"to": [8, 5.5, 8.175],
			"faces": {
				"north": {"uv": [9.75, 10.5, 9.375, 11.125], "texture": "#0"},
				"east": {"uv": [9.625, 10.5, 9.75, 11.125], "texture": "#0"},
				"south": {"uv": [9.375, 10.5, 9.75, 11.125], "texture": "#0"},
				"west": {"uv": [9.375, 10.5, 9.5, 11.125], "texture": "#0"},
				"up": {"uv": [9.375, 10.5, 9.75, 10.625], "texture": "#0"},
				"down": {"uv": [9.375, 11, 9.75, 11.125], "texture": "#0"}
			}
		},
		{
			"name": "silverine_blade_11",
			"from": [8.625, 5, 7.85],
			"to": [8.75, 5.5, 8.075],
			"faces": {
				"north": {"uv": [10.75, 10.5, 10.625, 11], "texture": "#0"},
				"east": {"uv": [10.625, 10.5, 10.75, 11], "texture": "#0"},
				"south": {"uv": [10.625, 10.5, 10.75, 11], "texture": "#0"},
				"west": {"uv": [10.625, 10.5, 10.75, 11], "texture": "#0"},
				"up": {"uv": [10.625, 10.5, 10.75, 10.625], "texture": "#0"},
				"down": {"uv": [10.625, 10.875, 10.75, 11], "texture": "#0"}
			}
		},
		{
			"name": "silverine_blade_12",
			"from": [6.75, 5.125, 7.85],
			"to": [6.875, 5.375, 8.075],
			"faces": {
				"north": {"uv": [8.375, 10.625, 8.25, 10.875], "texture": "#0"},
				"east": {"uv": [8.25, 10.625, 8.375, 10.875], "texture": "#0"},
				"south": {"uv": [8.25, 10.625, 8.375, 10.875], "texture": "#0"},
				"west": {"uv": [8.25, 10.625, 8.375, 10.875], "texture": "#0"},
				"up": {"uv": [8.25, 10.625, 8.375, 10.75], "texture": "#0"},
				"down": {"uv": [8.25, 10.75, 8.375, 10.875], "texture": "#0"}
			}
		},
		{
			"name": "silverine_blade_13",
			"from": [7, 5.125, 7.85],
			"to": [7.5, 5.375, 8.075],
			"faces": {
				"north": {"uv": [9, 10.625, 8.5, 10.875], "texture": "#0"},
				"east": {"uv": [8.875, 10.625, 9, 10.875], "texture": "#0"},
				"south": {"uv": [8.5, 10.625, 9, 10.875], "texture": "#0"},
				"west": {"uv": [8.5, 10.625, 8.625, 10.875], "texture": "#0"},
				"up": {"uv": [8.5, 10.625, 9, 10.75], "texture": "#0"},
				"down": {"uv": [8.5, 10.75, 9, 10.875], "texture": "#0"}
			}
		},
		{
			"name": "silverine_blade_14",
			"from": [7.5, 5, 7.75],
			"to": [7.625, 5.375, 8.175],
			"faces": {
				"north": {"uv": [9.375, 10.625, 9.25, 11], "texture": "#0"},
				"east": {"uv": [9.25, 10.625, 9.375, 11], "texture": "#0"},
				"south": {"uv": [9.25, 10.625, 9.375, 11], "texture": "#0"},
				"west": {"uv": [9.25, 10.625, 9.375, 11], "texture": "#0"},
				"up": {"uv": [9.25, 10.625, 9.375, 10.75], "texture": "#0"},
				"down": {"uv": [9.25, 10.875, 9.375, 11], "texture": "#0"}
			}
		},
		{
			"name": "silverine_blade_15",
			"from": [8, 5, 7.75],
			"to": [8.125, 5.375, 8.175],
			"faces": {
				"north": {"uv": [9.875, 10.625, 9.75, 11], "texture": "#0"},
				"east": {"uv": [9.75, 10.625, 9.875, 11], "texture": "#0"},
				"south": {"uv": [9.75, 10.625, 9.875, 11], "texture": "#0"},
				"west": {"uv": [9.75, 10.625, 9.875, 11], "texture": "#0"},
				"up": {"uv": [9.75, 10.625, 9.875, 10.75], "texture": "#0"},
				"down": {"uv": [9.75, 10.875, 9.875, 11], "texture": "#0"}
			}
		},
		{
			"name": "silverine_blade_16",
			"from": [8.125, 5.125, 7.85],
			"to": [8.625, 5.375, 8.075],
			"faces": {
				"north": {"uv": [10.625, 10.625, 10.125, 10.875], "texture": "#0"},
				"east": {"uv": [10.5, 10.625, 10.625, 10.875], "texture": "#0"},
				"south": {"uv": [10.125, 10.625, 10.625, 10.875], "texture": "#0"},
				"west": {"uv": [10.125, 10.625, 10.25, 10.875], "texture": "#0"},
				"up": {"uv": [10.125, 10.625, 10.625, 10.75], "texture": "#0"},
				"down": {"uv": [10.125, 10.75, 10.625, 10.875], "texture": "#0"}
			}
		},
		{
			"name": "silverine_blade_17",
			"from": [8.75, 5.125, 7.85],
			"to": [8.875, 5.375, 8.075],
			"faces": {
				"north": {"uv": [10.875, 10.625, 10.75, 10.875], "texture": "#0"},
				"east": {"uv": [10.75, 10.625, 10.875, 10.875], "texture": "#0"},
				"south": {"uv": [10.75, 10.625, 10.875, 10.875], "texture": "#0"},
				"west": {"uv": [10.75, 10.625, 10.875, 10.875], "texture": "#0"},
				"up": {"uv": [10.75, 10.625, 10.875, 10.75], "texture": "#0"},
				"down": {"uv": [10.75, 10.75, 10.875, 10.875], "texture": "#0"}
			}
		},
		{
			"name": "silverine_blade_18",
			"from": [7.625, 2.875, 7.8],
			"to": [8, 4.875, 8.125],
			"faces": {
				"north": {"uv": [8, 11.125, 7.625, 13.125], "texture": "#0"},
				"east": {"uv": [7.875, 11.125, 8, 13.125], "texture": "#0"},
				"south": {"uv": [7.625, 11.125, 8, 13.125], "texture": "#0"},
				"west": {"uv": [7.625, 11.125, 7.75, 13.125], "texture": "#0"},
				"up": {"uv": [7.625, 11.125, 8, 11.25], "texture": "#0"},
				"down": {"uv": [7.625, 13, 8, 13.125], "texture": "#0"}
			}
		},
		{
			"name": "silverine_blade_19",
			"from": [7.5, 2.625, 7.75],
			"to": [8.125, 2.875, 8.175],
			"faces": {
				"north": {"uv": [8.125, 13.375, 7.5, 13.625], "texture": "#0"},
				"east": {"uv": [8, 13.375, 8.125, 13.625], "texture": "#0"},
				"south": {"uv": [7.5, 13.375, 8.125, 13.625], "texture": "#0"},
				"west": {"uv": [7.5, 13.375, 7.625, 13.625], "texture": "#0"},
				"up": {"uv": [7.5, 13.375, 8.125, 13.5], "texture": "#0"},
				"down": {"uv": [7.5, 13.5, 8.125, 13.625], "texture": "#0"}
			}
		},
		{
			"name": "silverine_blade_20",
			"from": [7.5, 2.5, 7.75],
			"to": [7.625, 2.625, 8.175],
			"faces": {
				"north": {"uv": [7.625, 13.625, 7.5, 13.75], "texture": "#0"},
				"east": {"uv": [7.5, 13.625, 7.625, 13.75], "texture": "#0"},
				"south": {"uv": [7.5, 13.625, 7.625, 13.75], "texture": "#0"},
				"west": {"uv": [7.5, 13.625, 7.625, 13.75], "texture": "#0"},
				"up": {"uv": [7.5, 13.625, 7.625, 13.75], "texture": "#0"},
				"down": {"uv": [7.5, 13.625, 7.625, 13.75], "texture": "#0"}
			}
		},
		{
			"name": "silverine_blade_21",
			"from": [7.75, 1.875, 7.75],
			"to": [7.875, 2.625, 8.175],
			"faces": {
				"north": {"uv": [7.875, 13.625, 7.75, 14.375], "texture": "#0"},
				"east": {"uv": [7.75, 13.625, 7.875, 14.375], "texture": "#0"},
				"south": {"uv": [7.75, 13.625, 7.875, 14.375], "texture": "#0"},
				"west": {"uv": [7.75, 13.625, 7.875, 14.375], "texture": "#0"},
				"up": {"uv": [7.75, 13.625, 7.875, 13.75], "texture": "#0"},
				"down": {"uv": [7.75, 14.25, 7.875, 14.375], "texture": "#0"}
			}
		},
		{
			"name": "silverine_blade_22",
			"from": [8, 2.5, 7.75],
			"to": [8.125, 2.625, 8.175],
			"faces": {
				"north": {"uv": [8.125, 13.625, 8, 13.75], "texture": "#0"},
				"east": {"uv": [8, 13.625, 8.125, 13.75], "texture": "#0"},
				"south": {"uv": [8, 13.625, 8.125, 13.75], "texture": "#0"},
				"west": {"uv": [8, 13.625, 8.125, 13.75], "texture": "#0"},
				"up": {"uv": [8, 13.625, 8.125, 13.75], "texture": "#0"},
				"down": {"uv": [8, 13.625, 8.125, 13.75], "texture": "#0"}
			}
		},
		{
			"name": "silverine_blade_23",
			"from": [7.625, 2.125, 7.75],
			"to": [7.75, 2.5, 8.175],
			"faces": {
				"north": {"uv": [7.75, 13.75, 7.625, 14.125], "texture": "#0"},
				"east": {"uv": [7.625, 13.75, 7.75, 14.125], "texture": "#0"},
				"south": {"uv": [7.625, 13.75, 7.75, 14.125], "texture": "#0"},
				"west": {"uv": [7.625, 13.75, 7.75, 14.125], "texture": "#0"},
				"up": {"uv": [7.625, 13.75, 7.75, 13.875], "texture": "#0"},
				"down": {"uv": [7.625, 14, 7.75, 14.125], "texture": "#0"}
			}
		},
		{
			"name": "silverine_blade_24",
			"from": [7.875, 2.125, 7.75],
			"to": [8, 2.5, 8.175],
			"faces": {
				"north": {"uv": [8, 13.75, 7.875, 14.125], "texture": "#0"},
				"east": {"uv": [7.875, 13.75, 8, 14.125], "texture": "#0"},
				"south": {"uv": [7.875, 13.75, 8, 14.125], "texture": "#0"},
				"west": {"uv": [7.875, 13.75, 8, 14.125], "texture": "#0"},
				"up": {"uv": [7.875, 13.75, 8, 13.875], "texture": "#0"},
				"down": {"uv": [7.875, 14, 8, 14.125], "texture": "#0"}
			}
		}
	],
	"gui_light": "front",
	"display": {
		"thirdperson_righthand": {
			"rotation": [0, -90, 0],
			"translation": [0, 9, 1.75],
			"scale": [2.8, 2.8, 2.8]
		},
		"thirdperson_lefthand": {
			"rotation": [0, -90, 0],
			"translation": [0, 9, 1.75],
			"scale": [2.8, 2.8, 2.8]
		},
		"firstperson_righthand": {
			"rotation": [-4, -90, -8],
			"translation": [2.5, 6.75, -0.25],
			"scale": [2, 2, 2]
		},
		"firstperson_lefthand": {
			"rotation": [9, 90, -8],
			"translation": [1.75, 7.5, -0.5],
			"scale": [2, 2, 2]
		},
		"ground": {
			"translation": [0, 7.75, 0],
			"scale": [2, 2, 2]
		},
		"gui": {
			"rotation": [0, 0, -46],
			"translation": [1.25, 0.75, 0],
			"scale": [2.5, 2.5, 2.5]
		},
		"head": {
			"rotation": [0, 0, -132],
			"translation": [-2.25, -13, 3.5],
			"scale": [3.5, 3.5, 3.5]
		},
		"fixed": {
			"rotation": [-180, 0, 134],
			"translation": [-2.75, 1.75, -0.25],
			"scale": [4, 4, 3]
		}
	},
	"groups": [
		{
			"name": "silverine_blade",
			"origin": [8, 8, 8],
			"color": 0,
			"nbt": "{}",
			"children": [0, 1, 2, 3, 4, 5, 6, 7, 8, 9, 10, 11, 12, 13, 14, 15, 16, 17, 18, 19, 20, 21, 22, 23, 24]
		}
	]
}