{
	"credit": "Made with Blockbench",
	"textures": {
		"1": "item/diamond_sword/soulstealer",
		"3": "item/diamond_sword/soulstealer_layer",
		"particle": "item/diamond_sword/soulstealer"
	},
	"elements": [
		{
			"name": "s1_0",
			"from": [8, 10.5, 8],
			"to": [8.125, 11.625, 8.125],
			"rotation": {"angle": 0, "axis": "y", "origin": [0, 0, 8]},
			"faces": {
				"north": {"uv": [8.125, 4.375, 8, 5.5], "texture": "#1"},
				"east": {"uv": [8, 4.375, 8.125, 5.5], "texture": "#1"},
				"south": {"uv": [8, 4.375, 8.125, 5.5], "texture": "#1"},
				"west": {"uv": [8, 4.375, 8.125, 5.5], "texture": "#1"},
				"up": {"uv": [8, 4.375, 8.125, 4.5], "texture": "#1"}
			}
		},
		{
			"name": "s1_1",
			"from": [7.875, 9.625, 8],
			"to": [8, 11, 8.125],
			"rotation": {"angle": 0, "axis": "y", "origin": [0, 0, 8]},
			"faces": {
				"north": {"uv": [8, 5, 7.875, 6.375], "texture": "#1"},
				"south": {"uv": [7.875, 5, 8, 6.375], "texture": "#1"},
				"west": {"uv": [7.875, 5, 8, 6.375], "texture": "#1"},
				"up": {"uv": [7.875, 5, 8, 5.125], "texture": "#1"}
			}
		},
		{
			"name": "s1_2",
			"from": [8.125, 9.625, 8],
			"to": [8.25, 11, 8.125],
			"rotation": {"angle": 0, "axis": "y", "origin": [0, 0, 8]},
			"faces": {
				"north": {"uv": [8.25, 5, 8.125, 6.375], "texture": "#1"},
				"east": {"uv": [8.125, 5, 8.25, 6.375], "texture": "#1"},
				"south": {"uv": [8.125, 5, 8.25, 6.375], "texture": "#1"},
				"up": {"uv": [8.125, 5, 8.25, 5.125], "texture": "#1"}
			}
		},
		{
			"name": "s1_3",
			"from": [7.75, 7.875, 8],
			"to": [7.875, 10.5, 8.125],
			"rotation": {"angle": 0, "axis": "y", "origin": [0, 0, 8]},
			"faces": {
				"north": {"uv": [7.875, 5.5, 7.75, 8.125], "texture": "#1"},
				"south": {"uv": [7.75, 5.5, 7.875, 8.125], "texture": "#1"},
				"west": {"uv": [7.75, 5.5, 7.875, 8.125], "texture": "#1"},
				"up": {"uv": [7.75, 5.5, 7.875, 5.625], "texture": "#1"}
			}
		},
		{
			"name": "s1_4",
			"from": [8.25, 7.875, 8],
			"to": [8.375, 10.5, 8.125],
			"rotation": {"angle": 0, "axis": "y", "origin": [0, 0, 8]},
			"faces": {
				"north": {"uv": [8.375, 5.5, 8.25, 8.125], "texture": "#1"},
				"east": {"uv": [8.25, 5.5, 8.375, 8.125], "texture": "#1"},
				"south": {"uv": [8.25, 5.5, 8.375, 8.125], "texture": "#1"},
				"up": {"uv": [8.25, 5.5, 8.375, 5.625], "texture": "#1"}
			}
		},
		{
			"name": "s1_5",
			"from": [7.625, 7, 8],
			"to": [7.75, 9.625, 8.125],
			"rotation": {"angle": 0, "axis": "y", "origin": [0, 0, 8]},
			"faces": {
				"north": {"uv": [7.75, 6.375, 7.625, 9], "texture": "#1"},
				"south": {"uv": [7.625, 6.375, 7.75, 9], "texture": "#1"},
				"west": {"uv": [7.625, 6.375, 7.75, 9], "texture": "#1"},
				"up": {"uv": [7.625, 6.375, 7.75, 6.5], "texture": "#1"}
			}
		},
		{
			"name": "s1_6",
			"from": [8.375, 7, 8],
			"to": [8.5, 9.625, 8.125],
			"rotation": {"angle": 0, "axis": "y", "origin": [0, 0, 8]},
			"faces": {
				"north": {"uv": [8.5, 6.375, 8.375, 9], "texture": "#1"},
				"east": {"uv": [8.375, 6.375, 8.5, 9], "texture": "#1"},
				"south": {"uv": [8.375, 6.375, 8.5, 9], "texture": "#1"},
				"up": {"uv": [8.375, 6.375, 8.5, 6.5], "texture": "#1"}
			}
		},
		{
			"name": "s1_7",
			"from": [7.5, 7.375, 8],
			"to": [7.625, 7.875, 8.125],
			"rotation": {"angle": 0, "axis": "y", "origin": [0, 0, 8]},
			"faces": {
				"north": {"uv": [7.625, 8.125, 7.5, 8.625], "texture": "#1"},
				"south": {"uv": [7.5, 8.125, 7.625, 8.625], "texture": "#1"},
				"west": {"uv": [7.5, 8.125, 7.625, 8.625], "texture": "#1"},
				"up": {"uv": [7.5, 8.125, 7.625, 8.25], "texture": "#1"},
				"down": {"uv": [7.5, 8.5, 7.625, 8.625], "texture": "#1"}
			}
		},
		{
			"name": "s1_8",
			"from": [8.5, 7.375, 8],
			"to": [8.625, 7.875, 8.125],
			"rotation": {"angle": 0, "axis": "y", "origin": [0, 0, 8]},
			"faces": {
				"north": {"uv": [8.625, 8.125, 8.5, 8.625], "texture": "#1"},
				"east": {"uv": [8.5, 8.125, 8.625, 8.625], "texture": "#1"},
				"south": {"uv": [8.5, 8.125, 8.625, 8.625], "texture": "#1"},
				"up": {"uv": [8.5, 8.125, 8.625, 8.25], "texture": "#1"},
				"down": {"uv": [8.5, 8.5, 8.625, 8.625], "texture": "#1"}
			}
		},
		{
			"name": "s1_9",
			"from": [7.375, 7.375, 8],
			"to": [7.5, 7.5, 8.125],
			"rotation": {"angle": 0, "axis": "y", "origin": [0, 0, 8]},
			"faces": {
				"north": {"uv": [7.5, 8.5, 7.375, 8.625], "texture": "#1"},
				"south": {"uv": [7.375, 8.5, 7.5, 8.625], "texture": "#1"},
				"west": {"uv": [7.375, 8.5, 7.5, 8.625], "texture": "#1"},
				"up": {"uv": [7.375, 8.5, 7.5, 8.625], "texture": "#1"},
				"down": {"uv": [7.375, 8.5, 7.5, 8.625], "texture": "#1"}
			}
		},
		{
			"name": "s1_10",
			"from": [8.625, 7.375, 8],
			"to": [8.75, 7.5, 8.125],
			"rotation": {"angle": 0, "axis": "y", "origin": [0, 0, 8]},
			"faces": {
				"north": {"uv": [8.75, 8.5, 8.625, 8.625], "texture": "#1"},
				"east": {"uv": [8.625, 8.5, 8.75, 8.625], "texture": "#1"},
				"south": {"uv": [8.625, 8.5, 8.75, 8.625], "texture": "#1"},
				"up": {"uv": [8.625, 8.5, 8.75, 8.625], "texture": "#1"},
				"down": {"uv": [8.625, 8.5, 8.75, 8.625], "texture": "#1"}
			}
		},
		{
			"name": "s1_11",
			"from": [7.75, 7.125, 8],
			"to": [7.875, 7.375, 8.125],
			"rotation": {"angle": 0, "axis": "y", "origin": [0, 0, 8]},
			"faces": {
				"north": {"uv": [7.875, 8.625, 7.75, 8.875], "texture": "#1"},
				"south": {"uv": [7.75, 8.625, 7.875, 8.875], "texture": "#1"}
			}
		},
		{
			"name": "s1_12",
			"from": [8.25, 7.125, 8],
			"to": [8.375, 7.375, 8.125],
			"rotation": {"angle": 0, "axis": "y", "origin": [0, 0, 8]},
			"faces": {
				"north": {"uv": [8.375, 8.625, 8.25, 8.875], "texture": "#1"},
				"south": {"uv": [8.25, 8.625, 8.375, 8.875], "texture": "#1"}
			}
		},
		{
			"name": "s1_13",
			"from": [7.5, 6.875, 8],
			"to": [7.625, 7.125, 8.125],
			"rotation": {"angle": 0, "axis": "y", "origin": [0, 0, 8]},
			"faces": {
				"north": {"uv": [7.625, 8.875, 7.5, 9.125], "texture": "#1"},
				"south": {"uv": [7.5, 8.875, 7.625, 9.125], "texture": "#1"},
				"west": {"uv": [7.5, 8.875, 7.625, 9.125], "texture": "#1"},
				"up": {"uv": [7.5, 8.875, 7.625, 9], "texture": "#1"}
			}
		},
		{
			"name": "s1_14",
			"from": [8.5, 6.875, 8],
			"to": [8.625, 7.125, 8.125],
			"rotation": {"angle": 0, "axis": "y", "origin": [0, 0, 8]},
			"faces": {
				"north": {"uv": [8.625, 8.875, 8.5, 9.125], "texture": "#1"},
				"east": {"uv": [8.5, 8.875, 8.625, 9.125], "texture": "#1"},
				"south": {"uv": [8.5, 8.875, 8.625, 9.125], "texture": "#1"},
				"up": {"uv": [8.5, 8.875, 8.625, 9], "texture": "#1"}
			}
		},
		{
			"name": "s1_15",
			"from": [7.375, 5.875, 8],
			"to": [7.5, 7, 8.125],
			"rotation": {"angle": 0, "axis": "y", "origin": [0, 0, 8]},
			"faces": {
				"north": {"uv": [7.5, 9, 7.375, 10.125], "texture": "#1"},
				"east": {"uv": [7.375, 9, 7.5, 10.125], "texture": "#1"},
				"south": {"uv": [7.375, 9, 7.5, 10.125], "texture": "#1"},
				"west": {"uv": [7.375, 9, 7.5, 10.125], "texture": "#1"},
				"up": {"uv": [7.375, 9, 7.5, 9.125], "texture": "#1"},
				"down": {"uv": [7.375, 10, 7.5, 10.125], "texture": "#1"}
			}
		},
		{
			"name": "s1_16",
			"from": [8.625, 5.875, 8],
			"to": [8.75, 7, 8.125],
			"rotation": {"angle": 0, "axis": "y", "origin": [0, 0, 8]},
			"faces": {
				"north": {"uv": [8.75, 9, 8.625, 10.125], "texture": "#1"},
				"east": {"uv": [8.625, 9, 8.75, 10.125], "texture": "#1"},
				"south": {"uv": [8.625, 9, 8.75, 10.125], "texture": "#1"},
				"west": {"uv": [8.625, 9, 8.75, 10.125], "texture": "#1"},
				"up": {"uv": [8.625, 9, 8.75, 9.125], "texture": "#1"},
				"down": {"uv": [8.625, 10, 8.75, 10.125], "texture": "#1"}
			}
		},
		{
			"name": "s1_17",
			"from": [7.25, 5.75, 8],
			"to": [7.375, 6.5, 8.125],
			"rotation": {"angle": 0, "axis": "y", "origin": [0, 0, 8]},
			"faces": {
				"north": {"uv": [7.375, 9.5, 7.25, 10.25], "texture": "#1"},
				"east": {"uv": [7.25, 9.5, 7.375, 10.25], "texture": "#1"},
				"south": {"uv": [7.25, 9.5, 7.375, 10.25], "texture": "#1"},
				"west": {"uv": [7.25, 9.5, 7.375, 10.25], "texture": "#1"},
				"up": {"uv": [7.25, 9.5, 7.375, 9.625], "texture": "#1"},
				"down": {"uv": [7.25, 10.125, 7.375, 10.25], "texture": "#1"}
			}
		},
		{
			"name": "s1_18",
			"from": [8.75, 5.75, 8],
			"to": [8.875, 6.5, 8.125],
			"rotation": {"angle": 0, "axis": "y", "origin": [0, 0, 8]},
			"faces": {
				"north": {"uv": [8.875, 9.5, 8.75, 10.25], "texture": "#1"},
				"east": {"uv": [8.75, 9.5, 8.875, 10.25], "texture": "#1"},
				"south": {"uv": [8.75, 9.5, 8.875, 10.25], "texture": "#1"},
				"west": {"uv": [8.75, 9.5, 8.875, 10.25], "texture": "#1"},
				"up": {"uv": [8.75, 9.5, 8.875, 9.625], "texture": "#1"},
				"down": {"uv": [8.75, 10.125, 8.875, 10.25], "texture": "#1"}
			}
		},
		{
			"name": "s1_19",
			"from": [7.5, 6.125, 8],
			"to": [7.625, 6.25, 8.125],
			"rotation": {"angle": 0, "axis": "y", "origin": [0, 0, 8]},
			"faces": {
				"north": {"uv": [7.625, 9.75, 7.5, 9.875], "texture": "#1"},
				"south": {"uv": [7.5, 9.75, 7.625, 9.875], "texture": "#1"},
				"down": {"uv": [7.5, 9.75, 7.625, 9.875], "texture": "#1"}
			}
		},
		{
			"name": "s1_20",
			"from": [8.5, 6.125, 8],
			"to": [8.625, 6.25, 8.125],
			"rotation": {"angle": 0, "axis": "y", "origin": [0, 0, 8]},
			"faces": {
				"north": {"uv": [8.625, 9.75, 8.5, 9.875], "texture": "#1"},
				"south": {"uv": [8.5, 9.75, 8.625, 9.875], "texture": "#1"},
				"down": {"uv": [8.5, 9.75, 8.625, 9.875], "texture": "#1"}
			}
		},
		{
			"name": "s1_21",
			"from": [7.125, 5.75, 8],
			"to": [7.25, 6, 8.125],
			"rotation": {"angle": 0, "axis": "y", "origin": [0, 0, 8]},
			"faces": {
				"north": {"uv": [7.25, 10, 7.125, 10.25], "texture": "#1"},
				"south": {"uv": [7.125, 10, 7.25, 10.25], "texture": "#1"},
				"west": {"uv": [7.125, 10, 7.25, 10.25], "texture": "#1"},
				"up": {"uv": [7.125, 10, 7.25, 10.125], "texture": "#1"},
				"down": {"uv": [7.125, 10.125, 7.25, 10.25], "texture": "#1"}
			}
		},
		{
			"name": "s1_22",
			"from": [7.875, 4.125, 7.9],
			"to": [8.25, 6, 8.225],
			"rotation": {"angle": 0, "axis": "y", "origin": [0, 0, 8]},
			"faces": {
				"north": {"uv": [8.25, 10, 7.875, 11.875], "texture": "#1"},
				"east": {"uv": [8.125, 10, 8.25, 11.875], "texture": "#1"},
				"south": {"uv": [7.875, 10, 8.25, 11.875], "texture": "#1"},
				"west": {"uv": [7.875, 10, 8, 11.875], "texture": "#1"}
			}
		},
		{
			"name": "s1_23",
			"from": [8.875, 5.75, 8],
			"to": [9, 6, 8.125],
			"rotation": {"angle": 0, "axis": "y", "origin": [0, 0, 8]},
			"faces": {
				"north": {"uv": [9, 10, 8.875, 10.25], "texture": "#1"},
				"east": {"uv": [8.875, 10, 9, 10.25], "texture": "#1"},
				"south": {"uv": [8.875, 10, 9, 10.25], "texture": "#1"},
				"up": {"uv": [8.875, 10, 9, 10.125], "texture": "#1"},
				"down": {"uv": [8.875, 10.125, 9, 10.25], "texture": "#1"}
			}
		},
		{
			"name": "s1_24",
			"from": [7.875, 3.75, 7.9],
			"to": [8.25, 3.875, 8.225],
			"rotation": {"angle": 0, "axis": "y", "origin": [0, 0, 8]},
			"faces": {
				"north": {"uv": [8.25, 12.125, 7.875, 12.25], "texture": "#1"},
				"east": {"uv": [8.125, 12.125, 8.25, 12.25], "texture": "#1"},
				"south": {"uv": [7.875, 12.125, 8.25, 12.25], "texture": "#1"},
				"west": {"uv": [7.875, 12.125, 8, 12.25], "texture": "#1"}
			}
		},
		{
			"name": "s2_0",
			"from": [8, 8.625, 7.95],
			"to": [8.125, 10.5, 8.175],
			"rotation": {"angle": 0, "axis": "y", "origin": [0, 0, 8]},
			"faces": {
				"north": {"uv": [8.125, 5.5, 8, 7.375], "texture": "#1"},
				"east": {"uv": [8, 5.5, 8.125, 7.375], "texture": "#1"},
				"south": {"uv": [8, 5.5, 8.125, 7.375], "texture": "#1"},
				"west": {"uv": [8, 5.5, 8.125, 7.375], "texture": "#1"},
				"up": {"uv": [8, 5.5, 8.125, 5.625], "texture": "#1"}
			}
		},
		{
			"name": "s2_1",
			"from": [7.875, 8.75, 7.95],
			"to": [8, 9.625, 8.175],
			"rotation": {"angle": 0, "axis": "y", "origin": [0, 0, 8]},
			"faces": {
				"north": {"uv": [8, 6.375, 7.875, 7.25], "texture": "#1"},
				"south": {"uv": [7.875, 6.375, 8, 7.25], "texture": "#1"},
				"west": {"uv": [7.875, 6.375, 8, 7.25], "texture": "#1"},
				"up": {"uv": [7.875, 6.375, 8, 6.5], "texture": "#1"}
			}
		},
		{
			"name": "s2_2",
			"from": [8.125, 8.75, 7.95],
			"to": [8.25, 9.625, 8.175],
			"rotation": {"angle": 0, "axis": "y", "origin": [0, 0, 8]},
			"faces": {
				"north": {"uv": [8.25, 6.375, 8.125, 7.25], "texture": "#1"},
				"east": {"uv": [8.125, 6.375, 8.25, 7.25], "texture": "#1"},
				"south": {"uv": [8.125, 6.375, 8.25, 7.25], "texture": "#1"},
				"up": {"uv": [8.125, 6.375, 8.25, 6.5], "texture": "#1"}
			}
		},
		{
			"name": "s2_3",
			"from": [7.875, 8.25, 7.95],
			"to": [8, 8.625, 8.175],
			"rotation": {"angle": 0, "axis": "y", "origin": [0, 0, 8]},
			"faces": {
				"north": {"uv": [8, 7.375, 7.875, 7.75], "texture": "#1"},
				"south": {"uv": [7.875, 7.375, 8, 7.75], "texture": "#1"},
				"west": {"uv": [7.875, 7.375, 8, 7.75], "texture": "#1"}
			}
		},
		{
			"name": "s2_4",
			"from": [8.125, 8.25, 7.95],
			"to": [8.25, 8.625, 8.175],
			"rotation": {"angle": 0, "axis": "y", "origin": [0, 0, 8]},
			"faces": {
				"north": {"uv": [8.25, 7.375, 8.125, 7.75], "texture": "#1"},
				"east": {"uv": [8.125, 7.375, 8.25, 7.75], "texture": "#1"},
				"south": {"uv": [8.125, 7.375, 8.25, 7.75], "texture": "#1"}
			}
		},
		{
			"name": "s2_5",
			"from": [7.875, 7.5, 7.95],
			"to": [8, 7.875, 8.175],
			"rotation": {"angle": 0, "axis": "y", "origin": [0, 0, 8]},
			"faces": {
				"north": {"uv": [8, 8.125, 7.875, 8.5], "texture": "#1"},
				"south": {"uv": [7.875, 8.125, 8, 8.5], "texture": "#1"}
			}
		},
		{
			"name": "s2_6",
			"from": [8.125, 7.5, 7.95],
			"to": [8.25, 7.875, 8.175],
			"rotation": {"angle": 0, "axis": "y", "origin": [0, 0, 8]},
			"faces": {
				"north": {"uv": [8.25, 8.125, 8.125, 8.5], "texture": "#1"},
				"south": {"uv": [8.125, 8.125, 8.25, 8.5], "texture": "#1"}
			}
		},
		{
			"name": "s2_7",
			"from": [7.75, 7.375, 7.95],
			"to": [7.875, 7.625, 8.175],
			"rotation": {"angle": 0, "axis": "y", "origin": [0, 0, 8]},
			"faces": {
				"north": {"uv": [7.875, 8.375, 7.75, 8.625], "texture": "#1"},
				"south": {"uv": [7.75, 8.375, 7.875, 8.625], "texture": "#1"},
				"west": {"uv": [7.75, 8.375, 7.875, 8.625], "texture": "#1"},
				"down": {"uv": [7.75, 8.5, 7.875, 8.625], "texture": "#1"}
			}
		},
		{
			"name": "s2_8",
			"from": [8.25, 7.375, 7.95],
			"to": [8.375, 7.625, 8.175],
			"rotation": {"angle": 0, "axis": "y", "origin": [0, 0, 8]},
			"faces": {
				"north": {"uv": [8.375, 8.375, 8.25, 8.625], "texture": "#1"},
				"east": {"uv": [8.25, 8.375, 8.375, 8.625], "texture": "#1"},
				"south": {"uv": [8.25, 8.375, 8.375, 8.625], "texture": "#1"},
				"down": {"uv": [8.25, 8.5, 8.375, 8.625], "texture": "#1"}
			}
		},
		{
			"name": "s2_9",
			"from": [7.75, 6.875, 7.85],
			"to": [8.375, 7.125, 8.275],
			"rotation": {"angle": 0, "axis": "y", "origin": [0, 0, 8]},
			"faces": {
				"north": {"uv": [8.375, 8.875, 7.75, 9.125], "texture": "#1"},
				"east": {"uv": [8.25, 8.875, 8.375, 9.125], "texture": "#1"},
				"south": {"uv": [7.75, 8.875, 8.375, 9.125], "texture": "#1"},
				"west": {"uv": [7.75, 8.875, 7.875, 9.125], "texture": "#1"},
				"up": {"uv": [7.75, 8.875, 8.375, 9], "texture": "#1"},
				"down": {"uv": [7.75, 9, 8.375, 9.125], "texture": "#1"}
			}
		},
		{
			"name": "s2_10",
			"from": [7.625, 6.125, 7.85],
			"to": [7.75, 7, 8.275],
			"rotation": {"angle": 0, "axis": "y", "origin": [0, 0, 8]},
			"faces": {
				"north": {"uv": [7.75, 9, 7.625, 9.875], "texture": "#1"},
				"east": {"uv": [7.625, 9, 7.75, 9.875], "texture": "#1"},
				"south": {"uv": [7.625, 9, 7.75, 9.875], "texture": "#1"},
				"west": {"uv": [7.625, 9, 7.75, 9.875], "texture": "#1"},
				"up": {"uv": [7.625, 9, 7.75, 9.125], "texture": "#1"},
				"down": {"uv": [7.625, 9.75, 7.75, 9.875], "texture": "#1"}
			}
		},
		{
			"name": "s2_11",
			"from": [8.375, 6.125, 7.85],
			"to": [8.5, 7, 8.275],
			"rotation": {"angle": 0, "axis": "y", "origin": [0, 0, 8]},
			"faces": {
				"north": {"uv": [8.5, 9, 8.375, 9.875], "texture": "#1"},
				"east": {"uv": [8.375, 9, 8.5, 9.875], "texture": "#1"},
				"south": {"uv": [8.375, 9, 8.5, 9.875], "texture": "#1"},
				"west": {"uv": [8.375, 9, 8.5, 9.875], "texture": "#1"},
				"up": {"uv": [8.375, 9, 8.5, 9.125], "texture": "#1"},
				"down": {"uv": [8.375, 9.75, 8.5, 9.875], "texture": "#1"}
			}
		},
		{
			"name": "s2_12",
			"from": [7.5, 6.25, 7.85],
			"to": [7.625, 6.875, 8.275],
			"rotation": {"angle": 0, "axis": "y", "origin": [0, 0, 8]},
			"faces": {
				"north": {"uv": [7.625, 9.125, 7.5, 9.75], "texture": "#1"},
				"south": {"uv": [7.5, 9.125, 7.625, 9.75], "texture": "#1"},
				"west": {"uv": [7.5, 9.125, 7.625, 9.75], "texture": "#1"},
				"up": {"uv": [7.5, 9.125, 7.625, 9.25], "texture": "#1"},
				"down": {"uv": [7.5, 9.625, 7.625, 9.75], "texture": "#1"}
			}
		},
		{
			"name": "s2_13",
			"from": [7.75, 6.75, 7.85],
			"to": [7.875, 6.875, 8.275],
			"rotation": {"angle": 0, "axis": "y", "origin": [0, 0, 8]},
			"faces": {
				"north": {"uv": [7.875, 9.125, 7.75, 9.25], "texture": "#1"},
				"east": {"uv": [7.75, 9.125, 7.875, 9.25], "texture": "#1"},
				"south": {"uv": [7.75, 9.125, 7.875, 9.25], "texture": "#1"},
				"down": {"uv": [7.75, 9.125, 7.875, 9.25], "texture": "#1"}
			}
		},
		{
			"name": "s2_14",
			"from": [8.25, 6.75, 8],
			"to": [8.375, 6.875, 8.125],
			"rotation": {"angle": 0, "axis": "y", "origin": [0, 0, 8]},
			"faces": {
				"north": {"uv": [8.375, 9.125, 8.25, 9.25], "texture": "#1"},
				"south": {"uv": [8.25, 9.125, 8.375, 9.25], "texture": "#1"},
				"west": {"uv": [8.25, 9.125, 8.375, 9.25], "texture": "#1"},
				"down": {"uv": [8.25, 9.125, 8.375, 9.25], "texture": "#1"}
			}
		},
		{
			"name": "s2_15",
			"from": [8.5, 6.25, 7.85],
			"to": [8.625, 6.875, 8.275],
			"rotation": {"angle": 0, "axis": "y", "origin": [0, 0, 8]},
			"faces": {
				"north": {"uv": [8.625, 9.125, 8.5, 9.75], "texture": "#1"},
				"east": {"uv": [8.5, 9.125, 8.625, 9.75], "texture": "#1"},
				"south": {"uv": [8.5, 9.125, 8.625, 9.75], "texture": "#1"},
				"up": {"uv": [8.5, 9.125, 8.625, 9.25], "texture": "#1"},
				"down": {"uv": [8.5, 9.625, 8.625, 9.75], "texture": "#1"}
			}
		},
		{
			"name": "s2_16",
			"from": [7.75, 6, 7.85],
			"to": [7.875, 6.375, 8.275],
			"rotation": {"angle": 0, "axis": "y", "origin": [0, 0, 8]},
			"faces": {
				"north": {"uv": [7.875, 9.625, 7.75, 10], "texture": "#1"},
				"east": {"uv": [7.75, 9.625, 7.875, 10], "texture": "#1"},
				"south": {"uv": [7.75, 9.625, 7.875, 10], "texture": "#1"},
				"west": {"uv": [7.75, 9.625, 7.875, 10], "texture": "#1"},
				"up": {"uv": [7.75, 9.625, 7.875, 9.75], "texture": "#1"},
				"down": {"uv": [7.75, 9.875, 7.875, 10], "texture": "#1"}
			}
		},
		{
			"name": "s2_17",
			"from": [8.25, 6, 7.85],
			"to": [8.375, 6.375, 8.275],
			"rotation": {"angle": 0, "axis": "y", "origin": [0, 0, 8]},
			"faces": {
				"north": {"uv": [8.375, 9.625, 8.25, 10], "texture": "#1"},
				"east": {"uv": [8.25, 9.625, 8.375, 10], "texture": "#1"},
				"south": {"uv": [8.25, 9.625, 8.375, 10], "texture": "#1"},
				"west": {"uv": [8.25, 9.625, 8.375, 10], "texture": "#1"},
				"up": {"uv": [8.25, 9.625, 8.375, 9.75], "texture": "#1"},
				"down": {"uv": [8.25, 9.875, 8.375, 10], "texture": "#1"}
			}
		},
		{
			"name": "s2_18",
			"from": [7.875, 6, 7.85],
			"to": [8.25, 6.25, 8.275],
			"rotation": {"angle": 0, "axis": "y", "origin": [0, 0, 8]},
			"faces": {
				"north": {"uv": [8.25, 9.75, 7.875, 10], "texture": "#1"},
				"south": {"uv": [7.875, 9.75, 8.25, 10], "texture": "#1"},
				"up": {"uv": [7.875, 9.75, 8.25, 9.875], "texture": "#1"},
				"down": {"uv": [7.875, 9.875, 8.25, 10], "texture": "#1"}
			}
		},
		{
			"name": "s2_19",
			"from": [7.75, 3.875, 7.8],
			"to": [8.375, 4.125, 8.325],
			"rotation": {"angle": 0, "axis": "y", "origin": [0, 0, 8]},
			"faces": {
				"north": {"uv": [8.375, 11.875, 7.75, 12.125], "texture": "#1"},
				"east": {"uv": [8.25, 11.875, 8.375, 12.125], "texture": "#1"},
				"south": {"uv": [7.75, 11.875, 8.375, 12.125], "texture": "#1"},
				"west": {"uv": [7.75, 11.875, 7.875, 12.125], "texture": "#1"},
				"up": {"uv": [7.75, 11.875, 8.375, 12], "texture": "#1"},
				"down": {"uv": [7.75, 12, 8.375, 12.125], "texture": "#1"}
			}
		},
		{
			"name": "s2_20",
			"from": [7.75, 3.375, 7.8],
			"to": [8.375, 3.75, 8.325],
			"rotation": {"angle": 0, "axis": "y", "origin": [0, 0, 8]},
			"faces": {
				"north": {"uv": [8.375, 12.25, 7.75, 12.625], "texture": "#1"},
				"east": {"uv": [8.25, 12.25, 8.375, 12.625], "texture": "#1"},
				"south": {"uv": [7.75, 12.25, 8.375, 12.625], "texture": "#1"},
				"west": {"uv": [7.75, 12.25, 7.875, 12.625], "texture": "#1"},
				"up": {"uv": [7.75, 12.25, 8.375, 12.375], "texture": "#1"},
				"down": {"uv": [7.75, 12.5, 8.375, 12.625], "texture": "#1"}
			}
		},
		{
			"name": "s2_21",
			"from": [7.875, 3.25, 7.9],
			"to": [8.25, 3.375, 8.225],
			"rotation": {"angle": 0, "axis": "y", "origin": [0, 0, 8]},
			"faces": {
				"north": {"uv": [8.25, 12.625, 7.875, 12.75], "texture": "#1"},
				"east": {"uv": [8.125, 12.625, 8.25, 12.75], "texture": "#1"},
				"south": {"uv": [7.875, 12.625, 8.25, 12.75], "texture": "#1"},
				"west": {"uv": [7.875, 12.625, 8, 12.75], "texture": "#1"},
				"down": {"uv": [7.875, 12.625, 8.25, 12.75], "texture": "#1"}
			}
		},
		{
			"name": "s3_0",
			"from": [7.75, 8.75, 7.95],
			"to": [7.875, 8.875, 8.175],
			"rotation": {"angle": 0, "axis": "y", "origin": [0, 0, 8]},
			"faces": {
				"north": {"uv": [7.875, 7.125, 7.75, 7.25], "texture": "#1"},
				"south": {"uv": [7.75, 7.125, 7.875, 7.25], "texture": "#1"},
				"west": {"uv": [7.75, 7.125, 7.875, 7.25], "texture": "#1"},
				"up": {"uv": [7.75, 7.125, 7.875, 7.25], "texture": "#1"},
				"down": {"uv": [7.75, 7.125, 7.875, 7.25], "texture": "#1"}
			}
		},
		{
			"name": "s3_1",
			"from": [8.25, 8.75, 7.95],
			"to": [8.375, 8.875, 8.175],
			"rotation": {"angle": 0, "axis": "y", "origin": [0, 0, 8]},
			"faces": {
				"north": {"uv": [8.375, 7.125, 8.25, 7.25], "texture": "#1"},
				"east": {"uv": [8.25, 7.125, 8.375, 7.25], "texture": "#1"},
				"south": {"uv": [8.25, 7.125, 8.375, 7.25], "texture": "#1"},
				"up": {"uv": [8.25, 7.125, 8.375, 7.25], "texture": "#1"},
				"down": {"uv": [8.25, 7.125, 8.375, 7.25], "texture": "#1"}
			}
		},
		{
			"name": "s3_2",
			"from": [7.875, 8.625, 7.9],
			"to": [8, 8.75, 8.225],
			"rotation": {"angle": 0, "axis": "y", "origin": [0, 0, 8]},
			"faces": {
				"north": {"uv": [8, 7.25, 7.875, 7.375], "texture": "#1"},
				"east": {"uv": [7.875, 7.25, 8, 7.375], "texture": "#1"},
				"south": {"uv": [7.875, 7.25, 8, 7.375], "texture": "#1"},
				"west": {"uv": [7.875, 7.25, 8, 7.375], "texture": "#1"},
				"up": {"uv": [7.875, 7.25, 8, 7.375], "texture": "#1"},
				"down": {"uv": [7.875, 7.25, 8, 7.375], "texture": "#1"}
			}
		},
		{
			"name": "s3_3",
			"from": [8.125, 8.625, 7.9],
			"to": [8.25, 8.75, 8.225],
			"rotation": {"angle": 0, "axis": "y", "origin": [0, 0, 8]},
			"faces": {
				"north": {"uv": [8.25, 7.25, 8.125, 7.375], "texture": "#1"},
				"east": {"uv": [8.125, 7.25, 8.25, 7.375], "texture": "#1"},
				"south": {"uv": [8.125, 7.25, 8.25, 7.375], "texture": "#1"},
				"west": {"uv": [8.125, 7.25, 8.25, 7.375], "texture": "#1"},
				"up": {"uv": [8.125, 7.25, 8.25, 7.375], "texture": "#1"},
				"down": {"uv": [8.125, 7.25, 8.25, 7.375], "texture": "#1"}
			}
		},
		{
			"name": "s3_4",
			"from": [8, 7.125, 7.9],
			"to": [8.125, 8.625, 8.225],
			"rotation": {"angle": 0, "axis": "y", "origin": [0, 0, 8]},
			"faces": {
				"north": {"uv": [8.125, 7.375, 8, 8.875], "texture": "#1"},
				"east": {"uv": [8, 7.375, 8.125, 8.875], "texture": "#1"},
				"south": {"uv": [8, 7.375, 8.125, 8.875], "texture": "#1"},
				"west": {"uv": [8, 7.375, 8.125, 8.875], "texture": "#1"},
				"up": {"uv": [8, 7.375, 8.125, 7.5], "texture": "#1"}
			}
		},
		{
			"name": "s3_5",
			"from": [7.875, 7.875, 7.9],
			"to": [8, 8.25, 8.225],
			"rotation": {"angle": 0, "axis": "y", "origin": [0, 0, 8]},
			"faces": {
				"north": {"uv": [8, 7.75, 7.875, 8.125], "texture": "#1"},
				"south": {"uv": [7.875, 7.75, 8, 8.125], "texture": "#1"},
				"west": {"uv": [7.875, 7.75, 8, 8.125], "texture": "#1"},
				"up": {"uv": [7.875, 7.75, 8, 7.875], "texture": "#1"},
				"down": {"uv": [7.875, 8, 8, 8.125], "texture": "#1"}
			}
		},
		{
			"name": "s3_6",
			"from": [8.125, 7.875, 7.9],
			"to": [8.25, 8.25, 8.225],
			"rotation": {"angle": 0, "axis": "y", "origin": [0, 0, 8]},
			"faces": {
				"north": {"uv": [8.25, 7.75, 8.125, 8.125], "texture": "#1"},
				"east": {"uv": [8.125, 7.75, 8.25, 8.125], "texture": "#1"},
				"south": {"uv": [8.125, 7.75, 8.25, 8.125], "texture": "#1"},
				"up": {"uv": [8.125, 7.75, 8.25, 7.875], "texture": "#1"},
				"down": {"uv": [8.125, 8, 8.25, 8.125], "texture": "#1"}
			}
		},
		{
			"name": "s3_7",
			"from": [7.75, 7.625, 7.9],
			"to": [7.875, 7.875, 8.225],
			"rotation": {"angle": 0, "axis": "y", "origin": [0, 0, 8]},
			"faces": {
				"north": {"uv": [7.875, 8.125, 7.75, 8.375], "texture": "#1"},
				"east": {"uv": [7.75, 8.125, 7.875, 8.375], "texture": "#1"},
				"south": {"uv": [7.75, 8.125, 7.875, 8.375], "texture": "#1"},
				"west": {"uv": [7.75, 8.125, 7.875, 8.375], "texture": "#1"},
				"up": {"uv": [7.75, 8.125, 7.875, 8.25], "texture": "#1"},
				"down": {"uv": [7.75, 8.25, 7.875, 8.375], "texture": "#1"}
			}
		},
		{
			"name": "s3_8",
			"from": [8.25, 7.625, 7.9],
			"to": [8.375, 7.875, 8.225],
			"rotation": {"angle": 0, "axis": "y", "origin": [0, 0, 8]},
			"faces": {
				"north": {"uv": [8.375, 8.125, 8.25, 8.375], "texture": "#1"},
				"east": {"uv": [8.25, 8.125, 8.375, 8.375], "texture": "#1"},
				"south": {"uv": [8.25, 8.125, 8.375, 8.375], "texture": "#1"},
				"west": {"uv": [8.25, 8.125, 8.375, 8.375], "texture": "#1"},
				"up": {"uv": [8.25, 8.125, 8.375, 8.25], "texture": "#1"},
				"down": {"uv": [8.25, 8.25, 8.375, 8.375], "texture": "#1"}
			}
		},
		{
			"name": "s3_9",
			"from": [7.625, 7.5, 7.95],
			"to": [7.75, 7.625, 8.175],
			"rotation": {"angle": 0, "axis": "y", "origin": [0, 0, 8]},
			"faces": {
				"north": {"uv": [7.75, 8.375, 7.625, 8.5], "texture": "#1"},
				"south": {"uv": [7.625, 8.375, 7.75, 8.5], "texture": "#1"},
				"west": {"uv": [7.625, 8.375, 7.75, 8.5], "texture": "#1"},
				"up": {"uv": [7.625, 8.375, 7.75, 8.5], "texture": "#1"},
				"down": {"uv": [7.625, 8.375, 7.75, 8.5], "texture": "#1"}
			}
		},
		{
			"name": "s3_10",
			"from": [8.375, 7.5, 7.95],
			"to": [8.5, 7.625, 8.175],
			"rotation": {"angle": 0, "axis": "y", "origin": [0, 0, 8]},
			"faces": {
				"north": {"uv": [8.5, 8.375, 8.375, 8.5], "texture": "#1"},
				"east": {"uv": [8.375, 8.375, 8.5, 8.5], "texture": "#1"},
				"south": {"uv": [8.375, 8.375, 8.5, 8.5], "texture": "#1"},
				"up": {"uv": [8.375, 8.375, 8.5, 8.5], "texture": "#1"},
				"down": {"uv": [8.375, 8.375, 8.5, 8.5], "texture": "#1"}
			}
		},
		{
			"name": "s3_11",
			"from": [7.875, 7.125, 7.9],
			"to": [8, 7.5, 8.225],
			"rotation": {"angle": 0, "axis": "y", "origin": [0, 0, 8]},
			"faces": {
				"north": {"uv": [8, 8.5, 7.875, 8.875], "texture": "#1"},
				"south": {"uv": [7.875, 8.5, 8, 8.875], "texture": "#1"},
				"west": {"uv": [7.875, 8.5, 8, 8.875], "texture": "#1"},
				"up": {"uv": [7.875, 8.5, 8, 8.625], "texture": "#1"}
			}
		},
		{
			"name": "s3_12",
			"from": [8.125, 7.125, 7.9],
			"to": [8.25, 7.5, 8.225],
			"rotation": {"angle": 0, "axis": "y", "origin": [0, 0, 8]},
			"faces": {
				"north": {"uv": [8.25, 8.5, 8.125, 8.875], "texture": "#1"},
				"east": {"uv": [8.125, 8.5, 8.25, 8.875], "texture": "#1"},
				"south": {"uv": [8.125, 8.5, 8.25, 8.875], "texture": "#1"},
				"up": {"uv": [8.125, 8.5, 8.25, 8.625], "texture": "#1"}
			}
		},
		{
			"from": [8.3, 3.1, 8.07],
			"to": [11.3, 6.1, 8.07],
			"rotation": {"angle": 45, "axis": "z", "origin": [6.3, 3.1, 8.1]},
			"faces": {
				"north": {"uv": [0, 0, 16, 16], "texture": "#3"},
				"south": {"uv": [16, 0, 0, 16], "texture": "#3"}
			}
		}
	],
	"gui_light": "front",
	"display": {
		"thirdperson_righthand": {
			"rotation": [0, 90, 0],
			"translation": [-0.25, 5.75, 1.25],
			"scale": [2.5, 2.5, 2.5]
		},
		"thirdperson_lefthand": {
			"rotation": [0, 90, 0],
			"translation": [-0.25, 5.75, 1.25],
			"scale": [2.5, 2.5, 2.5]
		},
		"firstperson_righthand": {
			"rotation": [8, -90, 0],
			"translation": [0, 6, 1.5],
			"scale": [2.1, 2.1, 2]
		},
		"firstperson_lefthand": {
			"rotation": [8, 90, 0],
			"translation": [0, 6, 1.5],
			"scale": [2.1, 2.1, 2]
		},
		"ground": {
			"translation": [0, 5.75, 0],
			"scale": [2, 2, 2]
		},
		"gui": {
			"rotation": [0, 0, -43],
			"translation": [1.5, 1.5, 0],
			"scale": [2.5, 2.5, 2]
		},
		"head": {
			"rotation": [0, 0, 144],
			"translation": [-1.25, -24.5, 3.75],
			"scale": [2.5, 2.5, 3.75]
		},
		"fixed": {
			"rotation": [0, 180, -46],
			"translation": [-0.75, 1.25, -0.75],
			"scale": [3.8, 3.8, 2.5]
		}
	},
	"groups": [
		{
			"name": "s1",
			"origin": [8, 8, 8],
			"color": 0,
			"nbt": "{}",
			"children": [0, 1, 2, 3, 4, 5, 6, 7, 8, 9, 10, 11, 12, 13, 14, 15, 16, 17, 18, 19, 20, 21, 22, 23, 24]
		},
		{
			"name": "s2",
			"origin": [8, 8, 8],
			"color": 0,
			"nbt": "{}",
			"children": [25, 26, 27, 28, 29, 30, 31, 32, 33, 34, 35, 36, 37, 38, 39, 40, 41, 42, 43, 44, 45, 46]
		},
		{
			"name": "s3",
			"origin": [8, 8, 8],
			"color": 0,
			"nbt": "{}",
			"children": [47, 48, 49, 50, 51, 52, 53, 54, 55, 56, 57, 58, 59]
		},
		60
	]
}