{
	"credit": "Made with Blockbench",
	"textures": {
		"1": "item/diamond_sword/stars_edge",
		"4": "item/diamond_sword/stars_edge_anim_03",
		"particle": "item/diamond_sword/stars_edge"
	},
	"elements": [
		{
			"name": "s1_0",
			"from": [8.65, 11.5, 8],
			"to": [8.775, 12, 8.125],
			"rotation": {"angle": 0, "axis": "y", "origin": [-0.1, -2, 8]},
			"faces": {
				"north": {"uv": [8.875, 2, 8.75, 2.5], "texture": "#1"},
				"east": {"uv": [8.75, 2, 8.875, 2.5], "texture": "#1"},
				"south": {"uv": [8.75, 2, 8.875, 2.5], "texture": "#1"},
				"west": {"uv": [8.75, 2, 8.875, 2.5], "texture": "#1"},
				"up": {"uv": [8.75, 2, 8.875, 2.125], "texture": "#1"}
			}
		},
		{
			"name": "s1_1",
			"from": [8.525, 11.375, 8],
			"to": [8.65, 11.875, 8.125],
			"rotation": {"angle": 0, "axis": "y", "origin": [-0.1, -2, 8]},
			"faces": {
				"north": {"uv": [8.75, 2.125, 8.625, 2.625], "texture": "#1"},
				"south": {"uv": [8.625, 2.125, 8.75, 2.625], "texture": "#1"},
				"west": {"uv": [8.625, 2.125, 8.75, 2.625], "texture": "#1"},
				"up": {"uv": [8.625, 2.125, 8.75, 2.25], "texture": "#1"}
			}
		},
		{
			"name": "s1_2",
			"from": [8.4, 11.25, 8],
			"to": [8.525, 11.75, 8.125],
			"rotation": {"angle": 0, "axis": "y", "origin": [-0.1, -2, 8]},
			"faces": {
				"north": {"uv": [8.625, 2.25, 8.5, 2.75], "texture": "#1"},
				"south": {"uv": [8.5, 2.25, 8.625, 2.75], "texture": "#1"},
				"west": {"uv": [8.5, 2.25, 8.625, 2.75], "texture": "#1"},
				"up": {"uv": [8.5, 2.25, 8.625, 2.375], "texture": "#1"}
			}
		},
		{
			"name": "s1_3",
			"from": [8.275, 11.125, 8],
			"to": [8.4, 11.625, 8.125],
			"rotation": {"angle": 0, "axis": "y", "origin": [-0.1, -2, 8]},
			"faces": {
				"north": {"uv": [8.5, 2.375, 8.375, 2.875], "texture": "#1"},
				"south": {"uv": [8.375, 2.375, 8.5, 2.875], "texture": "#1"},
				"west": {"uv": [8.375, 2.375, 8.5, 2.875], "texture": "#1"},
				"up": {"uv": [8.375, 2.375, 8.5, 2.5], "texture": "#1"}
			}
		},
		{
			"name": "s1_4",
			"from": [8.15, 8, 8],
			"to": [8.275, 11.5, 8.125],
			"rotation": {"angle": 0, "axis": "y", "origin": [-0.1, -2, 8]},
			"faces": {
				"north": {"uv": [8.375, 2.5, 8.25, 6], "texture": "#1"},
				"east": {"uv": [8.25, 2.5, 8.375, 6], "texture": "#1"},
				"south": {"uv": [8.25, 2.5, 8.375, 6], "texture": "#1"},
				"west": {"uv": [8.25, 2.5, 8.375, 6], "texture": "#1"},
				"up": {"uv": [8.25, 2.5, 8.375, 2.625], "texture": "#1"}
			}
		},
		{
			"name": "s1_5",
			"from": [8.025, 9.125, 8],
			"to": [8.15, 11.375, 8.125],
			"rotation": {"angle": 0, "axis": "y", "origin": [-0.1, -2, 8]},
			"faces": {
				"north": {"uv": [8.25, 2.625, 8.125, 4.875], "texture": "#1"},
				"south": {"uv": [8.125, 2.625, 8.25, 4.875], "texture": "#1"},
				"west": {"uv": [8.125, 2.625, 8.25, 4.875], "texture": "#1"},
				"up": {"uv": [8.125, 2.625, 8.25, 2.75], "texture": "#1"},
				"down": {"uv": [8.125, 4.75, 8.25, 4.875], "texture": "#1"}
			}
		},
		{
			"name": "s1_6",
			"from": [7.9, 9.375, 8],
			"to": [8.025, 11.25, 8.125],
			"rotation": {"angle": 0, "axis": "y", "origin": [-0.1, -2, 8]},
			"faces": {
				"north": {"uv": [8.125, 2.75, 8, 4.625], "texture": "#1"},
				"south": {"uv": [8, 2.75, 8.125, 4.625], "texture": "#1"},
				"west": {"uv": [8, 2.75, 8.125, 4.625], "texture": "#1"},
				"up": {"uv": [8, 2.75, 8.125, 2.875], "texture": "#1"},
				"down": {"uv": [8, 4.5, 8.125, 4.625], "texture": "#1"}
			}
		},
		{
			"name": "s1_7",
			"from": [8.275, 8.25, 8],
			"to": [8.4, 9.375, 8.125],
			"rotation": {"angle": 0, "axis": "y", "origin": [-0.1, -2, 8]},
			"faces": {
				"north": {"uv": [8.5, 4.625, 8.375, 5.75], "texture": "#1"},
				"south": {"uv": [8.375, 4.625, 8.5, 5.75], "texture": "#1"}
			}
		},
		{
			"name": "s1_8",
			"from": [8.4, 8.5, 8],
			"to": [8.525, 9.125, 8.125],
			"rotation": {"angle": 0, "axis": "y", "origin": [-0.1, -2, 8]},
			"faces": {
				"north": {"uv": [8.625, 4.875, 8.5, 5.5], "texture": "#1"},
				"south": {"uv": [8.5, 4.875, 8.625, 5.5], "texture": "#1"}
			}
		},
		{
			"name": "s1_9",
			"from": [8.025, 7.875, 8],
			"to": [8.15, 8.5, 8.125],
			"rotation": {"angle": 0, "axis": "y", "origin": [-0.1, -2, 8]},
			"faces": {
				"north": {"uv": [8.25, 5.5, 8.125, 6.125], "texture": "#1"},
				"south": {"uv": [8.125, 5.5, 8.25, 6.125], "texture": "#1"},
				"west": {"uv": [8.125, 5.5, 8.25, 6.125], "texture": "#1"},
				"up": {"uv": [8.125, 5.5, 8.25, 5.625], "texture": "#1"}
			}
		},
		{
			"name": "s1_10",
			"from": [7.9, 7.875, 8],
			"to": [8.025, 8.25, 8.125],
			"rotation": {"angle": 0, "axis": "y", "origin": [-0.1, -2, 8]},
			"faces": {
				"north": {"uv": [8.125, 5.75, 8, 6.125], "texture": "#1"},
				"south": {"uv": [8, 5.75, 8.125, 6.125], "texture": "#1"},
				"west": {"uv": [8, 5.75, 8.125, 6.125], "texture": "#1"},
				"up": {"uv": [8, 5.75, 8.125, 5.875], "texture": "#1"}
			}
		},
		{
			"name": "s1_11",
			"from": [8.025, 7.5, 7.8],
			"to": [8.65, 7.625, 8.325],
			"rotation": {"angle": 0, "axis": "y", "origin": [-0.1, -2, 8]},
			"faces": {
				"north": {"uv": [8.75, 6.375, 8.125, 6.5], "texture": "#1"},
				"east": {"uv": [8.625, 6.375, 8.75, 6.5], "texture": "#1"},
				"south": {"uv": [8.125, 6.375, 8.75, 6.5], "texture": "#1"},
				"west": {"uv": [8.125, 6.375, 8.25, 6.5], "texture": "#1"},
				"up": {"uv": [8.125, 6.375, 8.75, 6.5], "texture": "#1"},
				"down": {"uv": [8.125, 6.375, 8.75, 6.5], "texture": "#1"}
			}
		},
		{
			"name": "s1_12",
			"from": [8.025, 5.125, 7.8],
			"to": [8.65, 5.25, 8.325],
			"rotation": {"angle": 0, "axis": "y", "origin": [-0.1, -2, 8]},
			"faces": {
				"north": {"uv": [8.75, 8.75, 8.125, 8.875], "texture": "#1"},
				"east": {"uv": [8.625, 8.75, 8.75, 8.875], "texture": "#1"},
				"south": {"uv": [8.125, 8.75, 8.75, 8.875], "texture": "#1"},
				"west": {"uv": [8.125, 8.75, 8.25, 8.875], "texture": "#1"},
				"up": {"uv": [8.125, 8.75, 8.75, 8.875], "texture": "#1"},
				"down": {"uv": [8.125, 8.75, 8.75, 8.875], "texture": "#1"}
			}
		},
		{
			"name": "s1_13",
			"from": [8.525, 4.5, 8],
			"to": [8.775, 4.875, 8.125],
			"rotation": {"angle": 0, "axis": "y", "origin": [-0.1, -2, 8]},
			"faces": {
				"north": {"uv": [8.875, 9.125, 8.625, 9.5], "texture": "#1"},
				"east": {"uv": [8.75, 9.125, 8.875, 9.5], "texture": "#1"},
				"south": {"uv": [8.625, 9.125, 8.875, 9.5], "texture": "#1"},
				"down": {"uv": [8.625, 9.375, 8.875, 9.5], "texture": "#1"}
			}
		},
		{
			"name": "s1_14",
			"from": [8.4, 1.25, 8],
			"to": [8.525, 4.75, 8.125],
			"rotation": {"angle": 0, "axis": "y", "origin": [-0.1, -2, 8]},
			"faces": {
				"north": {"uv": [8.625, 9.25, 8.5, 12.75], "texture": "#1"},
				"east": {"uv": [8.5, 9.25, 8.625, 12.75], "texture": "#1"},
				"south": {"uv": [8.5, 9.25, 8.625, 12.75], "texture": "#1"},
				"west": {"uv": [8.5, 9.25, 8.625, 12.75], "texture": "#1"},
				"down": {"uv": [8.5, 12.625, 8.625, 12.75], "texture": "#1"}
			}
		},
		{
			"name": "s1_15",
			"from": [8.275, 3.375, 8],
			"to": [8.4, 4.5, 8.125],
			"rotation": {"angle": 0, "axis": "y", "origin": [-0.1, -2, 8]},
			"faces": {
				"north": {"uv": [8.5, 9.5, 8.375, 10.625], "texture": "#1"},
				"south": {"uv": [8.375, 9.5, 8.5, 10.625], "texture": "#1"}
			}
		},
		{
			"name": "s1_16",
			"from": [8.525, 4.25, 8],
			"to": [8.65, 4.5, 8.125],
			"rotation": {"angle": 0, "axis": "y", "origin": [-0.1, -2, 8]},
			"faces": {
				"north": {"uv": [8.75, 9.5, 8.625, 9.75], "texture": "#1"},
				"east": {"uv": [8.625, 9.5, 8.75, 9.75], "texture": "#1"},
				"south": {"uv": [8.625, 9.5, 8.75, 9.75], "texture": "#1"},
				"down": {"uv": [8.625, 9.625, 8.75, 9.75], "texture": "#1"}
			}
		},
		{
			"name": "s1_17",
			"from": [8.15, 3.625, 8],
			"to": [8.275, 4.25, 8.125],
			"rotation": {"angle": 0, "axis": "y", "origin": [-0.1, -2, 8]},
			"faces": {
				"north": {"uv": [8.375, 9.75, 8.25, 10.375], "texture": "#1"},
				"south": {"uv": [8.25, 9.75, 8.375, 10.375], "texture": "#1"}
			}
		},
		{
			"name": "s1_18",
			"from": [8.525, 1.375, 8],
			"to": [8.65, 3.625, 8.125],
			"rotation": {"angle": 0, "axis": "y", "origin": [-0.1, -2, 8]},
			"faces": {
				"north": {"uv": [8.75, 10.375, 8.625, 12.625], "texture": "#1"},
				"east": {"uv": [8.625, 10.375, 8.75, 12.625], "texture": "#1"},
				"south": {"uv": [8.625, 10.375, 8.75, 12.625], "texture": "#1"},
				"up": {"uv": [8.625, 10.375, 8.75, 10.5], "texture": "#1"},
				"down": {"uv": [8.625, 12.5, 8.75, 12.625], "texture": "#1"}
			}
		},
		{
			"name": "s1_19",
			"from": [8.65, 1.5, 8],
			"to": [8.775, 3.375, 8.125],
			"rotation": {"angle": 0, "axis": "y", "origin": [-0.1, -2, 8]},
			"faces": {
				"north": {"uv": [8.875, 10.625, 8.75, 12.5], "texture": "#1"},
				"east": {"uv": [8.75, 10.625, 8.875, 12.5], "texture": "#1"},
				"south": {"uv": [8.75, 10.625, 8.875, 12.5], "texture": "#1"},
				"up": {"uv": [8.75, 10.625, 8.875, 10.75], "texture": "#1"},
				"down": {"uv": [8.75, 12.375, 8.875, 12.5], "texture": "#1"}
			}
		},
		{
			"name": "s1_20",
			"from": [8.275, 1.125, 8],
			"to": [8.4, 1.625, 8.125],
			"rotation": {"angle": 0, "axis": "y", "origin": [-0.1, -2, 8]},
			"faces": {
				"north": {"uv": [8.5, 12.375, 8.375, 12.875], "texture": "#1"},
				"east": {"uv": [8.375, 12.375, 8.5, 12.875], "texture": "#1"},
				"south": {"uv": [8.375, 12.375, 8.5, 12.875], "texture": "#1"},
				"down": {"uv": [8.375, 12.75, 8.5, 12.875], "texture": "#1"}
			}
		},
		{
			"name": "s1_21",
			"from": [8.15, 1, 8],
			"to": [8.275, 1.5, 8.125],
			"rotation": {"angle": 0, "axis": "y", "origin": [-0.1, -2, 8]},
			"faces": {
				"north": {"uv": [8.375, 12.5, 8.25, 13], "texture": "#1"},
				"east": {"uv": [8.25, 12.5, 8.375, 13], "texture": "#1"},
				"south": {"uv": [8.25, 12.5, 8.375, 13], "texture": "#1"},
				"down": {"uv": [8.25, 12.875, 8.375, 13], "texture": "#1"}
			}
		},
		{
			"name": "s1_22",
			"from": [8.025, 0.875, 8],
			"to": [8.15, 1.375, 8.125],
			"rotation": {"angle": 0, "axis": "y", "origin": [-0.1, -2, 8]},
			"faces": {
				"north": {"uv": [8.25, 12.625, 8.125, 13.125], "texture": "#1"},
				"east": {"uv": [8.125, 12.625, 8.25, 13.125], "texture": "#1"},
				"south": {"uv": [8.125, 12.625, 8.25, 13.125], "texture": "#1"},
				"down": {"uv": [8.125, 13, 8.25, 13.125], "texture": "#1"}
			}
		},
		{
			"name": "s1_23",
			"from": [7.9, 0.75, 8],
			"to": [8.025, 1.25, 8.125],
			"rotation": {"angle": 0, "axis": "y", "origin": [-0.1, -2, 8]},
			"faces": {
				"north": {"uv": [8.125, 12.75, 8, 13.25], "texture": "#1"},
				"east": {"uv": [8, 12.75, 8.125, 13.25], "texture": "#1"},
				"south": {"uv": [8, 12.75, 8.125, 13.25], "texture": "#1"},
				"west": {"uv": [8, 12.75, 8.125, 13.25], "texture": "#1"},
				"down": {"uv": [8, 13.125, 8.125, 13.25], "texture": "#1"}
			}
		},
		{
			"name": "s2_0",
			"from": [8.65, 7.875, 7.95],
			"to": [8.775, 11.5, 8.175],
			"rotation": {"angle": 0, "axis": "y", "origin": [-0.1, -2, 8]},
			"faces": {
				"north": {"uv": [8.875, 2.5, 8.75, 6.125], "texture": "#1"},
				"east": {"uv": [8.75, 2.5, 8.875, 6.125], "texture": "#1"},
				"south": {"uv": [8.75, 2.5, 8.875, 6.125], "texture": "#1"},
				"west": {"uv": [8.75, 2.5, 8.875, 6.125], "texture": "#1"},
				"up": {"uv": [8.75, 2.5, 8.875, 2.625], "texture": "#1"}
			}
		},
		{
			"name": "s2_1",
			"from": [8.525, 10.75, 7.95],
			"to": [8.65, 11.375, 8.175],
			"rotation": {"angle": 0, "axis": "y", "origin": [-0.1, -2, 8]},
			"faces": {
				"north": {"uv": [8.75, 2.625, 8.625, 3.25], "texture": "#1"},
				"south": {"uv": [8.625, 2.625, 8.75, 3.25], "texture": "#1"},
				"west": {"uv": [8.625, 2.625, 8.75, 3.25], "texture": "#1"},
				"up": {"uv": [8.625, 2.625, 8.75, 2.75], "texture": "#1"},
				"down": {"uv": [8.625, 3.125, 8.75, 3.25], "texture": "#1"}
			}
		},
		{
			"name": "s2_2",
			"from": [8.4, 10.875, 7.95],
			"to": [8.525, 11.25, 8.175],
			"rotation": {"angle": 0, "axis": "y", "origin": [-0.1, -2, 8]},
			"faces": {
				"north": {"uv": [8.625, 2.75, 8.5, 3.125], "texture": "#1"},
				"south": {"uv": [8.5, 2.75, 8.625, 3.125], "texture": "#1"},
				"west": {"uv": [8.5, 2.75, 8.625, 3.125], "texture": "#1"},
				"up": {"uv": [8.5, 2.75, 8.625, 2.875], "texture": "#1"},
				"down": {"uv": [8.5, 3, 8.625, 3.125], "texture": "#1"}
			}
		},
		{
			"name": "s2_3",
			"from": [8.275, 10.75, 7.95],
			"to": [8.4, 11.125, 8.175],
			"rotation": {"angle": 0, "axis": "y", "origin": [-0.1, -2, 8]},
			"faces": {
				"north": {"uv": [8.5, 2.875, 8.375, 3.25], "texture": "#1"},
				"east": {"uv": [8.375, 2.875, 8.5, 3.25], "texture": "#1"},
				"south": {"uv": [8.375, 2.875, 8.5, 3.25], "texture": "#1"},
				"west": {"uv": [8.375, 2.875, 8.5, 3.25], "texture": "#1"},
				"up": {"uv": [8.375, 2.875, 8.5, 3], "texture": "#1"},
				"down": {"uv": [8.375, 3.125, 8.5, 3.25], "texture": "#1"}
			}
		},
		{
			"name": "s2_4",
			"from": [8.275, 9.375, 7.95],
			"to": [8.4, 10.625, 8.175],
			"rotation": {"angle": 0, "axis": "y", "origin": [-0.1, -2, 8]},
			"faces": {
				"north": {"uv": [8.5, 3.375, 8.375, 4.625], "texture": "#1"},
				"east": {"uv": [8.375, 3.375, 8.5, 4.625], "texture": "#1"},
				"south": {"uv": [8.375, 3.375, 8.5, 4.625], "texture": "#1"},
				"west": {"uv": [8.375, 3.375, 8.5, 4.625], "texture": "#1"},
				"up": {"uv": [8.375, 3.375, 8.5, 3.5], "texture": "#1"},
				"down": {"uv": [8.375, 4.5, 8.5, 4.625], "texture": "#1"}
			}
		},
		{
			"name": "s2_5",
			"from": [8.525, 7.875, 7.95],
			"to": [8.65, 10.625, 8.175],
			"rotation": {"angle": 0, "axis": "y", "origin": [-0.1, -2, 8]},
			"faces": {
				"north": {"uv": [8.75, 3.375, 8.625, 6.125], "texture": "#1"},
				"south": {"uv": [8.625, 3.375, 8.75, 6.125], "texture": "#1"},
				"west": {"uv": [8.625, 3.375, 8.75, 6.125], "texture": "#1"},
				"up": {"uv": [8.625, 3.375, 8.75, 3.5], "texture": "#1"}
			}
		},
		{
			"name": "s2_6",
			"from": [8.4, 9.125, 7.95],
			"to": [8.525, 10.5, 8.175],
			"rotation": {"angle": 0, "axis": "y", "origin": [-0.1, -2, 8]},
			"faces": {
				"north": {"uv": [8.625, 3.5, 8.5, 4.875], "texture": "#1"},
				"south": {"uv": [8.5, 3.5, 8.625, 4.875], "texture": "#1"},
				"west": {"uv": [8.5, 3.5, 8.625, 4.875], "texture": "#1"},
				"up": {"uv": [8.5, 3.5, 8.625, 3.625], "texture": "#1"},
				"down": {"uv": [8.5, 4.75, 8.625, 4.875], "texture": "#1"}
			}
		},
		{
			"name": "s2_7",
			"from": [8.4, 7.875, 7.95],
			"to": [8.525, 8.5, 8.175],
			"rotation": {"angle": 0, "axis": "y", "origin": [-0.1, -2, 8]},
			"faces": {
				"north": {"uv": [8.625, 5.5, 8.5, 6.125], "texture": "#1"},
				"south": {"uv": [8.5, 5.5, 8.625, 6.125], "texture": "#1"},
				"west": {"uv": [8.5, 5.5, 8.625, 6.125], "texture": "#1"},
				"up": {"uv": [8.5, 5.5, 8.625, 5.625], "texture": "#1"}
			}
		},
		{
			"name": "s2_8",
			"from": [8.275, 7.875, 7.95],
			"to": [8.4, 8.25, 8.175],
			"rotation": {"angle": 0, "axis": "y", "origin": [-0.1, -2, 8]},
			"faces": {
				"north": {"uv": [8.5, 5.75, 8.375, 6.125], "texture": "#1"},
				"south": {"uv": [8.375, 5.75, 8.5, 6.125], "texture": "#1"},
				"west": {"uv": [8.375, 5.75, 8.5, 6.125], "texture": "#1"},
				"up": {"uv": [8.375, 5.75, 8.5, 5.875], "texture": "#1"}
			}
		},
		{
			"name": "s2_9",
			"from": [8.15, 7.875, 7.95],
			"to": [8.275, 8, 8.175],
			"rotation": {"angle": 0, "axis": "y", "origin": [-0.1, -2, 8]},
			"faces": {
				"north": {"uv": [8.375, 6, 8.25, 6.125], "texture": "#1"},
				"south": {"uv": [8.25, 6, 8.375, 6.125], "texture": "#1"},
				"west": {"uv": [8.25, 6, 8.375, 6.125], "texture": "#1"},
				"up": {"uv": [8.25, 6, 8.375, 6.125], "texture": "#1"}
			}
		},
		{
			"name": "s2_10",
			"from": [8.15, 5.25, 7.9],
			"to": [8.525, 7.5, 8.225],
			"rotation": {"angle": 0, "axis": "y", "origin": [-0.1, -2, 8]},
			"faces": {
				"north": {"uv": [8.625, 6.5, 8.25, 8.75], "texture": "#1"},
				"east": {"uv": [8.5, 6.5, 8.625, 8.75], "texture": "#1"},
				"south": {"uv": [8.25, 6.5, 8.625, 8.75], "texture": "#1"},
				"west": {"uv": [8.25, 6.5, 8.375, 8.75], "texture": "#1"}
			}
		},
		{
			"name": "s2_11",
			"from": [7.9, 4.5, 7.95],
			"to": [8.4, 4.875, 8.175],
			"rotation": {"angle": 0, "axis": "y", "origin": [-0.1, -2, 8]},
			"faces": {
				"north": {"uv": [8.5, 9.125, 8, 9.5], "texture": "#1"},
				"east": {"uv": [8.375, 9.125, 8.5, 9.5], "texture": "#1"},
				"south": {"uv": [8, 9.125, 8.5, 9.5], "texture": "#1"},
				"west": {"uv": [8, 9.125, 8.125, 9.5], "texture": "#1"},
				"down": {"uv": [8, 9.375, 8.5, 9.5], "texture": "#1"}
			}
		},
		{
			"name": "s2_12",
			"from": [8.4, 4.75, 7.95],
			"to": [8.525, 4.875, 8.175],
			"rotation": {"angle": 0, "axis": "y", "origin": [-0.1, -2, 8]},
			"faces": {
				"north": {"uv": [8.625, 9.125, 8.5, 9.25], "texture": "#1"},
				"east": {"uv": [8.5, 9.125, 8.625, 9.25], "texture": "#1"},
				"south": {"uv": [8.5, 9.125, 8.625, 9.25], "texture": "#1"},
				"down": {"uv": [8.5, 9.125, 8.625, 9.25], "texture": "#1"}
			}
		},
		{
			"name": "s2_13",
			"from": [7.9, 4.25, 7.95],
			"to": [8.275, 4.5, 8.175],
			"rotation": {"angle": 0, "axis": "y", "origin": [-0.1, -2, 8]},
			"faces": {
				"north": {"uv": [8.375, 9.5, 8, 9.75], "texture": "#1"},
				"east": {"uv": [8.25, 9.5, 8.375, 9.75], "texture": "#1"},
				"south": {"uv": [8, 9.5, 8.375, 9.75], "texture": "#1"},
				"west": {"uv": [8, 9.5, 8.125, 9.75], "texture": "#1"},
				"down": {"uv": [8, 9.625, 8.375, 9.75], "texture": "#1"}
			}
		},
		{
			"name": "s2_14",
			"from": [7.9, 2.125, 7.95],
			"to": [8.15, 4.25, 8.175],
			"rotation": {"angle": 0, "axis": "y", "origin": [-0.1, -2, 8]},
			"faces": {
				"north": {"uv": [8.25, 9.75, 8, 11.875], "texture": "#1"},
				"east": {"uv": [8.125, 9.75, 8.25, 11.875], "texture": "#1"},
				"south": {"uv": [8, 9.75, 8.25, 11.875], "texture": "#1"},
				"west": {"uv": [8, 9.75, 8.125, 11.875], "texture": "#1"},
				"down": {"uv": [8, 11.75, 8.25, 11.875], "texture": "#1"}
			}
		},
		{
			"name": "s2_15",
			"from": [8.15, 2.25, 7.95],
			"to": [8.275, 3.625, 8.175],
			"rotation": {"angle": 0, "axis": "y", "origin": [-0.1, -2, 8]},
			"faces": {
				"north": {"uv": [8.375, 10.375, 8.25, 11.75], "texture": "#1"},
				"east": {"uv": [8.25, 10.375, 8.375, 11.75], "texture": "#1"},
				"south": {"uv": [8.25, 10.375, 8.375, 11.75], "texture": "#1"},
				"up": {"uv": [8.25, 10.375, 8.375, 10.5], "texture": "#1"},
				"down": {"uv": [8.25, 11.625, 8.375, 11.75], "texture": "#1"}
			}
		},
		{
			"name": "s2_16",
			"from": [8.275, 2.125, 7.95],
			"to": [8.4, 3.375, 8.175],
			"rotation": {"angle": 0, "axis": "y", "origin": [-0.1, -2, 8]},
			"faces": {
				"north": {"uv": [8.5, 10.625, 8.375, 11.875], "texture": "#1"},
				"east": {"uv": [8.375, 10.625, 8.5, 11.875], "texture": "#1"},
				"south": {"uv": [8.375, 10.625, 8.5, 11.875], "texture": "#1"},
				"west": {"uv": [8.375, 10.625, 8.5, 11.875], "texture": "#1"},
				"up": {"uv": [8.375, 10.625, 8.5, 10.75], "texture": "#1"},
				"down": {"uv": [8.375, 11.75, 8.5, 11.875], "texture": "#1"}
			}
		},
		{
			"name": "s2_17",
			"from": [7.9, 1.25, 7.95],
			"to": [8.025, 2.125, 8.175],
			"rotation": {"angle": 0, "axis": "y", "origin": [-0.1, -2, 8]},
			"faces": {
				"north": {"uv": [8.125, 11.875, 8, 12.75], "texture": "#1"},
				"east": {"uv": [8, 11.875, 8.125, 12.75], "texture": "#1"},
				"south": {"uv": [8, 11.875, 8.125, 12.75], "texture": "#1"},
				"west": {"uv": [8, 11.875, 8.125, 12.75], "texture": "#1"},
				"down": {"uv": [8, 12.625, 8.125, 12.75], "texture": "#1"}
			}
		},
		{
			"name": "s2_18",
			"from": [8.025, 1.375, 7.95],
			"to": [8.15, 2, 8.175],
			"rotation": {"angle": 0, "axis": "y", "origin": [-0.1, -2, 8]},
			"faces": {
				"north": {"uv": [8.25, 12, 8.125, 12.625], "texture": "#1"},
				"east": {"uv": [8.125, 12, 8.25, 12.625], "texture": "#1"},
				"south": {"uv": [8.125, 12, 8.25, 12.625], "texture": "#1"},
				"up": {"uv": [8.125, 12, 8.25, 12.125], "texture": "#1"},
				"down": {"uv": [8.125, 12.5, 8.25, 12.625], "texture": "#1"}
			}
		},
		{
			"name": "s2_19",
			"from": [8.275, 1.625, 7.95],
			"to": [8.4, 2, 8.175],
			"rotation": {"angle": 0, "axis": "y", "origin": [-0.1, -2, 8]},
			"faces": {
				"north": {"uv": [8.5, 12, 8.375, 12.375], "texture": "#1"},
				"east": {"uv": [8.375, 12, 8.5, 12.375], "texture": "#1"},
				"south": {"uv": [8.375, 12, 8.5, 12.375], "texture": "#1"},
				"west": {"uv": [8.375, 12, 8.5, 12.375], "texture": "#1"},
				"up": {"uv": [8.375, 12, 8.5, 12.125], "texture": "#1"},
				"down": {"uv": [8.375, 12.25, 8.5, 12.375], "texture": "#1"}
			}
		},
		{
			"name": "s2_20",
			"from": [8.15, 1.5, 7.95],
			"to": [8.275, 1.875, 8.175],
			"rotation": {"angle": 0, "axis": "y", "origin": [-0.1, -2, 8]},
			"faces": {
				"north": {"uv": [8.375, 12.125, 8.25, 12.5], "texture": "#1"},
				"east": {"uv": [8.25, 12.125, 8.375, 12.5], "texture": "#1"},
				"south": {"uv": [8.25, 12.125, 8.375, 12.5], "texture": "#1"},
				"up": {"uv": [8.25, 12.125, 8.375, 12.25], "texture": "#1"},
				"down": {"uv": [8.25, 12.375, 8.375, 12.5], "texture": "#1"}
			}
		},
		{
			"name": "s3_0",
			"from": [7.65, 7.625, 7.85],
			"to": [9.025, 7.875, 8.275],
			"rotation": {"angle": 0, "axis": "y", "origin": [-0.1, -2, 8]},
			"faces": {
				"north": {"uv": [9.125, 6.125, 7.75, 6.375], "texture": "#1"},
				"east": {"uv": [9, 6.125, 9.125, 6.375], "texture": "#1"},
				"south": {"uv": [7.75, 6.125, 9.125, 6.375], "texture": "#1"},
				"west": {"uv": [7.75, 6.125, 7.875, 6.375], "texture": "#1"},
				"up": {"uv": [7.75, 6.125, 9.125, 6.25], "texture": "#1"},
				"down": {"uv": [7.75, 6.25, 9.125, 6.375], "texture": "#1"}
			}
		},
		{
			"name": "s3_1",
			"from": [7.65, 4.875, 7.85],
			"to": [9.025, 5.125, 8.275],
			"rotation": {"angle": 0, "axis": "y", "origin": [-0.1, -2, 8]},
			"faces": {
				"north": {"uv": [9.125, 8.875, 7.75, 9.125], "texture": "#1"},
				"east": {"uv": [9, 8.875, 9.125, 9.125], "texture": "#1"},
				"south": {"uv": [7.75, 8.875, 9.125, 9.125], "texture": "#1"},
				"west": {"uv": [7.75, 8.875, 7.875, 9.125], "texture": "#1"},
				"up": {"uv": [7.75, 8.875, 9.125, 9], "texture": "#1"},
				"down": {"uv": [7.75, 9, 9.125, 9.125], "texture": "#1"}
			}
		},
		{
			"from": [1.8, 10.7, 8.07],
			"to": [10, 18.9, 8.07],
			"rotation": {"angle": -45, "axis": "z", "origin": [-3, 7.7, 8.1]},
			"faces": {
				"north": {"uv": [0, 0, 16, 16], "texture": "#4"},
				"south": {"uv": [16, 0, 0, 16], "texture": "#4"}
			}
		}
	],
	"gui_light": "front",
	"display": {
		"thirdperson_righthand": {
			"rotation": [0, -90, 0],
			"translation": [0, 3, 0.25],
			"scale": [3.15, 3.15, 2.5]
		},
		"thirdperson_lefthand": {
			"rotation": [0, 90, 0],
			"translation": [0, 3, 0.25],
			"scale": [3.15, 3.15, 2.5]
		},
		"firstperson_righthand": {
			"rotation": [8, -90, 0],
			"translation": [0, 4.75, 2],
			"scale": [2.1, 2.1, 2]
		},
		"firstperson_lefthand": {
			"rotation": [8, 90, 0],
			"translation": [-0.25, 4.75, 2],
			"scale": [2.1, 2.1, 2]
		},
		"ground": {
			"translation": [0, 7, 0],
			"scale": [2, 2, 2]
		},
		"gui": {
			"rotation": [0, 0, -43],
			"translation": [2.75, 2.75, 0],
			"scale": [2.8, 2.8, 2]
		},
		"head": {
			"rotation": [0, 0, 144],
			"translation": [-2, -19.75, 3.75],
			"scale": [4, 4, 3.75]
		},
		"fixed": {
			"rotation": [0, 180, -42],
			"translation": [-3.5, 3.25, -0.75],
			"scale": [3.8, 3.8, 2.5]
		}
	},
	"groups": [
		{
			"name": "s1",
			"origin": [8, 8, 8],
			"color": 0,
			"nbt": "{}",
			"children": [0, 1, 2, 3, 4, 5, 6, 7, 8, 9, 10, 11, 12, 13, 14, 15, 16, 17, 18, 19, 20, 21, 22, 23]
		},
		{
			"name": "s2",
			"origin": [8, 8, 8],
			"color": 0,
			"nbt": "{}",
			"children": [24, 25, 26, 27, 28, 29, 30, 31, 32, 33, 34, 35, 36, 37, 38, 39, 40, 41, 42, 43, 44]
		},
		{
			"name": "s3",
			"origin": [8, 8, 8],
			"color": 0,
			"nbt": "{}",
			"children": [45, 46]
		},
		47
	]
}