{
	"credit": "Made with Blockbench",
	"textures": {
		"0": "item/diamond_sword/tengen_blade",
		"particle": "item/diamond_sword/tengen_blade"
	},
	"elements": [
		{
			"name": "tengen_blade_0",
			"from": [8, 11.875, 8],
			"to": [8.125, 12.25, 8.125],
			"faces": {
				"north": {"uv": [8.125, 3.75, 8, 4.125], "texture": "#0"},
				"east": {"uv": [8, 3.75, 8.125, 4.125], "texture": "#0"},
				"south": {"uv": [8, 3.75, 8.125, 4.125], "texture": "#0"},
				"west": {"uv": [8, 3.75, 8.125, 4.125], "texture": "#0"},
				"up": {"uv": [8, 3.75, 8.125, 3.875], "texture": "#0"},
				"down": {"uv": [8, 4, 8.125, 4.125], "texture": "#0"}
			}
		},
		{
			"name": "tengen_blade_1",
			"from": [7.875, 11.75, 8],
			"to": [8, 12.125, 8.125],
			"faces": {
				"north": {"uv": [8, 3.875, 7.875, 4.25], "texture": "#0"},
				"east": {"uv": [7.875, 3.875, 8, 4.25], "texture": "#0"},
				"south": {"uv": [7.875, 3.875, 8, 4.25], "texture": "#0"},
				"west": {"uv": [7.875, 3.875, 8, 4.25], "texture": "#0"},
				"up": {"uv": [7.875, 3.875, 8, 4], "texture": "#0"},
				"down": {"uv": [7.875, 4.125, 8, 4.25], "texture": "#0"}
			}
		},
		{
			"name": "tengen_blade_2",
			"from": [7.75, 11.5, 8],
			"to": [7.875, 12, 8.125],
			"faces": {
				"north": {"uv": [7.875, 4, 7.75, 4.5], "texture": "#0"},
				"east": {"uv": [7.75, 4, 7.875, 4.5], "texture": "#0"},
				"south": {"uv": [7.75, 4, 7.875, 4.5], "texture": "#0"},
				"west": {"uv": [7.75, 4, 7.875, 4.5], "texture": "#0"},
				"up": {"uv": [7.75, 4, 7.875, 4.125], "texture": "#0"},
				"down": {"uv": [7.75, 4.375, 7.875, 4.5], "texture": "#0"}
			}
		},
		{
			"name": "tengen_blade_3",
			"from": [7.625, 11.25, 8],
			"to": [7.75, 11.875, 8.125],
			"faces": {
				"north": {"uv": [7.75, 4.125, 7.625, 4.75], "texture": "#0"},
				"east": {"uv": [7.625, 4.125, 7.75, 4.75], "texture": "#0"},
				"south": {"uv": [7.625, 4.125, 7.75, 4.75], "texture": "#0"},
				"west": {"uv": [7.625, 4.125, 7.75, 4.75], "texture": "#0"},
				"up": {"uv": [7.625, 4.125, 7.75, 4.25], "texture": "#0"},
				"down": {"uv": [7.625, 4.625, 7.75, 4.75], "texture": "#0"}
			}
		},
		{
			"name": "tengen_blade_4",
			"from": [8, 11.25, 7.95],
			"to": [8.125, 11.875, 8.175],
			"faces": {
				"north": {"uv": [8.375, 4.125, 8.25, 4.75], "texture": "#0"},
				"east": {"uv": [8.25, 4.125, 8.375, 4.75], "texture": "#0"},
				"south": {"uv": [8.25, 4.125, 8.375, 4.75], "texture": "#0"},
				"west": {"uv": [8.25, 4.125, 8.375, 4.75], "texture": "#0"},
				"up": {"uv": [8.25, 4.125, 8.375, 4.25], "texture": "#0"},
				"down": {"uv": [8.25, 4.625, 8.375, 4.75], "texture": "#0"}
			}
		},
		{
			"name": "tengen_blade_5",
			"from": [7.5, 11, 8],
			"to": [7.625, 11.75, 8.125],
			"faces": {
				"north": {"uv": [7.625, 4.25, 7.5, 5], "texture": "#0"},
				"east": {"uv": [7.5, 4.25, 7.625, 5], "texture": "#0"},
				"south": {"uv": [7.5, 4.25, 7.625, 5], "texture": "#0"},
				"west": {"uv": [7.5, 4.25, 7.625, 5], "texture": "#0"},
				"up": {"uv": [7.5, 4.25, 7.625, 4.375], "texture": "#0"},
				"down": {"uv": [7.5, 4.875, 7.625, 5], "texture": "#0"}
			}
		},
		{
			"name": "tengen_blade_6",
			"from": [7.875, 10.375, 7.95],
			"to": [8, 11.75, 8.175],
			"faces": {
				"north": {"uv": [8.25, 4.25, 8.125, 5.625], "texture": "#0"},
				"east": {"uv": [8.125, 4.25, 8.25, 5.625], "texture": "#0"},
				"south": {"uv": [8.125, 4.25, 8.25, 5.625], "texture": "#0"},
				"west": {"uv": [8.125, 4.25, 8.25, 5.625], "texture": "#0"},
				"up": {"uv": [8.125, 4.25, 8.25, 4.375], "texture": "#0"},
				"down": {"uv": [8.125, 5.5, 8.25, 5.625], "texture": "#0"}
			}
		},
		{
			"name": "tengen_blade_7",
			"from": [7.375, 10.375, 8],
			"to": [7.5, 11.625, 8.125],
			"faces": {
				"north": {"uv": [7.5, 4.375, 7.375, 5.625], "texture": "#0"},
				"east": {"uv": [7.375, 4.375, 7.5, 5.625], "texture": "#0"},
				"south": {"uv": [7.375, 4.375, 7.5, 5.625], "texture": "#0"},
				"west": {"uv": [7.375, 4.375, 7.5, 5.625], "texture": "#0"},
				"up": {"uv": [7.375, 4.375, 7.5, 4.5], "texture": "#0"},
				"down": {"uv": [7.375, 5.5, 7.5, 5.625], "texture": "#0"}
			}
		},
		{
			"name": "tengen_blade_8",
			"from": [7.75, 7.125, 7.95],
			"to": [7.875, 11.5, 8.175],
			"faces": {
				"north": {"uv": [8.125, 4.5, 8, 8.875], "texture": "#0"},
				"east": {"uv": [8, 4.5, 8.125, 8.875], "texture": "#0"},
				"south": {"uv": [8, 4.5, 8.125, 8.875], "texture": "#0"},
				"west": {"uv": [8, 4.5, 8.125, 8.875], "texture": "#0"},
				"up": {"uv": [8, 4.5, 8.125, 4.625], "texture": "#0"},
				"down": {"uv": [8, 8.75, 8.125, 8.875], "texture": "#0"}
			}
		},
		{
			"name": "tengen_blade_9",
			"from": [7.25, 9.625, 8],
			"to": [7.375, 11.375, 8.125],
			"faces": {
				"north": {"uv": [7.375, 4.625, 7.25, 6.375], "texture": "#0"},
				"east": {"uv": [7.25, 4.625, 7.375, 6.375], "texture": "#0"},
				"south": {"uv": [7.25, 4.625, 7.375, 6.375], "texture": "#0"},
				"west": {"uv": [7.25, 4.625, 7.375, 6.375], "texture": "#0"},
				"up": {"uv": [7.25, 4.625, 7.375, 4.75], "texture": "#0"},
				"down": {"uv": [7.25, 6.25, 7.375, 6.375], "texture": "#0"}
			}
		},
		{
			"name": "tengen_blade_10",
			"from": [7.625, 7.125, 7.95],
			"to": [7.75, 11.25, 8.175],
			"faces": {
				"north": {"uv": [8, 4.75, 7.875, 8.875], "texture": "#0"},
				"east": {"uv": [7.875, 4.75, 8, 8.875], "texture": "#0"},
				"south": {"uv": [7.875, 4.75, 8, 8.875], "texture": "#0"},
				"west": {"uv": [7.875, 4.75, 8, 8.875], "texture": "#0"},
				"up": {"uv": [7.875, 4.75, 8, 4.875], "texture": "#0"},
				"down": {"uv": [7.875, 8.75, 8, 8.875], "texture": "#0"}
			}
		},
		{
			"name": "tengen_blade_11",
			"from": [7.125, 9, 8],
			"to": [7.25, 11, 8.125],
			"faces": {
				"north": {"uv": [7.25, 5, 7.125, 7], "texture": "#0"},
				"east": {"uv": [7.125, 5, 7.25, 7], "texture": "#0"},
				"south": {"uv": [7.125, 5, 7.25, 7], "texture": "#0"},
				"west": {"uv": [7.125, 5, 7.25, 7], "texture": "#0"},
				"up": {"uv": [7.125, 5, 7.25, 5.125], "texture": "#0"},
				"down": {"uv": [7.125, 6.875, 7.25, 7], "texture": "#0"}
			}
		},
		{
			"name": "tengen_blade_12",
			"from": [7.5, 7.125, 7.95],
			"to": [7.625, 11, 8.175],
			"faces": {
				"north": {"uv": [7.875, 5, 7.75, 8.875], "texture": "#0"},
				"east": {"uv": [7.75, 5, 7.875, 8.875], "texture": "#0"},
				"south": {"uv": [7.75, 5, 7.875, 8.875], "texture": "#0"},
				"west": {"uv": [7.75, 5, 7.875, 8.875], "texture": "#0"},
				"up": {"uv": [7.75, 5, 7.875, 5.125], "texture": "#0"},
				"down": {"uv": [7.75, 8.75, 7.875, 8.875], "texture": "#0"}
			}
		},
		{
			"name": "tengen_blade_13",
			"from": [7, 9, 8],
			"to": [7.125, 10.625, 8.125],
			"faces": {
				"north": {"uv": [7.125, 5.375, 7, 7], "texture": "#0"},
				"east": {"uv": [7, 5.375, 7.125, 7], "texture": "#0"},
				"south": {"uv": [7, 5.375, 7.125, 7], "texture": "#0"},
				"west": {"uv": [7, 5.375, 7.125, 7], "texture": "#0"},
				"up": {"uv": [7, 5.375, 7.125, 5.5], "texture": "#0"},
				"down": {"uv": [7, 6.875, 7.125, 7], "texture": "#0"}
			}
		},
		{
			"name": "tengen_blade_14",
			"from": [7.375, 7.125, 7.95],
			"to": [7.5, 10.375, 8.175],
			"faces": {
				"north": {"uv": [7.75, 5.625, 7.625, 8.875], "texture": "#0"},
				"east": {"uv": [7.625, 5.625, 7.75, 8.875], "texture": "#0"},
				"south": {"uv": [7.625, 5.625, 7.75, 8.875], "texture": "#0"},
				"west": {"uv": [7.625, 5.625, 7.75, 8.875], "texture": "#0"},
				"up": {"uv": [7.625, 5.625, 7.75, 5.75], "texture": "#0"},
				"down": {"uv": [7.625, 8.75, 7.75, 8.875], "texture": "#0"}
			}
		},
		{
			"name": "tengen_blade_15",
			"from": [6.875, 9, 8],
			"to": [7, 10.125, 8.125],
			"faces": {
				"north": {"uv": [7, 5.875, 6.875, 7], "texture": "#0"},
				"east": {"uv": [6.875, 5.875, 7, 7], "texture": "#0"},
				"south": {"uv": [6.875, 5.875, 7, 7], "texture": "#0"},
				"west": {"uv": [6.875, 5.875, 7, 7], "texture": "#0"},
				"up": {"uv": [6.875, 5.875, 7, 6], "texture": "#0"},
				"down": {"uv": [6.875, 6.875, 7, 7], "texture": "#0"}
			}
		},
		{
			"name": "tengen_blade_16",
			"from": [7.25, 8.875, 7.95],
			"to": [7.375, 9.625, 8.175],
			"faces": {
				"north": {"uv": [7.625, 6.375, 7.5, 7.125], "texture": "#0"},
				"east": {"uv": [7.5, 6.375, 7.625, 7.125], "texture": "#0"},
				"south": {"uv": [7.5, 6.375, 7.625, 7.125], "texture": "#0"},
				"west": {"uv": [7.5, 6.375, 7.625, 7.125], "texture": "#0"},
				"up": {"uv": [7.5, 6.375, 7.625, 6.5], "texture": "#0"},
				"down": {"uv": [7.5, 7, 7.625, 7.125], "texture": "#0"}
			}
		},
		{
			"name": "tengen_blade_17",
			"from": [6.75, 8.875, 8],
			"to": [6.875, 9.375, 8.125],
			"faces": {
				"north": {"uv": [6.875, 6.625, 6.75, 7.125], "texture": "#0"},
				"east": {"uv": [6.75, 6.625, 6.875, 7.125], "texture": "#0"},
				"south": {"uv": [6.75, 6.625, 6.875, 7.125], "texture": "#0"},
				"west": {"uv": [6.75, 6.625, 6.875, 7.125], "texture": "#0"},
				"up": {"uv": [6.75, 6.625, 6.875, 6.75], "texture": "#0"},
				"down": {"uv": [6.75, 7, 6.875, 7.125], "texture": "#0"}
			}
		},
		{
			"name": "tengen_blade_18",
			"from": [6.75, 7.125, 8],
			"to": [6.875, 8.5, 8.125],
			"faces": {
				"north": {"uv": [6.875, 7.5, 6.75, 8.875], "texture": "#0"},
				"east": {"uv": [6.75, 7.5, 6.875, 8.875], "texture": "#0"},
				"south": {"uv": [6.75, 7.5, 6.875, 8.875], "texture": "#0"},
				"west": {"uv": [6.75, 7.5, 6.875, 8.875], "texture": "#0"},
				"up": {"uv": [6.75, 7.5, 6.875, 7.625], "texture": "#0"},
				"down": {"uv": [6.75, 8.75, 6.875, 8.875], "texture": "#0"}
			}
		},
		{
			"name": "tengen_blade_19",
			"from": [7.25, 7.25, 7.95],
			"to": [7.375, 8.5, 8.175],
			"faces": {
				"north": {"uv": [7.625, 7.5, 7.5, 8.75], "texture": "#0"},
				"east": {"uv": [7.5, 7.5, 7.625, 8.75], "texture": "#0"},
				"south": {"uv": [7.5, 7.5, 7.625, 8.75], "texture": "#0"},
				"west": {"uv": [7.5, 7.5, 7.625, 8.75], "texture": "#0"},
				"up": {"uv": [7.5, 7.5, 7.625, 7.625], "texture": "#0"},
				"down": {"uv": [7.5, 8.625, 7.625, 8.75], "texture": "#0"}
			}
		},
		{
			"name": "tengen_blade_20",
			"from": [6.875, 7.375, 8],
			"to": [7.25, 8.375, 8.125],
			"faces": {
				"north": {"uv": [7.25, 7.625, 6.875, 8.625], "texture": "#0"},
				"east": {"uv": [7.125, 7.625, 7.25, 8.625], "texture": "#0"},
				"south": {"uv": [6.875, 7.625, 7.25, 8.625], "texture": "#0"},
				"west": {"uv": [6.875, 7.625, 7, 8.625], "texture": "#0"},
				"up": {"uv": [6.875, 7.625, 7.25, 7.75], "texture": "#0"},
				"down": {"uv": [6.875, 8.5, 7.25, 8.625], "texture": "#0"}
			}
		},
		{
			"name": "tengen_blade_21",
			"from": [6.875, 7.25, 8],
			"to": [7, 7.375, 8.125],
			"faces": {
				"north": {"uv": [7, 8.625, 6.875, 8.75], "texture": "#0"},
				"east": {"uv": [6.875, 8.625, 7, 8.75], "texture": "#0"},
				"south": {"uv": [6.875, 8.625, 7, 8.75], "texture": "#0"},
				"west": {"uv": [6.875, 8.625, 7, 8.75], "texture": "#0"},
				"up": {"uv": [6.875, 8.625, 7, 8.75], "texture": "#0"},
				"down": {"uv": [6.875, 8.625, 7, 8.75], "texture": "#0"}
			}
		},
		{
			"name": "tengen_blade_22",
			"from": [7.375, 6.75, 7.9],
			"to": [7.875, 7.125, 8.225],
			"faces": {
				"north": {"uv": [7.875, 9.125, 7.375, 9.5], "texture": "#0"},
				"east": {"uv": [7.75, 9.125, 7.875, 9.5], "texture": "#0"},
				"south": {"uv": [7.375, 9.125, 7.875, 9.5], "texture": "#0"},
				"west": {"uv": [7.375, 9.125, 7.5, 9.5], "texture": "#0"},
				"up": {"uv": [7.375, 9.125, 7.875, 9.25], "texture": "#0"},
				"down": {"uv": [7.375, 9.375, 7.875, 9.5], "texture": "#0"}
			}
		},
		{
			"name": "tengen_blade_26",
			"from": [7.225, 6.65, 7.625],
			"to": [7.975, 6.875, 8.5],
			"rotation": {"angle": 0, "axis": "x", "origin": [12, 6, 0]},
			"faces": {
				"north": {"uv": [7.25, 9.75, 8, 10], "texture": "#0"},
				"east": {"uv": [7.25, 9.75, 8, 10], "texture": "#0"},
				"south": {"uv": [7.25, 9.75, 8, 10], "texture": "#0"},
				"west": {"uv": [7.25, 9.75, 8, 10], "texture": "#0"},
				"up": {"uv": [11.375, 9.625, 12.125, 10.5], "texture": "#0"},
				"down": {"uv": [12.125, 9.625, 11.375, 10.5], "rotation": 180, "texture": "#0"}
			}
		},
		{
			"name": "tengen_blade_28",
			"from": [6.975, 6.65, 7.75],
			"to": [7.225, 6.875, 8.375],
			"rotation": {"angle": 0, "axis": "x", "origin": [12, 6, 0]},
			"faces": {
				"north": {"uv": [8, 9.75, 8.25, 10], "texture": "#0"},
				"east": {"uv": [11.25, 9.75, 11.375, 10.375], "rotation": 90, "texture": "#0"},
				"south": {"uv": [7, 9.75, 7.25, 10], "texture": "#0"},
				"west": {"uv": [7.25, 9.75, 8, 10], "texture": "#0"},
				"up": {"uv": [11.125, 9.75, 11.375, 10.375], "texture": "#0"},
				"down": {"uv": [11.375, 9.75, 11.125, 10.375], "rotation": 180, "texture": "#0"}
			}
		},
		{
			"name": "tengen_blade_29",
			"from": [7.975, 6.65, 7.75],
			"to": [8.225, 6.875, 8.375],
			"rotation": {"angle": 0, "axis": "x", "origin": [12, 6, 0]},
			"faces": {
				"north": {"uv": [7, 9.75, 7.25, 10], "texture": "#0"},
				"east": {"uv": [7.25, 9.75, 8, 10], "texture": "#0"},
				"south": {"uv": [8, 9.75, 8.25, 10], "texture": "#0"},
				"west": {"uv": [12.125, 9.75, 12.25, 10.375], "rotation": 270, "texture": "#0"},
				"up": {"uv": [12.125, 9.75, 12.375, 10.375], "texture": "#0"},
				"down": {"uv": [12.375, 9.75, 12.125, 10.375], "rotation": 180, "texture": "#0"}
			}
		},
		{
			"name": "tengen_blade_30",
			"from": [7.375, 5.5, 7.9],
			"to": [7.875, 6.75, 8.225],
			"faces": {
				"north": {"uv": [7.875, 10.25, 7.375, 11.5], "texture": "#0"},
				"east": {"uv": [7.75, 10.25, 7.875, 11.5], "texture": "#0"},
				"south": {"uv": [7.375, 10.25, 7.875, 11.5], "texture": "#0"},
				"west": {"uv": [7.375, 10.25, 7.5, 11.5], "texture": "#0"},
				"up": {"uv": [7.375, 10.25, 7.875, 10.375], "texture": "#0"},
				"down": {"uv": [7.375, 11.375, 7.875, 11.5], "texture": "#0"}
			}
		},
		{
			"name": "tengen_blade_31",
			"from": [7.5, 4.25, 7.9],
			"to": [7.875, 5.5, 8.225],
			"faces": {
				"north": {"uv": [7.875, 11.5, 7.5, 12.75], "texture": "#0"},
				"east": {"uv": [7.75, 11.5, 7.875, 12.75], "texture": "#0"},
				"south": {"uv": [7.5, 11.5, 7.875, 12.75], "texture": "#0"},
				"west": {"uv": [7.5, 11.5, 7.625, 12.75], "texture": "#0"},
				"up": {"uv": [7.5, 11.5, 7.875, 11.625], "texture": "#0"},
				"down": {"uv": [7.5, 12.625, 7.875, 12.75], "texture": "#0"}
			}
		},
		{
			"name": "tengen_blade_32",
			"from": [7.875, 4.25, 7.9],
			"to": [8, 5.25, 8.225],
			"faces": {
				"north": {"uv": [8, 11.75, 7.875, 12.75], "texture": "#0"},
				"east": {"uv": [7.875, 11.75, 8, 12.75], "texture": "#0"},
				"south": {"uv": [7.875, 11.75, 8, 12.75], "texture": "#0"},
				"west": {"uv": [7.875, 11.75, 8, 12.75], "texture": "#0"},
				"up": {"uv": [7.875, 11.75, 8, 11.875], "texture": "#0"},
				"down": {"uv": [7.875, 12.625, 8, 12.75], "texture": "#0"}
			}
		},
		{
			"name": "tengen_blade_33",
			"from": [7.5, 3.875, 7.9],
			"to": [8, 4.25, 8.225],
			"faces": {
				"north": {"uv": [8, 13, 7.5, 13.375], "texture": "#0"},
				"east": {"uv": [7.875, 13, 8, 13.375], "texture": "#0"},
				"south": {"uv": [7.5, 13, 8, 13.375], "texture": "#0"},
				"west": {"uv": [7.5, 13, 7.625, 13.375], "texture": "#0"},
				"up": {"uv": [7.5, 13, 8, 13.125], "texture": "#0"},
				"down": {"uv": [7.5, 13.25, 8, 13.375], "texture": "#0"}
			}
		}
	],
	"gui_light": "front",
	"display": {
		"thirdperson_righthand": {
			"rotation": [0, -90, 0],
			"translation": [0, 4.25, 2.5],
			"scale": [2.75, 2.75, 2.5]
		},
		"thirdperson_lefthand": {
			"rotation": [0, 90, 0],
			"translation": [0, 4.25, 2.5],
			"scale": [2.75, 2.75, 2.5]
		},
		"firstperson_righthand": {
			"rotation": [0, -90, -8],
			"translation": [3.25, 4.25, 1.5],
			"scale": [2, 2, 2]
		},
		"firstperson_lefthand": {
			"rotation": [5, 90, 1],
			"translation": [-0.25, 4, 0.5],
			"scale": [2, 2, 2]
		},
		"ground": {
			"translation": [0, 6, 0],
			"scale": [2.5, 2.5, 2.5]
		},
		"gui": {
			"rotation": [0, 0, -42],
			"translation": [1, -0.75, 0],
			"scale": [3, 3, 1]
		},
		"head": {
			"rotation": [0, -94, -117],
			"translation": [-4.25, -22.25, -0.25],
			"scale": [3, 3, 3]
		},
		"fixed": {
			"rotation": [-180, 0, 138],
			"translation": [-1.25, 1.75, -0.25],
			"scale": [4, 4, 3]
		}
	},
	"groups": [
		{
			"name": "tengen_blade",
			"origin": [8, 8, 8],
			"color": 0,
			"children": [0, 1, 2, 3, 4, 5, 6, 7, 8, 9, 10, 11, 12, 13, 14, 15, 16, 17, 18, 19, 20, 21, 22, 23, 24, 25, 26, 27, 28, 29]
		}
	]
}