{
	"credit": "Made with Blockbench",
	"textures": {
		"0": "item/diamond_sword/terrablad",
		"particle": "item/diamond_sword/terrablad"
	},
	"elements": [
		{
			"name": "terrablad_0",
			"from": [7.125, 12.125, 8],
			"to": [8, 12.25, 8.125],
			"faces": {
				"north": {"uv": [8, 1.75, 7.125, 1.875], "texture": "#0"},
				"east": {"uv": [7.875, 1.75, 8, 1.875], "texture": "#0"},
				"south": {"uv": [7.125, 1.75, 8, 1.875], "texture": "#0"},
				"west": {"uv": [7.125, 1.75, 7.25, 1.875], "texture": "#0"},
				"up": {"uv": [7.125, 1.75, 8, 1.875], "texture": "#0"},
				"down": {"uv": [7.125, 1.75, 8, 1.875], "texture": "#0"}
			}
		},
		{
			"name": "terrablad_1",
			"from": [7.125, 6.875, 8],
			"to": [7.25, 12.125, 8.125],
			"faces": {
				"north": {"uv": [7.25, 1.875, 7.125, 7.125], "texture": "#0"},
				"east": {"uv": [7.125, 1.875, 7.25, 7.125], "texture": "#0"},
				"south": {"uv": [7.125, 1.875, 7.25, 7.125], "texture": "#0"},
				"west": {"uv": [7.125, 1.875, 7.25, 7.125], "texture": "#0"},
				"up": {"uv": [7.125, 1.875, 7.25, 2], "texture": "#0"},
				"down": {"uv": [7.125, 7, 7.25, 7.125], "texture": "#0"}
			}
		},
		{
			"name": "terrablad_2",
			"from": [7.875, 7, 8],
			"to": [8, 12.125, 8.125],
			"faces": {
				"north": {"uv": [8, 1.875, 7.875, 7], "texture": "#0"},
				"east": {"uv": [7.875, 1.875, 8, 7], "texture": "#0"},
				"south": {"uv": [7.875, 1.875, 8, 7], "texture": "#0"},
				"west": {"uv": [7.875, 1.875, 8, 7], "texture": "#0"},
				"up": {"uv": [7.875, 1.875, 8, 2], "texture": "#0"},
				"down": {"uv": [7.875, 6.875, 8, 7], "texture": "#0"}
			}
		},
		{
			"name": "terrablad_3",
			"from": [7.25, 8.875, 7.95],
			"to": [7.875, 12.125, 8.175],
			"faces": {
				"north": {"uv": [9.125, 1.875, 8.5, 5.125], "texture": "#0"},
				"east": {"uv": [9, 1.875, 9.125, 5.125], "texture": "#0"},
				"south": {"uv": [8.5, 1.875, 9.125, 5.125], "texture": "#0"},
				"west": {"uv": [8.5, 1.875, 8.625, 5.125], "texture": "#0"},
				"up": {"uv": [8.5, 1.875, 9.125, 2], "texture": "#0"},
				"down": {"uv": [8.5, 5, 9.125, 5.125], "texture": "#0"}
			}
		},
		{
			"name": "terrablad_4",
			"from": [7.25, 8, 7.95],
			"to": [7.5, 8.875, 8.175],
			"faces": {
				"north": {"uv": [8.75, 5.125, 8.5, 6], "texture": "#0"},
				"east": {"uv": [8.625, 5.125, 8.75, 6], "texture": "#0"},
				"south": {"uv": [8.5, 5.125, 8.75, 6], "texture": "#0"},
				"west": {"uv": [8.5, 5.125, 8.625, 6], "texture": "#0"},
				"up": {"uv": [8.5, 5.125, 8.75, 5.25], "texture": "#0"},
				"down": {"uv": [8.5, 5.875, 8.75, 6], "texture": "#0"}
			}
		},
		{
			"name": "terrablad_5",
			"from": [7.625, 8.5, 7.95],
			"to": [7.875, 8.875, 8.175],
			"faces": {
				"north": {"uv": [9.125, 5.125, 8.875, 5.5], "texture": "#0"},
				"east": {"uv": [9, 5.125, 9.125, 5.5], "texture": "#0"},
				"south": {"uv": [8.875, 5.125, 9.125, 5.5], "texture": "#0"},
				"west": {"uv": [8.875, 5.125, 9, 5.5], "texture": "#0"},
				"up": {"uv": [8.875, 5.125, 9.125, 5.25], "texture": "#0"},
				"down": {"uv": [8.875, 5.375, 9.125, 5.5], "texture": "#0"}
			}
		},
		{
			"name": "terrablad_6",
			"from": [7, 8.375, 8],
			"to": [7.125, 8.75, 8.125],
			"faces": {
				"north": {"uv": [7.125, 5.25, 7, 5.625], "texture": "#0"},
				"east": {"uv": [7, 5.25, 7.125, 5.625], "texture": "#0"},
				"south": {"uv": [7, 5.25, 7.125, 5.625], "texture": "#0"},
				"west": {"uv": [7, 5.25, 7.125, 5.625], "texture": "#0"},
				"up": {"uv": [7, 5.25, 7.125, 5.375], "texture": "#0"},
				"down": {"uv": [7, 5.5, 7.125, 5.625], "texture": "#0"}
			}
		},
		{
			"name": "terrablad_7",
			"from": [8, 8.375, 8],
			"to": [8.125, 8.75, 8.125],
			"faces": {
				"north": {"uv": [8.125, 5.25, 8, 5.625], "texture": "#0"},
				"east": {"uv": [8, 5.25, 8.125, 5.625], "texture": "#0"},
				"south": {"uv": [8, 5.25, 8.125, 5.625], "texture": "#0"},
				"west": {"uv": [8, 5.25, 8.125, 5.625], "texture": "#0"},
				"up": {"uv": [8, 5.25, 8.125, 5.375], "texture": "#0"},
				"down": {"uv": [8, 5.5, 8.125, 5.625], "texture": "#0"}
			}
		},
		{
			"name": "terrablad_8",
			"from": [6.875, 8.5, 8],
			"to": [7, 8.625, 8.125],
			"faces": {
				"north": {"uv": [7, 5.375, 6.875, 5.5], "texture": "#0"},
				"east": {"uv": [6.875, 5.375, 7, 5.5], "texture": "#0"},
				"south": {"uv": [6.875, 5.375, 7, 5.5], "texture": "#0"},
				"west": {"uv": [6.875, 5.375, 7, 5.5], "texture": "#0"},
				"up": {"uv": [6.875, 5.375, 7, 5.5], "texture": "#0"},
				"down": {"uv": [6.875, 5.375, 7, 5.5], "texture": "#0"}
			}
		},
		{
			"name": "terrablad_9",
			"from": [8.125, 8.5, 8],
			"to": [8.25, 8.625, 8.125],
			"faces": {
				"north": {"uv": [8.25, 5.375, 8.125, 5.5], "texture": "#0"},
				"east": {"uv": [8.125, 5.375, 8.25, 5.5], "texture": "#0"},
				"south": {"uv": [8.125, 5.375, 8.25, 5.5], "texture": "#0"},
				"west": {"uv": [8.125, 5.375, 8.25, 5.5], "texture": "#0"},
				"up": {"uv": [8.125, 5.375, 8.25, 5.5], "texture": "#0"},
				"down": {"uv": [8.125, 5.375, 8.25, 5.5], "texture": "#0"}
			}
		},
		{
			"name": "terrablad_10",
			"from": [7.75, 7, 7.95],
			"to": [7.875, 8.5, 8.175],
			"faces": {
				"north": {"uv": [9.125, 5.5, 9, 7], "texture": "#0"},
				"east": {"uv": [9, 5.5, 9.125, 7], "texture": "#0"},
				"south": {"uv": [9, 5.5, 9.125, 7], "texture": "#0"},
				"west": {"uv": [9, 5.5, 9.125, 7], "texture": "#0"},
				"up": {"uv": [9, 5.5, 9.125, 5.625], "texture": "#0"},
				"down": {"uv": [9, 6.875, 9.125, 7], "texture": "#0"}
			}
		},
		{
			"name": "terrablad_11",
			"from": [7.5, 8.125, 7.95],
			"to": [7.625, 8.375, 8.175],
			"faces": {
				"north": {"uv": [8.875, 5.625, 8.75, 5.875], "texture": "#0"},
				"east": {"uv": [8.75, 5.625, 8.875, 5.875], "texture": "#0"},
				"south": {"uv": [8.75, 5.625, 8.875, 5.875], "texture": "#0"},
				"west": {"uv": [8.75, 5.625, 8.875, 5.875], "texture": "#0"},
				"up": {"uv": [8.75, 5.625, 8.875, 5.75], "texture": "#0"},
				"down": {"uv": [8.75, 5.75, 8.875, 5.875], "texture": "#0"}
			}
		},
		{
			"name": "terrablad_12",
			"from": [7, 7.625, 8],
			"to": [7.125, 8, 8.125],
			"faces": {
				"north": {"uv": [7.125, 6, 7, 6.375], "texture": "#0"},
				"east": {"uv": [7, 6, 7.125, 6.375], "texture": "#0"},
				"south": {"uv": [7, 6, 7.125, 6.375], "texture": "#0"},
				"west": {"uv": [7, 6, 7.125, 6.375], "texture": "#0"},
				"up": {"uv": [7, 6, 7.125, 6.125], "texture": "#0"},
				"down": {"uv": [7, 6.25, 7.125, 6.375], "texture": "#0"}
			}
		},
		{
			"name": "terrablad_13",
			"from": [8, 7.625, 8],
			"to": [8.125, 8, 8.125],
			"faces": {
				"north": {"uv": [8.125, 6, 8, 6.375], "texture": "#0"},
				"east": {"uv": [8, 6, 8.125, 6.375], "texture": "#0"},
				"south": {"uv": [8, 6, 8.125, 6.375], "texture": "#0"},
				"west": {"uv": [8, 6, 8.125, 6.375], "texture": "#0"},
				"up": {"uv": [8, 6, 8.125, 6.125], "texture": "#0"},
				"down": {"uv": [8, 6.25, 8.125, 6.375], "texture": "#0"}
			}
		},
		{
			"name": "terrablad_14",
			"from": [7.25, 7.875, 7.95],
			"to": [7.375, 8, 8.175],
			"faces": {
				"north": {"uv": [8.625, 6, 8.5, 6.125], "texture": "#0"},
				"east": {"uv": [8.5, 6, 8.625, 6.125], "texture": "#0"},
				"south": {"uv": [8.5, 6, 8.625, 6.125], "texture": "#0"},
				"west": {"uv": [8.5, 6, 8.625, 6.125], "texture": "#0"},
				"up": {"uv": [8.5, 6, 8.625, 6.125], "texture": "#0"},
				"down": {"uv": [8.5, 6, 8.625, 6.125], "texture": "#0"}
			}
		},
		{
			"name": "terrablad_15",
			"from": [6.875, 7.75, 8],
			"to": [7, 7.875, 8.125],
			"faces": {
				"north": {"uv": [7, 6.125, 6.875, 6.25], "texture": "#0"},
				"east": {"uv": [6.875, 6.125, 7, 6.25], "texture": "#0"},
				"south": {"uv": [6.875, 6.125, 7, 6.25], "texture": "#0"},
				"west": {"uv": [6.875, 6.125, 7, 6.25], "texture": "#0"},
				"up": {"uv": [6.875, 6.125, 7, 6.25], "texture": "#0"},
				"down": {"uv": [6.875, 6.125, 7, 6.25], "texture": "#0"}
			}
		},
		{
			"name": "terrablad_16",
			"from": [8.125, 7.75, 8],
			"to": [8.25, 7.875, 8.125],
			"faces": {
				"north": {"uv": [8.25, 6.125, 8.125, 6.25], "texture": "#0"},
				"east": {"uv": [8.125, 6.125, 8.25, 6.25], "texture": "#0"},
				"south": {"uv": [8.125, 6.125, 8.25, 6.25], "texture": "#0"},
				"west": {"uv": [8.125, 6.125, 8.25, 6.25], "texture": "#0"},
				"up": {"uv": [8.125, 6.125, 8.25, 6.25], "texture": "#0"},
				"down": {"uv": [8.125, 6.125, 8.25, 6.25], "texture": "#0"}
			}
		},
		{
			"name": "terrablad_17",
			"from": [7.625, 7.125, 7.95],
			"to": [7.75, 7.875, 8.175],
			"faces": {
				"north": {"uv": [9, 6.125, 8.875, 6.875], "texture": "#0"},
				"east": {"uv": [8.875, 6.125, 9, 6.875], "texture": "#0"},
				"south": {"uv": [8.875, 6.125, 9, 6.875], "texture": "#0"},
				"west": {"uv": [8.875, 6.125, 9, 6.875], "texture": "#0"},
				"up": {"uv": [8.875, 6.125, 9, 6.25], "texture": "#0"},
				"down": {"uv": [8.875, 6.75, 9, 6.875], "texture": "#0"}
			}
		},
		{
			"name": "terrablad_18",
			"from": [7.5, 7.375, 7.95],
			"to": [7.625, 7.625, 8.175],
			"faces": {
				"north": {"uv": [8.875, 6.375, 8.75, 6.625], "texture": "#0"},
				"east": {"uv": [8.75, 6.375, 8.875, 6.625], "texture": "#0"},
				"south": {"uv": [8.75, 6.375, 8.875, 6.625], "texture": "#0"},
				"west": {"uv": [8.75, 6.375, 8.875, 6.625], "texture": "#0"},
				"up": {"uv": [8.75, 6.375, 8.875, 6.5], "texture": "#0"},
				"down": {"uv": [8.75, 6.5, 8.875, 6.625], "texture": "#0"}
			}
		},
		{
			"name": "terrablad_19",
			"from": [7.25, 7, 7.95],
			"to": [7.375, 7.25, 8.175],
			"faces": {
				"north": {"uv": [8.625, 6.75, 8.5, 7], "texture": "#0"},
				"east": {"uv": [8.5, 6.75, 8.625, 7], "texture": "#0"},
				"south": {"uv": [8.5, 6.75, 8.625, 7], "texture": "#0"},
				"west": {"uv": [8.5, 6.75, 8.625, 7], "texture": "#0"},
				"up": {"uv": [8.5, 6.75, 8.625, 6.875], "texture": "#0"},
				"down": {"uv": [8.5, 6.875, 8.625, 7], "texture": "#0"}
			}
		},
		{
			"name": "terrablad_20",
			"from": [7.5, 8.375, 7.85],
			"to": [7.625, 8.875, 8.275],
			"faces": {
				"north": {"uv": [7.625, 7.125, 7.5, 7.625], "texture": "#0"},
				"east": {"uv": [7.5, 7.125, 7.625, 7.625], "texture": "#0"},
				"south": {"uv": [7.5, 7.125, 7.625, 7.625], "texture": "#0"},
				"west": {"uv": [7.5, 7.125, 7.625, 7.625], "texture": "#0"},
				"up": {"uv": [7.5, 7.125, 7.625, 7.25], "texture": "#0"},
				"down": {"uv": [7.5, 7.5, 7.625, 7.625], "texture": "#0"}
			}
		},
		{
			"name": "terrablad_21",
			"from": [7.625, 7.875, 7.85],
			"to": [7.75, 8.5, 8.275],
			"faces": {
				"north": {"uv": [7.75, 7.5, 7.625, 8.125], "texture": "#0"},
				"east": {"uv": [7.625, 7.5, 7.75, 8.125], "texture": "#0"},
				"south": {"uv": [7.625, 7.5, 7.75, 8.125], "texture": "#0"},
				"west": {"uv": [7.625, 7.5, 7.75, 8.125], "texture": "#0"},
				"up": {"uv": [7.625, 7.5, 7.75, 7.625], "texture": "#0"},
				"down": {"uv": [7.625, 8, 7.75, 8.125], "texture": "#0"}
			}
		},
		{
			"name": "terrablad_22",
			"from": [7.5, 7.625, 7.85],
			"to": [7.625, 8.125, 8.275],
			"faces": {
				"north": {"uv": [7.625, 7.875, 7.5, 8.375], "texture": "#0"},
				"east": {"uv": [7.5, 7.875, 7.625, 8.375], "texture": "#0"},
				"south": {"uv": [7.5, 7.875, 7.625, 8.375], "texture": "#0"},
				"west": {"uv": [7.5, 7.875, 7.625, 8.375], "texture": "#0"},
				"up": {"uv": [7.5, 7.875, 7.625, 8], "texture": "#0"},
				"down": {"uv": [7.5, 8.25, 7.625, 8.375], "texture": "#0"}
			}
		},
		{
			"name": "terrablad_23",
			"from": [7.375, 7, 7.85],
			"to": [7.5, 8, 8.275],
			"faces": {
				"north": {"uv": [7.5, 8, 7.375, 9], "texture": "#0"},
				"east": {"uv": [7.375, 8, 7.5, 9], "texture": "#0"},
				"south": {"uv": [7.375, 8, 7.5, 9], "texture": "#0"},
				"west": {"uv": [7.375, 8, 7.5, 9], "texture": "#0"},
				"up": {"uv": [7.375, 8, 7.5, 8.125], "texture": "#0"},
				"down": {"uv": [7.375, 8.875, 7.5, 9], "texture": "#0"}
			}
		},
		{
			"name": "terrablad_24",
			"from": [7.25, 7.25, 7.85],
			"to": [7.375, 7.875, 8.275],
			"faces": {
				"north": {"uv": [7.375, 8.125, 7.25, 8.75], "texture": "#0"},
				"east": {"uv": [7.25, 8.125, 7.375, 8.75], "texture": "#0"},
				"south": {"uv": [7.25, 8.125, 7.375, 8.75], "texture": "#0"},
				"west": {"uv": [7.25, 8.125, 7.375, 8.75], "texture": "#0"},
				"up": {"uv": [7.25, 8.125, 7.375, 8.25], "texture": "#0"},
				"down": {"uv": [7.25, 8.625, 7.375, 8.75], "texture": "#0"}
			}
		},
		{
			"name": "terrablad_25",
			"from": [8.25, 7.25, 8],
			"to": [8.375, 7.5, 8.125],
			"faces": {
				"north": {"uv": [8.375, 8.5, 8.25, 8.75], "texture": "#0"},
				"east": {"uv": [8.25, 8.5, 8.375, 8.75], "texture": "#0"},
				"south": {"uv": [8.25, 8.5, 8.375, 8.75], "texture": "#0"},
				"west": {"uv": [8.25, 8.5, 8.375, 8.75], "texture": "#0"},
				"up": {"uv": [8.25, 8.5, 8.375, 8.625], "texture": "#0"},
				"down": {"uv": [8.25, 8.625, 8.375, 8.75], "texture": "#0"}
			}
		},
		{
			"name": "terrablad_26",
			"from": [7.5, 6.75, 7.85],
			"to": [7.625, 7.375, 8.275],
			"faces": {
				"north": {"uv": [7.625, 8.625, 7.5, 9.25], "texture": "#0"},
				"east": {"uv": [7.5, 8.625, 7.625, 9.25], "texture": "#0"},
				"south": {"uv": [7.5, 8.625, 7.625, 9.25], "texture": "#0"},
				"west": {"uv": [7.5, 8.625, 7.625, 9.25], "texture": "#0"},
				"up": {"uv": [7.5, 8.625, 7.625, 8.75], "texture": "#0"},
				"down": {"uv": [7.5, 9.125, 7.625, 9.25], "texture": "#0"}
			}
		},
		{
			"name": "terrablad_27",
			"from": [8.125, 7.125, 8],
			"to": [8.25, 7.375, 8.125],
			"faces": {
				"north": {"uv": [8.25, 8.625, 8.125, 8.875], "texture": "#0"},
				"east": {"uv": [8.125, 8.625, 8.25, 8.875], "texture": "#0"},
				"south": {"uv": [8.125, 8.625, 8.25, 8.875], "texture": "#0"},
				"west": {"uv": [8.125, 8.625, 8.25, 8.875], "texture": "#0"},
				"up": {"uv": [8.125, 8.625, 8.25, 8.75], "texture": "#0"},
				"down": {"uv": [8.125, 8.75, 8.25, 8.875], "texture": "#0"}
			}
		},
		{
			"name": "terrablad_28",
			"from": [8.375, 6.875, 8],
			"to": [8.5, 7.375, 8.125],
			"faces": {
				"north": {"uv": [8.5, 8.625, 8.375, 9.125], "texture": "#0"},
				"east": {"uv": [8.375, 8.625, 8.5, 9.125], "texture": "#0"},
				"south": {"uv": [8.375, 8.625, 8.5, 9.125], "texture": "#0"},
				"west": {"uv": [8.375, 8.625, 8.5, 9.125], "texture": "#0"},
				"up": {"uv": [8.375, 8.625, 8.5, 8.75], "texture": "#0"},
				"down": {"uv": [8.375, 9, 8.5, 9.125], "texture": "#0"}
			}
		},
		{
			"name": "terrablad_29",
			"from": [8.25, 7, 7.9],
			"to": [8.375, 7.25, 8.225],
			"faces": {
				"north": {"uv": [6.375, 8.75, 6.25, 9], "texture": "#0"},
				"east": {"uv": [6.25, 8.75, 6.375, 9], "texture": "#0"},
				"south": {"uv": [6.25, 8.75, 6.375, 9], "texture": "#0"},
				"west": {"uv": [6.25, 8.75, 6.375, 9], "texture": "#0"},
				"up": {"uv": [6.25, 8.75, 6.375, 8.875], "texture": "#0"},
				"down": {"uv": [6.25, 8.875, 6.375, 9], "texture": "#0"}
			}
		},
		{
			"name": "terrablad_30",
			"from": [8.5, 7.125, 8],
			"to": [8.625, 7.25, 8.125],
			"faces": {
				"north": {"uv": [8.625, 8.75, 8.5, 8.875], "texture": "#0"},
				"east": {"uv": [8.5, 8.75, 8.625, 8.875], "texture": "#0"},
				"south": {"uv": [8.5, 8.75, 8.625, 8.875], "texture": "#0"},
				"west": {"uv": [8.5, 8.75, 8.625, 8.875], "texture": "#0"},
				"up": {"uv": [8.5, 8.75, 8.625, 8.875], "texture": "#0"},
				"down": {"uv": [8.5, 8.75, 8.625, 8.875], "texture": "#0"}
			}
		},
		{
			"name": "terrablad_31",
			"from": [8, 7, 7.9],
			"to": [8.25, 7.125, 8.225],
			"faces": {
				"north": {"uv": [6.25, 8.875, 6, 9], "texture": "#0"},
				"east": {"uv": [6.125, 8.875, 6.25, 9], "texture": "#0"},
				"south": {"uv": [6, 8.875, 6.25, 9], "texture": "#0"},
				"west": {"uv": [6, 8.875, 6.125, 9], "texture": "#0"},
				"up": {"uv": [6, 8.875, 6.25, 9], "texture": "#0"},
				"down": {"uv": [6, 8.875, 6.25, 9], "texture": "#0"}
			}
		},
		{
			"name": "terrablad_32",
			"from": [7.625, 6.625, 7.85],
			"to": [7.75, 7.125, 8.275],
			"faces": {
				"north": {"uv": [7.75, 8.875, 7.625, 9.375], "texture": "#0"},
				"east": {"uv": [7.625, 8.875, 7.75, 9.375], "texture": "#0"},
				"south": {"uv": [7.625, 8.875, 7.75, 9.375], "texture": "#0"},
				"west": {"uv": [7.625, 8.875, 7.75, 9.375], "texture": "#0"},
				"up": {"uv": [7.625, 8.875, 7.75, 9], "texture": "#0"},
				"down": {"uv": [7.625, 9.25, 7.75, 9.375], "texture": "#0"}
			}
		},
		{
			"name": "terrablad_33",
			"from": [7.25, 6.75, 7.9],
			"to": [7.5, 7, 8.225],
			"faces": {
				"north": {"uv": [5.5, 9, 5.25, 9.25], "texture": "#0"},
				"east": {"uv": [5.375, 9, 5.5, 9.25], "texture": "#0"},
				"south": {"uv": [5.25, 9, 5.5, 9.25], "texture": "#0"},
				"west": {"uv": [5.25, 9, 5.375, 9.25], "texture": "#0"},
				"up": {"uv": [5.25, 9, 5.5, 9.125], "texture": "#0"},
				"down": {"uv": [5.25, 9.125, 5.5, 9.25], "texture": "#0"}
			}
		},
		{
			"name": "terrablad_34",
			"from": [8, 6.875, 7.9],
			"to": [8.125, 7, 8.225],
			"faces": {
				"north": {"uv": [6.125, 9, 6, 9.125], "texture": "#0"},
				"east": {"uv": [6, 9, 6.125, 9.125], "texture": "#0"},
				"south": {"uv": [6, 9, 6.125, 9.125], "texture": "#0"},
				"west": {"uv": [6, 9, 6.125, 9.125], "texture": "#0"},
				"up": {"uv": [6, 9, 6.125, 9.125], "texture": "#0"},
				"down": {"uv": [6, 9, 6.125, 9.125], "texture": "#0"}
			}
		},
		{
			"name": "terrablad_35",
			"from": [7.75, 6.5, 7.85],
			"to": [8, 7, 8.275],
			"faces": {
				"north": {"uv": [8, 9, 7.75, 9.5], "texture": "#0"},
				"east": {"uv": [7.875, 9, 8, 9.5], "texture": "#0"},
				"south": {"uv": [7.75, 9, 8, 9.5], "texture": "#0"},
				"west": {"uv": [7.75, 9, 7.875, 9.5], "texture": "#0"},
				"up": {"uv": [7.75, 9, 8, 9.125], "texture": "#0"},
				"down": {"uv": [7.75, 9.375, 8, 9.5], "texture": "#0"}
			}
		},
		{
			"name": "terrablad_36",
			"from": [7.125, 6.125, 7.9],
			"to": [7.25, 6.875, 8.225],
			"faces": {
				"north": {"uv": [5.25, 9.125, 5.125, 9.875], "texture": "#0"},
				"east": {"uv": [5.125, 9.125, 5.25, 9.875], "texture": "#0"},
				"south": {"uv": [5.125, 9.125, 5.25, 9.875], "texture": "#0"},
				"west": {"uv": [5.125, 9.125, 5.25, 9.875], "texture": "#0"},
				"up": {"uv": [5.125, 9.125, 5.25, 9.25], "texture": "#0"},
				"down": {"uv": [5.125, 9.75, 5.25, 9.875], "texture": "#0"}
			}
		},
		{
			"name": "terrablad_37",
			"from": [7, 6.25, 7.9],
			"to": [7.125, 6.75, 8.225],
			"faces": {
				"north": {"uv": [5.125, 9.25, 5, 9.75], "texture": "#0"},
				"east": {"uv": [5, 9.25, 5.125, 9.75], "texture": "#0"},
				"south": {"uv": [5, 9.25, 5.125, 9.75], "texture": "#0"},
				"west": {"uv": [5, 9.25, 5.125, 9.75], "texture": "#0"},
				"up": {"uv": [5, 9.25, 5.125, 9.375], "texture": "#0"},
				"down": {"uv": [5, 9.625, 5.125, 9.75], "texture": "#0"}
			}
		},
		{
			"name": "terrablad_38",
			"from": [7.25, 6.625, 7.9],
			"to": [7.375, 6.75, 8.225],
			"faces": {
				"north": {"uv": [5.375, 9.25, 5.25, 9.375], "texture": "#0"},
				"east": {"uv": [5.25, 9.25, 5.375, 9.375], "texture": "#0"},
				"south": {"uv": [5.25, 9.25, 5.375, 9.375], "texture": "#0"},
				"west": {"uv": [5.25, 9.25, 5.375, 9.375], "texture": "#0"},
				"up": {"uv": [5.25, 9.25, 5.375, 9.375], "texture": "#0"},
				"down": {"uv": [5.25, 9.25, 5.375, 9.375], "texture": "#0"}
			}
		},
		{
			"name": "terrablad_39",
			"from": [8, 5.625, 7.85],
			"to": [8.125, 6.75, 8.275],
			"faces": {
				"north": {"uv": [8.125, 9.25, 8, 10.375], "texture": "#0"},
				"east": {"uv": [8, 9.25, 8.125, 10.375], "texture": "#0"},
				"south": {"uv": [8, 9.25, 8.125, 10.375], "texture": "#0"},
				"west": {"uv": [8, 9.25, 8.125, 10.375], "texture": "#0"},
				"up": {"uv": [8, 9.25, 8.125, 9.375], "texture": "#0"},
				"down": {"uv": [8, 10.25, 8.125, 10.375], "texture": "#0"}
			}
		},
		{
			"name": "terrablad_40",
			"from": [7.375, 6.375, 7.9],
			"to": [7.625, 6.75, 8.225],
			"faces": {
				"north": {"uv": [9.625, 9.25, 9.375, 9.625], "texture": "#0"},
				"east": {"uv": [9.5, 9.25, 9.625, 9.625], "texture": "#0"},
				"south": {"uv": [9.375, 9.25, 9.625, 9.625], "texture": "#0"},
				"west": {"uv": [9.375, 9.25, 9.5, 9.625], "texture": "#0"},
				"up": {"uv": [9.375, 9.25, 9.625, 9.375], "texture": "#0"},
				"down": {"uv": [9.375, 9.5, 9.625, 9.625], "texture": "#0"}
			}
		},
		{
			"name": "terrablad_41",
			"from": [7.25, 6.5, 7.95],
			"to": [7.375, 6.625, 8.175],
			"faces": {
				"north": {"uv": [8.625, 9.375, 8.5, 9.5], "texture": "#0"},
				"east": {"uv": [8.5, 9.375, 8.625, 9.5], "texture": "#0"},
				"south": {"uv": [8.5, 9.375, 8.625, 9.5], "texture": "#0"},
				"west": {"uv": [8.5, 9.375, 8.625, 9.5], "texture": "#0"},
				"up": {"uv": [8.5, 9.375, 8.625, 9.5], "texture": "#0"},
				"down": {"uv": [8.5, 9.375, 8.625, 9.5], "texture": "#0"}
			}
		},
		{
			"name": "terrablad_42",
			"from": [7.625, 6.125, 7.9],
			"to": [7.75, 6.625, 8.225],
			"faces": {
				"north": {"uv": [9.75, 9.375, 9.625, 9.875], "texture": "#0"},
				"east": {"uv": [9.625, 9.375, 9.75, 9.875], "texture": "#0"},
				"south": {"uv": [9.625, 9.375, 9.75, 9.875], "texture": "#0"},
				"west": {"uv": [9.625, 9.375, 9.75, 9.875], "texture": "#0"},
				"up": {"uv": [9.625, 9.375, 9.75, 9.5], "texture": "#0"},
				"down": {"uv": [9.625, 9.75, 9.75, 9.875], "texture": "#0"}
			}
		},
		{
			"name": "terrablad_43",
			"from": [7.25, 6, 7.9],
			"to": [7.375, 6.5, 8.225],
			"faces": {
				"north": {"uv": [5.375, 9.5, 5.25, 10], "texture": "#0"},
				"east": {"uv": [5.25, 9.5, 5.375, 10], "texture": "#0"},
				"south": {"uv": [5.25, 9.5, 5.375, 10], "texture": "#0"},
				"west": {"uv": [5.25, 9.5, 5.375, 10], "texture": "#0"},
				"up": {"uv": [5.25, 9.5, 5.375, 9.625], "texture": "#0"},
				"down": {"uv": [5.25, 9.875, 5.375, 10], "texture": "#0"}
			}
		},
		{
			"name": "terrablad_44",
			"from": [7.875, 5.5, 7.85],
			"to": [8, 6.5, 8.275],
			"faces": {
				"north": {"uv": [8, 9.5, 7.875, 10.5], "texture": "#0"},
				"east": {"uv": [7.875, 9.5, 8, 10.5], "texture": "#0"},
				"south": {"uv": [7.875, 9.5, 8, 10.5], "texture": "#0"},
				"west": {"uv": [7.875, 9.5, 8, 10.5], "texture": "#0"},
				"up": {"uv": [7.875, 9.5, 8, 9.625], "texture": "#0"},
				"down": {"uv": [7.875, 10.375, 8, 10.5], "texture": "#0"}
			}
		},
		{
			"name": "terrablad_45",
			"from": [7.75, 6.125, 7.95],
			"to": [7.875, 6.5, 8.175],
			"faces": {
				"north": {"uv": [9.125, 9.5, 9, 9.875], "texture": "#0"},
				"east": {"uv": [9, 9.5, 9.125, 9.875], "texture": "#0"},
				"south": {"uv": [9, 9.5, 9.125, 9.875], "texture": "#0"},
				"west": {"uv": [9, 9.5, 9.125, 9.875], "texture": "#0"},
				"up": {"uv": [9, 9.5, 9.125, 9.625], "texture": "#0"},
				"down": {"uv": [9, 9.75, 9.125, 9.875], "texture": "#0"}
			}
		},
		{
			"name": "terrablad_46",
			"from": [7.375, 6, 7.9],
			"to": [7.5, 6.375, 8.225],
			"faces": {
				"north": {"uv": [5.5, 9.625, 5.375, 10], "texture": "#0"},
				"east": {"uv": [5.375, 9.625, 5.5, 10], "texture": "#0"},
				"south": {"uv": [5.375, 9.625, 5.5, 10], "texture": "#0"},
				"west": {"uv": [5.375, 9.625, 5.5, 10], "texture": "#0"},
				"up": {"uv": [5.375, 9.625, 5.5, 9.75], "texture": "#0"},
				"down": {"uv": [5.375, 9.875, 5.5, 10], "texture": "#0"}
			}
		},
		{
			"name": "terrablad_47",
			"from": [8.125, 5.75, 7.85],
			"to": [8.25, 6.375, 8.275],
			"faces": {
				"north": {"uv": [8.25, 9.625, 8.125, 10.25], "texture": "#0"},
				"east": {"uv": [8.125, 9.625, 8.25, 10.25], "texture": "#0"},
				"south": {"uv": [8.125, 9.625, 8.25, 10.25], "texture": "#0"},
				"west": {"uv": [8.125, 9.625, 8.25, 10.25], "texture": "#0"},
				"up": {"uv": [8.125, 9.625, 8.25, 9.75], "texture": "#0"},
				"down": {"uv": [8.125, 10.125, 8.25, 10.25], "texture": "#0"}
			}
		},
		{
			"name": "terrablad_48",
			"from": [7.5, 6.25, 7.9],
			"to": [7.625, 6.375, 8.225],
			"faces": {
				"north": {"uv": [9.625, 9.625, 9.5, 9.75], "texture": "#0"},
				"east": {"uv": [9.5, 9.625, 9.625, 9.75], "texture": "#0"},
				"south": {"uv": [9.5, 9.625, 9.625, 9.75], "texture": "#0"},
				"west": {"uv": [9.5, 9.625, 9.625, 9.75], "texture": "#0"},
				"up": {"uv": [9.5, 9.625, 9.625, 9.75], "texture": "#0"},
				"down": {"uv": [9.5, 9.625, 9.625, 9.75], "texture": "#0"}
			}
		},
		{
			"name": "terrablad_49",
			"from": [7.5, 6, 7.9],
			"to": [7.625, 6.25, 8.225],
			"faces": {
				"north": {"uv": [5.625, 9.75, 5.5, 10], "texture": "#0"},
				"east": {"uv": [5.5, 9.75, 5.625, 10], "texture": "#0"},
				"south": {"uv": [5.5, 9.75, 5.625, 10], "texture": "#0"},
				"west": {"uv": [5.5, 9.75, 5.625, 10], "texture": "#0"},
				"up": {"uv": [5.5, 9.75, 5.625, 9.875], "texture": "#0"},
				"down": {"uv": [5.5, 9.875, 5.625, 10], "texture": "#0"}
			}
		},
		{
			"name": "terrablad_50",
			"from": [7.625, 5.875, 7.9],
			"to": [7.75, 6.125, 8.225],
			"faces": {
				"north": {"uv": [5.75, 9.875, 5.625, 10.125], "texture": "#0"},
				"east": {"uv": [5.625, 9.875, 5.75, 10.125], "texture": "#0"},
				"south": {"uv": [5.625, 9.875, 5.75, 10.125], "texture": "#0"},
				"west": {"uv": [5.625, 9.875, 5.75, 10.125], "texture": "#0"},
				"up": {"uv": [5.625, 9.875, 5.75, 10], "texture": "#0"},
				"down": {"uv": [5.625, 10, 5.75, 10.125], "texture": "#0"}
			}
		},
		{
			"name": "terrablad_51",
			"from": [7.125, 5.875, 8],
			"to": [7.25, 6.125, 8.125],
			"faces": {
				"north": {"uv": [6, 9.875, 5.875, 10.125], "texture": "#0"},
				"east": {"uv": [5.875, 9.875, 6, 10.125], "texture": "#0"},
				"south": {"uv": [5.875, 9.875, 6, 10.125], "texture": "#0"},
				"west": {"uv": [5.875, 9.875, 6, 10.125], "texture": "#0"},
				"up": {"uv": [5.875, 9.875, 6, 10], "texture": "#0"},
				"down": {"uv": [5.875, 10, 6, 10.125], "texture": "#0"}
			}
		},
		{
			"name": "terrablad_52",
			"from": [7.75, 5.5, 7.85],
			"to": [7.875, 6.125, 8.275],
			"faces": {
				"north": {"uv": [7.875, 9.875, 7.75, 10.5], "texture": "#0"},
				"east": {"uv": [7.75, 9.875, 7.875, 10.5], "texture": "#0"},
				"south": {"uv": [7.75, 9.875, 7.875, 10.5], "texture": "#0"},
				"west": {"uv": [7.75, 9.875, 7.875, 10.5], "texture": "#0"},
				"up": {"uv": [7.75, 9.875, 7.875, 10], "texture": "#0"},
				"down": {"uv": [7.75, 10.375, 7.875, 10.5], "texture": "#0"}
			}
		},
		{
			"name": "terrablad_53",
			"from": [6.75, 5.5, 7.9],
			"to": [6.875, 6, 8.225],
			"faces": {
				"north": {"uv": [6.375, 10, 6.25, 10.5], "texture": "#0"},
				"east": {"uv": [6.25, 10, 6.375, 10.5], "texture": "#0"},
				"south": {"uv": [6.25, 10, 6.375, 10.5], "texture": "#0"},
				"west": {"uv": [6.25, 10, 6.375, 10.5], "texture": "#0"},
				"up": {"uv": [6.25, 10, 6.375, 10.125], "texture": "#0"},
				"down": {"uv": [6.25, 10.375, 6.375, 10.5], "texture": "#0"}
			}
		},
		{
			"name": "terrablad_54",
			"from": [7.25, 5.5, 7.85],
			"to": [7.625, 6, 8.275],
			"faces": {
				"north": {"uv": [7.625, 10, 7.25, 10.5], "texture": "#0"},
				"east": {"uv": [7.5, 10, 7.625, 10.5], "texture": "#0"},
				"south": {"uv": [7.25, 10, 7.625, 10.5], "texture": "#0"},
				"west": {"uv": [7.25, 10, 7.375, 10.5], "texture": "#0"},
				"up": {"uv": [7.25, 10, 7.625, 10.125], "texture": "#0"},
				"down": {"uv": [7.25, 10.375, 7.625, 10.5], "texture": "#0"}
			}
		},
		{
			"name": "terrablad_55",
			"from": [8.25, 5.5, 7.9],
			"to": [8.375, 6, 8.225],
			"faces": {
				"north": {"uv": [8.875, 10, 8.75, 10.5], "texture": "#0"},
				"east": {"uv": [8.75, 10, 8.875, 10.5], "texture": "#0"},
				"south": {"uv": [8.75, 10, 8.875, 10.5], "texture": "#0"},
				"west": {"uv": [8.75, 10, 8.875, 10.5], "texture": "#0"},
				"up": {"uv": [8.75, 10, 8.875, 10.125], "texture": "#0"},
				"down": {"uv": [8.75, 10.375, 8.875, 10.5], "texture": "#0"}
			}
		},
		{
			"name": "terrablad_56",
			"from": [6.625, 5.625, 7.9],
			"to": [6.75, 5.875, 8.225],
			"faces": {
				"north": {"uv": [6.25, 10.125, 6.125, 10.375], "texture": "#0"},
				"east": {"uv": [6.125, 10.125, 6.25, 10.375], "texture": "#0"},
				"south": {"uv": [6.125, 10.125, 6.25, 10.375], "texture": "#0"},
				"west": {"uv": [6.125, 10.125, 6.25, 10.375], "texture": "#0"},
				"up": {"uv": [6.125, 10.125, 6.25, 10.25], "texture": "#0"},
				"down": {"uv": [6.125, 10.25, 6.25, 10.375], "texture": "#0"}
			}
		},
		{
			"name": "terrablad_57",
			"from": [6.875, 5.625, 7.9],
			"to": [7, 5.875, 8.225],
			"faces": {
				"north": {"uv": [6.5, 10.125, 6.375, 10.375], "texture": "#0"},
				"east": {"uv": [6.375, 10.125, 6.5, 10.375], "texture": "#0"},
				"south": {"uv": [6.375, 10.125, 6.5, 10.375], "texture": "#0"},
				"west": {"uv": [6.375, 10.125, 6.5, 10.375], "texture": "#0"},
				"up": {"uv": [6.375, 10.125, 6.5, 10.25], "texture": "#0"},
				"down": {"uv": [6.375, 10.25, 6.5, 10.375], "texture": "#0"}
			}
		},
		{
			"name": "terrablad_58",
			"from": [7, 5.5, 7.85],
			"to": [7.25, 5.875, 8.275],
			"faces": {
				"north": {"uv": [7.25, 10.125, 7, 10.5], "texture": "#0"},
				"east": {"uv": [7.125, 10.125, 7.25, 10.5], "texture": "#0"},
				"south": {"uv": [7, 10.125, 7.25, 10.5], "texture": "#0"},
				"west": {"uv": [7, 10.125, 7.125, 10.5], "texture": "#0"},
				"up": {"uv": [7, 10.125, 7.25, 10.25], "texture": "#0"},
				"down": {"uv": [7, 10.375, 7.25, 10.5], "texture": "#0"}
			}
		},
		{
			"name": "terrablad_59",
			"from": [7.625, 5.5, 7.85],
			"to": [7.75, 5.875, 8.275],
			"faces": {
				"north": {"uv": [7.75, 10.125, 7.625, 10.5], "texture": "#0"},
				"east": {"uv": [7.625, 10.125, 7.75, 10.5], "texture": "#0"},
				"south": {"uv": [7.625, 10.125, 7.75, 10.5], "texture": "#0"},
				"west": {"uv": [7.625, 10.125, 7.75, 10.5], "texture": "#0"},
				"up": {"uv": [7.625, 10.125, 7.75, 10.25], "texture": "#0"},
				"down": {"uv": [7.625, 10.375, 7.75, 10.5], "texture": "#0"}
			}
		},
		{
			"name": "terrablad_60",
			"from": [8.375, 5.625, 7.9],
			"to": [8.5, 5.875, 8.225],
			"faces": {
				"north": {"uv": [9, 10.125, 8.875, 10.375], "texture": "#0"},
				"east": {"uv": [8.875, 10.125, 9, 10.375], "texture": "#0"},
				"south": {"uv": [8.875, 10.125, 9, 10.375], "texture": "#0"},
				"west": {"uv": [8.875, 10.125, 9, 10.375], "texture": "#0"},
				"up": {"uv": [8.875, 10.125, 9, 10.25], "texture": "#0"},
				"down": {"uv": [8.875, 10.25, 9, 10.375], "texture": "#0"}
			}
		},
		{
			"name": "terrablad_61",
			"from": [8.125, 5.625, 7.9],
			"to": [8.25, 5.75, 8.225],
			"faces": {
				"north": {"uv": [8.75, 10.25, 8.625, 10.375], "texture": "#0"},
				"east": {"uv": [8.625, 10.25, 8.75, 10.375], "texture": "#0"},
				"south": {"uv": [8.625, 10.25, 8.75, 10.375], "texture": "#0"},
				"west": {"uv": [8.625, 10.25, 8.75, 10.375], "texture": "#0"},
				"up": {"uv": [8.625, 10.25, 8.75, 10.375], "texture": "#0"},
				"down": {"uv": [8.625, 10.25, 8.75, 10.375], "texture": "#0"}
			}
		},
		{
			"name": "terrablad_62",
			"from": [7.5, 5.375, 7.9],
			"to": [7.75, 5.5, 8.225],
			"faces": {
				"north": {"uv": [6.75, 10.5, 6.5, 10.625], "texture": "#0"},
				"east": {"uv": [6.625, 10.5, 6.75, 10.625], "texture": "#0"},
				"south": {"uv": [6.5, 10.5, 6.75, 10.625], "texture": "#0"},
				"west": {"uv": [6.5, 10.5, 6.625, 10.625], "texture": "#0"},
				"up": {"uv": [6.5, 10.5, 6.75, 10.625], "texture": "#0"},
				"down": {"uv": [6.5, 10.5, 6.75, 10.625], "texture": "#0"}
			}
		},
		{
			"name": "terrablad_63",
			"from": [7.125, 5.25, 7.85],
			"to": [7.5, 5.5, 8.275],
			"faces": {
				"north": {"uv": [7.5, 10.5, 7.125, 10.75], "texture": "#0"},
				"east": {"uv": [7.375, 10.5, 7.5, 10.75], "texture": "#0"},
				"south": {"uv": [7.125, 10.5, 7.5, 10.75], "texture": "#0"},
				"west": {"uv": [7.125, 10.5, 7.25, 10.75], "texture": "#0"},
				"up": {"uv": [7.125, 10.5, 7.5, 10.625], "texture": "#0"},
				"down": {"uv": [7.125, 10.625, 7.5, 10.75], "texture": "#0"}
			}
		},
		{
			"name": "terrablad_64",
			"from": [7.5, 5, 7.85],
			"to": [7.75, 5.375, 8.275],
			"faces": {
				"north": {"uv": [7.75, 10.625, 7.5, 11], "texture": "#0"},
				"east": {"uv": [7.625, 10.625, 7.75, 11], "texture": "#0"},
				"south": {"uv": [7.5, 10.625, 7.75, 11], "texture": "#0"},
				"west": {"uv": [7.5, 10.625, 7.625, 11], "texture": "#0"},
				"up": {"uv": [7.5, 10.625, 7.75, 10.75], "texture": "#0"},
				"down": {"uv": [7.5, 10.875, 7.75, 11], "texture": "#0"}
			}
		},
		{
			"name": "terrablad_65",
			"from": [7, 5, 8],
			"to": [7.125, 5.25, 8.125],
			"faces": {
				"north": {"uv": [7.125, 10.75, 7, 11], "texture": "#0"},
				"east": {"uv": [7, 10.75, 7.125, 11], "texture": "#0"},
				"south": {"uv": [7, 10.75, 7.125, 11], "texture": "#0"},
				"west": {"uv": [7, 10.75, 7.125, 11], "texture": "#0"},
				"up": {"uv": [7, 10.75, 7.125, 10.875], "texture": "#0"},
				"down": {"uv": [7, 10.875, 7.125, 11], "texture": "#0"}
			}
		},
		{
			"name": "terrablad_66",
			"from": [7.375, 5.125, 7.85],
			"to": [7.5, 5.25, 8.275],
			"faces": {
				"north": {"uv": [7.5, 10.75, 7.375, 10.875], "texture": "#0"},
				"east": {"uv": [7.375, 10.75, 7.5, 10.875], "texture": "#0"},
				"south": {"uv": [7.375, 10.75, 7.5, 10.875], "texture": "#0"},
				"west": {"uv": [7.375, 10.75, 7.5, 10.875], "texture": "#0"},
				"up": {"uv": [7.375, 10.75, 7.5, 10.875], "texture": "#0"},
				"down": {"uv": [7.375, 10.75, 7.5, 10.875], "texture": "#0"}
			}
		},
		{
			"name": "terrablad_67",
			"from": [7.75, 4.75, 7.85],
			"to": [7.875, 5.25, 8.275],
			"faces": {
				"north": {"uv": [7.875, 10.75, 7.75, 11.25], "texture": "#0"},
				"east": {"uv": [7.75, 10.75, 7.875, 11.25], "texture": "#0"},
				"south": {"uv": [7.75, 10.75, 7.875, 11.25], "texture": "#0"},
				"west": {"uv": [7.75, 10.75, 7.875, 11.25], "texture": "#0"},
				"up": {"uv": [7.75, 10.75, 7.875, 10.875], "texture": "#0"},
				"down": {"uv": [7.75, 11.125, 7.875, 11.25], "texture": "#0"}
			}
		},
		{
			"name": "terrablad_68",
			"from": [7.375, 2.875, 7.9],
			"to": [7.5, 5.125, 8.225],
			"faces": {
				"north": {"uv": [6.5, 10.875, 6.375, 13.125], "texture": "#0"},
				"east": {"uv": [6.375, 10.875, 6.5, 13.125], "texture": "#0"},
				"south": {"uv": [6.375, 10.875, 6.5, 13.125], "texture": "#0"},
				"west": {"uv": [6.375, 10.875, 6.5, 13.125], "texture": "#0"},
				"up": {"uv": [6.375, 10.875, 6.5, 11], "texture": "#0"},
				"down": {"uv": [6.375, 13, 6.5, 13.125], "texture": "#0"}
			}
		},
		{
			"name": "terrablad_69",
			"from": [6.875, 4.875, 8],
			"to": [7, 5.125, 8.125],
			"faces": {
				"north": {"uv": [7, 10.875, 6.875, 11.125], "texture": "#0"},
				"east": {"uv": [6.875, 10.875, 7, 11.125], "texture": "#0"},
				"south": {"uv": [6.875, 10.875, 7, 11.125], "texture": "#0"},
				"west": {"uv": [6.875, 10.875, 7, 11.125], "texture": "#0"},
				"up": {"uv": [6.875, 10.875, 7, 11], "texture": "#0"},
				"down": {"uv": [6.875, 11, 7, 11.125], "texture": "#0"}
			}
		},
		{
			"name": "terrablad_70",
			"from": [7.5, 4.625, 7.9],
			"to": [7.625, 5, 8.225],
			"faces": {
				"north": {"uv": [6.625, 11, 6.5, 11.375], "texture": "#0"},
				"east": {"uv": [6.5, 11, 6.625, 11.375], "texture": "#0"},
				"south": {"uv": [6.5, 11, 6.625, 11.375], "texture": "#0"},
				"west": {"uv": [6.5, 11, 6.625, 11.375], "texture": "#0"},
				"up": {"uv": [6.5, 11, 6.625, 11.125], "texture": "#0"},
				"down": {"uv": [6.5, 11.25, 6.625, 11.375], "texture": "#0"}
			}
		},
		{
			"name": "terrablad_71",
			"from": [7.625, 4.5, 7.85],
			"to": [7.75, 5, 8.275],
			"faces": {
				"north": {"uv": [7.75, 11, 7.625, 11.5], "texture": "#0"},
				"east": {"uv": [7.625, 11, 7.75, 11.5], "texture": "#0"},
				"south": {"uv": [7.625, 11, 7.75, 11.5], "texture": "#0"},
				"west": {"uv": [7.625, 11, 7.75, 11.5], "texture": "#0"},
				"up": {"uv": [7.625, 11, 7.75, 11.125], "texture": "#0"},
				"down": {"uv": [7.625, 11.375, 7.75, 11.5], "texture": "#0"}
			}
		},
		{
			"name": "terrablad_72",
			"from": [7.5, 4.375, 7.85],
			"to": [7.625, 4.625, 8.275],
			"faces": {
				"north": {"uv": [7.625, 11.375, 7.5, 11.625], "texture": "#0"},
				"east": {"uv": [7.5, 11.375, 7.625, 11.625], "texture": "#0"},
				"south": {"uv": [7.5, 11.375, 7.625, 11.625], "texture": "#0"},
				"west": {"uv": [7.5, 11.375, 7.625, 11.625], "texture": "#0"},
				"up": {"uv": [7.5, 11.375, 7.625, 11.5], "texture": "#0"},
				"down": {"uv": [7.5, 11.5, 7.625, 11.625], "texture": "#0"}
			}
		},
		{
			"name": "terrablad_73",
			"from": [7.625, 3.375, 7.9],
			"to": [7.75, 4.5, 8.225],
			"faces": {
				"north": {"uv": [6.75, 11.5, 6.625, 12.625], "texture": "#0"},
				"east": {"uv": [6.625, 11.5, 6.75, 12.625], "texture": "#0"},
				"south": {"uv": [6.625, 11.5, 6.75, 12.625], "texture": "#0"},
				"west": {"uv": [6.625, 11.5, 6.75, 12.625], "texture": "#0"},
				"up": {"uv": [6.625, 11.5, 6.75, 11.625], "texture": "#0"},
				"down": {"uv": [6.625, 12.5, 6.75, 12.625], "texture": "#0"}
			}
		},
		{
			"name": "terrablad_74",
			"from": [7.5, 3.5, 7.9],
			"to": [7.625, 4.375, 8.225],
			"faces": {
				"north": {"uv": [6.625, 11.625, 6.5, 12.5], "texture": "#0"},
				"east": {"uv": [6.5, 11.625, 6.625, 12.5], "texture": "#0"},
				"south": {"uv": [6.5, 11.625, 6.625, 12.5], "texture": "#0"},
				"west": {"uv": [6.5, 11.625, 6.625, 12.5], "texture": "#0"},
				"up": {"uv": [6.5, 11.625, 6.625, 11.75], "texture": "#0"},
				"down": {"uv": [6.5, 12.375, 6.625, 12.5], "texture": "#0"}
			}
		},
		{
			"name": "terrablad_75",
			"from": [7.5, 3.25, 7.85],
			"to": [7.625, 3.5, 8.275],
			"faces": {
				"north": {"uv": [7.625, 12.5, 7.5, 12.75], "texture": "#0"},
				"east": {"uv": [7.5, 12.5, 7.625, 12.75], "texture": "#0"},
				"south": {"uv": [7.5, 12.5, 7.625, 12.75], "texture": "#0"},
				"west": {"uv": [7.5, 12.5, 7.625, 12.75], "texture": "#0"},
				"up": {"uv": [7.5, 12.5, 7.625, 12.625], "texture": "#0"},
				"down": {"uv": [7.5, 12.625, 7.625, 12.75], "texture": "#0"}
			}
		},
		{
			"name": "terrablad_76",
			"from": [7.625, 2.5, 7.85],
			"to": [7.75, 3.375, 8.275],
			"faces": {
				"north": {"uv": [7.75, 12.625, 7.625, 13.5], "texture": "#0"},
				"east": {"uv": [7.625, 12.625, 7.75, 13.5], "texture": "#0"},
				"south": {"uv": [7.625, 12.625, 7.75, 13.5], "texture": "#0"},
				"west": {"uv": [7.625, 12.625, 7.75, 13.5], "texture": "#0"},
				"up": {"uv": [7.625, 12.625, 7.75, 12.75], "texture": "#0"},
				"down": {"uv": [7.625, 13.375, 7.75, 13.5], "texture": "#0"}
			}
		},
		{
			"name": "terrablad_77",
			"from": [7.5, 3, 7.9],
			"to": [7.625, 3.25, 8.225],
			"faces": {
				"north": {"uv": [6.625, 12.75, 6.5, 13], "texture": "#0"},
				"east": {"uv": [6.5, 12.75, 6.625, 13], "texture": "#0"},
				"south": {"uv": [6.5, 12.75, 6.625, 13], "texture": "#0"},
				"west": {"uv": [6.5, 12.75, 6.625, 13], "texture": "#0"},
				"up": {"uv": [6.5, 12.75, 6.625, 12.875], "texture": "#0"},
				"down": {"uv": [6.5, 12.875, 6.625, 13], "texture": "#0"}
			}
		},
		{
			"name": "terrablad_78",
			"from": [7.75, 2.5, 7.85],
			"to": [7.875, 3.125, 8.275],
			"faces": {
				"north": {"uv": [7.875, 12.875, 7.75, 13.5], "texture": "#0"},
				"east": {"uv": [7.75, 12.875, 7.875, 13.5], "texture": "#0"},
				"south": {"uv": [7.75, 12.875, 7.875, 13.5], "texture": "#0"},
				"west": {"uv": [7.75, 12.875, 7.875, 13.5], "texture": "#0"},
				"up": {"uv": [7.75, 12.875, 7.875, 13], "texture": "#0"},
				"down": {"uv": [7.75, 13.375, 7.875, 13.5], "texture": "#0"}
			}
		},
		{
			"name": "terrablad_79",
			"from": [7.5, 2.625, 7.85],
			"to": [7.625, 3, 8.275],
			"faces": {
				"north": {"uv": [7.625, 13, 7.5, 13.375], "texture": "#0"},
				"east": {"uv": [7.5, 13, 7.625, 13.375], "texture": "#0"},
				"south": {"uv": [7.5, 13, 7.625, 13.375], "texture": "#0"},
				"west": {"uv": [7.5, 13, 7.625, 13.375], "texture": "#0"},
				"up": {"uv": [7.5, 13, 7.625, 13.125], "texture": "#0"},
				"down": {"uv": [7.5, 13.25, 7.625, 13.375], "texture": "#0"}
			}
		},
		{
			"name": "terrablad_80",
			"from": [7.25, 2.375, 7.85],
			"to": [7.5, 2.875, 8.275],
			"faces": {
				"north": {"uv": [7.5, 13.125, 7.25, 13.625], "texture": "#0"},
				"east": {"uv": [7.375, 13.125, 7.5, 13.625], "texture": "#0"},
				"south": {"uv": [7.25, 13.125, 7.5, 13.625], "texture": "#0"},
				"west": {"uv": [7.25, 13.125, 7.375, 13.625], "texture": "#0"},
				"up": {"uv": [7.25, 13.125, 7.5, 13.25], "texture": "#0"},
				"down": {"uv": [7.25, 13.5, 7.5, 13.625], "texture": "#0"}
			}
		},
		{
			"name": "terrablad_81",
			"from": [7.5, 2.25, 7.85],
			"to": [7.625, 2.5, 8.275],
			"faces": {
				"north": {"uv": [7.625, 13.5, 7.5, 13.75], "texture": "#0"},
				"east": {"uv": [7.5, 13.5, 7.625, 13.75], "texture": "#0"},
				"south": {"uv": [7.5, 13.5, 7.625, 13.75], "texture": "#0"},
				"west": {"uv": [7.5, 13.5, 7.625, 13.75], "texture": "#0"},
				"up": {"uv": [7.5, 13.5, 7.625, 13.625], "texture": "#0"},
				"down": {"uv": [7.5, 13.625, 7.625, 13.75], "texture": "#0"}
			}
		},
		{
			"name": "terrablad_82",
			"from": [7.375, 2, 7.9],
			"to": [7.5, 2.375, 8.225],
			"faces": {
				"north": {"uv": [7.5, 13.625, 7.375, 14], "texture": "#0"},
				"east": {"uv": [7.375, 13.625, 7.5, 14], "texture": "#0"},
				"south": {"uv": [7.375, 13.625, 7.5, 14], "texture": "#0"},
				"west": {"uv": [7.375, 13.625, 7.5, 14], "texture": "#0"},
				"up": {"uv": [7.375, 13.625, 7.5, 13.75], "texture": "#0"},
				"down": {"uv": [7.375, 13.875, 7.5, 14], "texture": "#0"}
			}
		},
		{
			"name": "terrablad_83",
			"from": [7.625, 2.125, 8],
			"to": [7.875, 2.25, 8.125],
			"faces": {
				"north": {"uv": [7.875, 13.75, 7.625, 13.875], "texture": "#0"},
				"east": {"uv": [7.75, 13.75, 7.875, 13.875], "texture": "#0"},
				"south": {"uv": [7.625, 13.75, 7.875, 13.875], "texture": "#0"},
				"west": {"uv": [7.625, 13.75, 7.75, 13.875], "texture": "#0"},
				"up": {"uv": [7.625, 13.75, 7.875, 13.875], "texture": "#0"},
				"down": {"uv": [7.625, 13.75, 7.875, 13.875], "texture": "#0"}
			}
		},
		{
			"name": "terrablad_84",
			"from": [7.5, 1.75, 8],
			"to": [7.625, 2.125, 8.125],
			"faces": {
				"north": {"uv": [7.625, 13.875, 7.5, 14.25], "texture": "#0"},
				"east": {"uv": [7.5, 13.875, 7.625, 14.25], "texture": "#0"},
				"south": {"uv": [7.5, 13.875, 7.625, 14.25], "texture": "#0"},
				"west": {"uv": [7.5, 13.875, 7.625, 14.25], "texture": "#0"},
				"up": {"uv": [7.5, 13.875, 7.625, 14], "texture": "#0"},
				"down": {"uv": [7.5, 14.125, 7.625, 14.25], "texture": "#0"}
			}
		},
		{
			"name": "terrablad_85",
			"from": [7.75, 2, 8],
			"to": [8, 2.125, 8.125],
			"faces": {
				"north": {"uv": [8, 13.875, 7.75, 14], "texture": "#0"},
				"east": {"uv": [7.875, 13.875, 8, 14], "texture": "#0"},
				"south": {"uv": [7.75, 13.875, 8, 14], "texture": "#0"},
				"west": {"uv": [7.75, 13.875, 7.875, 14], "texture": "#0"},
				"up": {"uv": [7.75, 13.875, 8, 14], "texture": "#0"},
				"down": {"uv": [7.75, 13.875, 8, 14], "texture": "#0"}
			}
		}
	],
	"gui_light": "front",
	"display": {
		"thirdperson_righthand": {
			"rotation": [0, -90, 0],
			"translation": [0, 10, 2.75],
			"scale": [3.25, 3.25, 2.5]
		},
		"thirdperson_lefthand": {
			"rotation": [0, 90, 0],
			"translation": [-0.25, 10, 2.75],
			"scale": [3.25, 3.25, 2.5]
		},
		"firstperson_righthand": {
			"rotation": [0, -90, -4],
			"translation": [0.75, 7.25, 1.5],
			"scale": [2, 2, 1.75]
		},
		"firstperson_lefthand": {
			"rotation": [0, 90, 1],
			"translation": [1.5, 6.75, 0.5],
			"scale": [2, 2, 1.75]
		},
		"ground": {
			"translation": [0, 10.75, 0],
			"scale": [3, 3, 2.5]
		},
		"gui": {
			"rotation": [0, 0, -42],
			"translation": [1.5, 0.75, 0],
			"scale": [2.25, 2.25, 1]
		},
		"head": {
			"rotation": [0, 0, 136],
			"translation": [-1.75, -14.25, 4],
			"scale": [3.5, 3.5, 2.5]
		},
		"fixed": {
			"rotation": [-180, 0, 138],
			"translation": [-1.25, 1.75, -0.75],
			"scale": [4, 4, 3]
		}
	},
	"groups": [
		{
			"name": "terrablad",
			"origin": [8, 8, 8],
			"color": 0,
			"children": [
				0,
				1,
				2,
				3,
				4,
				5,
				6,
				7,
				8,
				9,
				10,
				11,
				12,
				13,
				14,
				15,
				16,
				17,
				18,
				19,
				20,
				21,
				22,
				23,
				24,
				25,
				26,
				27,
				28,
				29,
				30,
				31,
				32,
				33,
				34,
				35,
				36,
				37,
				38,
				39,
				40,
				41,
				42,
				43,
				44,
				45,
				46,
				47,
				48,
				49,
				50,
				51,
				52,
				53,
				54,
				55,
				56,
				57,
				58,
				59,
				60,
				61,
				62,
				63,
				64,
				65,
				66,
				67,
				68,
				69,
				70,
				71,
				72,
				73,
				74,
				75,
				76,
				77,
				78,
				79,
				80,
				81,
				82,
				83,
				84,
				85
			]
		}
	]
}