{
	"credit": "Made with Blockbench",
	"textures": {
		"0": "item/diamond_sword/toxic_blade",
		"1": "item/diamond_sword/toxic_blade_layer",
		"particle": "item/diamond_sword/toxic_blade"
	},
	"elements": [
		{
			"name": "toxic2_0",
			"from": [7.875, 5.5, 7.95],
			"to": [8, 11.625, 8.175],
			"rotation": {"angle": 0, "axis": "y", "origin": [-1.25, -1.25, 8]},
			"faces": {
				"north": {"uv": [9.25, 3.25, 9.125, 9.25], "texture": "#0"},
				"east": {"uv": [9.125, 3.25, 9.25, 9.25], "texture": "#0"},
				"south": {"uv": [9.125, 3.25, 9.25, 9.25], "texture": "#0"},
				"west": {"uv": [9.125, 3.25, 9.25, 9.25], "texture": "#0"},
				"up": {"uv": [9.125, 3.25, 9.25, 3.375], "texture": "#0"}
			}
		},
		{
			"name": "toxic2_1",
			"from": [7.75, 5.5, 7.95],
			"to": [7.875, 11.375, 8.175],
			"rotation": {"angle": 0, "axis": "y", "origin": [-1.25, -1.25, 8]},
			"faces": {
				"north": {"uv": [9.125, 3.375, 9, 9.25], "texture": "#0"},
				"south": {"uv": [9, 3.375, 9.125, 9.25], "texture": "#0"},
				"west": {"uv": [9, 3.375, 9.125, 9.25], "texture": "#0"},
				"up": {"uv": [9, 3.375, 9.125, 3.5], "texture": "#0"}
			}
		},
		{
			"name": "toxic2_2",
			"from": [8, 5.5, 7.95],
			"to": [8.125, 11.375, 8.175],
			"rotation": {"angle": 0, "axis": "y", "origin": [-1.25, -1.25, 8]},
			"faces": {
				"north": {"uv": [9.375, 3.375, 9.25, 9.25], "texture": "#0"},
				"east": {"uv": [9.25, 3.375, 9.375, 9.25], "texture": "#0"},
				"south": {"uv": [9.25, 3.375, 9.375, 9.25], "texture": "#0"},
				"up": {"uv": [9.25, 3.375, 9.375, 3.5], "texture": "#0"}
			}
		},
		{
			"name": "toxic2_3",
			"from": [7.625, 5.5, 7.95],
			"to": [7.75, 5.875, 8.175],
			"rotation": {"angle": 0, "axis": "y", "origin": [-1.25, -1.25, 8]},
			"faces": {
				"north": {"uv": [9, 8.875, 8.875, 9.25], "texture": "#0"},
				"south": {"uv": [8.875, 8.875, 9, 9.25], "texture": "#0"},
				"west": {"uv": [8.875, 8.875, 9, 9.25], "texture": "#0"},
				"up": {"uv": [8.875, 8.875, 9, 9], "texture": "#0"}
			}
		},
		{
			"name": "toxic2_4",
			"from": [8.125, 5.5, 7.95],
			"to": [8.25, 5.875, 8.175],
			"rotation": {"angle": 0, "axis": "y", "origin": [-1.25, -1.25, 8]},
			"faces": {
				"north": {"uv": [9.5, 8.875, 9.375, 9.25], "texture": "#0"},
				"east": {"uv": [9.375, 8.875, 9.5, 9.25], "texture": "#0"},
				"south": {"uv": [9.375, 8.875, 9.5, 9.25], "texture": "#0"},
				"up": {"uv": [9.375, 8.875, 9.5, 9], "texture": "#0"}
			}
		},
		{
			"name": "toxic2_5",
			"from": [6.75, 5, 7.9],
			"to": [6.875, 5.5, 8.225],
			"rotation": {"angle": 0, "axis": "y", "origin": [-1.25, -1.25, 8]},
			"faces": {
				"north": {"uv": [8.125, 9.25, 8, 9.75], "texture": "#0"},
				"east": {"uv": [8, 9.25, 8.125, 9.75], "texture": "#0"},
				"south": {"uv": [8, 9.25, 8.125, 9.75], "texture": "#0"},
				"west": {"uv": [8, 9.25, 8.125, 9.75], "texture": "#0"},
				"up": {"uv": [8, 9.25, 8.125, 9.375], "texture": "#0"},
				"down": {"uv": [8, 9.625, 8.125, 9.75], "texture": "#0"}
			}
		},
		{
			"name": "toxic2_6",
			"from": [9, 5, 7.9],
			"to": [9.125, 5.5, 8.225],
			"rotation": {"angle": 0, "axis": "y", "origin": [-1.25, -1.25, 8]},
			"faces": {
				"north": {"uv": [10.375, 9.25, 10.25, 9.75], "texture": "#0"},
				"east": {"uv": [10.25, 9.25, 10.375, 9.75], "texture": "#0"},
				"south": {"uv": [10.25, 9.25, 10.375, 9.75], "texture": "#0"},
				"west": {"uv": [10.25, 9.25, 10.375, 9.75], "texture": "#0"},
				"up": {"uv": [10.25, 9.25, 10.375, 9.375], "texture": "#0"},
				"down": {"uv": [10.25, 9.625, 10.375, 9.75], "texture": "#0"}
			}
		},
		{
			"name": "toxic2_7",
			"from": [6.625, 5.125, 7.9],
			"to": [6.75, 5.375, 8.225],
			"rotation": {"angle": 0, "axis": "y", "origin": [-1.25, -1.25, 8]},
			"faces": {
				"north": {"uv": [8, 9.375, 7.875, 9.625], "texture": "#0"},
				"south": {"uv": [7.875, 9.375, 8, 9.625], "texture": "#0"},
				"west": {"uv": [7.875, 9.375, 8, 9.625], "texture": "#0"},
				"up": {"uv": [7.875, 9.375, 8, 9.5], "texture": "#0"},
				"down": {"uv": [7.875, 9.5, 8, 9.625], "texture": "#0"}
			}
		},
		{
			"name": "toxic2_8",
			"from": [6.875, 5.125, 7.9],
			"to": [7.5, 5.375, 8.225],
			"rotation": {"angle": 0, "axis": "y", "origin": [-1.25, -1.25, 8]},
			"faces": {
				"north": {"uv": [8.75, 9.375, 8.125, 9.625], "texture": "#0"},
				"south": {"uv": [8.125, 9.375, 8.75, 9.625], "texture": "#0"},
				"up": {"uv": [8.125, 9.375, 8.75, 9.5], "texture": "#0"},
				"down": {"uv": [8.125, 9.5, 8.75, 9.625], "texture": "#0"}
			}
		},
		{
			"name": "toxic2_9",
			"from": [8.375, 5.125, 7.9],
			"to": [9, 5.375, 8.225],
			"rotation": {"angle": 0, "axis": "y", "origin": [-1.25, -1.25, 8]},
			"faces": {
				"north": {"uv": [10.25, 9.375, 9.625, 9.625], "texture": "#0"},
				"south": {"uv": [9.625, 9.375, 10.25, 9.625], "texture": "#0"},
				"up": {"uv": [9.625, 9.375, 10.25, 9.5], "texture": "#0"},
				"down": {"uv": [9.625, 9.5, 10.25, 9.625], "texture": "#0"}
			}
		},
		{
			"name": "toxic2_10",
			"from": [9.125, 5.125, 7.9],
			"to": [9.25, 5.375, 8.225],
			"rotation": {"angle": 0, "axis": "y", "origin": [-1.25, -1.25, 8]},
			"faces": {
				"north": {"uv": [10.5, 9.375, 10.375, 9.625], "texture": "#0"},
				"east": {"uv": [10.375, 9.375, 10.5, 9.625], "texture": "#0"},
				"south": {"uv": [10.375, 9.375, 10.5, 9.625], "texture": "#0"},
				"up": {"uv": [10.375, 9.375, 10.5, 9.5], "texture": "#0"},
				"down": {"uv": [10.375, 9.5, 10.5, 9.625], "texture": "#0"}
			}
		},
		{
			"name": "toxic2_11",
			"from": [7.625, 4.625, 7.8],
			"to": [8.25, 4.875, 8.325],
			"rotation": {"angle": 0, "axis": "y", "origin": [-1.25, -1.25, 8]},
			"faces": {
				"north": {"uv": [9.5, 9.875, 8.875, 10.125], "texture": "#0"},
				"east": {"uv": [9.375, 9.875, 9.5, 10.125], "texture": "#0"},
				"south": {"uv": [8.875, 9.875, 9.5, 10.125], "texture": "#0"},
				"west": {"uv": [8.875, 9.875, 9, 10.125], "texture": "#0"},
				"up": {"uv": [8.875, 9.875, 9.5, 10], "texture": "#0"},
				"down": {"uv": [8.875, 10, 9.5, 10.125], "texture": "#0"}
			}
		},
		{
			"name": "toxic2_12",
			"from": [7.75, 2.5, 7.9],
			"to": [8.125, 2.625, 8.225],
			"rotation": {"angle": 0, "axis": "y", "origin": [-1.25, -1.25, 8]},
			"faces": {
				"north": {"uv": [9.375, 12.125, 9, 12.25], "texture": "#0"},
				"east": {"uv": [9.25, 12.125, 9.375, 12.25], "texture": "#0"},
				"south": {"uv": [9, 12.125, 9.375, 12.25], "texture": "#0"},
				"west": {"uv": [9, 12.125, 9.125, 12.25], "texture": "#0"}
			}
		},
		{
			"name": "toxic2_13",
			"from": [7.5, 2.125, 7.75],
			"to": [8.375, 2.25, 8.375],
			"rotation": {"angle": 0, "axis": "y", "origin": [-1.25, -1.25, 8]},
			"faces": {
				"north": {"uv": [9.625, 12.5, 8.75, 12.625], "texture": "#0"},
				"east": {"uv": [9.5, 12.5, 9.625, 12.625], "texture": "#0"},
				"south": {"uv": [8.75, 12.5, 9.625, 12.625], "texture": "#0"},
				"west": {"uv": [8.75, 12.5, 8.875, 12.625], "texture": "#0"},
				"up": {"uv": [8.75, 12.5, 9.625, 12.625], "texture": "#0"},
				"down": {"uv": [8.75, 12.5, 9.625, 12.625], "texture": "#0"}
			}
		},
		{
			"name": "toxic1_0",
			"from": [7.875, 11.625, 8],
			"to": [8, 11.875, 8.125],
			"rotation": {"angle": 0, "axis": "y", "origin": [-1.25, -1.25, 8]},
			"faces": {
				"north": {"uv": [9.25, 2.875, 9.125, 3.125], "texture": "#0"},
				"east": {"uv": [9.125, 2.875, 9.25, 3.125], "texture": "#0"},
				"south": {"uv": [9.125, 2.875, 9.25, 3.125], "texture": "#0"},
				"west": {"uv": [9.125, 2.875, 9.25, 3.125], "texture": "#0"},
				"up": {"uv": [9.125, 2.875, 9.25, 3], "texture": "#0"}
			}
		},
		{
			"name": "toxic1_1",
			"from": [7.75, 11.375, 8],
			"to": [7.875, 11.625, 8.125],
			"rotation": {"angle": 0, "axis": "y", "origin": [-1.25, -1.25, 8]},
			"faces": {
				"north": {"uv": [9.125, 3.125, 9, 3.375], "texture": "#0"},
				"south": {"uv": [9, 3.125, 9.125, 3.375], "texture": "#0"},
				"west": {"uv": [9, 3.125, 9.125, 3.375], "texture": "#0"},
				"up": {"uv": [9, 3.125, 9.125, 3.25], "texture": "#0"}
			}
		},
		{
			"name": "toxic1_2",
			"from": [8, 11.375, 8],
			"to": [8.125, 11.625, 8.125],
			"rotation": {"angle": 0, "axis": "y", "origin": [-1.25, -1.25, 8]},
			"faces": {
				"north": {"uv": [9.375, 3.125, 9.25, 3.375], "texture": "#0"},
				"east": {"uv": [9.25, 3.125, 9.375, 3.375], "texture": "#0"},
				"south": {"uv": [9.25, 3.125, 9.375, 3.375], "texture": "#0"},
				"up": {"uv": [9.25, 3.125, 9.375, 3.25], "texture": "#0"}
			}
		},
		{
			"name": "toxic1_3",
			"from": [7.625, 5.875, 8],
			"to": [7.75, 11.375, 8.125],
			"rotation": {"angle": 0, "axis": "y", "origin": [-1.25, -1.25, 8]},
			"faces": {
				"north": {"uv": [9, 3.375, 8.875, 8.875], "texture": "#0"},
				"south": {"uv": [8.875, 3.375, 9, 8.875], "texture": "#0"},
				"west": {"uv": [8.875, 3.375, 9, 8.875], "texture": "#0"},
				"up": {"uv": [8.875, 3.375, 9, 3.5], "texture": "#0"}
			}
		},
		{
			"name": "toxic1_4",
			"from": [8.125, 5.875, 8],
			"to": [8.25, 11.375, 8.125],
			"rotation": {"angle": 0, "axis": "y", "origin": [-1.25, -1.25, 8]},
			"faces": {
				"north": {"uv": [9.5, 3.375, 9.375, 8.875], "texture": "#0"},
				"east": {"uv": [9.375, 3.375, 9.5, 8.875], "texture": "#0"},
				"south": {"uv": [9.375, 3.375, 9.5, 8.875], "texture": "#0"},
				"up": {"uv": [9.375, 3.375, 9.5, 3.5], "texture": "#0"}
			}
		},
		{
			"name": "toxic1_5",
			"from": [7.5, 5.5, 8],
			"to": [7.625, 5.875, 8.125],
			"rotation": {"angle": 0, "axis": "y", "origin": [-1.25, -1.25, 8]},
			"faces": {
				"north": {"uv": [8.875, 8.875, 8.75, 9.25], "texture": "#0"},
				"south": {"uv": [8.75, 8.875, 8.875, 9.25], "texture": "#0"},
				"west": {"uv": [8.75, 8.875, 8.875, 9.25], "texture": "#0"},
				"up": {"uv": [8.75, 8.875, 8.875, 9], "texture": "#0"}
			}
		},
		{
			"name": "toxic1_6",
			"from": [8.25, 5.5, 8],
			"to": [8.375, 5.875, 8.125],
			"rotation": {"angle": 0, "axis": "y", "origin": [-1.25, -1.25, 8]},
			"faces": {
				"north": {"uv": [9.625, 8.875, 9.5, 9.25], "texture": "#0"},
				"east": {"uv": [9.5, 8.875, 9.625, 9.25], "texture": "#0"},
				"south": {"uv": [9.5, 8.875, 9.625, 9.25], "texture": "#0"},
				"up": {"uv": [9.5, 8.875, 9.625, 9], "texture": "#0"}
			}
		},
		{
			"name": "toxic1_7",
			"from": [7.375, 5.375, 8],
			"to": [7.5, 5.5, 8.125],
			"rotation": {"angle": 0, "axis": "y", "origin": [-1.25, -1.25, 8]},
			"faces": {
				"north": {"uv": [8.75, 9.25, 8.625, 9.375], "texture": "#0"},
				"south": {"uv": [8.625, 9.25, 8.75, 9.375], "texture": "#0"},
				"west": {"uv": [8.625, 9.25, 8.75, 9.375], "texture": "#0"},
				"up": {"uv": [8.625, 9.25, 8.75, 9.375], "texture": "#0"}
			}
		},
		{
			"name": "toxic1_8",
			"from": [8.375, 5.375, 8],
			"to": [8.5, 5.5, 8.125],
			"rotation": {"angle": 0, "axis": "y", "origin": [-1.25, -1.25, 8]},
			"faces": {
				"north": {"uv": [9.75, 9.25, 9.625, 9.375], "texture": "#0"},
				"east": {"uv": [9.625, 9.25, 9.75, 9.375], "texture": "#0"},
				"south": {"uv": [9.625, 9.25, 9.75, 9.375], "texture": "#0"},
				"up": {"uv": [9.625, 9.25, 9.75, 9.375], "texture": "#0"}
			}
		},
		{
			"name": "toxic1_9",
			"from": [7.75, 4.875, 7.9],
			"to": [8.125, 5, 8.225],
			"rotation": {"angle": 0, "axis": "y", "origin": [-1.25, -1.25, 8]},
			"faces": {
				"north": {"uv": [9.375, 9.75, 9, 9.875], "texture": "#0"},
				"east": {"uv": [9.25, 9.75, 9.375, 9.875], "texture": "#0"},
				"south": {"uv": [9, 9.75, 9.375, 9.875], "texture": "#0"},
				"west": {"uv": [9, 9.75, 9.125, 9.875], "texture": "#0"}
			}
		},
		{
			"name": "toxic1_10",
			"from": [7.75, 2.625, 7.9],
			"to": [8.125, 4.625, 8.225],
			"rotation": {"angle": 0, "axis": "y", "origin": [-1.25, -1.25, 8]},
			"faces": {
				"north": {"uv": [9.375, 10.125, 9, 12.125], "texture": "#0"},
				"east": {"uv": [9.25, 10.125, 9.375, 12.125], "texture": "#0"},
				"south": {"uv": [9, 10.125, 9.375, 12.125], "texture": "#0"},
				"west": {"uv": [9, 10.125, 9.125, 12.125], "texture": "#0"}
			}
		},
		{
			"name": "toxic3_0",
			"from": [7.5, 5, 7.85],
			"to": [8.375, 5.5, 8.275],
			"rotation": {"angle": 0, "axis": "y", "origin": [-1.25, -1.25, 8]},
			"faces": {
				"north": {"uv": [9.625, 9.25, 8.75, 9.75], "texture": "#0"},
				"east": {"uv": [9.5, 9.25, 9.625, 9.75], "texture": "#0"},
				"south": {"uv": [8.75, 9.25, 9.625, 9.75], "texture": "#0"},
				"west": {"uv": [8.75, 9.25, 8.875, 9.75], "texture": "#0"},
				"up": {"uv": [8.75, 9.25, 9.625, 9.375], "texture": "#0"},
				"down": {"uv": [8.75, 9.625, 9.625, 9.75], "texture": "#0"}
			}
		},
		{
			"name": "toxic3_1",
			"from": [7.625, 2.25, 7.85],
			"to": [8.25, 2.5, 8.275],
			"rotation": {"angle": 0, "axis": "y", "origin": [-1.25, -1.25, 8]},
			"faces": {
				"north": {"uv": [9.5, 12.25, 8.875, 12.5], "texture": "#0"},
				"east": {"uv": [9.375, 12.25, 9.5, 12.5], "texture": "#0"},
				"south": {"uv": [8.875, 12.25, 9.5, 12.5], "texture": "#0"},
				"west": {"uv": [8.875, 12.25, 9, 12.5], "texture": "#0"},
				"up": {"uv": [8.875, 12.25, 9.5, 12.375], "texture": "#0"}
			}
		},
		{
			"name": "toxic3_2",
			"from": [7.625, 2, 7.8],
			"to": [8.25, 2.125, 8.325],
			"rotation": {"angle": 0, "axis": "y", "origin": [-1.25, -1.25, 8]},
			"faces": {
				"north": {"uv": [9.5, 12.625, 8.875, 12.75], "texture": "#0"},
				"east": {"uv": [9.375, 12.625, 9.5, 12.75], "texture": "#0"},
				"south": {"uv": [8.875, 12.625, 9.5, 12.75], "texture": "#0"},
				"west": {"uv": [8.875, 12.625, 9, 12.75], "texture": "#0"},
				"down": {"uv": [8.875, 12.625, 9.5, 12.75], "texture": "#0"}
			}
		},
		{
			"from": [3.2, 14, 7.99],
			"to": [11.2, 22, 7.99],
			"rotation": {"angle": 45, "axis": "z", "origin": [19.2, 14, 8]},
			"faces": {
				"north": {"uv": [0, 0, 16, 16], "rotation": 90, "texture": "#1"}
			}
		},
		{
			"from": [3.2, 14, 8.14],
			"to": [11.2, 22, 8.14],
			"rotation": {"angle": 45, "axis": "z", "origin": [19.2, 14, 8.1]},
			"faces": {
				"south": {"uv": [0, 16, 16, 0], "rotation": 90, "texture": "#1"}
			}
		}
	],
	"gui_light": "front",
	"display": {
		"thirdperson_righthand": {
			"rotation": [0, 90, 0],
			"translation": [0, 11, 1.25],
			"scale": [3.15, 3.15, 2.5]
		},
		"thirdperson_lefthand": {
			"rotation": [0, -90, 0],
			"translation": [0, 11, 1.25],
			"scale": [3.15, 3.15, 2.5]
		},
		"firstperson_righthand": {
			"rotation": [8, -90, 0],
			"translation": [0, 8, 2],
			"scale": [2.1, 2.1, 2]
		},
		"firstperson_lefthand": {
			"rotation": [8, 90, 0],
			"translation": [0, 8, 2],
			"scale": [2.1, 2.1, 2]
		},
		"ground": {
			"translation": [0, 7, 0],
			"scale": [2, 2, 2]
		},
		"gui": {
			"rotation": [0, 0, -43],
			"translation": [2.75, 2.75, 0],
			"scale": [2.8, 2.8, 2]
		},
		"head": {
			"rotation": [0, 0, 144],
			"translation": [-1.25, -15.25, 3.75],
			"scale": [4, 4, 3.75]
		},
		"fixed": {
			"rotation": [0, 180, -42],
			"translation": [-3.5, 3.25, -0.75],
			"scale": [3.8, 3.8, 2.5]
		}
	},
	"groups": [
		{
			"name": "toxic2",
			"origin": [8, 8, 8],
			"color": 0,
			"nbt": "{}",
			"children": [0, 1, 2, 3, 4, 5, 6, 7, 8, 9, 10, 11, 12, 13]
		},
		{
			"name": "toxic1",
			"origin": [8, 8, 8],
			"color": 0,
			"nbt": "{}",
			"children": [14, 15, 16, 17, 18, 19, 20, 21, 22, 23, 24]
		},
		{
			"name": "toxic3",
			"origin": [8, 8, 8],
			"color": 0,
			"nbt": "{}",
			"children": [25, 26, 27]
		},
		28,
		29
	]
}