{
	"credit": "Made with Blockbench",
	"texture_size": [32, 32],
	"textures": {
		"1": "item/diamond_sword/truecreationsplitter",
		"2": "item/diamond_sword/creation_flames",
		"particle": "item/diamond_sword/truecreationsplitter"
	},
	"elements": [
		{
			"from": [8, 2, 8],
			"to": [9, 5.25, 8.75],
			"faces": {
				"north": {"uv": [7.875, 13.25, 8.375, 14.875], "texture": "#1"},
				"east": {"uv": [7.875, 13.25, 8.375, 14.875], "texture": "#1"},
				"south": {"uv": [7.875, 13.25, 8.375, 14.875], "texture": "#1"},
				"west": {"uv": [7.875, 13.25, 8.375, 14.875], "texture": "#1"},
				"up": {"uv": [7.875, 12.75, 8.25, 13], "texture": "#1"},
				"down": {"uv": [7.875, 14, 8.375, 14.375], "texture": "#1"}
			}
		},
		{
			"from": [8.25, 5.25, 8],
			"to": [9, 5.75, 8.75],
			"faces": {
				"north": {"uv": [7.875, 12.75, 8.25, 13], "texture": "#1"},
				"east": {"uv": [7.875, 12.75, 8.25, 13], "texture": "#1"},
				"south": {"uv": [8.25, 12.75, 7.875, 13], "texture": "#1"},
				"west": {"uv": [7.875, 12.75, 8.25, 13], "texture": "#1"},
				"up": {"uv": [0, 0, 0.5, 0.5], "texture": "#missing"},
				"down": {"uv": [0, 0, 0.5, 0.5], "texture": "#missing"}
			}
		},
		{
			"from": [8.25, 5.75, 8],
			"to": [9.25, 8.75, 8.75],
			"faces": {
				"north": {"uv": [7.75, 11.5, 8.25, 13], "texture": "#1"},
				"east": {"uv": [7.75, 11.5, 8.25, 13], "texture": "#1"},
				"south": {"uv": [7.75, 11.5, 8.25, 13], "texture": "#1"},
				"west": {"uv": [7.75, 11.5, 8.25, 13], "texture": "#1"},
				"up": {"uv": [0, 0, 0.5, 0.5], "texture": "#missing"},
				"down": {"uv": [7.875, 12.75, 8.25, 13], "texture": "#1"}
			}
		},
		{
			"from": [7.75, 8.75, 7.75],
			"to": [9.75, 9.25, 9],
			"faces": {
				"north": {"uv": [7.5, 11.25, 8.5, 11.5], "texture": "#1"},
				"east": {"uv": [7.625, 11.25, 8.375, 11.5], "texture": "#1"},
				"south": {"uv": [7.5, 11.25, 8.5, 11.5], "texture": "#1"},
				"west": {"uv": [7.625, 11.25, 8.375, 11.5], "texture": "#1"},
				"up": {"uv": [7.625, 11.25, 7.75, 11.375], "texture": "#1"},
				"down": {"uv": [7.625, 11.375, 7.75, 11.5], "texture": "#1"}
			}
		},
		{
			"from": [7.75, 9.25, 8.17],
			"to": [8, 9.75, 8.52],
			"faces": {
				"north": {"uv": [8.375, 11, 8.5, 11.25], "texture": "#1"},
				"east": {"uv": [8.375, 11, 8.5, 11.25], "texture": "#1"},
				"south": {"uv": [8.375, 11, 8.5, 11.25], "texture": "#1"},
				"west": {"uv": [8.375, 11, 8.5, 11.25], "texture": "#1"},
				"up": {"uv": [8.375, 11.125, 8.5, 11.25], "texture": "#1"},
				"down": {"uv": [3.8125, 5.6875, 3.875, 5.75], "texture": "#missing"}
			}
		},
		{
			"from": [9.5, 9.25, 8.17],
			"to": [9.75, 9.75, 8.52],
			"faces": {
				"north": {"uv": [8.375, 11, 8.5, 11.25], "texture": "#1"},
				"east": {"uv": [8.375, 11, 8.5, 11.25], "texture": "#1"},
				"south": {"uv": [8.375, 11, 8.5, 11.25], "texture": "#1"},
				"west": {"uv": [8.375, 11, 8.5, 11.25], "texture": "#1"},
				"up": {"uv": [8.375, 11.125, 8.5, 11.25], "texture": "#1"},
				"down": {"uv": [3.8125, 5.6875, 3.875, 5.75], "texture": "#missing"}
			}
		},
		{
			"from": [9.25, 9.5, 8.17],
			"to": [9.5, 9.75, 8.52],
			"faces": {
				"north": {"uv": [8.375, 11.125, 8.5, 11.25], "texture": "#1"},
				"east": {"uv": [3.8125, 5.625, 4.1875, 5.75], "texture": "#missing"},
				"south": {"uv": [8.375, 11.125, 8.5, 11.25], "texture": "#1"},
				"west": {"uv": [3.8125, 5.625, 4.1875, 5.75], "texture": "#missing"},
				"up": {"uv": [8.375, 11.125, 8.5, 11.25], "texture": "#1"},
				"down": {"uv": [8.375, 11.125, 8.5, 11.25], "texture": "#1"}
			}
		},
		{
			"from": [8, 9.5, 8.17],
			"to": [8.25, 9.75, 8.52],
			"faces": {
				"north": {"uv": [8.375, 11.125, 8.5, 11.25], "texture": "#1"},
				"east": {"uv": [3.8125, 5.625, 4.1875, 5.75], "texture": "#missing"},
				"south": {"uv": [8.375, 11.125, 8.5, 11.25], "texture": "#1"},
				"west": {"uv": [3.8125, 5.625, 4.1875, 5.75], "texture": "#missing"},
				"up": {"uv": [8.375, 11.125, 8.5, 11.25], "texture": "#1"},
				"down": {"uv": [8.375, 11.125, 8.5, 11.25], "texture": "#1"}
			}
		},
		{
			"from": [8.17, 9.25, 8.105],
			"to": [9.3, 10, 8.605],
			"faces": {
				"north": {"uv": [7.75, 10.875, 8.25, 11.25], "texture": "#1"},
				"east": {"uv": [7.875, 10.875, 8.125, 11.25], "texture": "#1"},
				"south": {"uv": [7.75, 10.875, 8.25, 11.25], "texture": "#1"},
				"west": {"uv": [7.875, 10.875, 8.125, 11.25], "texture": "#1"},
				"up": {"uv": [8.375, 11.125, 8.5, 11.25], "texture": "#1"},
				"down": {"uv": [3.8125, 5.6875, 3.875, 5.75], "texture": "#missing"}
			}
		},
		{
			"from": [8.25, 9.25, 8.3],
			"to": [9.25, 18, 8.425],
			"faces": {
				"north": {"uv": [7.75, 6.875, 8.25, 11.25], "texture": "#1"},
				"east": {"uv": [7.875, 7.125, 7.75, 11.25], "texture": "#1"},
				"south": {"uv": [8.25, 7.125, 7.75, 11.25], "texture": "#1"},
				"west": {"uv": [0, 0, 0.5, 1.375], "texture": "#missing"},
				"up": {"uv": [7.875, 7.125, 7.75, 7.25], "texture": "#1"},
				"down": {"uv": [0, 0, 0.5, 0.5], "texture": "#missing"}
			}
		},
		{
			"from": [8.249, 9.25, 8.17],
			"to": [8.74901, 18, 8.545],
			"faces": {
				"north": {"uv": [8, 6.875, 8.25, 11.25], "texture": "#1"},
				"east": {"uv": [8, 7.125, 7.875, 11.25], "texture": "#1"},
				"south": {"uv": [8.25, 7.125, 8, 11.25], "texture": "#1"},
				"west": {"uv": [8.125, 7.125, 8.25, 11.25], "texture": "#1"},
				"up": {"uv": [8, 7.125, 7.875, 7.25], "texture": "#1"},
				"down": {"uv": [0, 0, 0.5, 0.5], "texture": "#missing"}
			}
		},
		{
			"from": [8, 18, 8.3],
			"to": [9, 22.5, 8.425],
			"faces": {
				"north": {"uv": [7.875, 4.625, 8.375, 6.875], "texture": "#1"},
				"east": {"uv": [8, 4.875, 7.875, 7.125], "texture": "#1"},
				"south": {"uv": [8.375, 4.875, 7.875, 7.125], "texture": "#1"},
				"west": {"uv": [0, 0, 0.5, 1.375], "texture": "#missing"},
				"up": {"uv": [7.875, 7.125, 7.75, 7.25], "texture": "#1"},
				"down": {"uv": [8.125, 7.25, 8.25, 7.375], "texture": "#1"}
			}
		},
		{
			"from": [7.999, 18, 8.17],
			"to": [8.499, 22.5, 8.545],
			"faces": {
				"north": {"uv": [8.125, 4.625, 8.375, 6.875], "texture": "#1"},
				"east": {"uv": [8.125, 4.875, 8, 7.125], "texture": "#1"},
				"south": {"uv": [8.375, 4.625, 8.125, 6.875], "texture": "#1"},
				"west": {"uv": [8.25, 4.625, 8.375, 6.875], "texture": "#1"},
				"up": {"uv": [8, 7.125, 7.875, 7.25], "texture": "#1"},
				"down": {"uv": [8.125, 7.25, 8.25, 7.375], "texture": "#1"}
			}
		},
		{
			"from": [7.75, 22.5, 8.3],
			"to": [8.75, 23, 8.425],
			"faces": {
				"north": {"uv": [8, 4.375, 8.5, 4.625], "texture": "#1"},
				"east": {"uv": [7.875, 7.125, 7.75, 7.25], "texture": "#1"},
				"south": {"uv": [8.5, 4.375, 8, 4.625], "texture": "#1"},
				"west": {"uv": [0, 0, 0.5, 1.375], "texture": "#missing"},
				"up": {"uv": [7.875, 7.125, 7.75, 7.25], "texture": "#1"},
				"down": {"uv": [8.125, 7.25, 8.25, 7.375], "texture": "#1"}
			}
		},
		{
			"from": [7.749, 22.5, 8.17],
			"to": [8.249, 23, 8.545],
			"faces": {
				"north": {"uv": [8.25, 4.375, 8.5, 4.625], "texture": "#1"},
				"east": {"uv": [8, 7.125, 7.875, 7.25], "texture": "#1"},
				"south": {"uv": [8.5, 4.375, 8.25, 4.625], "texture": "#1"},
				"west": {"uv": [8.125, 7.25, 8.25, 7.375], "texture": "#1"},
				"up": {"uv": [8, 7.125, 7.875, 7.25], "texture": "#1"},
				"down": {"uv": [8.125, 7.25, 8.25, 7.375], "texture": "#1"}
			}
		},
		{
			"from": [7.5, 23, 8.3],
			"to": [8.5, 23.5, 8.425],
			"faces": {
				"north": {"uv": [8.125, 4.125, 8.625, 4.375], "texture": "#1"},
				"east": {"uv": [7.875, 7.125, 7.75, 7.25], "texture": "#1"},
				"south": {"uv": [8.625, 4.125, 8.125, 4.375], "texture": "#1"},
				"west": {"uv": [0, 0, 0.5, 1.375], "texture": "#missing"},
				"up": {"uv": [7.875, 7.125, 7.75, 7.25], "texture": "#1"},
				"down": {"uv": [8.125, 7.25, 8.25, 7.375], "texture": "#1"}
			}
		},
		{
			"from": [7.499, 23, 8.17],
			"to": [7.999, 23.5, 8.545],
			"faces": {
				"north": {"uv": [8.375, 4.125, 8.625, 4.375], "texture": "#1"},
				"east": {"uv": [8, 7.125, 7.875, 7.25], "texture": "#1"},
				"south": {"uv": [8.625, 4.125, 8.375, 4.375], "texture": "#1"},
				"west": {"uv": [8.125, 7.25, 8.25, 7.375], "texture": "#1"},
				"up": {"uv": [8, 7.125, 7.875, 7.25], "texture": "#1"},
				"down": {"uv": [8.125, 7.25, 8.25, 7.375], "texture": "#1"}
			}
		},
		{
			"from": [7.5, 23.5, 8.3],
			"to": [8.25, 23.75, 8.425],
			"faces": {
				"north": {"uv": [8.25, 4, 8.625, 4.125], "texture": "#1"},
				"east": {"uv": [7.875, 7.125, 7.75, 7.25], "texture": "#1"},
				"south": {"uv": [8.625, 4, 8.25, 4.125], "texture": "#1"},
				"west": {"uv": [0, 0, 0.5, 1.375], "texture": "#missing"},
				"up": {"uv": [7.875, 7.125, 7.75, 7.25], "texture": "#1"},
				"down": {"uv": [0, 0, 0.5, 0.5], "texture": "#missing"}
			}
		},
		{
			"from": [7.499, 23.5, 8.17],
			"to": [7.749, 23.75, 8.545],
			"faces": {
				"north": {"uv": [8.5, 4, 8.625, 4.125], "texture": "#1"},
				"east": {"uv": [8, 7.125, 7.875, 7.25], "texture": "#1"},
				"south": {"uv": [8.625, 4, 8.5, 4.125], "texture": "#1"},
				"west": {"uv": [8.125, 7.25, 8.25, 7.375], "texture": "#1"},
				"up": {"uv": [8, 7.125, 7.875, 7.25], "texture": "#1"},
				"down": {"uv": [0, 0, 0.5, 0.5], "texture": "#missing"}
			}
		},
		{
			"from": [7.5, 23.75, 8.3],
			"to": [8, 24, 8.425],
			"faces": {
				"north": {"uv": [8.375, 3.875, 8.625, 4], "texture": "#1"},
				"east": {"uv": [7.875, 7.125, 7.75, 7.25], "texture": "#1"},
				"south": {"uv": [8.625, 3.875, 8.375, 4], "texture": "#1"},
				"west": {"uv": [8.5, 4, 8.625, 4.125], "texture": "#1"},
				"up": {"uv": [7.875, 7.125, 7.75, 7.25], "texture": "#1"},
				"down": {"uv": [0, 0, 0.5, 0.5], "texture": "#missing"}
			}
		},
		{
			"from": [7.5, 24, 8.3],
			"to": [7.75, 24.25, 8.425],
			"faces": {
				"north": {"uv": [8.5, 4, 8.625, 4.125], "texture": "#1"},
				"east": {"uv": [8.5, 4, 8.625, 4.125], "texture": "#1"},
				"south": {"uv": [8.5, 3.75, 8.625, 3.875], "texture": "#1"},
				"west": {"uv": [8.5, 4, 8.625, 4.125], "texture": "#1"},
				"up": {"uv": [8.5, 4, 8.625, 4.125], "texture": "#1"},
				"down": {"uv": [0, 0, 0.5, 0.5], "texture": "#missing"}
			}
		},
		{
			"from": [0.5, 9.25, 8.35],
			"to": [16.5, 25.25, 8.35],
			"faces": {
				"north": {"uv": [16, 0, 0, 16], "texture": "#2"},
				"east": {"uv": [0, 0, 0, 8], "texture": "#1"},
				"south": {"uv": [0, 0, 16, 16], "texture": "#2"},
				"west": {"uv": [0, 0, 0, 8], "texture": "#1"},
				"up": {"uv": [8, 0, 0, 0], "texture": "#1"},
				"down": {"uv": [8, 0, 0, 0], "texture": "#1"}
			}
		}
	],
	"display": {
		"thirdperson_righthand": {
			"rotation": [0, 90, 0],
			"translation": [-0.5, -0.25, 3],
			"scale": [1.53, 1.53, 1.53]
		},
		"thirdperson_lefthand": {
			"rotation": [0, -90, 0],
			"translation": [0.5, -0.25, 3],
			"scale": [1.53, 1.53, 1.53]
		},
		"firstperson_righthand": {
			"rotation": [12, 88, 0],
			"translation": [0, -0.25, 0.5]
		},
		"firstperson_lefthand": {
			"rotation": [9, -92, 0],
			"translation": [2, -0.25, 1]
		},
		"ground": {
			"rotation": [0, 0, -45],
			"translation": [0, 3.3956, 0],
			"scale": [1.5, 1.5, 1.5]
		},
		"gui": {
			"rotation": [0, 0, -45],
			"translation": [-4.75, -4, 0],
			"scale": [-1.2, 1.2, 1.2]
		},
		"head": {
			"rotation": [0, 0, 45],
			"translation": [0, 19, 0],
			"scale": [2, 2, 2]
		},
		"fixed": {
			"rotation": [0, 0, 45],
			"translation": [5.75, -6.75, -2],
			"scale": [2, 2, 2.2]
		}
	},
	"groups": [
		{
			"name": "hilt",
			"origin": [8, 8, 8],
			"children": [0, 1, 2, 3, 4, 5, 6, 7, 8]
		},
		{
			"name": "blade",
			"origin": [8, 8, 8],
			"children": [9, 10, 11, 12, 13, 14, 15, 16, 17, 18, 19, 20]
		}, 21]
}