{
	"credit": "Made with Blockbench",
	"textures": {
		"0": "item/diamond_sword/vampiric_needle",
		"particle": "item/diamond_sword/vampiric_needle"
	},
	"elements": [
		{
			"name": "vampiric_needle_0",
			"from": [8, 10.5, 7.75],
			"to": [8.125, 11.625, 7.875],
			"faces": {
				"north": {"uv": [8.125, 4.375, 8, 5.5], "texture": "#0"},
				"east": {"uv": [8, 4.375, 8.125, 5.5], "texture": "#0"},
				"south": {"uv": [8, 4.375, 8.125, 5.5], "texture": "#0"},
				"west": {"uv": [8, 4.375, 8.125, 5.5], "texture": "#0"},
				"up": {"uv": [8, 4.375, 8.125, 4.5], "texture": "#0"},
				"down": {"uv": [8, 5.375, 8.125, 5.5], "texture": "#0"}
			}
		},
		{
			"name": "vampiric_needle_1",
			"from": [7.875, 5.375, 7.75],
			"to": [8, 11, 7.875],
			"faces": {
				"north": {"uv": [8, 5, 7.875, 10.625], "texture": "#0"},
				"east": {"uv": [7.875, 5, 8, 10.625], "texture": "#0"},
				"south": {"uv": [7.875, 5, 8, 10.625], "texture": "#0"},
				"west": {"uv": [7.875, 5, 8, 10.625], "texture": "#0"},
				"up": {"uv": [7.875, 5, 8, 5.125], "texture": "#0"},
				"down": {"uv": [7.875, 10.5, 8, 10.625], "texture": "#0"}
			}
		},
		{
			"name": "vampiric_needle_2",
			"from": [8.125, 5.375, 7.75],
			"to": [8.25, 11, 7.875],
			"faces": {
				"north": {"uv": [8.25, 5, 8.125, 10.625], "texture": "#0"},
				"east": {"uv": [8.125, 5, 8.25, 10.625], "texture": "#0"},
				"south": {"uv": [8.125, 5, 8.25, 10.625], "texture": "#0"},
				"west": {"uv": [8.125, 5, 8.25, 10.625], "texture": "#0"},
				"up": {"uv": [8.125, 5, 8.25, 5.125], "texture": "#0"},
				"down": {"uv": [8.125, 10.5, 8.25, 10.625], "texture": "#0"}
			}
		},
		{
			"name": "vampiric_needle_3",
			"from": [8, 6.75, 7.7],
			"to": [8.125, 10.5, 7.925],
			"faces": {
				"north": {"uv": [8.625, 5.5, 8.5, 9.25], "texture": "#0"},
				"east": {"uv": [8.5, 5.5, 8.625, 9.25], "texture": "#0"},
				"south": {"uv": [8.5, 5.5, 8.625, 9.25], "texture": "#0"},
				"west": {"uv": [8.5, 5.5, 8.625, 9.25], "texture": "#0"},
				"up": {"uv": [8.5, 5.5, 8.625, 5.625], "texture": "#0"},
				"down": {"uv": [8.5, 9.125, 8.625, 9.25], "texture": "#0"}
			}
		},
		{
			"name": "vampiric_needle_4",
			"from": [8, 4.625, 7.65],
			"to": [8.125, 6.75, 7.975],
			"faces": {
				"north": {"uv": [10.125, 9.25, 10, 11.375], "texture": "#0"},
				"east": {"uv": [10, 9.25, 10.125, 11.375], "texture": "#0"},
				"south": {"uv": [10, 9.25, 10.125, 11.375], "texture": "#0"},
				"west": {"uv": [10, 9.25, 10.125, 11.375], "texture": "#0"},
				"up": {"uv": [10, 9.25, 10.125, 9.375], "texture": "#0"},
				"down": {"uv": [10, 11.25, 10.125, 11.375], "texture": "#0"}
			}
		},
		{
			"name": "vampiric_needle_5",
			"from": [7.75, 5.5, 7.75],
			"to": [7.875, 5.875, 7.875],
			"faces": {
				"north": {"uv": [7.875, 10.125, 7.75, 10.5], "texture": "#0"},
				"east": {"uv": [7.75, 10.125, 7.875, 10.5], "texture": "#0"},
				"south": {"uv": [7.75, 10.125, 7.875, 10.5], "texture": "#0"},
				"west": {"uv": [7.75, 10.125, 7.875, 10.5], "texture": "#0"},
				"up": {"uv": [7.75, 10.125, 7.875, 10.25], "texture": "#0"},
				"down": {"uv": [7.75, 10.375, 7.875, 10.5], "texture": "#0"}
			}
		},
		{
			"name": "vampiric_needle_6",
			"from": [8.25, 5.5, 7.75],
			"to": [8.375, 5.875, 7.875],
			"faces": {
				"north": {"uv": [8.375, 10.125, 8.25, 10.5], "texture": "#0"},
				"east": {"uv": [8.25, 10.125, 8.375, 10.5], "texture": "#0"},
				"south": {"uv": [8.25, 10.125, 8.375, 10.5], "texture": "#0"},
				"west": {"uv": [8.25, 10.125, 8.375, 10.5], "texture": "#0"},
				"up": {"uv": [8.25, 10.125, 8.375, 10.25], "texture": "#0"},
				"down": {"uv": [8.25, 10.375, 8.375, 10.5], "texture": "#0"}
			}
		},
		{
			"name": "vampiric_needle_7",
			"from": [7.625, 5.5, 7.75],
			"to": [7.75, 5.625, 7.875],
			"faces": {
				"north": {"uv": [7.75, 10.375, 7.625, 10.5], "texture": "#0"},
				"east": {"uv": [7.625, 10.375, 7.75, 10.5], "texture": "#0"},
				"south": {"uv": [7.625, 10.375, 7.75, 10.5], "texture": "#0"},
				"west": {"uv": [7.625, 10.375, 7.75, 10.5], "texture": "#0"},
				"up": {"uv": [7.625, 10.375, 7.75, 10.5], "texture": "#0"},
				"down": {"uv": [7.625, 10.375, 7.75, 10.5], "texture": "#0"}
			}
		},
		{
			"name": "vampiric_needle_8",
			"from": [8.375, 5.5, 7.75],
			"to": [8.5, 5.625, 7.875],
			"faces": {
				"north": {"uv": [8.5, 10.375, 8.375, 10.5], "texture": "#0"},
				"east": {"uv": [8.375, 10.375, 8.5, 10.5], "texture": "#0"},
				"south": {"uv": [8.375, 10.375, 8.5, 10.5], "texture": "#0"},
				"west": {"uv": [8.375, 10.375, 8.5, 10.5], "texture": "#0"},
				"up": {"uv": [8.375, 10.375, 8.5, 10.5], "texture": "#0"},
				"down": {"uv": [8.375, 10.375, 8.5, 10.5], "texture": "#0"}
			}
		},
		{
			"name": "vampiric_needle_9",
			"from": [7.75, 5.25, 7.75],
			"to": [7.875, 5.375, 7.875],
			"faces": {
				"north": {"uv": [7.875, 10.625, 7.75, 10.75], "texture": "#0"},
				"east": {"uv": [7.75, 10.625, 7.875, 10.75], "texture": "#0"},
				"south": {"uv": [7.75, 10.625, 7.875, 10.75], "texture": "#0"},
				"west": {"uv": [7.75, 10.625, 7.875, 10.75], "texture": "#0"},
				"up": {"uv": [7.75, 10.625, 7.875, 10.75], "texture": "#0"},
				"down": {"uv": [7.75, 10.625, 7.875, 10.75], "texture": "#0"}
			}
		},
		{
			"name": "vampiric_needle_10",
			"from": [8.25, 5.25, 7.75],
			"to": [8.375, 5.375, 7.875],
			"faces": {
				"north": {"uv": [8.375, 10.625, 8.25, 10.75], "texture": "#0"},
				"east": {"uv": [8.25, 10.625, 8.375, 10.75], "texture": "#0"},
				"south": {"uv": [8.25, 10.625, 8.375, 10.75], "texture": "#0"},
				"west": {"uv": [8.25, 10.625, 8.375, 10.75], "texture": "#0"},
				"up": {"uv": [8.25, 10.625, 8.375, 10.75], "texture": "#0"},
				"down": {"uv": [8.25, 10.625, 8.375, 10.75], "texture": "#0"}
			}
		},
		{
			"name": "vampiric_needle_11",
			"from": [7.875, 4.75, 7.65],
			"to": [8, 5.375, 7.975],
			"faces": {
				"north": {"uv": [10, 10.625, 9.875, 11.25], "texture": "#0"},
				"east": {"uv": [9.875, 10.625, 10, 11.25], "texture": "#0"},
				"south": {"uv": [9.875, 10.625, 10, 11.25], "texture": "#0"},
				"west": {"uv": [9.875, 10.625, 10, 11.25], "texture": "#0"},
				"up": {"uv": [9.875, 10.625, 10, 10.75], "texture": "#0"},
				"down": {"uv": [9.875, 11.125, 10, 11.25], "texture": "#0"}
			}
		},
		{
			"name": "vampiric_needle_12",
			"from": [8.125, 4.75, 7.65],
			"to": [8.25, 5.375, 7.975],
			"faces": {
				"north": {"uv": [10.25, 10.625, 10.125, 11.25], "texture": "#0"},
				"east": {"uv": [10.125, 10.625, 10.25, 11.25], "texture": "#0"},
				"south": {"uv": [10.125, 10.625, 10.25, 11.25], "texture": "#0"},
				"west": {"uv": [10.125, 10.625, 10.25, 11.25], "texture": "#0"},
				"up": {"uv": [10.125, 10.625, 10.25, 10.75], "texture": "#0"},
				"down": {"uv": [10.125, 11.125, 10.25, 11.25], "texture": "#0"}
			}
		},
		{
			"name": "vampiric_needle_13",
			"from": [7.75, 4.75, 7.65],
			"to": [7.875, 5.125, 7.975],
			"faces": {
				"north": {"uv": [9.875, 10.875, 9.75, 11.25], "texture": "#0"},
				"east": {"uv": [9.75, 10.875, 9.875, 11.25], "texture": "#0"},
				"south": {"uv": [9.75, 10.875, 9.875, 11.25], "texture": "#0"},
				"west": {"uv": [9.75, 10.875, 9.875, 11.25], "texture": "#0"},
				"up": {"uv": [9.75, 10.875, 9.875, 11], "texture": "#0"},
				"down": {"uv": [9.75, 11.125, 9.875, 11.25], "texture": "#0"}
			}
		},
		{
			"name": "vampiric_needle_14",
			"from": [8.25, 4.75, 7.65],
			"to": [8.375, 5.125, 7.975],
			"faces": {
				"north": {"uv": [10.375, 10.875, 10.25, 11.25], "texture": "#0"},
				"east": {"uv": [10.25, 10.875, 10.375, 11.25], "texture": "#0"},
				"south": {"uv": [10.25, 10.875, 10.375, 11.25], "texture": "#0"},
				"west": {"uv": [10.25, 10.875, 10.375, 11.25], "texture": "#0"},
				"up": {"uv": [10.25, 10.875, 10.375, 11], "texture": "#0"},
				"down": {"uv": [10.25, 11.125, 10.375, 11.25], "texture": "#0"}
			}
		},
		{
			"name": "vampiric_needle_15",
			"from": [7.625, 4.75, 7.75],
			"to": [7.75, 5, 7.875],
			"faces": {
				"north": {"uv": [11.25, 11, 11.125, 11.25], "texture": "#0"},
				"east": {"uv": [11.125, 11, 11.25, 11.25], "texture": "#0"},
				"south": {"uv": [11.125, 11, 11.25, 11.25], "texture": "#0"},
				"west": {"uv": [11.125, 11, 11.25, 11.25], "texture": "#0"},
				"up": {"uv": [11.125, 11, 11.25, 11.125], "texture": "#0"},
				"down": {"uv": [11.125, 11.125, 11.25, 11.25], "texture": "#0"}
			}
		},
		{
			"name": "vampiric_needle_16",
			"from": [8.375, 4.75, 7.75],
			"to": [8.5, 5, 7.875],
			"faces": {
				"north": {"uv": [12, 11, 11.875, 11.25], "texture": "#0"},
				"east": {"uv": [11.875, 11, 12, 11.25], "texture": "#0"},
				"south": {"uv": [11.875, 11, 12, 11.25], "texture": "#0"},
				"west": {"uv": [11.875, 11, 12, 11.25], "texture": "#0"},
				"up": {"uv": [11.875, 11, 12, 11.125], "texture": "#0"},
				"down": {"uv": [11.875, 11.125, 12, 11.25], "texture": "#0"}
			}
		},
		{
			"name": "vampiric_needle_17",
			"from": [7.25, 4.75, 7.75],
			"to": [7.625, 4.875, 7.875],
			"faces": {
				"north": {"uv": [11.125, 11.125, 10.75, 11.25], "texture": "#0"},
				"east": {"uv": [11, 11.125, 11.125, 11.25], "texture": "#0"},
				"south": {"uv": [10.75, 11.125, 11.125, 11.25], "texture": "#0"},
				"west": {"uv": [10.75, 11.125, 10.875, 11.25], "texture": "#0"},
				"up": {"uv": [10.75, 11.125, 11.125, 11.25], "texture": "#0"},
				"down": {"uv": [10.75, 11.125, 11.125, 11.25], "texture": "#0"}
			}
		},
		{
			"name": "vampiric_needle_18",
			"from": [8.5, 4.625, 7.75],
			"to": [8.75, 4.875, 7.875],
			"faces": {
				"north": {"uv": [12.25, 11.125, 12, 11.375], "texture": "#0"},
				"east": {"uv": [12.125, 11.125, 12.25, 11.375], "texture": "#0"},
				"south": {"uv": [12, 11.125, 12.25, 11.375], "texture": "#0"},
				"west": {"uv": [12, 11.125, 12.125, 11.375], "texture": "#0"},
				"up": {"uv": [12, 11.125, 12.25, 11.25], "texture": "#0"},
				"down": {"uv": [12, 11.25, 12.25, 11.375], "texture": "#0"}
			}
		},
		{
			"name": "vampiric_needle_19",
			"from": [8.75, 4.75, 7.75],
			"to": [8.875, 4.875, 7.875],
			"faces": {
				"north": {"uv": [12.375, 11.125, 12.25, 11.25], "texture": "#0"},
				"east": {"uv": [12.25, 11.125, 12.375, 11.25], "texture": "#0"},
				"south": {"uv": [12.25, 11.125, 12.375, 11.25], "texture": "#0"},
				"west": {"uv": [12.25, 11.125, 12.375, 11.25], "texture": "#0"},
				"up": {"uv": [12.25, 11.125, 12.375, 11.25], "texture": "#0"},
				"down": {"uv": [12.25, 11.125, 12.375, 11.25], "texture": "#0"}
			}
		},
		{
			"name": "vampiric_needle_20",
			"from": [7.875, 4.625, 7.75],
			"to": [8, 4.75, 7.875],
			"faces": {
				"north": {"uv": [8, 11.25, 7.875, 11.375], "texture": "#0"},
				"east": {"uv": [7.875, 11.25, 8, 11.375], "texture": "#0"},
				"south": {"uv": [7.875, 11.25, 8, 11.375], "texture": "#0"},
				"west": {"uv": [7.875, 11.25, 8, 11.375], "texture": "#0"},
				"up": {"uv": [7.875, 11.25, 8, 11.375], "texture": "#0"},
				"down": {"uv": [7.875, 11.25, 8, 11.375], "texture": "#0"}
			}
		},
		{
			"name": "vampiric_needle_21",
			"from": [8.125, 4.625, 7.75],
			"to": [8.25, 4.75, 7.875],
			"faces": {
				"north": {"uv": [8.25, 11.25, 8.125, 11.375], "texture": "#0"},
				"east": {"uv": [8.125, 11.25, 8.25, 11.375], "texture": "#0"},
				"south": {"uv": [8.125, 11.25, 8.25, 11.375], "texture": "#0"},
				"west": {"uv": [8.125, 11.25, 8.25, 11.375], "texture": "#0"},
				"up": {"uv": [8.125, 11.25, 8.25, 11.375], "texture": "#0"},
				"down": {"uv": [8.125, 11.25, 8.25, 11.375], "texture": "#0"}
			}
		},
		{
			"name": "vampiric_needle_22",
			"from": [7.375, 4.625, 7.75],
			"to": [7.625, 4.75, 7.875],
			"faces": {
				"north": {"uv": [11.125, 11.25, 10.875, 11.375], "texture": "#0"},
				"east": {"uv": [11, 11.25, 11.125, 11.375], "texture": "#0"},
				"south": {"uv": [10.875, 11.25, 11.125, 11.375], "texture": "#0"},
				"west": {"uv": [10.875, 11.25, 11, 11.375], "texture": "#0"},
				"up": {"uv": [10.875, 11.25, 11.125, 11.375], "texture": "#0"},
				"down": {"uv": [10.875, 11.25, 11.125, 11.375], "texture": "#0"}
			}
		},
		{
			"name": "vampiric_needle_23",
			"from": [8, 4.375, 7.65],
			"to": [8.125, 4.625, 7.975],
			"faces": {
				"north": {"uv": [8.125, 11.375, 8, 11.625], "texture": "#0"},
				"east": {"uv": [8, 11.375, 8.125, 11.625], "texture": "#0"},
				"south": {"uv": [8, 11.375, 8.125, 11.625], "texture": "#0"},
				"west": {"uv": [8, 11.375, 8.125, 11.625], "texture": "#0"},
				"up": {"uv": [8, 11.375, 8.125, 11.5], "texture": "#0"},
				"down": {"uv": [8, 11.5, 8.125, 11.625], "texture": "#0"}
			}
		},
		{
			"name": "vampiric_needle_24",
			"from": [7.875, 4.5, 7.65],
			"to": [8, 4.625, 7.975],
			"faces": {
				"north": {"uv": [10, 11.375, 9.875, 11.5], "texture": "#0"},
				"east": {"uv": [9.875, 11.375, 10, 11.5], "texture": "#0"},
				"south": {"uv": [9.875, 11.375, 10, 11.5], "texture": "#0"},
				"west": {"uv": [9.875, 11.375, 10, 11.5], "texture": "#0"},
				"up": {"uv": [9.875, 11.375, 10, 11.5], "texture": "#0"},
				"down": {"uv": [9.875, 11.375, 10, 11.5], "texture": "#0"}
			}
		},
		{
			"name": "vampiric_needle_25",
			"from": [8.125, 4.5, 7.65],
			"to": [8.25, 4.625, 7.975],
			"faces": {
				"north": {"uv": [10.25, 11.375, 10.125, 11.5], "texture": "#0"},
				"east": {"uv": [10.125, 11.375, 10.25, 11.5], "texture": "#0"},
				"south": {"uv": [10.125, 11.375, 10.25, 11.5], "texture": "#0"},
				"west": {"uv": [10.125, 11.375, 10.25, 11.5], "texture": "#0"},
				"up": {"uv": [10.125, 11.375, 10.25, 11.5], "texture": "#0"},
				"down": {"uv": [10.125, 11.375, 10.25, 11.5], "texture": "#0"}
			}
		},
		{
			"name": "vampiric_needle_26",
			"from": [7.125, 4.375, 7.75],
			"to": [7.375, 4.625, 7.875],
			"faces": {
				"north": {"uv": [10.875, 11.375, 10.625, 11.625], "texture": "#0"},
				"east": {"uv": [10.75, 11.375, 10.875, 11.625], "texture": "#0"},
				"south": {"uv": [10.625, 11.375, 10.875, 11.625], "texture": "#0"},
				"west": {"uv": [10.625, 11.375, 10.75, 11.625], "texture": "#0"},
				"up": {"uv": [10.625, 11.375, 10.875, 11.5], "texture": "#0"},
				"down": {"uv": [10.625, 11.5, 10.875, 11.625], "texture": "#0"}
			}
		},
		{
			"name": "vampiric_needle_27",
			"from": [8.75, 4.375, 7.75],
			"to": [9, 4.625, 7.875],
			"faces": {
				"north": {"uv": [12.5, 11.375, 12.25, 11.625], "texture": "#0"},
				"east": {"uv": [12.375, 11.375, 12.5, 11.625], "texture": "#0"},
				"south": {"uv": [12.25, 11.375, 12.5, 11.625], "texture": "#0"},
				"west": {"uv": [12.25, 11.375, 12.375, 11.625], "texture": "#0"},
				"up": {"uv": [12.25, 11.375, 12.5, 11.5], "texture": "#0"},
				"down": {"uv": [12.25, 11.5, 12.5, 11.625], "texture": "#0"}
			}
		},
		{
			"name": "vampiric_needle_28",
			"from": [7.875, 4.375, 7.65],
			"to": [8, 4.5, 7.975],
			"faces": {
				"north": {"uv": [8, 11.5, 7.875, 11.625], "texture": "#0"},
				"east": {"uv": [7.875, 11.5, 8, 11.625], "texture": "#0"},
				"south": {"uv": [7.875, 11.5, 8, 11.625], "texture": "#0"},
				"west": {"uv": [7.875, 11.5, 8, 11.625], "texture": "#0"},
				"up": {"uv": [7.875, 11.5, 8, 11.625], "texture": "#0"},
				"down": {"uv": [7.875, 11.5, 8, 11.625], "texture": "#0"}
			}
		},
		{
			"name": "vampiric_needle_29",
			"from": [8.125, 4.375, 7.65],
			"to": [8.25, 4.5, 7.975],
			"faces": {
				"north": {"uv": [8.25, 11.5, 8.125, 11.625], "texture": "#0"},
				"east": {"uv": [8.125, 11.5, 8.25, 11.625], "texture": "#0"},
				"south": {"uv": [8.125, 11.5, 8.25, 11.625], "texture": "#0"},
				"west": {"uv": [8.125, 11.5, 8.25, 11.625], "texture": "#0"},
				"up": {"uv": [8.125, 11.5, 8.25, 11.625], "texture": "#0"},
				"down": {"uv": [8.125, 11.5, 8.25, 11.625], "texture": "#0"}
			}
		},
		{
			"name": "vampiric_needle_30",
			"from": [7.75, 4.25, 7.55],
			"to": [8.375, 4.375, 8.075],
			"faces": {
				"north": {"uv": [8.875, 11.625, 8.25, 11.75], "texture": "#0"},
				"east": {"uv": [8.75, 11.625, 8.875, 11.75], "texture": "#0"},
				"south": {"uv": [8.25, 11.625, 8.875, 11.75], "texture": "#0"},
				"west": {"uv": [8.25, 11.625, 8.375, 11.75], "texture": "#0"},
				"up": {"uv": [8.25, 11.625, 8.875, 11.75], "texture": "#0"},
				"down": {"uv": [8.25, 11.625, 8.875, 11.75], "texture": "#0"}
			}
		},
		{
			"name": "vampiric_needle_31",
			"from": [7.125, 4.25, 7.75],
			"to": [7.25, 4.375, 7.875],
			"faces": {
				"north": {"uv": [10.75, 11.625, 10.625, 11.75], "texture": "#0"},
				"east": {"uv": [10.625, 11.625, 10.75, 11.75], "texture": "#0"},
				"south": {"uv": [10.625, 11.625, 10.75, 11.75], "texture": "#0"},
				"west": {"uv": [10.625, 11.625, 10.75, 11.75], "texture": "#0"},
				"up": {"uv": [10.625, 11.625, 10.75, 11.75], "texture": "#0"},
				"down": {"uv": [10.625, 11.625, 10.75, 11.75], "texture": "#0"}
			}
		},
		{
			"name": "vampiric_needle_32",
			"from": [8.875, 4.25, 7.75],
			"to": [9, 4.375, 7.875],
			"faces": {
				"north": {"uv": [12.5, 11.625, 12.375, 11.75], "texture": "#0"},
				"east": {"uv": [12.375, 11.625, 12.5, 11.75], "texture": "#0"},
				"south": {"uv": [12.375, 11.625, 12.5, 11.75], "texture": "#0"},
				"west": {"uv": [12.375, 11.625, 12.5, 11.75], "texture": "#0"},
				"up": {"uv": [12.375, 11.625, 12.5, 11.75], "texture": "#0"},
				"down": {"uv": [12.375, 11.625, 12.5, 11.75], "texture": "#0"}
			}
		},
		{
			"name": "vampiric_needle_33",
			"from": [7.875, 2.5, 7.65],
			"to": [8.25, 4.25, 7.975],
			"faces": {
				"north": {"uv": [8.25, 11.75, 7.875, 13.5], "texture": "#0"},
				"east": {"uv": [8.125, 11.75, 8.25, 13.5], "texture": "#0"},
				"south": {"uv": [7.875, 11.75, 8.25, 13.5], "texture": "#0"},
				"west": {"uv": [7.875, 11.75, 8, 13.5], "texture": "#0"},
				"up": {"uv": [7.875, 11.75, 8.25, 11.875], "texture": "#0"},
				"down": {"uv": [7.875, 13.375, 8.25, 13.5], "texture": "#0"}
			}
		},
		{
			"name": "vampiric_needle_34",
			"from": [7.125, 4.75, 7.7],
			"to": [7.25, 4.875, 7.925],
			"faces": {
				"north": {"uv": [10.75, 11.875, 10.625, 12], "texture": "#0"},
				"east": {"uv": [10.625, 11.875, 10.75, 12], "texture": "#0"},
				"south": {"uv": [10.625, 11.875, 10.75, 12], "texture": "#0"},
				"west": {"uv": [10.625, 11.875, 10.75, 12], "texture": "#0"},
				"up": {"uv": [10.625, 11.875, 10.75, 12], "texture": "#0"},
				"down": {"uv": [10.625, 11.875, 10.75, 12], "texture": "#0"}
			}
		},
		{
			"name": "vampiric_needle_35",
			"from": [8.875, 4.75, 7.7],
			"to": [9, 4.875, 7.925],
			"faces": {
				"north": {"uv": [12.5, 11.875, 12.375, 12], "texture": "#0"},
				"east": {"uv": [12.375, 11.875, 12.5, 12], "texture": "#0"},
				"south": {"uv": [12.375, 11.875, 12.5, 12], "texture": "#0"},
				"west": {"uv": [12.375, 11.875, 12.5, 12], "texture": "#0"},
				"up": {"uv": [12.375, 11.875, 12.5, 12], "texture": "#0"},
				"down": {"uv": [12.375, 11.875, 12.5, 12], "texture": "#0"}
			}
		},
		{
			"name": "vampiric_needle_36",
			"from": [7.25, 4.625, 7.7],
			"to": [7.375, 4.75, 7.925],
			"faces": {
				"north": {"uv": [10.875, 12, 10.75, 12.125], "texture": "#0"},
				"east": {"uv": [10.75, 12, 10.875, 12.125], "texture": "#0"},
				"south": {"uv": [10.75, 12, 10.875, 12.125], "texture": "#0"},
				"west": {"uv": [10.75, 12, 10.875, 12.125], "texture": "#0"},
				"up": {"uv": [10.75, 12, 10.875, 12.125], "texture": "#0"},
				"down": {"uv": [10.75, 12, 10.875, 12.125], "texture": "#0"}
			}
		},
		{
			"name": "vampiric_needle_37",
			"from": [7.625, 4.625, 7.7],
			"to": [7.875, 4.75, 7.925],
			"faces": {
				"north": {"uv": [11.375, 12, 11.125, 12.125], "texture": "#0"},
				"east": {"uv": [11.25, 12, 11.375, 12.125], "texture": "#0"},
				"south": {"uv": [11.125, 12, 11.375, 12.125], "texture": "#0"},
				"west": {"uv": [11.125, 12, 11.25, 12.125], "texture": "#0"},
				"up": {"uv": [11.125, 12, 11.375, 12.125], "texture": "#0"},
				"down": {"uv": [11.125, 12, 11.375, 12.125], "texture": "#0"}
			}
		},
		{
			"name": "vampiric_needle_38",
			"from": [8.25, 4.625, 7.7],
			"to": [8.5, 4.75, 7.925],
			"faces": {
				"north": {"uv": [12, 12, 11.75, 12.125], "texture": "#0"},
				"east": {"uv": [11.875, 12, 12, 12.125], "texture": "#0"},
				"south": {"uv": [11.75, 12, 12, 12.125], "texture": "#0"},
				"west": {"uv": [11.75, 12, 11.875, 12.125], "texture": "#0"},
				"up": {"uv": [11.75, 12, 12, 12.125], "texture": "#0"},
				"down": {"uv": [11.75, 12, 12, 12.125], "texture": "#0"}
			}
		},
		{
			"name": "vampiric_needle_39",
			"from": [8.75, 4.625, 7.7],
			"to": [8.875, 4.75, 7.925],
			"faces": {
				"north": {"uv": [12.375, 12, 12.25, 12.125], "texture": "#0"},
				"east": {"uv": [12.25, 12, 12.375, 12.125], "texture": "#0"},
				"south": {"uv": [12.25, 12, 12.375, 12.125], "texture": "#0"},
				"west": {"uv": [12.25, 12, 12.375, 12.125], "texture": "#0"},
				"up": {"uv": [12.25, 12, 12.375, 12.125], "texture": "#0"},
				"down": {"uv": [12.25, 12, 12.375, 12.125], "texture": "#0"}
			}
		},
		{
			"name": "vampiric_needle_40",
			"from": [7.375, 4.5, 7.7],
			"to": [7.625, 4.625, 7.925],
			"faces": {
				"north": {"uv": [11.125, 12.125, 10.875, 12.25], "texture": "#0"},
				"east": {"uv": [11, 12.125, 11.125, 12.25], "texture": "#0"},
				"south": {"uv": [10.875, 12.125, 11.125, 12.25], "texture": "#0"},
				"west": {"uv": [10.875, 12.125, 11, 12.25], "texture": "#0"},
				"up": {"uv": [10.875, 12.125, 11.125, 12.25], "texture": "#0"},
				"down": {"uv": [10.875, 12.125, 11.125, 12.25], "texture": "#0"}
			}
		},
		{
			"name": "vampiric_needle_41",
			"from": [8.5, 4.5, 7.7],
			"to": [8.75, 4.625, 7.925],
			"faces": {
				"north": {"uv": [12.25, 12.125, 12, 12.25], "texture": "#0"},
				"east": {"uv": [12.125, 12.125, 12.25, 12.25], "texture": "#0"},
				"south": {"uv": [12, 12.125, 12.25, 12.25], "texture": "#0"},
				"west": {"uv": [12, 12.125, 12.125, 12.25], "texture": "#0"},
				"up": {"uv": [12, 12.125, 12.25, 12.25], "texture": "#0"},
				"down": {"uv": [12, 12.125, 12.25, 12.25], "texture": "#0"}
			}
		},
		{
			"name": "vampiric_needle_42",
			"from": [7.375, 4.375, 7.7],
			"to": [7.5, 4.5, 7.925],
			"faces": {
				"north": {"uv": [11, 12.25, 10.875, 12.375], "texture": "#0"},
				"east": {"uv": [10.875, 12.25, 11, 12.375], "texture": "#0"},
				"south": {"uv": [10.875, 12.25, 11, 12.375], "texture": "#0"},
				"west": {"uv": [10.875, 12.25, 11, 12.375], "texture": "#0"},
				"up": {"uv": [10.875, 12.25, 11, 12.375], "texture": "#0"},
				"down": {"uv": [10.875, 12.25, 11, 12.375], "texture": "#0"}
			}
		},
		{
			"name": "vampiric_needle_43",
			"from": [8.625, 4.375, 7.7],
			"to": [8.75, 4.5, 7.925],
			"faces": {
				"north": {"uv": [12.25, 12.25, 12.125, 12.375], "texture": "#0"},
				"east": {"uv": [12.125, 12.25, 12.25, 12.375], "texture": "#0"},
				"south": {"uv": [12.125, 12.25, 12.25, 12.375], "texture": "#0"},
				"west": {"uv": [12.125, 12.25, 12.25, 12.375], "texture": "#0"},
				"up": {"uv": [12.125, 12.25, 12.25, 12.375], "texture": "#0"},
				"down": {"uv": [12.125, 12.25, 12.25, 12.375], "texture": "#0"}
			}
		},
		{
			"name": "vampiric_needle_44",
			"from": [7.25, 4, 7.7],
			"to": [7.375, 4.375, 7.925],
			"faces": {
				"north": {"uv": [10.875, 12.375, 10.75, 12.75], "texture": "#0"},
				"east": {"uv": [10.75, 12.375, 10.875, 12.75], "texture": "#0"},
				"south": {"uv": [10.75, 12.375, 10.875, 12.75], "texture": "#0"},
				"west": {"uv": [10.75, 12.375, 10.875, 12.75], "texture": "#0"},
				"up": {"uv": [10.75, 12.375, 10.875, 12.5], "texture": "#0"},
				"down": {"uv": [10.75, 12.625, 10.875, 12.75], "texture": "#0"}
			}
		},
		{
			"name": "vampiric_needle_45",
			"from": [8.75, 4, 7.7],
			"to": [8.875, 4.375, 7.925],
			"faces": {
				"north": {"uv": [12.375, 12.375, 12.25, 12.75], "texture": "#0"},
				"east": {"uv": [12.25, 12.375, 12.375, 12.75], "texture": "#0"},
				"south": {"uv": [12.25, 12.375, 12.375, 12.75], "texture": "#0"},
				"west": {"uv": [12.25, 12.375, 12.375, 12.75], "texture": "#0"},
				"up": {"uv": [12.25, 12.375, 12.375, 12.5], "texture": "#0"},
				"down": {"uv": [12.25, 12.625, 12.375, 12.75], "texture": "#0"}
			}
		},
		{
			"name": "vampiric_needle_46",
			"from": [7.75, 2.25, 7.55],
			"to": [8.375, 2.5, 8.075],
			"faces": {
				"north": {"uv": [8.875, 13.5, 8.25, 13.75], "texture": "#0"},
				"east": {"uv": [8.75, 13.5, 8.875, 13.75], "texture": "#0"},
				"south": {"uv": [8.25, 13.5, 8.875, 13.75], "texture": "#0"},
				"west": {"uv": [8.25, 13.5, 8.375, 13.75], "texture": "#0"},
				"up": {"uv": [8.25, 13.5, 8.875, 13.625], "texture": "#0"},
				"down": {"uv": [8.25, 13.625, 8.875, 13.75], "texture": "#0"}
			}
		},
		{
			"name": "vampiric_needle_47",
			"from": [7.875, 2, 7.55],
			"to": [8.25, 2.25, 8.075],
			"faces": {
				"north": {"uv": [8.75, 13.75, 8.375, 14], "texture": "#0"},
				"east": {"uv": [8.625, 13.75, 8.75, 14], "texture": "#0"},
				"south": {"uv": [8.375, 13.75, 8.75, 14], "texture": "#0"},
				"west": {"uv": [8.375, 13.75, 8.5, 14], "texture": "#0"},
				"up": {"uv": [8.375, 13.75, 8.75, 13.875], "texture": "#0"},
				"down": {"uv": [8.375, 13.875, 8.75, 14], "texture": "#0"}
			}
		},
		{
			"name": "vampiric_needle_48",
			"from": [7.75, 2, 7.65],
			"to": [7.875, 2.125, 7.975],
			"faces": {
				"north": {"uv": [8.375, 14, 8.25, 14.125], "texture": "#0"},
				"east": {"uv": [8.25, 14, 8.375, 14.125], "texture": "#0"},
				"south": {"uv": [8.25, 14, 8.375, 14.125], "texture": "#0"},
				"west": {"uv": [8.25, 14, 8.375, 14.125], "texture": "#0"},
				"up": {"uv": [8.25, 14, 8.375, 14.125], "texture": "#0"},
				"down": {"uv": [8.25, 14, 8.375, 14.125], "texture": "#0"}
			}
		},
		{
			"name": "vampiric_needle_49",
			"from": [8.25, 2, 7.65],
			"to": [8.375, 2.125, 7.975],
			"faces": {
				"north": {"uv": [8.875, 14, 8.75, 14.125], "texture": "#0"},
				"east": {"uv": [8.75, 14, 8.875, 14.125], "texture": "#0"},
				"south": {"uv": [8.75, 14, 8.875, 14.125], "texture": "#0"},
				"west": {"uv": [8.75, 14, 8.875, 14.125], "texture": "#0"},
				"up": {"uv": [8.75, 14, 8.875, 14.125], "texture": "#0"},
				"down": {"uv": [8.75, 14, 8.875, 14.125], "texture": "#0"}
			}
		},
		{
			"name": "vampiric_needle_50",
			"from": [7.875, 1.875, 7.65],
			"to": [8.25, 2, 7.975],
			"faces": {
				"north": {"uv": [8.75, 14.125, 8.375, 14.25], "texture": "#0"},
				"east": {"uv": [8.625, 14.125, 8.75, 14.25], "texture": "#0"},
				"south": {"uv": [8.375, 14.125, 8.75, 14.25], "texture": "#0"},
				"west": {"uv": [8.375, 14.125, 8.5, 14.25], "texture": "#0"},
				"up": {"uv": [8.375, 14.125, 8.75, 14.25], "texture": "#0"},
				"down": {"uv": [8.375, 14.125, 8.75, 14.25], "texture": "#0"}
			}
		},
		{
			"name": "vampiric_needle_51",
			"from": [8, 1.375, 7.75],
			"to": [8.125, 1.875, 7.875],
			"faces": {
				"north": {"uv": [8.625, 14.25, 8.5, 14.75], "texture": "#0"},
				"east": {"uv": [8.5, 14.25, 8.625, 14.75], "texture": "#0"},
				"south": {"uv": [8.5, 14.25, 8.625, 14.75], "texture": "#0"},
				"west": {"uv": [8.5, 14.25, 8.625, 14.75], "texture": "#0"},
				"up": {"uv": [8.5, 14.25, 8.625, 14.375], "texture": "#0"},
				"down": {"uv": [8.5, 14.625, 8.625, 14.75], "texture": "#0"}
			}
		},
		{
			"name": "vampiric_needle_52",
			"from": [7.875, 1.625, 7.75],
			"to": [8, 1.75, 7.875],
			"faces": {
				"north": {"uv": [8.5, 14.375, 8.375, 14.5], "texture": "#0"},
				"east": {"uv": [8.375, 14.375, 8.5, 14.5], "texture": "#0"},
				"south": {"uv": [8.375, 14.375, 8.5, 14.5], "texture": "#0"},
				"west": {"uv": [8.375, 14.375, 8.5, 14.5], "texture": "#0"},
				"up": {"uv": [8.375, 14.375, 8.5, 14.5], "texture": "#0"},
				"down": {"uv": [8.375, 14.375, 8.5, 14.5], "texture": "#0"}
			}
		},
		{
			"name": "vampiric_needle_53",
			"from": [8.125, 1.625, 7.75],
			"to": [8.25, 1.75, 7.875],
			"faces": {
				"north": {"uv": [8.75, 14.375, 8.625, 14.5], "texture": "#0"},
				"east": {"uv": [8.625, 14.375, 8.75, 14.5], "texture": "#0"},
				"south": {"uv": [8.625, 14.375, 8.75, 14.5], "texture": "#0"},
				"west": {"uv": [8.625, 14.375, 8.75, 14.5], "texture": "#0"},
				"up": {"uv": [8.625, 14.375, 8.75, 14.5], "texture": "#0"},
				"down": {"uv": [8.625, 14.375, 8.75, 14.5], "texture": "#0"}
			}
		}
	],
	"gui_light": "front",
	"display": {
		"thirdperson_righthand": {
			"rotation": [0, -90, 0],
			"translation": [0, 11.5, 0.75],
			"scale": [3, 3, 2]
		},
		"thirdperson_lefthand": {
			"rotation": [0, 90, 0],
			"translation": [0.25, 11.5, 0.75],
			"scale": [3, 3, 2]
		},
		"firstperson_righthand": {
			"rotation": [-10.15, -79.82, -6.91],
			"translation": [-2.25, 10, 3.75],
			"scale": [2, 2, 1.75]
		},
		"firstperson_lefthand": {
			"rotation": [-157.25, 86.1, 158.91],
			"translation": [-2.25, 9.5, 4],
			"scale": [2, 2, 1.75]
		},
		"ground": {
			"translation": [0, -4.75, 0],
			"scale": [3, 3, 2.5]
		},
		"gui": {
			"rotation": [0, 0, -48],
			"translation": [4.75, 5, 0],
			"scale": [3, 3, 3]
		},
		"fixed": {
			"rotation": [-180, 0, 138],
			"translation": [-3.25, 6, -3],
			"scale": [4, 4, 3]
		}
	},
	"groups": [
		{
			"name": "vampiric_needle",
			"origin": [8, 8, 8],
			"color": 0,
			"children": [
				0,
				1,
				2,
				3,
				4,
				5,
				6,
				7,
				8,
				9,
				10,
				11,
				12,
				13,
				14,
				15,
				16,
				17,
				18,
				19,
				20,
				21,
				22,
				23,
				24,
				25,
				26,
				27,
				28,
				29,
				30,
				31,
				32,
				33,
				34,
				35,
				36,
				37,
				38,
				39,
				40,
				41,
				42,
				43,
				44,
				45,
				46,
				47,
				48,
				49,
				50,
				51,
				52,
				53
			]
		}
	]
}