{
	"credit": "Made by IceX2457",
	"texture_size": [32, 32],
	"textures": {
		"0": "item/diamond_sword/w1_sword",
		"particle": "item/diamond_sword/w1_sword"
	},
	"elements": [
		{
			"from": [7.5, -5, 7.5],
			"to": [8.5, 3.5, 8.5],
			"faces": {
				"north": {"uv": [12, 0, 13, 9], "texture": "#0"},
				"east": {"uv": [13, 0, 14, 9], "texture": "#0"},
				"south": {"uv": [14, 0, 15, 9], "texture": "#0"},
				"west": {"uv": [15, 0, 16, 9], "texture": "#0"},
				"up": {"uv": [12, 1, 11, 0], "texture": "#0"},
				"down": {"uv": [12, 1, 11, 2], "texture": "#0"}
			}
		},
		{
			"from": [7.4, 3, 5.5],
			"to": [8.6, 3.75, 10.5],
			"faces": {
				"north": {"uv": [2, 2, 3, 3], "texture": "#0"},
				"east": {"uv": [0, 0, 5, 1], "texture": "#0"},
				"south": {"uv": [2, 3, 3, 4], "texture": "#0"},
				"west": {"uv": [0, 1, 5, 2], "texture": "#0"},
				"up": {"uv": [1, 7, 0, 2], "texture": "#0"},
				"down": {"uv": [2, 2, 1, 7], "texture": "#0"}
			}
		},
		{
			"from": [7.3, -5, 7.3],
			"to": [8.7, -4.25, 8.7],
			"faces": {
				"north": {"uv": [1, 0, 2, 1], "texture": "#0"},
				"east": {"uv": [2, 0, 3, 1], "texture": "#0"},
				"south": {"uv": [3, 0, 4, 1], "texture": "#0"},
				"west": {"uv": [2, 1, 3, 2], "texture": "#0"},
				"up": {"uv": [5, 1, 4, 0], "texture": "#0"},
				"down": {"uv": [3, 2, 2, 3], "texture": "#0"}
			}
		},
		{
			"from": [7.4, -1, 7.4],
			"to": [8.6, -0.5, 8.6],
			"faces": {
				"north": {"uv": [0, 2, 1, 3], "texture": "#0"},
				"east": {"uv": [1, 2, 2, 3], "texture": "#0"},
				"south": {"uv": [2, 2, 3, 3], "texture": "#0"},
				"west": {"uv": [3, 0, 4, 1], "texture": "#0"},
				"up": {"uv": [4, 3, 3, 2], "texture": "#0"},
				"down": {"uv": [4, 1, 3, 2], "texture": "#0"}
			}
		},
		{
			"from": [7.45, -5.25, 7.45],
			"to": [8.55, -4.5, 8.55],
			"faces": {
				"north": {"uv": [3, 4, 4, 5], "texture": "#0"},
				"east": {"uv": [2, 3, 3, 4], "texture": "#0"},
				"south": {"uv": [2, 4, 3, 5], "texture": "#0"},
				"west": {"uv": [0, 4, 1, 5], "texture": "#0"},
				"up": {"uv": [4, 4, 3, 3], "texture": "#0"},
				"down": {"uv": [2, 4, 1, 5], "texture": "#0"}
			}
		},
		{
			"from": [7.5, 3.25, 4],
			"to": [8.5, 4, 6.5],
			"faces": {
				"north": {"uv": [1, 3, 2, 4], "texture": "#0"},
				"east": {"uv": [0, 1, 3, 2], "texture": "#0"},
				"south": {"uv": [4, 3, 5, 4], "texture": "#0"},
				"west": {"uv": [0, 2, 3, 3], "texture": "#0"},
				"up": {"uv": [4, 3, 3, 0], "texture": "#0"},
				"down": {"uv": [5, 0, 4, 3], "texture": "#0"}
			}
		},
		{
			"from": [7.5, 3.25, 9.5],
			"to": [8.5, 4, 12],
			"faces": {
				"north": {"uv": [2, 2, 3, 3], "texture": "#0"},
				"east": {"uv": [0, 0, 3, 1], "texture": "#0"},
				"south": {"uv": [3, 0, 4, 1], "texture": "#0"},
				"west": {"uv": [2, 1, 5, 2], "texture": "#0"},
				"up": {"uv": [2, 4, 1, 1], "texture": "#0"},
				"down": {"uv": [1, 1, 0, 4], "texture": "#0"}
			}
		},
		{
			"from": [7.3, 3, 6.75],
			"to": [8.7, 3.75, 9.25],
			"faces": {
				"north": {"uv": [1, 5, 2, 6], "texture": "#0"},
				"east": {"uv": [1, 3, 4, 4], "texture": "#0"},
				"south": {"uv": [3, 5, 4, 6], "texture": "#0"},
				"west": {"uv": [1, 4, 4, 5], "texture": "#0"},
				"up": {"uv": [5, 3, 4, 0], "texture": "#0"},
				"down": {"uv": [1, 3, 0, 6], "texture": "#0"}
			}
		},
		{
			"from": [7.9, 10.15, 6.75],
			"to": [8.1, 13, 9.25],
			"faces": {
				"north": {"uv": [11, 9, 11.5, 10], "texture": "#0"},
				"east": {"uv": [9.5, 8, 11, 9], "texture": "#0"},
				"south": {"uv": [11, 10, 11.5, 11], "texture": "#0"},
				"west": {"uv": [9.5, 9, 11, 10], "texture": "#0"},
				"up": {"uv": [9.5, 13, 9, 11.5], "texture": "#0"},
				"down": {"uv": [11, 10, 10.5, 11.5], "texture": "#0"}
			}
		},
		{
			"from": [7.9, 12.95, 6.95],
			"to": [8.1, 29, 9.05],
			"faces": {
				"north": {"uv": [2, 8, 2.5, 15.5], "texture": "#0"},
				"east": {"uv": [0, 8, 1, 15.5], "texture": "#0"},
				"south": {"uv": [2.5, 8, 3, 15.5], "texture": "#0"},
				"west": {"uv": [1, 8, 2, 15.5], "texture": "#0"},
				"up": {"uv": [4.5, 11, 4, 10], "texture": "#0"},
				"down": {"uv": [5.5, 9, 5, 10], "texture": "#0"}
			}
		},
		{
			"from": [7.9, 29, 7.15],
			"to": [8.1, 29.4, 8.85],
			"faces": {
				"north": {"uv": [2, 9.5, 2.5, 10], "texture": "#0"},
				"east": {"uv": [1, 13, 2, 13.5], "texture": "#0"},
				"south": {"uv": [3, 9, 3.5, 9.5], "texture": "#0"},
				"west": {"uv": [1.5, 9, 2.5, 9.5], "texture": "#0"},
				"up": {"uv": [2, 10.5, 1.5, 9.5], "texture": "#0"},
				"down": {"uv": [2, 10.5, 1.5, 11.5], "texture": "#0"}
			}
		},
		{
			"from": [7.9, 29.4, 7.35],
			"to": [8.1, 29.8, 8.65],
			"faces": {
				"north": {"uv": [6, 10, 6.5, 10.5], "texture": "#0"},
				"east": {"uv": [2.5, 14, 3, 14.5], "texture": "#0"},
				"south": {"uv": [6, 10.5, 6.5, 11], "texture": "#0"},
				"west": {"uv": [3, 14, 3.5, 14.5], "texture": "#0"},
				"up": {"uv": [6.5, 11.5, 6, 11], "texture": "#0"},
				"down": {"uv": [4, 14, 3.5, 14.5], "texture": "#0"}
			}
		},
		{
			"from": [7.9, 3.75, 6.75],
			"to": [8.1, 9.35, 9.25],
			"faces": {
				"north": {"uv": [4.5, 9.5, 5, 12.5], "texture": "#0"},
				"east": {"uv": [0, 9.5, 1.5, 12.5], "texture": "#0"},
				"south": {"uv": [2, 9.5, 2.5, 12.5], "texture": "#0"},
				"west": {"uv": [0, 12.5, 1.5, 15.5], "texture": "#0"},
				"up": {"uv": [6, 12.5, 5.5, 11], "texture": "#0"},
				"down": {"uv": [2, 11.5, 1.5, 13], "texture": "#0"}
			}
		},
		{
			"from": [7.9, 9.6, 5.8],
			"to": [8.1, 9.9, 10.2],
			"faces": {
				"north": {"uv": [3, 12.5, 3.5, 13], "texture": "#0"},
				"east": {"uv": [1, 9, 3, 9.5], "texture": "#0"},
				"south": {"uv": [1, 15, 1.5, 15.5], "texture": "#0"},
				"west": {"uv": [1, 9.5, 3, 10], "texture": "#0"},
				"up": {"uv": [1.5, 14, 1, 12], "texture": "#0"},
				"down": {"uv": [0.5, 9.5, 0, 11.5], "texture": "#0"}
			}
		},
		{
			"from": [7.9, 9.35, 6.15],
			"to": [8.1, 9.6, 9.85],
			"faces": {
				"north": {"uv": [3, 11, 3.5, 11.5], "texture": "#0"},
				"east": {"uv": [2.5, 9, 4.5, 9.5], "texture": "#0"},
				"south": {"uv": [1.5, 13, 2, 13.5], "texture": "#0"},
				"west": {"uv": [2.5, 9.5, 4.5, 10], "texture": "#0"},
				"up": {"uv": [1, 11.5, 0.5, 9.5], "texture": "#0"},
				"down": {"uv": [1.5, 9.5, 1, 11.5], "texture": "#0"}
			}
		},
		{
			"from": [7.9, 9.9, 6.15],
			"to": [8.1, 10.15, 9.85],
			"faces": {
				"north": {"uv": [3, 12.5, 3.5, 13], "texture": "#0"},
				"east": {"uv": [1.5, 11, 3.5, 11.5], "texture": "#0"},
				"south": {"uv": [2, 14, 2.5, 14.5], "texture": "#0"},
				"west": {"uv": [1.5, 11.5, 3.5, 12], "texture": "#0"},
				"up": {"uv": [1, 10.5, 0.5, 8.5], "texture": "#0"},
				"down": {"uv": [4, 8.5, 3.5, 10.5], "texture": "#0"}
			}
		},
		{
			"from": [7.8, 13, 7.45],
			"to": [8.2, 29, 8.55],
			"faces": {
				"north": {"uv": [7, 0, 7.5, 8], "texture": "#0"},
				"east": {"uv": [7.5, 0, 8, 8], "texture": "#0"},
				"south": {"uv": [8, 0, 8.5, 8], "texture": "#0"},
				"west": {"uv": [8.5, 0, 9, 8], "texture": "#0"},
				"up": {"uv": [6.5, 5, 6, 4.5], "texture": "#0"},
				"down": {"uv": [10, 1, 9.5, 1.5], "texture": "#0"}
			}
		},
		{
			"from": [7.8, 29, 7.65],
			"to": [8.2, 29.4, 8.35],
			"faces": {
				"north": {"uv": [6.5, 4.5, 7, 5], "texture": "#0"},
				"east": {"uv": [9.5, 1.5, 10, 2], "texture": "#0"},
				"south": {"uv": [9.5, 2, 10, 2.5], "texture": "#0"},
				"west": {"uv": [9.5, 2.5, 10, 3], "texture": "#0"},
				"up": {"uv": [10, 3.5, 9.5, 3], "texture": "#0"},
				"down": {"uv": [10, 3.5, 9.5, 4], "texture": "#0"}
			}
		},
		{
			"from": [7.8, 3.75, 7.25],
			"to": [8.2, 13, 8.75],
			"faces": {
				"north": {"uv": [9, 0, 9.5, 4.5], "texture": "#0"},
				"east": {"uv": [5, 0, 6, 4.5], "texture": "#0"},
				"south": {"uv": [8, 0, 8.5, 4.5], "texture": "#0"},
				"west": {"uv": [6, 0, 7, 4.5], "texture": "#0"},
				"up": {"uv": [10, 1, 9.5, 0], "texture": "#0"},
				"down": {"uv": [6, 4.5, 5.5, 5.5], "texture": "#0"}
			}
		},
		{
			"from": [7.8, 9.6, 8.75],
			"to": [8.2, 9.9, 9.5],
			"faces": {
				"north": {"uv": [9, 4.5, 9.5, 5], "texture": "#0"},
				"east": {"uv": [9.5, 4, 10, 4.5], "texture": "#0"},
				"south": {"uv": [9.5, 4.5, 10, 5], "texture": "#0"},
				"west": {"uv": [10, 0, 10.5, 0.5], "texture": "#0"},
				"up": {"uv": [10.5, 1, 10, 0.5], "texture": "#0"},
				"down": {"uv": [6.5, 5, 6, 5.5], "texture": "#0"}
			}
		},
		{
			"from": [7.8, 9.6, 6.5],
			"to": [8.2, 9.9, 7.25],
			"faces": {
				"north": {"uv": [10, 1, 10.5, 1.5], "texture": "#0"},
				"east": {"uv": [6.5, 5, 7, 5.5], "texture": "#0"},
				"south": {"uv": [10, 1.5, 10.5, 2], "texture": "#0"},
				"west": {"uv": [10, 2, 10.5, 2.5], "texture": "#0"},
				"up": {"uv": [10.5, 3, 10, 2.5], "texture": "#0"},
				"down": {"uv": [10.5, 3, 10, 3.5], "texture": "#0"}
			}
		}
	],
	"display": {
		"thirdperson_righthand": {
			"rotation": [-8, 0, 0],
			"translation": [0, 4.25, 0.25],
			"scale": [0.9, 0.9, 0.9]
		},
		"thirdperson_lefthand": {
			"rotation": [-8, 0, 0],
			"translation": [0, 4.25, 0.25],
			"scale": [0.9, 0.9, 0.9]
		},
		"firstperson_righthand": {
			"rotation": [-27, 6, -2],
			"translation": [2.25, 4, -2.25],
			"scale": [1.1, 1.1, 1.1]
		},
		"firstperson_lefthand": {
			"rotation": [-27, 6, -2],
			"translation": [2.25, 4, -2.25],
			"scale": [1.1, 1.1, 1.1]
		},
		"ground": {
			"translation": [0, 10.75, 0]
		},
		"gui": {
			"rotation": [0, 90, 0],
			"translation": [0, -3.5, -0.5],
			"scale": [0.7, 0.7, 0.7]
		},
		"head": {
			"rotation": [146.59, 72.39, 26.6],
			"translation": [6, -21, 3.75],
			"scale": [0.9, 0.9, 0.9]
		},
		"fixed": {
			"rotation": [0, 90, 0],
			"translation": [0, -3.5, -0.5],
			"scale": [0.7, 0.7, 0.7]
		}
	},
	"groups": [
		{
			"name": "group",
			"origin": [0, 0, 0],
			"color": 0,
			"children": [
				{
					"name": "group",
					"origin": [0, 0, 0],
					"color": 0,
					"children": [
						0,
						{
							"name": "group",
							"origin": [0, 0, 0],
							"color": 0,
							"children": [1, 2, 3, 4, 5, 6, 7]
						}
					]
				},
				{
					"name": "group",
					"origin": [8, 8, 8],
					"color": 0,
					"children": [
						8,
						9,
						10,
						11,
						12,
						13,
						14,
						15,
						{
							"name": "group",
							"origin": [8, 8, 8],
							"color": 0,
							"children": [16, 17, 18, 19, 20]
						}
					]
				}
			]
		}
	]
}