{
	"credit": "Made with Blockbench",
	"textures": {
		"0": "item/diamond_sword/wakizashi",
		"particle": "item/diamond_sword/wakizashi"
	},
	"elements": [
		{
			"name": "wakizashi_0",
			"from": [8.25, 8.25, 8],
			"to": [8.375, 8.625, 8.125],
			"faces": {
				"north": {"uv": [8.375, 5.375, 8.25, 5.75], "texture": "#0"},
				"east": {"uv": [8.25, 5.375, 8.375, 5.75], "texture": "#0"},
				"south": {"uv": [8.25, 5.375, 8.375, 5.75], "texture": "#0"},
				"west": {"uv": [8.25, 5.375, 8.375, 5.75], "texture": "#0"},
				"up": {"uv": [8.25, 5.375, 8.375, 5.5], "texture": "#0"}
			}
		},
		{
			"name": "wakizashi_1",
			"from": [8.125, 8.125, 8],
			"to": [8.25, 8.5, 8.125],
			"faces": {
				"north": {"uv": [8.25, 5.5, 8.125, 5.875], "texture": "#0"},
				"south": {"uv": [8.125, 5.5, 8.25, 5.875], "texture": "#0"},
				"west": {"uv": [8.125, 5.5, 8.25, 5.875], "texture": "#0"},
				"up": {"uv": [8.125, 5.5, 8.25, 5.625], "texture": "#0"}
			}
		},
		{
			"name": "wakizashi_2",
			"from": [8, 8, 8],
			"to": [8.125, 8.375, 8.125],
			"faces": {
				"north": {"uv": [8.125, 5.625, 8, 6], "texture": "#0"},
				"south": {"uv": [8, 5.625, 8.125, 6], "texture": "#0"},
				"west": {"uv": [8, 5.625, 8.125, 6], "texture": "#0"},
				"up": {"uv": [8, 5.625, 8.125, 5.75], "texture": "#0"}
			}
		},
		{
			"name": "wakizashi_3",
			"from": [7.875, 7.75, 8],
			"to": [8, 8.25, 8.125],
			"faces": {
				"north": {"uv": [8, 5.75, 7.875, 6.25], "texture": "#0"},
				"south": {"uv": [7.875, 5.75, 8, 6.25], "texture": "#0"},
				"west": {"uv": [7.875, 5.75, 8, 6.25], "texture": "#0"},
				"up": {"uv": [7.875, 5.75, 8, 5.875], "texture": "#0"}
			}
		},
		{
			"name": "wakizashi_4",
			"from": [8.25, 8, 7.95],
			"to": [8.375, 8.25, 8.175],
			"faces": {
				"north": {"uv": [8.625, 5.75, 8.5, 6], "texture": "#0"},
				"east": {"uv": [8.5, 5.75, 8.625, 6], "texture": "#0"},
				"south": {"uv": [8.5, 5.75, 8.625, 6], "texture": "#0"},
				"west": {"uv": [8.5, 5.75, 8.625, 6], "texture": "#0"},
				"up": {"uv": [8.5, 5.75, 8.625, 5.875], "texture": "#0"},
				"down": {"uv": [8.5, 5.875, 8.625, 6], "texture": "#0"}
			}
		},
		{
			"name": "wakizashi_5",
			"from": [8.125, 7.75, 7.95],
			"to": [8.25, 8.125, 8.175],
			"faces": {
				"north": {"uv": [8.5, 5.875, 8.375, 6.25], "texture": "#0"},
				"east": {"uv": [8.375, 5.875, 8.5, 6.25], "texture": "#0"},
				"south": {"uv": [8.375, 5.875, 8.5, 6.25], "texture": "#0"},
				"west": {"uv": [8.375, 5.875, 8.5, 6.25], "texture": "#0"},
				"up": {"uv": [8.375, 5.875, 8.5, 6], "texture": "#0"},
				"down": {"uv": [8.375, 6.125, 8.5, 6.25], "texture": "#0"}
			}
		},
		{
			"name": "wakizashi_6",
			"from": [7.75, 5.5, 8],
			"to": [7.875, 8, 8.125],
			"faces": {
				"north": {"uv": [7.875, 6, 7.75, 8.5], "texture": "#0"},
				"south": {"uv": [7.75, 6, 7.875, 8.5], "texture": "#0"},
				"west": {"uv": [7.75, 6, 7.875, 8.5], "texture": "#0"},
				"up": {"uv": [7.75, 6, 7.875, 6.125], "texture": "#0"}
			}
		},
		{
			"name": "wakizashi_7",
			"from": [8, 5.5, 7.95],
			"to": [8.125, 8, 8.175],
			"faces": {
				"north": {"uv": [8.375, 6, 8.25, 8.5], "texture": "#0"},
				"east": {"uv": [8.25, 6, 8.375, 8.5], "texture": "#0"},
				"south": {"uv": [8.25, 6, 8.375, 8.5], "texture": "#0"},
				"west": {"uv": [8.25, 6, 8.375, 8.5], "texture": "#0"},
				"up": {"uv": [8.25, 6, 8.375, 6.125], "texture": "#0"},
				"down": {"uv": [8.25, 8.375, 8.375, 8.5], "texture": "#0"}
			}
		},
		{
			"name": "wakizashi_8",
			"from": [7.625, 4, 8],
			"to": [7.75, 7.75, 8.125],
			"faces": {
				"north": {"uv": [7.75, 6.25, 7.625, 10], "texture": "#0"},
				"south": {"uv": [7.625, 6.25, 7.75, 10], "texture": "#0"},
				"west": {"uv": [7.625, 6.25, 7.75, 10], "texture": "#0"},
				"up": {"uv": [7.625, 6.25, 7.75, 6.375], "texture": "#0"}
			}
		},
		{
			"name": "wakizashi_9",
			"from": [7.875, 4, 7.95],
			"to": [8, 7.75, 8.175],
			"faces": {
				"north": {"uv": [8.25, 6.25, 8.125, 10], "texture": "#0"},
				"east": {"uv": [8.125, 6.25, 8.25, 10], "texture": "#0"},
				"south": {"uv": [8.125, 6.25, 8.25, 10], "texture": "#0"},
				"west": {"uv": [8.125, 6.25, 8.25, 10], "texture": "#0"},
				"up": {"uv": [8.125, 6.25, 8.25, 6.375], "texture": "#0"}
			}
		},
		{
			"name": "wakizashi_10",
			"from": [7.5, 4, 8],
			"to": [7.625, 5.5, 8.125],
			"faces": {
				"north": {"uv": [7.625, 8.5, 7.5, 10], "texture": "#0"},
				"south": {"uv": [7.5, 8.5, 7.625, 10], "texture": "#0"},
				"west": {"uv": [7.5, 8.5, 7.625, 10], "texture": "#0"},
				"up": {"uv": [7.5, 8.5, 7.625, 8.625], "texture": "#0"}
			}
		},
		{
			"name": "wakizashi_11",
			"from": [7.75, 4, 7.95],
			"to": [7.875, 5.5, 8.175],
			"faces": {
				"north": {"uv": [8.125, 8.5, 8, 10], "texture": "#0"},
				"south": {"uv": [8, 8.5, 8.125, 10], "texture": "#0"},
				"west": {"uv": [8, 8.5, 8.125, 10], "texture": "#0"},
				"up": {"uv": [8, 8.5, 8.125, 8.625], "texture": "#0"}
			}
		},
		{
			"name": "wakizashi_12",
			"from": [7.5, 3.625, 7.9],
			"to": [8, 4, 8.225],
			"faces": {
				"north": {"uv": [8, 10.25, 7.5, 10.625], "texture": "#0"},
				"east": {"uv": [7.875, 10.25, 8, 10.625], "texture": "#0"},
				"south": {"uv": [7.5, 10.25, 8, 10.625], "texture": "#0"},
				"west": {"uv": [7.5, 10.25, 7.625, 10.625], "texture": "#0"},
				"up": {"uv": [7.5, 10.25, 8, 10.375], "texture": "#0"}
			}
		},
		{
			"name": "wakizashi_13",
			"from": [7.25, 3.375, 7.7],
			"to": [8.25, 3.625, 8.425],
			"faces": {
				"north": {"uv": [8.25, 10.875, 7.25, 11.125], "texture": "#0"},
				"east": {"uv": [8.125, 10.875, 8.25, 11.125], "texture": "#0"},
				"south": {"uv": [7.25, 10.875, 8.25, 11.125], "texture": "#0"},
				"west": {"uv": [7.25, 10.875, 7.375, 11.125], "texture": "#0"},
				"up": {"uv": [7.25, 10.875, 8.25, 11], "texture": "#0"},
				"down": {"uv": [7.25, 11, 8.25, 11.125], "texture": "#0"}
			}
		},
		{
			"name": "wakizashi_14",
			"from": [7.5, 2.375, 7.9],
			"to": [8, 3.375, 8.225],
			"faces": {
				"north": {"uv": [8, 11.375, 7.5, 12.375], "texture": "#0"},
				"east": {"uv": [7.875, 11.375, 8, 12.375], "texture": "#0"},
				"south": {"uv": [7.5, 11.375, 8, 12.375], "texture": "#0"},
				"west": {"uv": [7.5, 11.375, 7.625, 12.375], "texture": "#0"},
				"down": {"uv": [7.5, 12.25, 8, 12.375], "texture": "#0"}
			}
		},
		{
			"name": "wakizashi_15",
			"from": [7.625, 1.375, 7.9],
			"to": [8, 2.375, 8.225],
			"faces": {
				"north": {"uv": [8, 12.375, 7.625, 13.375], "texture": "#0"},
				"east": {"uv": [7.875, 12.375, 8, 13.375], "texture": "#0"},
				"south": {"uv": [7.625, 12.375, 8, 13.375], "texture": "#0"},
				"west": {"uv": [7.625, 12.375, 7.75, 13.375], "texture": "#0"}
			}
		},
		{
			"name": "wakizashi_16",
			"from": [8, 1.375, 7.9],
			"to": [8.125, 2.125, 8.225],
			"faces": {
				"north": {"uv": [8.125, 12.625, 8, 13.375], "texture": "#0"},
				"east": {"uv": [8, 12.625, 8.125, 13.375], "texture": "#0"},
				"south": {"uv": [8, 12.625, 8.125, 13.375], "texture": "#0"},
				"up": {"uv": [8, 12.625, 8.125, 12.75], "texture": "#0"}
			}
		},
		{
			"name": "wakizashi_17",
			"from": [7.625, 1, 7.9],
			"to": [8.125, 1.375, 8.225],
			"faces": {
				"north": {"uv": [8.125, 13.625, 7.625, 14], "texture": "#0"},
				"east": {"uv": [8, 13.625, 8.125, 14], "texture": "#0"},
				"south": {"uv": [7.625, 13.625, 8.125, 14], "texture": "#0"},
				"west": {"uv": [7.625, 13.625, 7.75, 14], "texture": "#0"},
				"down": {"uv": [7.625, 13.875, 8.125, 14], "texture": "#0"}
			}
		}
	],
	"gui_light": "front",
	"display": {
		"thirdperson_righthand": {
			"rotation": [0, -90, 0],
			"translation": [0, 11.25, 1.5],
			"scale": [2.4, 2.4, 2.4]
		},
		"thirdperson_lefthand": {
			"rotation": [180, -90, 0],
			"translation": [0, -15.25, 1.25],
			"scale": [2.4, 2.4, 2.4]
		},
		"firstperson_righthand": {
			"rotation": [-4, -90, -8],
			"translation": [2.5, 10.25, -0.25],
			"scale": [2, 2, 2]
		},
		"firstperson_lefthand": {
			"rotation": [9, 90, -8],
			"translation": [1.75, 10.5, -0.5],
			"scale": [2, 2, 2]
		},
		"ground": {
			"translation": [0, 7.75, 0],
			"scale": [2, 2, 2]
		},
		"gui": {
			"rotation": [0, 0, -42],
			"translation": [7, 7.5, 0],
			"scale": [3, 3, 3]
		},
		"head": {
			"rotation": [0, 0, -132],
			"translation": [7.25, -29.75, 4.75],
			"scale": [3, 3, 3]
		},
		"fixed": {
			"rotation": [-180, 0, 138],
			"translation": [-8.5, 10, -1.25],
			"scale": [4, 4, 3]
		}
	},
	"groups": [
		{
			"name": "wakizashi",
			"origin": [8, 8, 8],
			"color": 0,
			"nbt": "{}",
			"children": [0, 1, 2, 3, 4, 5, 6, 7, 8, 9, 10, 11, 12, 13, 14, 15, 16, 17]
		}
	]
}