{
	"credit": "Made with Blockbench",
	"textures": {
		"0": "item/diamond_sword/watching_warglaive",
		"particle": "item/diamond_sword/watching_warglaive"
	},
	"elements": [
		{
			"name": "ww3_0",
			"from": [9.625, 14.5, 7.95],
			"to": [9.875, 14.625, 8.175],
			"rotation": {"angle": 0, "axis": "y", "origin": [0, 0, 8]},
			"faces": {
				"north": {"uv": [9.875, 1.375, 9.625, 1.5], "texture": "#0"},
				"east": {"uv": [9.75, 1.375, 9.875, 1.5], "texture": "#0"},
				"south": {"uv": [9.625, 1.375, 9.875, 1.5], "texture": "#0"},
				"west": {"uv": [9.625, 1.375, 9.75, 1.5], "texture": "#0"},
				"up": {"uv": [9.625, 1.375, 9.875, 1.5], "texture": "#0"},
				"down": {"uv": [9.625, 1.375, 9.875, 1.5], "texture": "#0"}
			}
		},
		{
			"name": "ww3_1",
			"from": [9.375, 14.25, 7.95],
			"to": [9.625, 14.5, 8.175],
			"rotation": {"angle": 0, "axis": "y", "origin": [0, 0, 8]},
			"faces": {
				"north": {"uv": [9.625, 1.5, 9.375, 1.75], "texture": "#0"},
				"east": {"uv": [9.5, 1.5, 9.625, 1.75], "texture": "#0"},
				"south": {"uv": [9.375, 1.5, 9.625, 1.75], "texture": "#0"},
				"west": {"uv": [9.375, 1.5, 9.5, 1.75], "texture": "#0"},
				"up": {"uv": [9.375, 1.5, 9.625, 1.625], "texture": "#0"},
				"down": {"uv": [9.375, 1.625, 9.625, 1.75], "texture": "#0"}
			}
		},
		{
			"name": "ww3_2",
			"from": [9.625, 14.375, 7.95],
			"to": [9.75, 14.5, 8.175],
			"rotation": {"angle": 0, "axis": "y", "origin": [0, 0, 8]},
			"faces": {
				"north": {"uv": [9.75, 1.5, 9.625, 1.625], "texture": "#0"},
				"east": {"uv": [9.625, 1.5, 9.75, 1.625], "texture": "#0"},
				"south": {"uv": [9.625, 1.5, 9.75, 1.625], "texture": "#0"},
				"west": {"uv": [9.625, 1.5, 9.75, 1.625], "texture": "#0"},
				"up": {"uv": [9.625, 1.5, 9.75, 1.625], "texture": "#0"},
				"down": {"uv": [9.625, 1.5, 9.75, 1.625], "texture": "#0"}
			}
		},
		{
			"name": "ww3_3",
			"from": [9.25, 13.875, 7.95],
			"to": [9.375, 14.375, 8.175],
			"rotation": {"angle": 0, "axis": "y", "origin": [0, 0, 8]},
			"faces": {
				"north": {"uv": [9.375, 1.625, 9.25, 2.125], "texture": "#0"},
				"east": {"uv": [9.25, 1.625, 9.375, 2.125], "texture": "#0"},
				"south": {"uv": [9.25, 1.625, 9.375, 2.125], "texture": "#0"},
				"west": {"uv": [9.25, 1.625, 9.375, 2.125], "texture": "#0"},
				"up": {"uv": [9.25, 1.625, 9.375, 1.75], "texture": "#0"},
				"down": {"uv": [9.25, 2, 9.375, 2.125], "texture": "#0"}
			}
		},
		{
			"name": "ww3_4",
			"from": [9.125, 13.625, 7.95],
			"to": [9.25, 14.25, 8.175],
			"rotation": {"angle": 0, "axis": "y", "origin": [0, 0, 8]},
			"faces": {
				"north": {"uv": [9.25, 1.75, 9.125, 2.375], "texture": "#0"},
				"east": {"uv": [9.125, 1.75, 9.25, 2.375], "texture": "#0"},
				"south": {"uv": [9.125, 1.75, 9.25, 2.375], "texture": "#0"},
				"west": {"uv": [9.125, 1.75, 9.25, 2.375], "texture": "#0"},
				"up": {"uv": [9.125, 1.75, 9.25, 1.875], "texture": "#0"},
				"down": {"uv": [9.125, 2.25, 9.25, 2.375], "texture": "#0"}
			}
		},
		{
			"name": "ww3_5",
			"from": [9.375, 14, 7.95],
			"to": [9.5, 14.25, 8.175],
			"rotation": {"angle": 0, "axis": "y", "origin": [0, 0, 8]},
			"faces": {
				"north": {"uv": [9.5, 1.75, 9.375, 2], "texture": "#0"},
				"east": {"uv": [9.375, 1.75, 9.5, 2], "texture": "#0"},
				"south": {"uv": [9.375, 1.75, 9.5, 2], "texture": "#0"},
				"west": {"uv": [9.375, 1.75, 9.5, 2], "texture": "#0"},
				"up": {"uv": [9.375, 1.75, 9.5, 1.875], "texture": "#0"},
				"down": {"uv": [9.375, 1.875, 9.5, 2], "texture": "#0"}
			}
		},
		{
			"name": "ww3_6",
			"from": [9, 13.375, 7.95],
			"to": [9.125, 14.125, 8.175],
			"rotation": {"angle": 0, "axis": "y", "origin": [0, 0, 8]},
			"faces": {
				"north": {"uv": [9.125, 1.875, 9, 2.625], "texture": "#0"},
				"east": {"uv": [9, 1.875, 9.125, 2.625], "texture": "#0"},
				"south": {"uv": [9, 1.875, 9.125, 2.625], "texture": "#0"},
				"west": {"uv": [9, 1.875, 9.125, 2.625], "texture": "#0"},
				"up": {"uv": [9, 1.875, 9.125, 2], "texture": "#0"},
				"down": {"uv": [9, 2.5, 9.125, 2.625], "texture": "#0"}
			}
		},
		{
			"name": "ww3_7",
			"from": [8.875, 13.125, 7.95],
			"to": [9, 14, 8.175],
			"rotation": {"angle": 0, "axis": "y", "origin": [0, 0, 8]},
			"faces": {
				"north": {"uv": [9, 2, 8.875, 2.875], "texture": "#0"},
				"east": {"uv": [8.875, 2, 9, 2.875], "texture": "#0"},
				"south": {"uv": [8.875, 2, 9, 2.875], "texture": "#0"},
				"west": {"uv": [8.875, 2, 9, 2.875], "texture": "#0"},
				"up": {"uv": [8.875, 2, 9, 2.125], "texture": "#0"},
				"down": {"uv": [8.875, 2.75, 9, 2.875], "texture": "#0"}
			}
		},
		{
			"name": "ww3_8",
			"from": [8.75, 12.625, 7.95],
			"to": [8.875, 13.875, 8.175],
			"rotation": {"angle": 0, "axis": "y", "origin": [0, 0, 8]},
			"faces": {
				"north": {"uv": [8.875, 2.125, 8.75, 3.375], "texture": "#0"},
				"east": {"uv": [8.75, 2.125, 8.875, 3.375], "texture": "#0"},
				"south": {"uv": [8.75, 2.125, 8.875, 3.375], "texture": "#0"},
				"west": {"uv": [8.75, 2.125, 8.875, 3.375], "texture": "#0"},
				"up": {"uv": [8.75, 2.125, 8.875, 2.25], "texture": "#0"},
				"down": {"uv": [8.75, 3.25, 8.875, 3.375], "texture": "#0"}
			}
		},
		{
			"name": "ww3_9",
			"from": [8.625, 12.25, 7.95],
			"to": [8.75, 13.75, 8.175],
			"rotation": {"angle": 0, "axis": "y", "origin": [0, 0, 8]},
			"faces": {
				"north": {"uv": [8.75, 2.25, 8.625, 3.75], "texture": "#0"},
				"east": {"uv": [8.625, 2.25, 8.75, 3.75], "texture": "#0"},
				"south": {"uv": [8.625, 2.25, 8.75, 3.75], "texture": "#0"},
				"west": {"uv": [8.625, 2.25, 8.75, 3.75], "texture": "#0"},
				"up": {"uv": [8.625, 2.25, 8.75, 2.375], "texture": "#0"},
				"down": {"uv": [8.625, 3.625, 8.75, 3.75], "texture": "#0"}
			}
		},
		{
			"name": "ww3_10",
			"from": [8.5, 11.75, 7.95],
			"to": [8.625, 13.625, 8.175],
			"rotation": {"angle": 0, "axis": "y", "origin": [0, 0, 8]},
			"faces": {
				"north": {"uv": [8.625, 2.375, 8.5, 4.25], "texture": "#0"},
				"east": {"uv": [8.5, 2.375, 8.625, 4.25], "texture": "#0"},
				"south": {"uv": [8.5, 2.375, 8.625, 4.25], "texture": "#0"},
				"west": {"uv": [8.5, 2.375, 8.625, 4.25], "texture": "#0"},
				"up": {"uv": [8.5, 2.375, 8.625, 2.5], "texture": "#0"},
				"down": {"uv": [8.5, 4.125, 8.625, 4.25], "texture": "#0"}
			}
		},
		{
			"name": "ww3_11",
			"from": [8.375, 10.5, 7.95],
			"to": [8.5, 13.375, 8.175],
			"rotation": {"angle": 0, "axis": "y", "origin": [0, 0, 8]},
			"faces": {
				"north": {"uv": [8.5, 2.625, 8.375, 5.5], "texture": "#0"},
				"east": {"uv": [8.375, 2.625, 8.5, 5.5], "texture": "#0"},
				"south": {"uv": [8.375, 2.625, 8.5, 5.5], "texture": "#0"},
				"west": {"uv": [8.375, 2.625, 8.5, 5.5], "texture": "#0"},
				"up": {"uv": [8.375, 2.625, 8.5, 2.75], "texture": "#0"},
				"down": {"uv": [8.375, 5.375, 8.5, 5.5], "texture": "#0"}
			}
		},
		{
			"name": "ww3_12",
			"from": [8.25, 10.5, 7.95],
			"to": [8.375, 13.125, 8.175],
			"rotation": {"angle": 0, "axis": "y", "origin": [0, 0, 8]},
			"faces": {
				"north": {"uv": [8.375, 2.875, 8.25, 5.5], "texture": "#0"},
				"east": {"uv": [8.25, 2.875, 8.375, 5.5], "texture": "#0"},
				"south": {"uv": [8.25, 2.875, 8.375, 5.5], "texture": "#0"},
				"west": {"uv": [8.25, 2.875, 8.375, 5.5], "texture": "#0"},
				"up": {"uv": [8.25, 2.875, 8.375, 3], "texture": "#0"},
				"down": {"uv": [8.25, 5.375, 8.375, 5.5], "texture": "#0"}
			}
		},
		{
			"name": "ww3_13",
			"from": [8.125, 10.5, 7.95],
			"to": [8.25, 12.875, 8.175],
			"rotation": {"angle": 0, "axis": "y", "origin": [0, 0, 8]},
			"faces": {
				"north": {"uv": [8.25, 3.125, 8.125, 5.5], "texture": "#0"},
				"east": {"uv": [8.125, 3.125, 8.25, 5.5], "texture": "#0"},
				"south": {"uv": [8.125, 3.125, 8.25, 5.5], "texture": "#0"},
				"west": {"uv": [8.125, 3.125, 8.25, 5.5], "texture": "#0"},
				"up": {"uv": [8.125, 3.125, 8.25, 3.25], "texture": "#0"},
				"down": {"uv": [8.125, 5.375, 8.25, 5.5], "texture": "#0"}
			}
		},
		{
			"name": "ww3_14",
			"from": [8, 11.125, 7.95],
			"to": [8.125, 12.625, 8.175],
			"rotation": {"angle": 0, "axis": "y", "origin": [0, 0, 8]},
			"faces": {
				"north": {"uv": [8.125, 3.375, 8, 4.875], "texture": "#0"},
				"east": {"uv": [8, 3.375, 8.125, 4.875], "texture": "#0"},
				"south": {"uv": [8, 3.375, 8.125, 4.875], "texture": "#0"},
				"west": {"uv": [8, 3.375, 8.125, 4.875], "texture": "#0"},
				"up": {"uv": [8, 3.375, 8.125, 3.5], "texture": "#0"},
				"down": {"uv": [8, 4.75, 8.125, 4.875], "texture": "#0"}
			}
		},
		{
			"name": "ww3_15",
			"from": [7.875, 11.25, 7.95],
			"to": [8, 12.125, 8.175],
			"rotation": {"angle": 0, "axis": "y", "origin": [0, 0, 8]},
			"faces": {
				"north": {"uv": [8, 3.875, 7.875, 4.75], "texture": "#0"},
				"east": {"uv": [7.875, 3.875, 8, 4.75], "texture": "#0"},
				"south": {"uv": [7.875, 3.875, 8, 4.75], "texture": "#0"},
				"west": {"uv": [7.875, 3.875, 8, 4.75], "texture": "#0"},
				"up": {"uv": [7.875, 3.875, 8, 4], "texture": "#0"},
				"down": {"uv": [7.875, 4.625, 8, 4.75], "texture": "#0"}
			}
		},
		{
			"name": "ww3_16",
			"from": [7.75, 11.25, 7.95],
			"to": [7.875, 11.875, 8.175],
			"rotation": {"angle": 0, "axis": "y", "origin": [0, 0, 8]},
			"faces": {
				"north": {"uv": [7.875, 4.125, 7.75, 4.75], "texture": "#0"},
				"east": {"uv": [7.75, 4.125, 7.875, 4.75], "texture": "#0"},
				"south": {"uv": [7.75, 4.125, 7.875, 4.75], "texture": "#0"},
				"west": {"uv": [7.75, 4.125, 7.875, 4.75], "texture": "#0"},
				"up": {"uv": [7.75, 4.125, 7.875, 4.25], "texture": "#0"},
				"down": {"uv": [7.75, 4.625, 7.875, 4.75], "texture": "#0"}
			}
		},
		{
			"name": "ww3_17",
			"from": [7.625, 11.125, 7.95],
			"to": [7.75, 11.375, 8.175],
			"rotation": {"angle": 0, "axis": "y", "origin": [0, 0, 8]},
			"faces": {
				"north": {"uv": [7.75, 4.625, 7.625, 4.875], "texture": "#0"},
				"east": {"uv": [7.625, 4.625, 7.75, 4.875], "texture": "#0"},
				"south": {"uv": [7.625, 4.625, 7.75, 4.875], "texture": "#0"},
				"west": {"uv": [7.625, 4.625, 7.75, 4.875], "texture": "#0"},
				"up": {"uv": [7.625, 4.625, 7.75, 4.75], "texture": "#0"},
				"down": {"uv": [7.625, 4.75, 7.75, 4.875], "texture": "#0"}
			}
		},
		{
			"name": "ww3_18",
			"from": [7.875, 10.5, 7.95],
			"to": [8.125, 11, 8.175],
			"rotation": {"angle": 0, "axis": "y", "origin": [0, 0, 8]},
			"faces": {
				"north": {"uv": [8.125, 5, 7.875, 5.5], "texture": "#0"},
				"east": {"uv": [8, 5, 8.125, 5.5], "texture": "#0"},
				"south": {"uv": [7.875, 5, 8.125, 5.5], "texture": "#0"},
				"west": {"uv": [7.875, 5, 8, 5.5], "texture": "#0"},
				"up": {"uv": [7.875, 5, 8.125, 5.125], "texture": "#0"},
				"down": {"uv": [7.875, 5.375, 8.125, 5.5], "texture": "#0"}
			}
		},
		{
			"name": "ww3_19",
			"from": [7.75, 10.625, 7.95],
			"to": [7.875, 10.875, 8.175],
			"rotation": {"angle": 0, "axis": "y", "origin": [0, 0, 8]},
			"faces": {
				"north": {"uv": [7.875, 5.125, 7.75, 5.375], "texture": "#0"},
				"east": {"uv": [7.75, 5.125, 7.875, 5.375], "texture": "#0"},
				"south": {"uv": [7.75, 5.125, 7.875, 5.375], "texture": "#0"},
				"west": {"uv": [7.75, 5.125, 7.875, 5.375], "texture": "#0"},
				"up": {"uv": [7.75, 5.125, 7.875, 5.25], "texture": "#0"},
				"down": {"uv": [7.75, 5.25, 7.875, 5.375], "texture": "#0"}
			}
		},
		{
			"name": "ww3_20",
			"from": [8.5, 10.625, 7.95],
			"to": [8.625, 10.875, 8.175],
			"rotation": {"angle": 0, "axis": "y", "origin": [0, 0, 8]},
			"faces": {
				"north": {"uv": [8.625, 5.125, 8.5, 5.375], "texture": "#0"},
				"east": {"uv": [8.5, 5.125, 8.625, 5.375], "texture": "#0"},
				"south": {"uv": [8.5, 5.125, 8.625, 5.375], "texture": "#0"},
				"west": {"uv": [8.5, 5.125, 8.625, 5.375], "texture": "#0"},
				"up": {"uv": [8.5, 5.125, 8.625, 5.25], "texture": "#0"},
				"down": {"uv": [8.5, 5.25, 8.625, 5.375], "texture": "#0"}
			}
		},
		{
			"name": "ww3_22",
			"from": [7.875, 6.125, 7.95],
			"to": [8.5, 6.625, 8.175],
			"rotation": {"angle": 0, "axis": "y", "origin": [0, 0, 8]},
			"faces": {
				"north": {"uv": [8.5, 9.375, 7.875, 9.875], "texture": "#0"},
				"east": {"uv": [8.375, 9.375, 8.5, 9.875], "texture": "#0"},
				"south": {"uv": [7.875, 9.375, 8.5, 9.875], "texture": "#0"},
				"west": {"uv": [7.875, 9.375, 8, 9.875], "texture": "#0"},
				"up": {"uv": [7.875, 9.375, 8.5, 9.5], "texture": "#0"},
				"down": {"uv": [7.875, 9.75, 8.5, 9.875], "texture": "#0"}
			}
		},
		{
			"name": "ww3_23",
			"from": [7.75, 6.25, 7.95],
			"to": [7.875, 6.5, 8.175],
			"rotation": {"angle": 0, "axis": "y", "origin": [0, 0, 8]},
			"faces": {
				"north": {"uv": [7.875, 9.5, 7.75, 9.75], "texture": "#0"},
				"east": {"uv": [7.75, 9.5, 7.875, 9.75], "texture": "#0"},
				"south": {"uv": [7.75, 9.5, 7.875, 9.75], "texture": "#0"},
				"west": {"uv": [7.75, 9.5, 7.875, 9.75], "texture": "#0"},
				"up": {"uv": [7.75, 9.5, 7.875, 9.625], "texture": "#0"},
				"down": {"uv": [7.75, 9.625, 7.875, 9.75], "texture": "#0"}
			}
		},
		{
			"name": "ww3_24",
			"from": [8.5, 6.25, 7.95],
			"to": [8.625, 6.5, 8.175],
			"rotation": {"angle": 0, "axis": "y", "origin": [0, 0, 8]},
			"faces": {
				"north": {"uv": [8.625, 9.5, 8.5, 9.75], "texture": "#0"},
				"east": {"uv": [8.5, 9.5, 8.625, 9.75], "texture": "#0"},
				"south": {"uv": [8.5, 9.5, 8.625, 9.75], "texture": "#0"},
				"west": {"uv": [8.5, 9.5, 8.625, 9.75], "texture": "#0"},
				"up": {"uv": [8.5, 9.5, 8.625, 9.625], "texture": "#0"},
				"down": {"uv": [8.5, 9.625, 8.625, 9.75], "texture": "#0"}
			}
		},
		{
			"name": "ww3_25",
			"from": [8.125, 4.25, 7.95],
			"to": [8.5, 6.125, 8.175],
			"rotation": {"angle": 0, "axis": "y", "origin": [0, 0, 8]},
			"faces": {
				"north": {"uv": [8.5, 9.875, 8.125, 11.75], "texture": "#0"},
				"east": {"uv": [8.375, 9.875, 8.5, 11.75], "texture": "#0"},
				"south": {"uv": [8.125, 9.875, 8.5, 11.75], "texture": "#0"},
				"west": {"uv": [8.125, 9.875, 8.25, 11.75], "texture": "#0"},
				"up": {"uv": [8.125, 9.875, 8.5, 10], "texture": "#0"},
				"down": {"uv": [8.125, 11.625, 8.5, 11.75], "texture": "#0"}
			}
		},
		{
			"name": "ww3_26",
			"from": [7.625, 5.75, 7.95],
			"to": [7.75, 6, 8.175],
			"rotation": {"angle": 0, "axis": "y", "origin": [0, 0, 8]},
			"faces": {
				"north": {"uv": [7.75, 10, 7.625, 10.25], "texture": "#0"},
				"east": {"uv": [7.625, 10, 7.75, 10.25], "texture": "#0"},
				"south": {"uv": [7.625, 10, 7.75, 10.25], "texture": "#0"},
				"west": {"uv": [7.625, 10, 7.75, 10.25], "texture": "#0"},
				"up": {"uv": [7.625, 10, 7.75, 10.125], "texture": "#0"},
				"down": {"uv": [7.625, 10.125, 7.75, 10.25], "texture": "#0"}
			}
		},
		{
			"name": "ww3_27",
			"from": [8, 4.5, 7.95],
			"to": [8.125, 6, 8.175],
			"rotation": {"angle": 0, "axis": "y", "origin": [0, 0, 8]},
			"faces": {
				"north": {"uv": [8.125, 10, 8, 11.5], "texture": "#0"},
				"east": {"uv": [8, 10, 8.125, 11.5], "texture": "#0"},
				"south": {"uv": [8, 10, 8.125, 11.5], "texture": "#0"},
				"west": {"uv": [8, 10, 8.125, 11.5], "texture": "#0"},
				"up": {"uv": [8, 10, 8.125, 10.125], "texture": "#0"},
				"down": {"uv": [8, 11.375, 8.125, 11.5], "texture": "#0"}
			}
		},
		{
			"name": "ww3_28",
			"from": [7.75, 5.25, 7.95],
			"to": [8, 5.875, 8.175],
			"rotation": {"angle": 0, "axis": "y", "origin": [0, 0, 8]},
			"faces": {
				"north": {"uv": [8, 10.125, 7.75, 10.75], "texture": "#0"},
				"east": {"uv": [7.875, 10.125, 8, 10.75], "texture": "#0"},
				"south": {"uv": [7.75, 10.125, 8, 10.75], "texture": "#0"},
				"west": {"uv": [7.75, 10.125, 7.875, 10.75], "texture": "#0"},
				"up": {"uv": [7.75, 10.125, 8, 10.25], "texture": "#0"},
				"down": {"uv": [7.75, 10.625, 8, 10.75], "texture": "#0"}
			}
		},
		{
			"name": "ww3_29",
			"from": [8.5, 3.5, 7.95],
			"to": [8.625, 5.375, 8.175],
			"rotation": {"angle": 0, "axis": "y", "origin": [0, 0, 8]},
			"faces": {
				"north": {"uv": [8.625, 10.625, 8.5, 12.5], "texture": "#0"},
				"east": {"uv": [8.5, 10.625, 8.625, 12.5], "texture": "#0"},
				"south": {"uv": [8.5, 10.625, 8.625, 12.5], "texture": "#0"},
				"west": {"uv": [8.5, 10.625, 8.625, 12.5], "texture": "#0"},
				"up": {"uv": [8.5, 10.625, 8.625, 10.75], "texture": "#0"},
				"down": {"uv": [8.5, 12.375, 8.625, 12.5], "texture": "#0"}
			}
		},
		{
			"name": "ww3_30",
			"from": [7.875, 5, 7.95],
			"to": [8, 5.25, 8.175],
			"rotation": {"angle": 0, "axis": "y", "origin": [0, 0, 8]},
			"faces": {
				"north": {"uv": [8, 10.75, 7.875, 11], "texture": "#0"},
				"east": {"uv": [7.875, 10.75, 8, 11], "texture": "#0"},
				"south": {"uv": [7.875, 10.75, 8, 11], "texture": "#0"},
				"west": {"uv": [7.875, 10.75, 8, 11], "texture": "#0"},
				"up": {"uv": [7.875, 10.75, 8, 10.875], "texture": "#0"},
				"down": {"uv": [7.875, 10.875, 8, 11], "texture": "#0"}
			}
		},
		{
			"name": "ww3_31",
			"from": [8.625, 3.375, 7.95],
			"to": [8.75, 4.875, 8.175],
			"rotation": {"angle": 0, "axis": "y", "origin": [0, 0, 8]},
			"faces": {
				"north": {"uv": [8.75, 11.125, 8.625, 12.625], "texture": "#0"},
				"east": {"uv": [8.625, 11.125, 8.75, 12.625], "texture": "#0"},
				"south": {"uv": [8.625, 11.125, 8.75, 12.625], "texture": "#0"},
				"west": {"uv": [8.625, 11.125, 8.75, 12.625], "texture": "#0"},
				"up": {"uv": [8.625, 11.125, 8.75, 11.25], "texture": "#0"},
				"down": {"uv": [8.625, 12.5, 8.75, 12.625], "texture": "#0"}
			}
		},
		{
			"name": "ww3_32",
			"from": [8.75, 3.25, 7.95],
			"to": [8.875, 4.5, 8.175],
			"rotation": {"angle": 0, "axis": "y", "origin": [0, 0, 8]},
			"faces": {
				"north": {"uv": [8.875, 11.5, 8.75, 12.75], "texture": "#0"},
				"east": {"uv": [8.75, 11.5, 8.875, 12.75], "texture": "#0"},
				"south": {"uv": [8.75, 11.5, 8.875, 12.75], "texture": "#0"},
				"west": {"uv": [8.75, 11.5, 8.875, 12.75], "texture": "#0"},
				"up": {"uv": [8.75, 11.5, 8.875, 11.625], "texture": "#0"},
				"down": {"uv": [8.75, 12.625, 8.875, 12.75], "texture": "#0"}
			}
		},
		{
			"name": "ww3_33",
			"from": [8.25, 4, 7.95],
			"to": [8.5, 4.25, 8.175],
			"rotation": {"angle": 0, "axis": "y", "origin": [0, 0, 8]},
			"faces": {
				"north": {"uv": [8.5, 11.75, 8.25, 12], "texture": "#0"},
				"east": {"uv": [8.375, 11.75, 8.5, 12], "texture": "#0"},
				"south": {"uv": [8.25, 11.75, 8.5, 12], "texture": "#0"},
				"west": {"uv": [8.25, 11.75, 8.375, 12], "texture": "#0"},
				"up": {"uv": [8.25, 11.75, 8.5, 11.875], "texture": "#0"},
				"down": {"uv": [8.25, 11.875, 8.5, 12], "texture": "#0"}
			}
		},
		{
			"name": "ww3_34",
			"from": [8.375, 3.75, 7.95],
			"to": [8.5, 4, 8.175],
			"rotation": {"angle": 0, "axis": "y", "origin": [0, 0, 8]},
			"faces": {
				"north": {"uv": [8.5, 12, 8.375, 12.25], "texture": "#0"},
				"east": {"uv": [8.375, 12, 8.5, 12.25], "texture": "#0"},
				"south": {"uv": [8.375, 12, 8.5, 12.25], "texture": "#0"},
				"west": {"uv": [8.375, 12, 8.5, 12.25], "texture": "#0"},
				"up": {"uv": [8.375, 12, 8.5, 12.125], "texture": "#0"},
				"down": {"uv": [8.375, 12.125, 8.5, 12.25], "texture": "#0"}
			}
		},
		{
			"name": "ww3_35",
			"from": [8.875, 3.125, 7.95],
			"to": [9, 4, 8.175],
			"rotation": {"angle": 0, "axis": "y", "origin": [0, 0, 8]},
			"faces": {
				"north": {"uv": [9, 12, 8.875, 12.875], "texture": "#0"},
				"east": {"uv": [8.875, 12, 9, 12.875], "texture": "#0"},
				"south": {"uv": [8.875, 12, 9, 12.875], "texture": "#0"},
				"west": {"uv": [8.875, 12, 9, 12.875], "texture": "#0"},
				"up": {"uv": [8.875, 12, 9, 12.125], "texture": "#0"},
				"down": {"uv": [8.875, 12.75, 9, 12.875], "texture": "#0"}
			}
		},
		{
			"name": "ww3_36",
			"from": [9, 3, 7.95],
			"to": [9.125, 3.75, 8.175],
			"rotation": {"angle": 0, "axis": "y", "origin": [0, 0, 8]},
			"faces": {
				"north": {"uv": [9.125, 12.25, 9, 13], "texture": "#0"},
				"east": {"uv": [9, 12.25, 9.125, 13], "texture": "#0"},
				"south": {"uv": [9, 12.25, 9.125, 13], "texture": "#0"},
				"west": {"uv": [9, 12.25, 9.125, 13], "texture": "#0"},
				"up": {"uv": [9, 12.25, 9.125, 12.375], "texture": "#0"},
				"down": {"uv": [9, 12.875, 9.125, 13], "texture": "#0"}
			}
		},
		{
			"name": "ww3_37",
			"from": [9.125, 2.875, 7.95],
			"to": [9.25, 3.5, 8.175],
			"rotation": {"angle": 0, "axis": "y", "origin": [0, 0, 8]},
			"faces": {
				"north": {"uv": [9.25, 12.5, 9.125, 13.125], "texture": "#0"},
				"east": {"uv": [9.125, 12.5, 9.25, 13.125], "texture": "#0"},
				"south": {"uv": [9.125, 12.5, 9.25, 13.125], "texture": "#0"},
				"west": {"uv": [9.125, 12.5, 9.25, 13.125], "texture": "#0"},
				"up": {"uv": [9.125, 12.5, 9.25, 12.625], "texture": "#0"},
				"down": {"uv": [9.125, 13, 9.25, 13.125], "texture": "#0"}
			}
		},
		{
			"name": "ww3_38",
			"from": [9.25, 2.75, 7.95],
			"to": [9.375, 3.25, 8.175],
			"rotation": {"angle": 0, "axis": "y", "origin": [0, 0, 8]},
			"faces": {
				"north": {"uv": [9.375, 12.75, 9.25, 13.25], "texture": "#0"},
				"east": {"uv": [9.25, 12.75, 9.375, 13.25], "texture": "#0"},
				"south": {"uv": [9.25, 12.75, 9.375, 13.25], "texture": "#0"},
				"west": {"uv": [9.25, 12.75, 9.375, 13.25], "texture": "#0"},
				"up": {"uv": [9.25, 12.75, 9.375, 12.875], "texture": "#0"},
				"down": {"uv": [9.25, 13.125, 9.375, 13.25], "texture": "#0"}
			}
		},
		{
			"name": "ww3_39",
			"from": [9.375, 2.625, 7.95],
			"to": [9.5, 3.125, 8.175],
			"rotation": {"angle": 0, "axis": "y", "origin": [0, 0, 8]},
			"faces": {
				"north": {"uv": [9.5, 12.875, 9.375, 13.375], "texture": "#0"},
				"east": {"uv": [9.375, 12.875, 9.5, 13.375], "texture": "#0"},
				"south": {"uv": [9.375, 12.875, 9.5, 13.375], "texture": "#0"},
				"west": {"uv": [9.375, 12.875, 9.5, 13.375], "texture": "#0"},
				"up": {"uv": [9.375, 12.875, 9.5, 13], "texture": "#0"},
				"down": {"uv": [9.375, 13.25, 9.5, 13.375], "texture": "#0"}
			}
		},
		{
			"name": "ww3_40",
			"from": [9.5, 2.625, 7.95],
			"to": [9.625, 2.875, 8.175],
			"rotation": {"angle": 0, "axis": "y", "origin": [0, 0, 8]},
			"faces": {
				"north": {"uv": [9.625, 13.125, 9.5, 13.375], "texture": "#0"},
				"east": {"uv": [9.5, 13.125, 9.625, 13.375], "texture": "#0"},
				"south": {"uv": [9.5, 13.125, 9.625, 13.375], "texture": "#0"},
				"west": {"uv": [9.5, 13.125, 9.625, 13.375], "texture": "#0"},
				"up": {"uv": [9.5, 13.125, 9.625, 13.25], "texture": "#0"},
				"down": {"uv": [9.5, 13.25, 9.625, 13.375], "texture": "#0"}
			}
		},
		{
			"name": "ww3_41",
			"from": [9.625, 2.5, 7.95],
			"to": [9.75, 2.75, 8.175],
			"rotation": {"angle": 0, "axis": "y", "origin": [0, 0, 8]},
			"faces": {
				"north": {"uv": [9.75, 13.25, 9.625, 13.5], "texture": "#0"},
				"east": {"uv": [9.625, 13.25, 9.75, 13.5], "texture": "#0"},
				"south": {"uv": [9.625, 13.25, 9.75, 13.5], "texture": "#0"},
				"west": {"uv": [9.625, 13.25, 9.75, 13.5], "texture": "#0"},
				"up": {"uv": [9.625, 13.25, 9.75, 13.375], "texture": "#0"},
				"down": {"uv": [9.625, 13.375, 9.75, 13.5], "texture": "#0"}
			}
		},
		{
			"name": "ww3_42",
			"from": [9.75, 2.5, 7.95],
			"to": [9.875, 2.625, 8.175],
			"rotation": {"angle": 0, "axis": "y", "origin": [0, 0, 8]},
			"faces": {
				"north": {"uv": [9.875, 13.375, 9.75, 13.5], "texture": "#0"},
				"east": {"uv": [9.75, 13.375, 9.875, 13.5], "texture": "#0"},
				"south": {"uv": [9.75, 13.375, 9.875, 13.5], "texture": "#0"},
				"west": {"uv": [9.75, 13.375, 9.875, 13.5], "texture": "#0"},
				"up": {"uv": [9.75, 13.375, 9.875, 13.5], "texture": "#0"},
				"down": {"uv": [9.75, 13.375, 9.875, 13.5], "texture": "#0"}
			}
		},
		{
			"name": "ww1_0",
			"from": [7.75, 11, 7.9],
			"to": [8, 11.25, 8.225],
			"rotation": {"angle": 0, "axis": "y", "origin": [0, 0, 8]},
			"faces": {
				"north": {"uv": [8, 4.75, 7.75, 5], "texture": "#0"},
				"east": {"uv": [7.875, 4.75, 8, 5], "texture": "#0"},
				"south": {"uv": [7.75, 4.75, 8, 5], "texture": "#0"},
				"west": {"uv": [7.75, 4.75, 7.875, 5], "texture": "#0"},
				"up": {"uv": [7.75, 4.75, 8, 4.875], "texture": "#0"},
				"down": {"uv": [7.75, 4.875, 8, 5], "texture": "#0"}
			}
		},
		{
			"name": "ww1_1",
			"from": [8, 11, 7.9],
			"to": [8.125, 11.125, 8.225],
			"rotation": {"angle": 0, "axis": "y", "origin": [0, 0, 8]},
			"faces": {
				"north": {"uv": [8.125, 4.875, 8, 5], "texture": "#0"},
				"east": {"uv": [8, 4.875, 8.125, 5], "texture": "#0"},
				"south": {"uv": [8, 4.875, 8.125, 5], "texture": "#0"},
				"west": {"uv": [8, 4.875, 8.125, 5], "texture": "#0"},
				"up": {"uv": [8, 4.875, 8.125, 5], "texture": "#0"},
				"down": {"uv": [8, 4.875, 8.125, 5], "texture": "#0"}
			}
		},
		{
			"name": "ww1_2",
			"from": [7.625, 10.875, 7.9],
			"to": [7.875, 11, 8.225],
			"rotation": {"angle": 0, "axis": "y", "origin": [0, 0, 8]},
			"faces": {
				"north": {"uv": [7.875, 5, 7.625, 5.125], "texture": "#0"},
				"east": {"uv": [7.75, 5, 7.875, 5.125], "texture": "#0"},
				"south": {"uv": [7.625, 5, 7.875, 5.125], "texture": "#0"},
				"west": {"uv": [7.625, 5, 7.75, 5.125], "texture": "#0"},
				"up": {"uv": [7.625, 5, 7.875, 5.125], "texture": "#0"},
				"down": {"uv": [7.625, 5, 7.875, 5.125], "texture": "#0"}
			}
		},
		{
			"name": "ww1_3",
			"from": [7.625, 10.375, 7.9],
			"to": [7.75, 10.875, 8.225],
			"rotation": {"angle": 0, "axis": "y", "origin": [0, 0, 8]},
			"faces": {
				"north": {"uv": [7.75, 5.125, 7.625, 5.625], "texture": "#0"},
				"east": {"uv": [7.625, 5.125, 7.75, 5.625], "texture": "#0"},
				"south": {"uv": [7.625, 5.125, 7.75, 5.625], "texture": "#0"},
				"west": {"uv": [7.625, 5.125, 7.75, 5.625], "texture": "#0"},
				"up": {"uv": [7.625, 5.125, 7.75, 5.25], "texture": "#0"},
				"down": {"uv": [7.625, 5.5, 7.75, 5.625], "texture": "#0"}
			}
		},
		{
			"name": "ww1_4",
			"from": [7.5, 10.5, 7.9],
			"to": [7.625, 10.75, 8.225],
			"rotation": {"angle": 0, "axis": "y", "origin": [0, 0, 8]},
			"faces": {
				"north": {"uv": [7.625, 5.25, 7.5, 5.5], "texture": "#0"},
				"east": {"uv": [7.5, 5.25, 7.625, 5.5], "texture": "#0"},
				"south": {"uv": [7.5, 5.25, 7.625, 5.5], "texture": "#0"},
				"west": {"uv": [7.5, 5.25, 7.625, 5.5], "texture": "#0"},
				"up": {"uv": [7.5, 5.25, 7.625, 5.375], "texture": "#0"},
				"down": {"uv": [7.5, 5.375, 7.625, 5.5], "texture": "#0"}
			}
		},
		{
			"name": "ww1_5",
			"from": [8.625, 10, 7.9],
			"to": [8.75, 10.75, 8.225],
			"rotation": {"angle": 0, "axis": "y", "origin": [0, 0, 8]},
			"faces": {
				"north": {"uv": [8.75, 5.25, 8.625, 6], "texture": "#0"},
				"east": {"uv": [8.625, 5.25, 8.75, 6], "texture": "#0"},
				"south": {"uv": [8.625, 5.25, 8.75, 6], "texture": "#0"},
				"west": {"uv": [8.625, 5.25, 8.75, 6], "texture": "#0"},
				"up": {"uv": [8.625, 5.25, 8.75, 5.375], "texture": "#0"},
				"down": {"uv": [8.625, 5.875, 8.75, 6], "texture": "#0"}
			}
		},
		{
			"name": "ww1_6",
			"from": [7.75, 10.25, 7.9],
			"to": [7.875, 10.625, 8.225],
			"rotation": {"angle": 0, "axis": "y", "origin": [0, 0, 8]},
			"faces": {
				"north": {"uv": [7.875, 5.375, 7.75, 5.75], "texture": "#0"},
				"east": {"uv": [7.75, 5.375, 7.875, 5.75], "texture": "#0"},
				"south": {"uv": [7.75, 5.375, 7.875, 5.75], "texture": "#0"},
				"west": {"uv": [7.75, 5.375, 7.875, 5.75], "texture": "#0"},
				"up": {"uv": [7.75, 5.375, 7.875, 5.5], "texture": "#0"},
				"down": {"uv": [7.75, 5.625, 7.875, 5.75], "texture": "#0"}
			}
		},
		{
			"name": "ww1_7",
			"from": [8.5, 10.25, 7.9],
			"to": [8.625, 10.625, 8.225],
			"rotation": {"angle": 0, "axis": "y", "origin": [0, 0, 8]},
			"faces": {
				"north": {"uv": [8.625, 5.375, 8.5, 5.75], "texture": "#0"},
				"east": {"uv": [8.5, 5.375, 8.625, 5.75], "texture": "#0"},
				"south": {"uv": [8.5, 5.375, 8.625, 5.75], "texture": "#0"},
				"west": {"uv": [8.5, 5.375, 8.625, 5.75], "texture": "#0"},
				"up": {"uv": [8.5, 5.375, 8.625, 5.5], "texture": "#0"},
				"down": {"uv": [8.5, 5.625, 8.625, 5.75], "texture": "#0"}
			}
		},
		{
			"name": "ww1_8",
			"from": [7.875, 10.375, 7.9],
			"to": [8.5, 10.5, 8.225],
			"rotation": {"angle": 0, "axis": "y", "origin": [0, 0, 8]},
			"faces": {
				"north": {"uv": [8.5, 5.5, 7.875, 5.625], "texture": "#0"},
				"east": {"uv": [8.375, 5.5, 8.5, 5.625], "texture": "#0"},
				"south": {"uv": [7.875, 5.5, 8.5, 5.625], "texture": "#0"},
				"west": {"uv": [7.875, 5.5, 8, 5.625], "texture": "#0"},
				"up": {"uv": [7.875, 5.5, 8.5, 5.625], "texture": "#0"},
				"down": {"uv": [7.875, 5.5, 8.5, 5.625], "texture": "#0"}
			}
		},
		{
			"name": "ww1_9",
			"from": [8.75, 10.25, 7.9],
			"to": [8.875, 10.5, 8.225],
			"rotation": {"angle": 0, "axis": "y", "origin": [0, 0, 8]},
			"faces": {
				"north": {"uv": [8.875, 5.5, 8.75, 5.75], "texture": "#0"},
				"east": {"uv": [8.75, 5.5, 8.875, 5.75], "texture": "#0"},
				"south": {"uv": [8.75, 5.5, 8.875, 5.75], "texture": "#0"},
				"west": {"uv": [8.75, 5.5, 8.875, 5.75], "texture": "#0"},
				"up": {"uv": [8.75, 5.5, 8.875, 5.625], "texture": "#0"},
				"down": {"uv": [8.75, 5.625, 8.875, 5.75], "texture": "#0"}
			}
		},
		{
			"name": "ww1_10",
			"from": [7.875, 9.75, 7.9],
			"to": [8, 10.375, 8.225],
			"rotation": {"angle": 0, "axis": "y", "origin": [0, 0, 8]},
			"faces": {
				"north": {"uv": [8, 5.625, 7.875, 6.25], "texture": "#0"},
				"east": {"uv": [7.875, 5.625, 8, 6.25], "texture": "#0"},
				"south": {"uv": [7.875, 5.625, 8, 6.25], "texture": "#0"},
				"west": {"uv": [7.875, 5.625, 8, 6.25], "texture": "#0"},
				"up": {"uv": [7.875, 5.625, 8, 5.75], "texture": "#0"},
				"down": {"uv": [7.875, 6.125, 8, 6.25], "texture": "#0"}
			}
		},
		{
			"name": "ww1_11",
			"from": [8.375, 9.75, 7.9],
			"to": [8.5, 10.375, 8.225],
			"rotation": {"angle": 0, "axis": "y", "origin": [0, 0, 8]},
			"faces": {
				"north": {"uv": [8.5, 5.625, 8.375, 6.25], "texture": "#0"},
				"east": {"uv": [8.375, 5.625, 8.5, 6.25], "texture": "#0"},
				"south": {"uv": [8.375, 5.625, 8.5, 6.25], "texture": "#0"},
				"west": {"uv": [8.375, 5.625, 8.5, 6.25], "texture": "#0"},
				"up": {"uv": [8.375, 5.625, 8.5, 5.75], "texture": "#0"},
				"down": {"uv": [8.375, 6.125, 8.5, 6.25], "texture": "#0"}
			}
		},
		{
			"name": "ww1_12",
			"from": [8, 9.75, 7.9],
			"to": [8.375, 10, 8.225],
			"rotation": {"angle": 0, "axis": "y", "origin": [0, 0, 8]},
			"faces": {
				"north": {"uv": [8.375, 6, 8, 6.25], "texture": "#0"},
				"east": {"uv": [8.25, 6, 8.375, 6.25], "texture": "#0"},
				"south": {"uv": [8, 6, 8.375, 6.25], "texture": "#0"},
				"west": {"uv": [8, 6, 8.125, 6.25], "texture": "#0"},
				"up": {"uv": [8, 6, 8.375, 6.125], "texture": "#0"},
				"down": {"uv": [8, 6.125, 8.375, 6.25], "texture": "#0"}
			}
		},
		{
			"name": "ww1_13",
			"from": [7.875, 7.125, 7.9],
			"to": [8.5, 7.375, 8.225],
			"rotation": {"angle": 0, "axis": "y", "origin": [0, 0, 8]},
			"faces": {
				"north": {"uv": [8.5, 8.625, 7.875, 8.875], "texture": "#0"},
				"east": {"uv": [8.375, 8.625, 8.5, 8.875], "texture": "#0"},
				"south": {"uv": [7.875, 8.625, 8.5, 8.875], "texture": "#0"},
				"west": {"uv": [7.875, 8.625, 8, 8.875], "texture": "#0"},
				"up": {"uv": [7.875, 8.625, 8.5, 8.75], "texture": "#0"},
				"down": {"uv": [7.875, 8.75, 8.5, 8.875], "texture": "#0"}
			}
		},
		{
			"name": "ww1_14",
			"from": [7.875, 6.625, 7.9],
			"to": [8, 7.125, 8.225],
			"rotation": {"angle": 0, "axis": "y", "origin": [0, 0, 8]},
			"faces": {
				"north": {"uv": [8, 8.875, 7.875, 9.375], "texture": "#0"},
				"east": {"uv": [7.875, 8.875, 8, 9.375], "texture": "#0"},
				"south": {"uv": [7.875, 8.875, 8, 9.375], "texture": "#0"},
				"west": {"uv": [7.875, 8.875, 8, 9.375], "texture": "#0"},
				"up": {"uv": [7.875, 8.875, 8, 9], "texture": "#0"},
				"down": {"uv": [7.875, 9.25, 8, 9.375], "texture": "#0"}
			}
		},
		{
			"name": "ww1_15",
			"from": [8.375, 6.625, 7.9],
			"to": [8.5, 7.125, 8.225],
			"rotation": {"angle": 0, "axis": "y", "origin": [0, 0, 8]},
			"faces": {
				"north": {"uv": [8.5, 8.875, 8.375, 9.375], "texture": "#0"},
				"east": {"uv": [8.375, 8.875, 8.5, 9.375], "texture": "#0"},
				"south": {"uv": [8.375, 8.875, 8.5, 9.375], "texture": "#0"},
				"west": {"uv": [8.375, 8.875, 8.5, 9.375], "texture": "#0"},
				"up": {"uv": [8.375, 8.875, 8.5, 9], "texture": "#0"},
				"down": {"uv": [8.375, 9.25, 8.5, 9.375], "texture": "#0"}
			}
		},
		{
			"name": "ww1_16",
			"from": [8.625, 6.375, 7.9],
			"to": [8.75, 7.125, 8.225],
			"rotation": {"angle": 0, "axis": "y", "origin": [0, 0, 8]},
			"faces": {
				"north": {"uv": [8.75, 8.875, 8.625, 9.625], "texture": "#0"},
				"east": {"uv": [8.625, 8.875, 8.75, 9.625], "texture": "#0"},
				"south": {"uv": [8.625, 8.875, 8.75, 9.625], "texture": "#0"},
				"west": {"uv": [8.625, 8.875, 8.75, 9.625], "texture": "#0"},
				"up": {"uv": [8.625, 8.875, 8.75, 9], "texture": "#0"},
				"down": {"uv": [8.625, 9.5, 8.75, 9.625], "texture": "#0"}
			}
		},
		{
			"name": "ww1_17",
			"from": [7.75, 6.5, 7.9],
			"to": [7.875, 6.875, 8.225],
			"rotation": {"angle": 0, "axis": "y", "origin": [0, 0, 8]},
			"faces": {
				"north": {"uv": [7.875, 9.125, 7.75, 9.5], "texture": "#0"},
				"east": {"uv": [7.75, 9.125, 7.875, 9.5], "texture": "#0"},
				"south": {"uv": [7.75, 9.125, 7.875, 9.5], "texture": "#0"},
				"west": {"uv": [7.75, 9.125, 7.875, 9.5], "texture": "#0"},
				"up": {"uv": [7.75, 9.125, 7.875, 9.25], "texture": "#0"},
				"down": {"uv": [7.75, 9.375, 7.875, 9.5], "texture": "#0"}
			}
		},
		{
			"name": "ww1_18",
			"from": [8.5, 6.5, 7.9],
			"to": [8.625, 6.875, 8.225],
			"rotation": {"angle": 0, "axis": "y", "origin": [0, 0, 8]},
			"faces": {
				"north": {"uv": [8.625, 9.125, 8.5, 9.5], "texture": "#0"},
				"east": {"uv": [8.5, 9.125, 8.625, 9.5], "texture": "#0"},
				"south": {"uv": [8.5, 9.125, 8.625, 9.5], "texture": "#0"},
				"west": {"uv": [8.5, 9.125, 8.625, 9.5], "texture": "#0"},
				"up": {"uv": [8.5, 9.125, 8.625, 9.25], "texture": "#0"},
				"down": {"uv": [8.5, 9.375, 8.625, 9.5], "texture": "#0"}
			}
		},
		{
			"name": "ww1_19",
			"from": [8.75, 6.625, 7.9],
			"to": [8.875, 6.875, 8.225],
			"rotation": {"angle": 0, "axis": "y", "origin": [0, 0, 8]},
			"faces": {
				"north": {"uv": [8.875, 9.125, 8.75, 9.375], "texture": "#0"},
				"east": {"uv": [8.75, 9.125, 8.875, 9.375], "texture": "#0"},
				"south": {"uv": [8.75, 9.125, 8.875, 9.375], "texture": "#0"},
				"west": {"uv": [8.75, 9.125, 8.875, 9.375], "texture": "#0"},
				"up": {"uv": [8.75, 9.125, 8.875, 9.25], "texture": "#0"},
				"down": {"uv": [8.75, 9.25, 8.875, 9.375], "texture": "#0"}
			}
		},
		{
			"name": "ww1_20",
			"from": [7.625, 6.125, 7.9],
			"to": [7.75, 6.75, 8.225],
			"rotation": {"angle": 0, "axis": "y", "origin": [0, 0, 8]},
			"faces": {
				"north": {"uv": [7.75, 9.25, 7.625, 9.875], "texture": "#0"},
				"east": {"uv": [7.625, 9.25, 7.75, 9.875], "texture": "#0"},
				"south": {"uv": [7.625, 9.25, 7.75, 9.875], "texture": "#0"},
				"west": {"uv": [7.625, 9.25, 7.75, 9.875], "texture": "#0"},
				"up": {"uv": [7.625, 9.25, 7.75, 9.375], "texture": "#0"},
				"down": {"uv": [7.625, 9.75, 7.75, 9.875], "texture": "#0"}
			}
		},
		{
			"name": "ww1_21",
			"from": [8, 6.625, 7.9],
			"to": [8.375, 6.75, 8.225],
			"rotation": {"angle": 0, "axis": "y", "origin": [0, 0, 8]},
			"faces": {
				"north": {"uv": [8.375, 9.25, 8, 9.375], "texture": "#0"},
				"east": {"uv": [8.25, 9.25, 8.375, 9.375], "texture": "#0"},
				"south": {"uv": [8, 9.25, 8.375, 9.375], "texture": "#0"},
				"west": {"uv": [8, 9.25, 8.125, 9.375], "texture": "#0"},
				"up": {"uv": [8, 9.25, 8.375, 9.375], "texture": "#0"},
				"down": {"uv": [8, 9.25, 8.375, 9.375], "texture": "#0"}
			}
		},
		{
			"name": "ww1_22",
			"from": [7.5, 6.375, 7.9],
			"to": [7.625, 6.625, 8.225],
			"rotation": {"angle": 0, "axis": "y", "origin": [0, 0, 8]},
			"faces": {
				"north": {"uv": [7.625, 9.375, 7.5, 9.625], "texture": "#0"},
				"east": {"uv": [7.5, 9.375, 7.625, 9.625], "texture": "#0"},
				"south": {"uv": [7.5, 9.375, 7.625, 9.625], "texture": "#0"},
				"west": {"uv": [7.5, 9.375, 7.625, 9.625], "texture": "#0"},
				"up": {"uv": [7.5, 9.375, 7.625, 9.5], "texture": "#0"},
				"down": {"uv": [7.5, 9.5, 7.625, 9.625], "texture": "#0"}
			}
		},
		{
			"name": "ww1_23",
			"from": [7.75, 6, 7.9],
			"to": [7.875, 6.25, 8.225],
			"rotation": {"angle": 0, "axis": "y", "origin": [0, 0, 8]},
			"faces": {
				"north": {"uv": [7.875, 9.75, 7.75, 10], "texture": "#0"},
				"east": {"uv": [7.75, 9.75, 7.875, 10], "texture": "#0"},
				"south": {"uv": [7.75, 9.75, 7.875, 10], "texture": "#0"},
				"west": {"uv": [7.75, 9.75, 7.875, 10], "texture": "#0"},
				"up": {"uv": [7.75, 9.75, 7.875, 9.875], "texture": "#0"},
				"down": {"uv": [7.75, 9.875, 7.875, 10], "texture": "#0"}
			}
		},
		{
			"name": "ww1_24",
			"from": [7.875, 6, 7.9],
			"to": [8.125, 6.125, 8.225],
			"rotation": {"angle": 0, "axis": "y", "origin": [0, 0, 8]},
			"faces": {
				"north": {"uv": [8.125, 9.875, 7.875, 10], "texture": "#0"},
				"east": {"uv": [8, 9.875, 8.125, 10], "texture": "#0"},
				"south": {"uv": [7.875, 9.875, 8.125, 10], "texture": "#0"},
				"west": {"uv": [7.875, 9.875, 8, 10], "texture": "#0"},
				"up": {"uv": [7.875, 9.875, 8.125, 10], "texture": "#0"},
				"down": {"uv": [7.875, 9.875, 8.125, 10], "texture": "#0"}
			}
		},
		{
			"name": "ww1_25",
			"from": [7.875, 5.875, 7.9],
			"to": [8, 6, 8.225],
			"rotation": {"angle": 0, "axis": "y", "origin": [0, 0, 8]},
			"faces": {
				"north": {"uv": [8, 10, 7.875, 10.125], "texture": "#0"},
				"east": {"uv": [7.875, 10, 8, 10.125], "texture": "#0"},
				"south": {"uv": [7.875, 10, 8, 10.125], "texture": "#0"},
				"west": {"uv": [7.875, 10, 8, 10.125], "texture": "#0"},
				"up": {"uv": [7.875, 10, 8, 10.125], "texture": "#0"},
				"down": {"uv": [7.875, 10, 8, 10.125], "texture": "#0"}
			}
		},
		{
			"name": "ww2_0",
			"from": [9.375, 14.625, 8],
			"to": [10.125, 14.875, 8.125],
			"rotation": {"angle": 0, "axis": "y", "origin": [0, 0, 8]},
			"faces": {
				"north": {"uv": [10.125, 1.125, 9.375, 1.375], "texture": "#0"},
				"east": {"uv": [10, 1.125, 10.125, 1.375], "texture": "#0"},
				"south": {"uv": [9.375, 1.125, 10.125, 1.375], "texture": "#0"},
				"west": {"uv": [9.375, 1.125, 9.5, 1.375], "texture": "#0"},
				"up": {"uv": [9.375, 1.125, 10.125, 1.25], "texture": "#0"},
				"down": {"uv": [9.375, 1.25, 10.125, 1.375], "texture": "#0"}
			}
		},
		{
			"name": "ww2_1",
			"from": [10.125, 14.75, 8],
			"to": [10.375, 14.875, 8.125],
			"rotation": {"angle": 0, "axis": "y", "origin": [0, 0, 8]},
			"faces": {
				"north": {"uv": [10.375, 1.125, 10.125, 1.25], "texture": "#0"},
				"east": {"uv": [10.25, 1.125, 10.375, 1.25], "texture": "#0"},
				"south": {"uv": [10.125, 1.125, 10.375, 1.25], "texture": "#0"},
				"west": {"uv": [10.125, 1.125, 10.25, 1.25], "texture": "#0"},
				"up": {"uv": [10.125, 1.125, 10.375, 1.25], "texture": "#0"},
				"down": {"uv": [10.125, 1.125, 10.375, 1.25], "texture": "#0"}
			}
		},
		{
			"name": "ww2_2",
			"from": [9.125, 14.375, 8],
			"to": [9.375, 14.75, 8.125],
			"rotation": {"angle": 0, "axis": "y", "origin": [0, 0, 8]},
			"faces": {
				"north": {"uv": [9.375, 1.25, 9.125, 1.625], "texture": "#0"},
				"east": {"uv": [9.25, 1.25, 9.375, 1.625], "texture": "#0"},
				"south": {"uv": [9.125, 1.25, 9.375, 1.625], "texture": "#0"},
				"west": {"uv": [9.125, 1.25, 9.25, 1.625], "texture": "#0"},
				"up": {"uv": [9.125, 1.25, 9.375, 1.375], "texture": "#0"},
				"down": {"uv": [9.125, 1.5, 9.375, 1.625], "texture": "#0"}
			}
		},
		{
			"name": "ww2_3",
			"from": [9, 14.125, 8],
			"to": [9.125, 14.625, 8.125],
			"rotation": {"angle": 0, "axis": "y", "origin": [0, 0, 8]},
			"faces": {
				"north": {"uv": [9.125, 1.375, 9, 1.875], "texture": "#0"},
				"east": {"uv": [9, 1.375, 9.125, 1.875], "texture": "#0"},
				"south": {"uv": [9, 1.375, 9.125, 1.875], "texture": "#0"},
				"west": {"uv": [9, 1.375, 9.125, 1.875], "texture": "#0"},
				"up": {"uv": [9, 1.375, 9.125, 1.5], "texture": "#0"},
				"down": {"uv": [9, 1.75, 9.125, 1.875], "texture": "#0"}
			}
		},
		{
			"name": "ww2_4",
			"from": [9.375, 14.5, 8],
			"to": [9.625, 14.625, 8.125],
			"rotation": {"angle": 0, "axis": "y", "origin": [0, 0, 8]},
			"faces": {
				"north": {"uv": [9.625, 1.375, 9.375, 1.5], "texture": "#0"},
				"east": {"uv": [9.5, 1.375, 9.625, 1.5], "texture": "#0"},
				"south": {"uv": [9.375, 1.375, 9.625, 1.5], "texture": "#0"},
				"west": {"uv": [9.375, 1.375, 9.5, 1.5], "texture": "#0"},
				"up": {"uv": [9.375, 1.375, 9.625, 1.5], "texture": "#0"},
				"down": {"uv": [9.375, 1.375, 9.625, 1.5], "texture": "#0"}
			}
		},
		{
			"name": "ww2_5",
			"from": [8.875, 14, 8],
			"to": [9, 14.5, 8.125],
			"rotation": {"angle": 0, "axis": "y", "origin": [0, 0, 8]},
			"faces": {
				"north": {"uv": [9, 1.5, 8.875, 2], "texture": "#0"},
				"east": {"uv": [8.875, 1.5, 9, 2], "texture": "#0"},
				"south": {"uv": [8.875, 1.5, 9, 2], "texture": "#0"},
				"west": {"uv": [8.875, 1.5, 9, 2], "texture": "#0"},
				"up": {"uv": [8.875, 1.5, 9, 1.625], "texture": "#0"},
				"down": {"uv": [8.875, 1.875, 9, 2], "texture": "#0"}
			}
		},
		{
			"name": "ww2_6",
			"from": [8.75, 13.875, 8],
			"to": [8.875, 14.375, 8.125],
			"rotation": {"angle": 0, "axis": "y", "origin": [0, 0, 8]},
			"faces": {
				"north": {"uv": [8.875, 1.625, 8.75, 2.125], "texture": "#0"},
				"east": {"uv": [8.75, 1.625, 8.875, 2.125], "texture": "#0"},
				"south": {"uv": [8.75, 1.625, 8.875, 2.125], "texture": "#0"},
				"west": {"uv": [8.75, 1.625, 8.875, 2.125], "texture": "#0"},
				"up": {"uv": [8.75, 1.625, 8.875, 1.75], "texture": "#0"},
				"down": {"uv": [8.75, 2, 8.875, 2.125], "texture": "#0"}
			}
		},
		{
			"name": "ww2_7",
			"from": [9.125, 14.25, 8],
			"to": [9.25, 14.375, 8.125],
			"rotation": {"angle": 0, "axis": "y", "origin": [0, 0, 8]},
			"faces": {
				"north": {"uv": [9.25, 1.625, 9.125, 1.75], "texture": "#0"},
				"east": {"uv": [9.125, 1.625, 9.25, 1.75], "texture": "#0"},
				"south": {"uv": [9.125, 1.625, 9.25, 1.75], "texture": "#0"},
				"west": {"uv": [9.125, 1.625, 9.25, 1.75], "texture": "#0"},
				"up": {"uv": [9.125, 1.625, 9.25, 1.75], "texture": "#0"},
				"down": {"uv": [9.125, 1.625, 9.25, 1.75], "texture": "#0"}
			}
		},
		{
			"name": "ww2_8",
			"from": [8.625, 13.75, 8],
			"to": [8.75, 14.25, 8.125],
			"rotation": {"angle": 0, "axis": "y", "origin": [0, 0, 8]},
			"faces": {
				"north": {"uv": [8.75, 1.75, 8.625, 2.25], "texture": "#0"},
				"east": {"uv": [8.625, 1.75, 8.75, 2.25], "texture": "#0"},
				"south": {"uv": [8.625, 1.75, 8.75, 2.25], "texture": "#0"},
				"west": {"uv": [8.625, 1.75, 8.75, 2.25], "texture": "#0"},
				"up": {"uv": [8.625, 1.75, 8.75, 1.875], "texture": "#0"},
				"down": {"uv": [8.625, 2.125, 8.75, 2.25], "texture": "#0"}
			}
		},
		{
			"name": "ww2_9",
			"from": [8.5, 13.625, 8],
			"to": [8.625, 14.125, 8.125],
			"rotation": {"angle": 0, "axis": "y", "origin": [0, 0, 8]},
			"faces": {
				"north": {"uv": [8.625, 1.875, 8.5, 2.375], "texture": "#0"},
				"east": {"uv": [8.5, 1.875, 8.625, 2.375], "texture": "#0"},
				"south": {"uv": [8.5, 1.875, 8.625, 2.375], "texture": "#0"},
				"west": {"uv": [8.5, 1.875, 8.625, 2.375], "texture": "#0"},
				"up": {"uv": [8.5, 1.875, 8.625, 2], "texture": "#0"},
				"down": {"uv": [8.5, 2.25, 8.625, 2.375], "texture": "#0"}
			}
		},
		{
			"name": "ww2_10",
			"from": [8.375, 13.375, 8],
			"to": [8.5, 14, 8.125],
			"rotation": {"angle": 0, "axis": "y", "origin": [0, 0, 8]},
			"faces": {
				"north": {"uv": [8.5, 2, 8.375, 2.625], "texture": "#0"},
				"east": {"uv": [8.375, 2, 8.5, 2.625], "texture": "#0"},
				"south": {"uv": [8.375, 2, 8.5, 2.625], "texture": "#0"},
				"west": {"uv": [8.375, 2, 8.5, 2.625], "texture": "#0"},
				"up": {"uv": [8.375, 2, 8.5, 2.125], "texture": "#0"},
				"down": {"uv": [8.375, 2.5, 8.5, 2.625], "texture": "#0"}
			}
		},
		{
			"name": "ww2_11",
			"from": [8.25, 13.125, 8],
			"to": [8.375, 13.875, 8.125],
			"rotation": {"angle": 0, "axis": "y", "origin": [0, 0, 8]},
			"faces": {
				"north": {"uv": [8.375, 2.125, 8.25, 2.875], "texture": "#0"},
				"east": {"uv": [8.25, 2.125, 8.375, 2.875], "texture": "#0"},
				"south": {"uv": [8.25, 2.125, 8.375, 2.875], "texture": "#0"},
				"west": {"uv": [8.25, 2.125, 8.375, 2.875], "texture": "#0"},
				"up": {"uv": [8.25, 2.125, 8.375, 2.25], "texture": "#0"},
				"down": {"uv": [8.25, 2.75, 8.375, 2.875], "texture": "#0"}
			}
		},
		{
			"name": "ww2_12",
			"from": [8.125, 12.875, 8],
			"to": [8.25, 13.625, 8.125],
			"rotation": {"angle": 0, "axis": "y", "origin": [0, 0, 8]},
			"faces": {
				"north": {"uv": [8.25, 2.375, 8.125, 3.125], "texture": "#0"},
				"east": {"uv": [8.125, 2.375, 8.25, 3.125], "texture": "#0"},
				"south": {"uv": [8.125, 2.375, 8.25, 3.125], "texture": "#0"},
				"west": {"uv": [8.125, 2.375, 8.25, 3.125], "texture": "#0"},
				"up": {"uv": [8.125, 2.375, 8.25, 2.5], "texture": "#0"},
				"down": {"uv": [8.125, 3, 8.25, 3.125], "texture": "#0"}
			}
		},
		{
			"name": "ww2_13",
			"from": [8, 12.625, 8],
			"to": [8.125, 13.375, 8.125],
			"rotation": {"angle": 0, "axis": "y", "origin": [0, 0, 8]},
			"faces": {
				"north": {"uv": [8.125, 2.625, 8, 3.375], "texture": "#0"},
				"east": {"uv": [8, 2.625, 8.125, 3.375], "texture": "#0"},
				"south": {"uv": [8, 2.625, 8.125, 3.375], "texture": "#0"},
				"west": {"uv": [8, 2.625, 8.125, 3.375], "texture": "#0"},
				"up": {"uv": [8, 2.625, 8.125, 2.75], "texture": "#0"},
				"down": {"uv": [8, 3.25, 8.125, 3.375], "texture": "#0"}
			}
		},
		{
			"name": "ww2_14",
			"from": [7.875, 12.125, 8],
			"to": [8, 13.125, 8.125],
			"rotation": {"angle": 0, "axis": "y", "origin": [0, 0, 8]},
			"faces": {
				"north": {"uv": [8, 2.875, 7.875, 3.875], "texture": "#0"},
				"east": {"uv": [7.875, 2.875, 8, 3.875], "texture": "#0"},
				"south": {"uv": [7.875, 2.875, 8, 3.875], "texture": "#0"},
				"west": {"uv": [7.875, 2.875, 8, 3.875], "texture": "#0"},
				"up": {"uv": [7.875, 2.875, 8, 3], "texture": "#0"},
				"down": {"uv": [7.875, 3.75, 8, 3.875], "texture": "#0"}
			}
		},
		{
			"name": "ww2_15",
			"from": [7.75, 11.875, 8],
			"to": [7.875, 12.875, 8.125],
			"rotation": {"angle": 0, "axis": "y", "origin": [0, 0, 8]},
			"faces": {
				"north": {"uv": [7.875, 3.125, 7.75, 4.125], "texture": "#0"},
				"east": {"uv": [7.75, 3.125, 7.875, 4.125], "texture": "#0"},
				"south": {"uv": [7.75, 3.125, 7.875, 4.125], "texture": "#0"},
				"west": {"uv": [7.75, 3.125, 7.875, 4.125], "texture": "#0"},
				"up": {"uv": [7.75, 3.125, 7.875, 3.25], "texture": "#0"},
				"down": {"uv": [7.75, 4, 7.875, 4.125], "texture": "#0"}
			}
		},
		{
			"name": "ww2_16",
			"from": [7.625, 11.375, 8],
			"to": [7.75, 12.5, 8.125],
			"rotation": {"angle": 0, "axis": "y", "origin": [0, 0, 8]},
			"faces": {
				"north": {"uv": [7.75, 3.5, 7.625, 4.625], "texture": "#0"},
				"east": {"uv": [7.625, 3.5, 7.75, 4.625], "texture": "#0"},
				"south": {"uv": [7.625, 3.5, 7.75, 4.625], "texture": "#0"},
				"west": {"uv": [7.625, 3.5, 7.75, 4.625], "texture": "#0"},
				"up": {"uv": [7.625, 3.5, 7.75, 3.625], "texture": "#0"},
				"down": {"uv": [7.625, 4.5, 7.75, 4.625], "texture": "#0"}
			}
		},
		{
			"name": "ww2_17",
			"from": [7.5, 10.75, 8],
			"to": [7.625, 12.125, 8.125],
			"rotation": {"angle": 0, "axis": "y", "origin": [0, 0, 8]},
			"faces": {
				"north": {"uv": [7.625, 3.875, 7.5, 5.25], "texture": "#0"},
				"east": {"uv": [7.5, 3.875, 7.625, 5.25], "texture": "#0"},
				"south": {"uv": [7.5, 3.875, 7.625, 5.25], "texture": "#0"},
				"west": {"uv": [7.5, 3.875, 7.625, 5.25], "texture": "#0"},
				"up": {"uv": [7.5, 3.875, 7.625, 4], "texture": "#0"},
				"down": {"uv": [7.5, 5.125, 7.625, 5.25], "texture": "#0"}
			}
		},
		{
			"name": "ww2_18",
			"from": [7.375, 9.5, 8],
			"to": [7.5, 11.625, 8.125],
			"rotation": {"angle": 0, "axis": "y", "origin": [0, 0, 8]},
			"faces": {
				"north": {"uv": [7.5, 4.375, 7.375, 6.5], "texture": "#0"},
				"east": {"uv": [7.375, 4.375, 7.5, 6.5], "texture": "#0"},
				"south": {"uv": [7.375, 4.375, 7.5, 6.5], "texture": "#0"},
				"west": {"uv": [7.375, 4.375, 7.5, 6.5], "texture": "#0"},
				"up": {"uv": [7.375, 4.375, 7.5, 4.5], "texture": "#0"},
				"down": {"uv": [7.375, 6.375, 7.5, 6.5], "texture": "#0"}
			}
		},
		{
			"name": "ww2_19",
			"from": [7.25, 10, 8],
			"to": [7.375, 11.375, 8.125],
			"rotation": {"angle": 0, "axis": "y", "origin": [0, 0, 8]},
			"faces": {
				"north": {"uv": [7.375, 4.625, 7.25, 6], "texture": "#0"},
				"east": {"uv": [7.25, 4.625, 7.375, 6], "texture": "#0"},
				"south": {"uv": [7.25, 4.625, 7.375, 6], "texture": "#0"},
				"west": {"uv": [7.25, 4.625, 7.375, 6], "texture": "#0"},
				"up": {"uv": [7.25, 4.625, 7.375, 4.75], "texture": "#0"},
				"down": {"uv": [7.25, 5.875, 7.375, 6], "texture": "#0"}
			}
		},
		{
			"name": "ww2_20",
			"from": [7.125, 10.5, 8],
			"to": [7.25, 11.125, 8.125],
			"rotation": {"angle": 0, "axis": "y", "origin": [0, 0, 8]},
			"faces": {
				"north": {"uv": [7.25, 4.875, 7.125, 5.5], "texture": "#0"},
				"east": {"uv": [7.125, 4.875, 7.25, 5.5], "texture": "#0"},
				"south": {"uv": [7.125, 4.875, 7.25, 5.5], "texture": "#0"},
				"west": {"uv": [7.125, 4.875, 7.25, 5.5], "texture": "#0"},
				"up": {"uv": [7.125, 4.875, 7.25, 5], "texture": "#0"},
				"down": {"uv": [7.125, 5.375, 7.25, 5.5], "texture": "#0"}
			}
		},
		{
			"name": "ww2_21",
			"from": [7.625, 11, 8],
			"to": [7.75, 11.125, 8.125],
			"rotation": {"angle": 0, "axis": "y", "origin": [0, 0, 8]},
			"faces": {
				"north": {"uv": [7.75, 4.875, 7.625, 5], "texture": "#0"},
				"east": {"uv": [7.625, 4.875, 7.75, 5], "texture": "#0"},
				"south": {"uv": [7.625, 4.875, 7.75, 5], "texture": "#0"},
				"west": {"uv": [7.625, 4.875, 7.75, 5], "texture": "#0"},
				"up": {"uv": [7.625, 4.875, 7.75, 5], "texture": "#0"},
				"down": {"uv": [7.625, 4.875, 7.75, 5], "texture": "#0"}
			}
		},
		{
			"name": "ww2_22",
			"from": [7, 10.625, 8],
			"to": [7.125, 10.875, 8.125],
			"rotation": {"angle": 0, "axis": "y", "origin": [0, 0, 8]},
			"faces": {
				"north": {"uv": [7.125, 5.125, 7, 5.375], "texture": "#0"},
				"east": {"uv": [7, 5.125, 7.125, 5.375], "texture": "#0"},
				"south": {"uv": [7, 5.125, 7.125, 5.375], "texture": "#0"},
				"west": {"uv": [7, 5.125, 7.125, 5.375], "texture": "#0"},
				"up": {"uv": [7, 5.125, 7.125, 5.25], "texture": "#0"},
				"down": {"uv": [7, 5.25, 7.125, 5.375], "texture": "#0"}
			}
		},
		{
			"name": "ww2_23",
			"from": [6.875, 10.625, 8],
			"to": [7, 10.75, 8.125],
			"rotation": {"angle": 0, "axis": "y", "origin": [0, 0, 8]},
			"faces": {
				"north": {"uv": [7, 5.25, 6.875, 5.375], "texture": "#0"},
				"east": {"uv": [6.875, 5.25, 7, 5.375], "texture": "#0"},
				"south": {"uv": [6.875, 5.25, 7, 5.375], "texture": "#0"},
				"west": {"uv": [6.875, 5.25, 7, 5.375], "texture": "#0"},
				"up": {"uv": [6.875, 5.25, 7, 5.375], "texture": "#0"},
				"down": {"uv": [6.875, 5.25, 7, 5.375], "texture": "#0"}
			}
		},
		{
			"name": "ww2_24",
			"from": [7.5, 9.25, 8],
			"to": [7.625, 10.5, 8.125],
			"rotation": {"angle": 0, "axis": "y", "origin": [0, 0, 8]},
			"faces": {
				"north": {"uv": [7.625, 5.5, 7.5, 6.75], "texture": "#0"},
				"east": {"uv": [7.5, 5.5, 7.625, 6.75], "texture": "#0"},
				"south": {"uv": [7.5, 5.5, 7.625, 6.75], "texture": "#0"},
				"west": {"uv": [7.5, 5.5, 7.625, 6.75], "texture": "#0"},
				"up": {"uv": [7.5, 5.5, 7.625, 5.625], "texture": "#0"},
				"down": {"uv": [7.5, 6.625, 7.625, 6.75], "texture": "#0"}
			}
		},
		{
			"name": "ww2_25",
			"from": [7.625, 9.75, 8],
			"to": [7.75, 10.375, 8.125],
			"rotation": {"angle": 0, "axis": "y", "origin": [0, 0, 8]},
			"faces": {
				"north": {"uv": [7.75, 5.625, 7.625, 6.25], "texture": "#0"},
				"east": {"uv": [7.625, 5.625, 7.75, 6.25], "texture": "#0"},
				"south": {"uv": [7.625, 5.625, 7.75, 6.25], "texture": "#0"},
				"west": {"uv": [7.625, 5.625, 7.75, 6.25], "texture": "#0"},
				"up": {"uv": [7.625, 5.625, 7.75, 5.75], "texture": "#0"},
				"down": {"uv": [7.625, 6.125, 7.75, 6.25], "texture": "#0"}
			}
		},
		{
			"name": "ww2_26",
			"from": [8, 10, 8],
			"to": [8.375, 10.375, 8.125],
			"rotation": {"angle": 0, "axis": "y", "origin": [0, 0, 8]},
			"faces": {
				"north": {"uv": [8.375, 5.625, 8, 6], "texture": "#0"},
				"east": {"uv": [8.25, 5.625, 8.375, 6], "texture": "#0"},
				"south": {"uv": [8, 5.625, 8.375, 6], "texture": "#0"},
				"west": {"uv": [8, 5.625, 8.125, 6], "texture": "#0"},
				"up": {"uv": [8, 5.625, 8.375, 5.75], "texture": "#0"},
				"down": {"uv": [8, 5.875, 8.375, 6], "texture": "#0"}
			}
		},
		{
			"name": "ww2_27",
			"from": [7.75, 10, 8],
			"to": [7.875, 10.25, 8.125],
			"rotation": {"angle": 0, "axis": "y", "origin": [0, 0, 8]},
			"faces": {
				"north": {"uv": [7.875, 5.75, 7.75, 6], "texture": "#0"},
				"east": {"uv": [7.75, 5.75, 7.875, 6], "texture": "#0"},
				"south": {"uv": [7.75, 5.75, 7.875, 6], "texture": "#0"},
				"west": {"uv": [7.75, 5.75, 7.875, 6], "texture": "#0"},
				"up": {"uv": [7.75, 5.75, 7.875, 5.875], "texture": "#0"},
				"down": {"uv": [7.75, 5.875, 7.875, 6], "texture": "#0"}
			}
		},
		{
			"name": "ww2_28",
			"from": [8.5, 9.75, 8],
			"to": [8.625, 10.25, 8.125],
			"rotation": {"angle": 0, "axis": "y", "origin": [0, 0, 8]},
			"faces": {
				"north": {"uv": [8.625, 5.75, 8.5, 6.25], "texture": "#0"},
				"east": {"uv": [8.5, 5.75, 8.625, 6.25], "texture": "#0"},
				"south": {"uv": [8.5, 5.75, 8.625, 6.25], "texture": "#0"},
				"west": {"uv": [8.5, 5.75, 8.625, 6.25], "texture": "#0"},
				"up": {"uv": [8.5, 5.75, 8.625, 5.875], "texture": "#0"},
				"down": {"uv": [8.5, 6.125, 8.625, 6.25], "texture": "#0"}
			}
		},
		{
			"name": "ww2_29",
			"from": [8.625, 9.875, 8],
			"to": [8.75, 10, 8.125],
			"rotation": {"angle": 0, "axis": "y", "origin": [0, 0, 8]},
			"faces": {
				"north": {"uv": [8.75, 6, 8.625, 6.125], "texture": "#0"},
				"east": {"uv": [8.625, 6, 8.75, 6.125], "texture": "#0"},
				"south": {"uv": [8.625, 6, 8.75, 6.125], "texture": "#0"},
				"west": {"uv": [8.625, 6, 8.75, 6.125], "texture": "#0"},
				"up": {"uv": [8.625, 6, 8.75, 6.125], "texture": "#0"},
				"down": {"uv": [8.625, 6, 8.75, 6.125], "texture": "#0"}
			}
		},
		{
			"name": "ww2_30",
			"from": [8, 7.375, 7.9],
			"to": [8.375, 9.75, 8.225],
			"rotation": {"angle": 0, "axis": "y", "origin": [0, 0, 8]},
			"faces": {
				"north": {"uv": [8.375, 6.25, 8, 8.625], "texture": "#0"},
				"east": {"uv": [8.25, 6.25, 8.375, 8.625], "texture": "#0"},
				"south": {"uv": [8, 6.25, 8.375, 8.625], "texture": "#0"},
				"west": {"uv": [8, 6.25, 8.125, 8.625], "texture": "#0"},
				"up": {"uv": [8, 6.25, 8.375, 6.375], "texture": "#0"},
				"down": {"uv": [8, 8.5, 8.375, 8.625], "texture": "#0"}
			}
		},
		{
			"name": "ww2_31",
			"from": [7.5, 6.625, 8],
			"to": [7.625, 7.875, 8.125],
			"rotation": {"angle": 0, "axis": "y", "origin": [0, 0, 8]},
			"faces": {
				"north": {"uv": [7.625, 8.125, 7.5, 9.375], "texture": "#0"},
				"east": {"uv": [7.5, 8.125, 7.625, 9.375], "texture": "#0"},
				"south": {"uv": [7.5, 8.125, 7.625, 9.375], "texture": "#0"},
				"west": {"uv": [7.5, 8.125, 7.625, 9.375], "texture": "#0"},
				"up": {"uv": [7.5, 8.125, 7.625, 8.25], "texture": "#0"},
				"down": {"uv": [7.5, 9.25, 7.625, 9.375], "texture": "#0"}
			}
		},
		{
			"name": "ww2_32",
			"from": [7.375, 5.5, 8],
			"to": [7.5, 7.625, 8.125],
			"rotation": {"angle": 0, "axis": "y", "origin": [0, 0, 8]},
			"faces": {
				"north": {"uv": [7.5, 8.375, 7.375, 10.5], "texture": "#0"},
				"east": {"uv": [7.375, 8.375, 7.5, 10.5], "texture": "#0"},
				"south": {"uv": [7.375, 8.375, 7.5, 10.5], "texture": "#0"},
				"west": {"uv": [7.375, 8.375, 7.5, 10.5], "texture": "#0"},
				"up": {"uv": [7.375, 8.375, 7.5, 8.5], "texture": "#0"},
				"down": {"uv": [7.375, 10.375, 7.5, 10.5], "texture": "#0"}
			}
		},
		{
			"name": "ww2_33",
			"from": [7.625, 6.75, 8],
			"to": [7.75, 7.375, 8.125],
			"rotation": {"angle": 0, "axis": "y", "origin": [0, 0, 8]},
			"faces": {
				"north": {"uv": [7.75, 8.625, 7.625, 9.25], "texture": "#0"},
				"east": {"uv": [7.625, 8.625, 7.75, 9.25], "texture": "#0"},
				"south": {"uv": [7.625, 8.625, 7.75, 9.25], "texture": "#0"},
				"west": {"uv": [7.625, 8.625, 7.75, 9.25], "texture": "#0"},
				"up": {"uv": [7.625, 8.625, 7.75, 8.75], "texture": "#0"},
				"down": {"uv": [7.625, 9.125, 7.75, 9.25], "texture": "#0"}
			}
		},
		{
			"name": "ww2_34",
			"from": [8.5, 6.875, 8],
			"to": [8.625, 7.375, 8.125],
			"rotation": {"angle": 0, "axis": "y", "origin": [0, 0, 8]},
			"faces": {
				"north": {"uv": [8.625, 8.625, 8.5, 9.125], "texture": "#0"},
				"east": {"uv": [8.5, 8.625, 8.625, 9.125], "texture": "#0"},
				"south": {"uv": [8.5, 8.625, 8.625, 9.125], "texture": "#0"},
				"west": {"uv": [8.5, 8.625, 8.625, 9.125], "texture": "#0"},
				"up": {"uv": [8.5, 8.625, 8.625, 8.75], "texture": "#0"},
				"down": {"uv": [8.5, 9, 8.625, 9.125], "texture": "#0"}
			}
		},
		{
			"name": "ww2_35",
			"from": [8.625, 7.125, 8],
			"to": [8.75, 7.25, 8.125],
			"rotation": {"angle": 0, "axis": "y", "origin": [0, 0, 8]},
			"faces": {
				"north": {"uv": [8.75, 8.75, 8.625, 8.875], "texture": "#0"},
				"east": {"uv": [8.625, 8.75, 8.75, 8.875], "texture": "#0"},
				"south": {"uv": [8.625, 8.75, 8.75, 8.875], "texture": "#0"},
				"west": {"uv": [8.625, 8.75, 8.75, 8.875], "texture": "#0"},
				"up": {"uv": [8.625, 8.75, 8.75, 8.875], "texture": "#0"},
				"down": {"uv": [8.625, 8.75, 8.75, 8.875], "texture": "#0"}
			}
		},
		{
			"name": "ww2_36",
			"from": [7.25, 5.75, 8],
			"to": [7.375, 7.125, 8.125],
			"rotation": {"angle": 0, "axis": "y", "origin": [0, 0, 8]},
			"faces": {
				"north": {"uv": [7.375, 8.875, 7.25, 10.25], "texture": "#0"},
				"east": {"uv": [7.25, 8.875, 7.375, 10.25], "texture": "#0"},
				"south": {"uv": [7.25, 8.875, 7.375, 10.25], "texture": "#0"},
				"west": {"uv": [7.25, 8.875, 7.375, 10.25], "texture": "#0"},
				"up": {"uv": [7.25, 8.875, 7.375, 9], "texture": "#0"},
				"down": {"uv": [7.25, 10.125, 7.375, 10.25], "texture": "#0"}
			}
		},
		{
			"name": "ww2_37",
			"from": [7.75, 6.875, 8],
			"to": [7.875, 7.125, 8.125],
			"rotation": {"angle": 0, "axis": "y", "origin": [0, 0, 8]},
			"faces": {
				"north": {"uv": [7.875, 8.875, 7.75, 9.125], "texture": "#0"},
				"east": {"uv": [7.75, 8.875, 7.875, 9.125], "texture": "#0"},
				"south": {"uv": [7.75, 8.875, 7.875, 9.125], "texture": "#0"},
				"west": {"uv": [7.75, 8.875, 7.875, 9.125], "texture": "#0"},
				"up": {"uv": [7.75, 8.875, 7.875, 9], "texture": "#0"},
				"down": {"uv": [7.75, 9, 7.875, 9.125], "texture": "#0"}
			}
		},
		{
			"name": "ww2_38",
			"from": [8, 6.75, 8],
			"to": [8.375, 7.125, 8.125],
			"rotation": {"angle": 0, "axis": "y", "origin": [0, 0, 8]},
			"faces": {
				"north": {"uv": [8.375, 8.875, 8, 9.25], "texture": "#0"},
				"east": {"uv": [8.25, 8.875, 8.375, 9.25], "texture": "#0"},
				"south": {"uv": [8, 8.875, 8.375, 9.25], "texture": "#0"},
				"west": {"uv": [8, 8.875, 8.125, 9.25], "texture": "#0"},
				"up": {"uv": [8, 8.875, 8.375, 9], "texture": "#0"},
				"down": {"uv": [8, 9.125, 8.375, 9.25], "texture": "#0"}
			}
		},
		{
			"name": "ww2_39",
			"from": [7.125, 6, 8],
			"to": [7.25, 6.625, 8.125],
			"rotation": {"angle": 0, "axis": "y", "origin": [0, 0, 8]},
			"faces": {
				"north": {"uv": [7.25, 9.375, 7.125, 10], "texture": "#0"},
				"east": {"uv": [7.125, 9.375, 7.25, 10], "texture": "#0"},
				"south": {"uv": [7.125, 9.375, 7.25, 10], "texture": "#0"},
				"west": {"uv": [7.125, 9.375, 7.25, 10], "texture": "#0"},
				"up": {"uv": [7.125, 9.375, 7.25, 9.5], "texture": "#0"},
				"down": {"uv": [7.125, 9.875, 7.25, 10], "texture": "#0"}
			}
		},
		{
			"name": "ww2_40",
			"from": [6.875, 6.375, 8],
			"to": [7.125, 6.5, 8.125],
			"rotation": {"angle": 0, "axis": "y", "origin": [0, 0, 8]},
			"faces": {
				"north": {"uv": [7.125, 9.5, 6.875, 9.625], "texture": "#0"},
				"east": {"uv": [7, 9.5, 7.125, 9.625], "texture": "#0"},
				"south": {"uv": [6.875, 9.5, 7.125, 9.625], "texture": "#0"},
				"west": {"uv": [6.875, 9.5, 7, 9.625], "texture": "#0"},
				"up": {"uv": [6.875, 9.5, 7.125, 9.625], "texture": "#0"},
				"down": {"uv": [6.875, 9.5, 7.125, 9.625], "texture": "#0"}
			}
		},
		{
			"name": "ww2_41",
			"from": [7, 6.25, 8],
			"to": [7.125, 6.375, 8.125],
			"rotation": {"angle": 0, "axis": "y", "origin": [0, 0, 8]},
			"faces": {
				"north": {"uv": [7.125, 9.625, 7, 9.75], "texture": "#0"},
				"east": {"uv": [7, 9.625, 7.125, 9.75], "texture": "#0"},
				"south": {"uv": [7, 9.625, 7.125, 9.75], "texture": "#0"},
				"west": {"uv": [7, 9.625, 7.125, 9.75], "texture": "#0"},
				"up": {"uv": [7, 9.625, 7.125, 9.75], "texture": "#0"},
				"down": {"uv": [7, 9.625, 7.125, 9.75], "texture": "#0"}
			}
		},
		{
			"name": "ww2_42",
			"from": [7.5, 5, 8],
			"to": [7.625, 6.375, 8.125],
			"rotation": {"angle": 0, "axis": "y", "origin": [0, 0, 8]},
			"faces": {
				"north": {"uv": [7.625, 9.625, 7.5, 11], "texture": "#0"},
				"east": {"uv": [7.5, 9.625, 7.625, 11], "texture": "#0"},
				"south": {"uv": [7.5, 9.625, 7.625, 11], "texture": "#0"},
				"west": {"uv": [7.5, 9.625, 7.625, 11], "texture": "#0"},
				"up": {"uv": [7.5, 9.625, 7.625, 9.75], "texture": "#0"},
				"down": {"uv": [7.5, 10.875, 7.625, 11], "texture": "#0"}
			}
		},
		{
			"name": "ww2_43",
			"from": [7.625, 6, 8],
			"to": [7.75, 6.125, 8.125],
			"rotation": {"angle": 0, "axis": "y", "origin": [0, 0, 8]},
			"faces": {
				"north": {"uv": [7.75, 9.875, 7.625, 10], "texture": "#0"},
				"east": {"uv": [7.625, 9.875, 7.75, 10], "texture": "#0"},
				"south": {"uv": [7.625, 9.875, 7.75, 10], "texture": "#0"},
				"west": {"uv": [7.625, 9.875, 7.75, 10], "texture": "#0"},
				"up": {"uv": [7.625, 9.875, 7.75, 10], "texture": "#0"},
				"down": {"uv": [7.625, 9.875, 7.75, 10], "texture": "#0"}
			}
		},
		{
			"name": "ww2_44",
			"from": [7.625, 4.625, 8],
			"to": [7.75, 5.75, 8.125],
			"rotation": {"angle": 0, "axis": "y", "origin": [0, 0, 8]},
			"faces": {
				"north": {"uv": [7.75, 10.25, 7.625, 11.375], "texture": "#0"},
				"east": {"uv": [7.625, 10.25, 7.75, 11.375], "texture": "#0"},
				"south": {"uv": [7.625, 10.25, 7.75, 11.375], "texture": "#0"},
				"west": {"uv": [7.625, 10.25, 7.75, 11.375], "texture": "#0"},
				"up": {"uv": [7.625, 10.25, 7.75, 10.375], "texture": "#0"},
				"down": {"uv": [7.625, 11.25, 7.75, 11.375], "texture": "#0"}
			}
		},
		{
			"name": "ww2_45",
			"from": [7.75, 4.25, 8],
			"to": [7.875, 5.25, 8.125],
			"rotation": {"angle": 0, "axis": "y", "origin": [0, 0, 8]},
			"faces": {
				"north": {"uv": [7.875, 10.75, 7.75, 11.75], "texture": "#0"},
				"east": {"uv": [7.75, 10.75, 7.875, 11.75], "texture": "#0"},
				"south": {"uv": [7.75, 10.75, 7.875, 11.75], "texture": "#0"},
				"west": {"uv": [7.75, 10.75, 7.875, 11.75], "texture": "#0"},
				"up": {"uv": [7.75, 10.75, 7.875, 10.875], "texture": "#0"},
				"down": {"uv": [7.75, 11.625, 7.875, 11.75], "texture": "#0"}
			}
		},
		{
			"name": "ww2_46",
			"from": [7.875, 4, 8],
			"to": [8, 5, 8.125],
			"rotation": {"angle": 0, "axis": "y", "origin": [0, 0, 8]},
			"faces": {
				"north": {"uv": [8, 11, 7.875, 12], "texture": "#0"},
				"east": {"uv": [7.875, 11, 8, 12], "texture": "#0"},
				"south": {"uv": [7.875, 11, 8, 12], "texture": "#0"},
				"west": {"uv": [7.875, 11, 8, 12], "texture": "#0"},
				"up": {"uv": [7.875, 11, 8, 11.125], "texture": "#0"},
				"down": {"uv": [7.875, 11.875, 8, 12], "texture": "#0"}
			}
		},
		{
			"name": "ww2_47",
			"from": [8, 3.75, 8],
			"to": [8.125, 4.5, 8.125],
			"rotation": {"angle": 0, "axis": "y", "origin": [0, 0, 8]},
			"faces": {
				"north": {"uv": [8.125, 11.5, 8, 12.25], "texture": "#0"},
				"east": {"uv": [8, 11.5, 8.125, 12.25], "texture": "#0"},
				"south": {"uv": [8, 11.5, 8.125, 12.25], "texture": "#0"},
				"west": {"uv": [8, 11.5, 8.125, 12.25], "texture": "#0"},
				"up": {"uv": [8, 11.5, 8.125, 11.625], "texture": "#0"},
				"down": {"uv": [8, 12.125, 8.125, 12.25], "texture": "#0"}
			}
		},
		{
			"name": "ww2_48",
			"from": [8.125, 3.5, 8],
			"to": [8.25, 4.25, 8.125],
			"rotation": {"angle": 0, "axis": "y", "origin": [0, 0, 8]},
			"faces": {
				"north": {"uv": [8.25, 11.75, 8.125, 12.5], "texture": "#0"},
				"east": {"uv": [8.125, 11.75, 8.25, 12.5], "texture": "#0"},
				"south": {"uv": [8.125, 11.75, 8.25, 12.5], "texture": "#0"},
				"west": {"uv": [8.125, 11.75, 8.25, 12.5], "texture": "#0"},
				"up": {"uv": [8.125, 11.75, 8.25, 11.875], "texture": "#0"},
				"down": {"uv": [8.125, 12.375, 8.25, 12.5], "texture": "#0"}
			}
		},
		{
			"name": "ww2_49",
			"from": [8.25, 3.25, 8],
			"to": [8.375, 4, 8.125],
			"rotation": {"angle": 0, "axis": "y", "origin": [0, 0, 8]},
			"faces": {
				"north": {"uv": [8.375, 12, 8.25, 12.75], "texture": "#0"},
				"east": {"uv": [8.25, 12, 8.375, 12.75], "texture": "#0"},
				"south": {"uv": [8.25, 12, 8.375, 12.75], "texture": "#0"},
				"west": {"uv": [8.25, 12, 8.375, 12.75], "texture": "#0"},
				"up": {"uv": [8.25, 12, 8.375, 12.125], "texture": "#0"},
				"down": {"uv": [8.25, 12.625, 8.375, 12.75], "texture": "#0"}
			}
		},
		{
			"name": "ww2_50",
			"from": [8.375, 3.125, 8],
			"to": [8.5, 3.75, 8.125],
			"rotation": {"angle": 0, "axis": "y", "origin": [0, 0, 8]},
			"faces": {
				"north": {"uv": [8.5, 12.25, 8.375, 12.875], "texture": "#0"},
				"east": {"uv": [8.375, 12.25, 8.5, 12.875], "texture": "#0"},
				"south": {"uv": [8.375, 12.25, 8.5, 12.875], "texture": "#0"},
				"west": {"uv": [8.375, 12.25, 8.5, 12.875], "texture": "#0"},
				"up": {"uv": [8.375, 12.25, 8.5, 12.375], "texture": "#0"},
				"down": {"uv": [8.375, 12.75, 8.5, 12.875], "texture": "#0"}
			}
		},
		{
			"name": "ww2_51",
			"from": [8.5, 3, 8],
			"to": [8.625, 3.5, 8.125],
			"rotation": {"angle": 0, "axis": "y", "origin": [0, 0, 8]},
			"faces": {
				"north": {"uv": [8.625, 12.5, 8.5, 13], "texture": "#0"},
				"east": {"uv": [8.5, 12.5, 8.625, 13], "texture": "#0"},
				"south": {"uv": [8.5, 12.5, 8.625, 13], "texture": "#0"},
				"west": {"uv": [8.5, 12.5, 8.625, 13], "texture": "#0"},
				"up": {"uv": [8.5, 12.5, 8.625, 12.625], "texture": "#0"},
				"down": {"uv": [8.5, 12.875, 8.625, 13], "texture": "#0"}
			}
		},
		{
			"name": "ww2_52",
			"from": [8.625, 2.875, 8],
			"to": [8.75, 3.375, 8.125],
			"rotation": {"angle": 0, "axis": "y", "origin": [0, 0, 8]},
			"faces": {
				"north": {"uv": [8.75, 12.625, 8.625, 13.125], "texture": "#0"},
				"east": {"uv": [8.625, 12.625, 8.75, 13.125], "texture": "#0"},
				"south": {"uv": [8.625, 12.625, 8.75, 13.125], "texture": "#0"},
				"west": {"uv": [8.625, 12.625, 8.75, 13.125], "texture": "#0"},
				"up": {"uv": [8.625, 12.625, 8.75, 12.75], "texture": "#0"},
				"down": {"uv": [8.625, 13, 8.75, 13.125], "texture": "#0"}
			}
		},
		{
			"name": "ww2_53",
			"from": [8.75, 2.75, 8],
			"to": [8.875, 3.25, 8.125],
			"rotation": {"angle": 0, "axis": "y", "origin": [0, 0, 8]},
			"faces": {
				"north": {"uv": [8.875, 12.75, 8.75, 13.25], "texture": "#0"},
				"east": {"uv": [8.75, 12.75, 8.875, 13.25], "texture": "#0"},
				"south": {"uv": [8.75, 12.75, 8.875, 13.25], "texture": "#0"},
				"west": {"uv": [8.75, 12.75, 8.875, 13.25], "texture": "#0"},
				"up": {"uv": [8.75, 12.75, 8.875, 12.875], "texture": "#0"},
				"down": {"uv": [8.75, 13.125, 8.875, 13.25], "texture": "#0"}
			}
		},
		{
			"name": "ww2_54",
			"from": [8.875, 2.625, 8],
			"to": [9, 3.125, 8.125],
			"rotation": {"angle": 0, "axis": "y", "origin": [0, 0, 8]},
			"faces": {
				"north": {"uv": [9, 12.875, 8.875, 13.375], "texture": "#0"},
				"east": {"uv": [8.875, 12.875, 9, 13.375], "texture": "#0"},
				"south": {"uv": [8.875, 12.875, 9, 13.375], "texture": "#0"},
				"west": {"uv": [8.875, 12.875, 9, 13.375], "texture": "#0"},
				"up": {"uv": [8.875, 12.875, 9, 13], "texture": "#0"},
				"down": {"uv": [8.875, 13.25, 9, 13.375], "texture": "#0"}
			}
		},
		{
			"name": "ww2_55",
			"from": [9, 2.5, 8],
			"to": [9.125, 3, 8.125],
			"rotation": {"angle": 0, "axis": "y", "origin": [0, 0, 8]},
			"faces": {
				"north": {"uv": [9.125, 13, 9, 13.5], "texture": "#0"},
				"east": {"uv": [9, 13, 9.125, 13.5], "texture": "#0"},
				"south": {"uv": [9, 13, 9.125, 13.5], "texture": "#0"},
				"west": {"uv": [9, 13, 9.125, 13.5], "texture": "#0"},
				"up": {"uv": [9, 13, 9.125, 13.125], "texture": "#0"},
				"down": {"uv": [9, 13.375, 9.125, 13.5], "texture": "#0"}
			}
		},
		{
			"name": "ww2_56",
			"from": [9.125, 2.375, 8],
			"to": [9.25, 2.875, 8.125],
			"rotation": {"angle": 0, "axis": "y", "origin": [0, 0, 8]},
			"faces": {
				"north": {"uv": [9.25, 13.125, 9.125, 13.625], "texture": "#0"},
				"east": {"uv": [9.125, 13.125, 9.25, 13.625], "texture": "#0"},
				"south": {"uv": [9.125, 13.125, 9.25, 13.625], "texture": "#0"},
				"west": {"uv": [9.125, 13.125, 9.25, 13.625], "texture": "#0"},
				"up": {"uv": [9.125, 13.125, 9.25, 13.25], "texture": "#0"},
				"down": {"uv": [9.125, 13.5, 9.25, 13.625], "texture": "#0"}
			}
		},
		{
			"name": "ww2_57",
			"from": [9.25, 2.375, 8],
			"to": [9.375, 2.75, 8.125],
			"rotation": {"angle": 0, "axis": "y", "origin": [0, 0, 8]},
			"faces": {
				"north": {"uv": [9.375, 13.25, 9.25, 13.625], "texture": "#0"},
				"east": {"uv": [9.25, 13.25, 9.375, 13.625], "texture": "#0"},
				"south": {"uv": [9.25, 13.25, 9.375, 13.625], "texture": "#0"},
				"west": {"uv": [9.25, 13.25, 9.375, 13.625], "texture": "#0"},
				"up": {"uv": [9.25, 13.25, 9.375, 13.375], "texture": "#0"},
				"down": {"uv": [9.25, 13.5, 9.375, 13.625], "texture": "#0"}
			}
		},
		{
			"name": "ww2_58",
			"from": [9.375, 2.25, 8],
			"to": [9.625, 2.625, 8.125],
			"rotation": {"angle": 0, "axis": "y", "origin": [0, 0, 8]},
			"faces": {
				"north": {"uv": [9.625, 13.375, 9.375, 13.75], "texture": "#0"},
				"east": {"uv": [9.5, 13.375, 9.625, 13.75], "texture": "#0"},
				"south": {"uv": [9.375, 13.375, 9.625, 13.75], "texture": "#0"},
				"west": {"uv": [9.375, 13.375, 9.5, 13.75], "texture": "#0"},
				"up": {"uv": [9.375, 13.375, 9.625, 13.5], "texture": "#0"},
				"down": {"uv": [9.375, 13.625, 9.625, 13.75], "texture": "#0"}
			}
		},
		{
			"name": "ww2_59",
			"from": [9.625, 2.25, 8],
			"to": [10.125, 2.5, 8.125],
			"rotation": {"angle": 0, "axis": "y", "origin": [0, 0, 8]},
			"faces": {
				"north": {"uv": [10.125, 13.5, 9.625, 13.75], "texture": "#0"},
				"east": {"uv": [10, 13.5, 10.125, 13.75], "texture": "#0"},
				"south": {"uv": [9.625, 13.5, 10.125, 13.75], "texture": "#0"},
				"west": {"uv": [9.625, 13.5, 9.75, 13.75], "texture": "#0"},
				"up": {"uv": [9.625, 13.5, 10.125, 13.625], "texture": "#0"},
				"down": {"uv": [9.625, 13.625, 10.125, 13.75], "texture": "#0"}
			}
		},
		{
			"name": "ww2_60",
			"from": [10.125, 2.25, 8],
			"to": [10.375, 2.375, 8.125],
			"rotation": {"angle": 0, "axis": "y", "origin": [0, 0, 8]},
			"faces": {
				"north": {"uv": [10.375, 13.625, 10.125, 13.75], "texture": "#0"},
				"east": {"uv": [10.25, 13.625, 10.375, 13.75], "texture": "#0"},
				"south": {"uv": [10.125, 13.625, 10.375, 13.75], "texture": "#0"},
				"west": {"uv": [10.125, 13.625, 10.25, 13.75], "texture": "#0"},
				"up": {"uv": [10.125, 13.625, 10.375, 13.75], "texture": "#0"},
				"down": {"uv": [10.125, 13.625, 10.375, 13.75], "texture": "#0"}
			}
		}
	],
	"gui_light": "front",
	"display": {
		"thirdperson_righthand": {
			"rotation": [0, -90, 0],
			"translation": [0, -3, 0.5],
			"scale": [2.5, 2.5, 2.5]
		},
		"thirdperson_lefthand": {
			"rotation": [0, 90, 0],
			"translation": [0, -3, 0.5],
			"scale": [2.5, 2.5, 2.5]
		},
		"firstperson_righthand": {
			"rotation": [8, -90, 5],
			"translation": [0, -0.5, 0.5],
			"scale": [2.1, 2.1, 2]
		},
		"firstperson_lefthand": {
			"rotation": [8, 90, -5],
			"translation": [0, -0.5, 0.5],
			"scale": [2.1, 2.1, 2]
		},
		"ground": {
			"translation": [0, 7, 0],
			"scale": [2, 2, 2]
		},
		"gui": {
			"rotation": [0, 0, -44],
			"translation": [-1.5, 0, 0],
			"scale": [2.2, 2.2, 2]
		},
		"head": {
			"rotation": [0, 0, 144],
			"translation": [2.5, -12.5, 3.75],
			"scale": [4, 4, 3.75]
		},
		"fixed": {
			"rotation": [0, 180, -50],
			"translation": [1.5, 1.75, -0.75],
			"scale": [3.8, 3.8, 2.5]
		}
	},
	"groups": [
		{
			"name": "ww3",
			"origin": [8, 8, 8],
			"color": 0,
			"children": [0, 1, 2, 3, 4, 5, 6, 7, 8, 9, 10, 11, 12, 13, 14, 15, 16, 17, 18, 19, 20, 21, 22, 23, 24, 25, 26, 27, 28, 29, 30, 31, 32, 33, 34, 35, 36, 37, 38, 39, 40, 41]
		},
		{
			"name": "ww1",
			"origin": [8, 8, 8],
			"color": 0,
			"children": [42, 43, 44, 45, 46, 47, 48, 49, 50, 51, 52, 53, 54, 55, 56, 57, 58, 59, 60, 61, 62, 63, 64, 65, 66, 67]
		},
		{
			"name": "ww2",
			"origin": [8, 8, 8],
			"color": 0,
			"children": [
				68,
				69,
				70,
				71,
				72,
				73,
				74,
				75,
				76,
				77,
				78,
				79,
				80,
				81,
				82,
				83,
				84,
				85,
				86,
				87,
				88,
				89,
				90,
				91,
				92,
				93,
				94,
				95,
				96,
				97,
				98,
				99,
				100,
				101,
				102,
				103,
				104,
				105,
				106,
				107,
				108,
				109,
				110,
				111,
				112,
				113,
				114,
				115,
				116,
				117,
				118,
				119,
				120,
				121,
				122,
				123,
				124,
				125,
				126,
				127,
				128
			]
		}
	]
}