{
	"credit": "Made by Leaf Studio",
	"texture_size": [32, 32],
	"textures": {
		"4": "item/stone_sword/3dstone_sword"
	},
	"elements": [
		{
			"from": [7.4, -8.175, 6.4],
			"to": [8.6, -4.975, 9.6],
			"rotation": {"angle": 45, "axis": "x", "origin": [8, -6.575, 8]},
			"faces": {
				"north": {"uv": [8, 8, 8.5, 9.5], "texture": "#4"},
				"east": {"uv": [5, 0, 6.5, 1.5], "texture": "#4"},
				"south": {"uv": [8.5, 0, 9, 1.5], "texture": "#4"},
				"west": {"uv": [5, 0, 6.5, 1.5], "rotation": 270, "texture": "#4"},
				"up": {"uv": [9, 3, 8.5, 1.5], "texture": "#4"},
				"down": {"uv": [9, 3, 8.5, 4.5], "texture": "#4"}
			}
		},
		{
			"from": [7.49, 16.92935, 6.92936],
			"to": [8.51, 19.07065, 9.07066],
			"rotation": {"angle": -45, "axis": "x", "origin": [8, 18, 8.00001]},
			"faces": {
				"north": {"uv": [9, 0, 9.5, 1], "texture": "#4"},
				"east": {"uv": [8, 6, 9, 7], "texture": "#4"},
				"south": {"uv": [1, 9, 1.5, 10], "texture": "#4"},
				"west": {"uv": [8, 7, 9, 8], "texture": "#4"},
				"up": {"uv": [9.5, 2, 9, 1], "texture": "#4"},
				"down": {"uv": [2, 9, 1.5, 10], "texture": "#4"}
			}
		},
		{
			"from": [7.5, 2, 6.5],
			"to": [8.5, 18, 9.5],
			"rotation": {"angle": 0, "axis": "y", "origin": [6.5, 1, 7]},
			"faces": {
				"north": {"uv": [3, 0, 3.5, 8], "texture": "#4"},
				"east": {"uv": [0, 0, 1.5, 8], "texture": "#4"},
				"south": {"uv": [3.5, 0, 4, 8], "texture": "#4"},
				"west": {"uv": [1.5, 0, 3, 8], "texture": "#4"},
				"up": {"uv": [9, 6, 8.5, 4.5], "texture": "#4"},
				"down": {"uv": [7.5, 8.5, 7, 10], "texture": "#4"}
			}
		},
		{
			"from": [7.5, -5.575, 7],
			"to": [8.5, 0.425, 9],
			"rotation": {"angle": 0, "axis": "y", "origin": [8, -1.075, 8]},
			"faces": {
				"north": {"uv": [6, 7, 6.5, 10], "texture": "#4"},
				"east": {"uv": [4, 0, 5, 3], "texture": "#4"},
				"south": {"uv": [6.5, 7, 7, 10], "texture": "#4"},
				"west": {"uv": [4, 3, 5, 6], "texture": "#4"},
				"up": {"uv": [8, 9.5, 7.5, 8.5], "texture": "#4"},
				"down": {"uv": [9, 8, 8.5, 9], "texture": "#4"}
			}
		},
		{
			"from": [6.99, -0.51, 6.49],
			"to": [9.01, 2.51, 9.51],
			"rotation": {"angle": 45, "axis": "x", "origin": [8, 1, 8]},
			"faces": {
				"north": {"uv": [7, 7, 8, 8.5], "texture": "#4"},
				"east": {"uv": [5, 3, 6.5, 4.5], "texture": "#4"},
				"south": {"uv": [7.5, 0, 8.5, 1.5], "texture": "#4"},
				"west": {"uv": [5, 4.5, 6.5, 6], "texture": "#4"},
				"up": {"uv": [8.5, 3, 7.5, 1.5], "texture": "#4"},
				"down": {"uv": [1, 8, 0, 9.5], "texture": "#4"}
			}
		},
		{
			"from": [7, -0.00355, 7.47781],
			"to": [9, 1.99645, 11.47781],
			"rotation": {"angle": 22.5, "axis": "x", "origin": [8, 1.34645, 9.97781]},
			"faces": {
				"north": {"uv": [7.5, 3, 8.5, 4], "texture": "#4"},
				"east": {"uv": [4, 6, 6, 7], "texture": "#4"},
				"south": {"uv": [1, 8, 2, 9], "texture": "#4"},
				"west": {"uv": [6, 6, 8, 7], "texture": "#4"},
				"up": {"uv": [7.5, 2, 6.5, 0], "texture": "#4"},
				"down": {"uv": [7.5, 2, 6.5, 4], "texture": "#4"}
			}
		},
		{
			"from": [7, 0.34645, 4.52219],
			"to": [9, 2.34645, 8.52219],
			"rotation": {"angle": -22.5, "axis": "x", "origin": [8, 1.34645, 7.02219]},
			"faces": {
				"north": {"uv": [2, 8, 3, 9], "texture": "#4"},
				"east": {"uv": [6.5, 4, 8.5, 5], "texture": "#4"},
				"south": {"uv": [3, 8, 4, 9], "texture": "#4"},
				"west": {"uv": [6.5, 5, 8.5, 6], "texture": "#4"},
				"up": {"uv": [5, 9, 4, 7], "texture": "#4"},
				"down": {"uv": [6, 7, 5, 9], "texture": "#4"}
			}
		}
	],
	"gui_light": "front",
	"display": {
		"thirdperson_righthand": {
			"translation": [0, 8.5, 1.5]
		},
		"thirdperson_lefthand": {
			"translation": [0, 8.5, 1.5]
		},
		"firstperson_righthand": {
			"translation": [0, 8.5, 1.5]
		},
		"firstperson_lefthand": {
			"translation": [0, 8.5, 1.5]
		},
		"ground": {
			"rotation": [90, 90, 0]
		},
		"gui": {
			"rotation": [90, 45, -90],
			"translation": [2, 1.75, 0]
		},
		"fixed": {
			"rotation": [-90, 45, 90],
			"translation": [-1.75, 1.75, 0]
		}
	}
}