{
	"parent": "item/generated",
	"textures": {
		"layer0": "item/bow"
	},
  "display": {
    "thirdperson_righthand": {"rotation": [-80,260,-40],"translation": [-1,-2,2.5],"scale": [0.9,0.9,0.9]},
    "thirdperson_lefthand": {"rotation": [-80,-280,40],"translation": [-1,-2,2.5],"scale": [0.9,0.9,0.9]},
    "firstperson_righthand": {"rotation": [0,-90,25],"translation": [1.13,3.2,1.13],"scale": [0.68,0.68,0.68]},
    "firstperson_lefthand": {"rotation": [0,90,-25],"translation": [1.13,3.2,1.13],"scale": [0.68,0.68,0.68]}
  },
	
	"overrides": [
        {"predicate": {"pulling": 1},"model": "item/bow_pulling_0"},
        {"predicate": {"pulling": 1,"pull": 0.65},"model": "item/bow_pulling_1"},
        {"predicate": {"pulling": 1,"pull": 0.9},"model": "item/bow_pulling_2"},
        
		{"predicate": {"custom_model_data":1001}, "model": "item/bow/sriwijaya_bow_stand"},
        {"predicate": {"custom_model_data":1001,"pulling": 1},"model": "item/bow/sriwijaya_bow_pulling_0"},
        {"predicate": {"custom_model_data":1001,"pulling": 1,"pull": 0.65},"model": "item/bow/sriwijaya_bow_pulling_1"},
        {"predicate": {"custom_model_data":1001,"pulling": 1,"pull": 0.9},"model": "item/bow/sriwijaya_bow_pulling_2"},
        
		{"predicate": {"custom_model_data":1002}, "model": "item/bow/traveler_bow"},
        {"predicate": {"custom_model_data":1002,"pulling": 1},"model": "item/bow/traveler_bow_pulling_0"},
        {"predicate": {"custom_model_data":1002,"pulling": 1,"pull": 0.65},"model": "item/bow/traveler_bow_pulling_1"},
        {"predicate": {"custom_model_data":1002,"pulling": 1,"pull": 0.9},"model": "item/bow/traveler_bow_pulling_2"},
        
		{"predicate": {"custom_model_data":1003}, "model": "item/bow/ender_bow"},
        {"predicate": {"custom_model_data":1003,"pulling": 1},"model": "item/bow/ender_bow_pulling_0"},
        {"predicate": {"custom_model_data":1003,"pulling": 1,"pull": 0.65},"model": "item/bow/ender_bow_pulling_1"},
        {"predicate": {"custom_model_data":1003,"pulling": 1,"pull": 0.9},"model": "item/bow/ender_bow_pulling_2"},
        
		{"predicate": {"custom_model_data":1004}, "model": "item/bow/magic_bow"},
        {"predicate": {"custom_model_data":1004,"pulling": 1},"model": "item/bow/magic_bow_pulling_0"},
        {"predicate": {"custom_model_data":1004,"pulling": 1,"pull": 0.65},"model": "item/bow/magic_bow_pulling_1"},
        {"predicate": {"custom_model_data":1004,"pulling": 1,"pull": 0.9},"model": "item/bow/magic_bow_pulling_2"},
        
		{"predicate": {"custom_model_data":1005}, "model": "item/bow/overgrown_bow"},
        {"predicate": {"custom_model_data":1005,"pulling": 1},"model": "item/bow/overgrown_bow_pulling_0"},
        {"predicate": {"custom_model_data":1005,"pulling": 1,"pull": 0.65},"model": "item/bow/overgrown_bow_pulling_1"},
        {"predicate": {"custom_model_data":1005,"pulling": 1,"pull": 0.9},"model": "item/bow/overgrown_bow_pulling_2"},
        
		{"predicate": {"custom_model_data":1006}, "model": "item/bow/ruby_bow"},
        {"predicate": {"custom_model_data":1006,"pulling": 1},"model": "item/bow/ruby_bow_pulling_0"},
        {"predicate": {"custom_model_data":1006,"pulling": 1,"pull": 0.65},"model": "item/bow/ruby_bow_pulling_1"},
        {"predicate": {"custom_model_data":1006,"pulling": 1,"pull": 0.9},"model": "item/bow/ruby_bow_pulling_2"},
        
		{"predicate": {"custom_model_data":1007}, "model": "item/bow/starlord_bow"},
        {"predicate": {"custom_model_data":1007,"pulling": 1},"model": "item/bow/starlord_bow_pulling_0"},
        {"predicate": {"custom_model_data":1007,"pulling": 1,"pull": 0.65},"model": "item/bow/starlord_bow_pulling_1"},
        {"predicate": {"custom_model_data":1007,"pulling": 1,"pull": 0.9},"model": "item/bow/starlord_bow_pulling_2"}
	]
}