{
	"parent": "item/handheld",
	"textures": {
		"layer0": "item/diamond_axe"
	},
	
	"overrides": [
		{"predicate": {"custom_model_data":1001}, "model": "item/diamond_axe/firebrand"},
		{"predicate": {"custom_model_data":1002}, "model": "item/diamond_axe/amethyst_axe"},
		{"predicate": {"custom_model_data":1003}, "model": "item/diamond_axe/axe_of_honour"},
		{"predicate": {"custom_model_data":1004}, "model": "item/diamond_axe/blaze_axe"},
		{"predicate": {"custom_model_data":1005}, "model": "item/diamond_axe/bone_axe"},
		{"predicate": {"custom_model_data":1006}, "model": "item/diamond_axe/ender_axe"},
		{"predicate": {"custom_model_data":1007}, "model": "item/diamond_axe/honey_axe"},
		{"predicate": {"custom_model_data":1008}, "model": "item/diamond_axe/ice_axe"},
		{"predicate": {"custom_model_data":1009}, "model": "item/diamond_axe/minty_axe"},
		{"predicate": {"custom_model_data":1010}, "model": "item/diamond_axe/ruby_axe"},
		{"predicate": {"custom_model_data":1011}, "model": "item/diamond_axe/sculk_axe"},
		{"predicate": {"custom_model_data":1012}, "model": "item/diamond_axe/skull_axe"},
		{"predicate": {"custom_model_data":1013}, "model": "item/diamond_axe/overgrown_axe"},
		{"predicate": {"custom_model_data":1014}, "model": "item/diamond_axe/arcanethyst"},
		{"predicate": {"custom_model_data":1015}, "model": "item/diamond_axe/demonlordsgreataxe"},
		{"predicate": {"custom_model_data":1016}, "model": "item/diamond_axe/divineaxerhitta"}
	]
}