{
	"parent": "item/handheld",
	"textures": {
		"layer0": "item/diamond_shovel"
	},
	
	"overrides": [
		{"predicate": {"custom_model_data":1001}, "model": "item/diamond_shovel/amethyst_shovel"},
		{"predicate": {"custom_model_data":1002}, "model": "item/diamond_shovel/blaze_shovel"},
		{"predicate": {"custom_model_data":1003}, "model": "item/diamond_shovel/bone_shovel"},
		{"predicate": {"custom_model_data":1004}, "model": "item/diamond_shovel/ender_shovel"},
		{"predicate": {"custom_model_data":1005}, "model": "item/diamond_shovel/shovel_of_honour"},
		{"predicate": {"custom_model_data":1006}, "model": "item/diamond_shovel/honey_shovel"},
		{"predicate": {"custom_model_data":1007}, "model": "item/diamond_shovel/ice_shovel"},
		{"predicate": {"custom_model_data":1008}, "model": "item/diamond_shovel/minty_shovel"},
		{"predicate": {"custom_model_data":1009}, "model": "item/diamond_shovel/overgrown_shovel"},
		{"predicate": {"custom_model_data":1010}, "model": "item/diamond_shovel/ruby_shovel"},
		{"predicate": {"custom_model_data":1011}, "model": "item/diamond_shovel/sculk_shovel"},
		{"predicate": {"custom_model_data":1012}, "model": "item/diamond_shovel/skull_shovel"}
	]
}