{
	"parent": "item/generated",
	"textures": {
		"layer0": "item/elytra"
	},
	
	"overrides": [
        {"predicate": {"broken":1}, "model": "item/broken_elytra"},
        
		{"predicate": {"custom_model_data":1001}, "model": "item/elytra/1"},
        {"predicate": {"custom_model_data":1001,"broken":1}, "model": "item/broken_elytra/1"},
        
		{"predicate": {"custom_model_data":1002}, "model": "item/elytra/2"},
        {"predicate": {"custom_model_data":1002,"broken":1}, "model": "item/broken_elytra/2"},
        
		{"predicate": {"custom_model_data":1003}, "model": "item/elytra/3"},
        {"predicate": {"custom_model_data":1003,"broken":1}, "model": "item/broken_elytra/3"},
        
		{"predicate": {"custom_model_data":1004}, "model": "item/elytra/4"},
        {"predicate": {"custom_model_data":1004,"broken":1}, "model": "item/broken_elytra/4"},
        
		{"predicate": {"custom_model_data":1005}, "model": "item/elytra/5"},
        {"predicate": {"custom_model_data":1005,"broken":1}, "model": "item/broken_elytra/5"},
        
		{"predicate": {"custom_model_data":1006}, "model": "item/elytra/6"},
        {"predicate": {"custom_model_data":1006,"broken":1}, "model": "item/broken_elytra/6"},
        
		{"predicate": {"custom_model_data":1007}, "model": "item/elytra/7"},
        {"predicate": {"custom_model_data":1007,"broken":1}, "model": "item/broken_elytra/7"},
        
		{"predicate": {"custom_model_data":1008}, "model": "item/elytra/8"},
        {"predicate": {"custom_model_data":1008,"broken":1}, "model": "item/broken_elytra/8"},
        
		{"predicate": {"custom_model_data":1009}, "model": "item/elytra/9"},
        {"predicate": {"custom_model_data":1009,"broken":1}, "model": "item/broken_elytra/9"},
        
		{"predicate": {"custom_model_data":1010}, "model": "item/elytra/10"},
        {"predicate": {"custom_model_data":1010,"broken":1}, "model": "item/broken_elytra/10"},
        
		{"predicate": {"custom_model_data":1011}, "model": "item/elytra/11"},
        {"predicate": {"custom_model_data":1011,"broken":1}, "model": "item/broken_elytra/11"},
        
		{"predicate": {"custom_model_data":1012}, "model": "item/elytra/12"},
        {"predicate": {"custom_model_data":1012,"broken":1}, "model": "item/broken_elytra/12"},
        
		{"predicate": {"custom_model_data":1013}, "model": "item/elytra/13"},
        {"predicate": {"custom_model_data":1013,"broken":1}, "model": "item/broken_elytra/13"},
        
		{"predicate": {"custom_model_data":1014}, "model": "item/elytra/14"},
        {"predicate": {"custom_model_data":1014,"broken":1}, "model": "item/broken_elytra/14"},
        
		{"predicate": {"custom_model_data":1015}, "model": "item/elytra/15"},
        {"predicate": {"custom_model_data":1015,"broken":1}, "model": "item/broken_elytra/15"},
        
		{"predicate": {"custom_model_data":1016}, "model": "item/elytra/16"},
        {"predicate": {"custom_model_data":1016,"broken":1}, "model": "item/broken_elytra/16"},
        
		{"predicate": {"custom_model_data":1017}, "model": "item/elytra/17"},
        {"predicate": {"custom_model_data":1017,"broken":1}, "model": "item/broken_elytra/17"},
        
		{"predicate": {"custom_model_data":1018}, "model": "item/elytra/18"},
        {"predicate": {"custom_model_data":1018,"broken":1}, "model": "item/broken_elytra/18"},
        
		{"predicate": {"custom_model_data":1019}, "model": "item/elytra/19"},
        {"predicate": {"custom_model_data":1019,"broken":1}, "model": "item/broken_elytra/19"},
        
		{"predicate": {"custom_model_data":1020}, "model": "item/elytra/20"},
        {"predicate": {"custom_model_data":1020,"broken":1}, "model": "item/broken_elytra/20"},
        
		{"predicate": {"custom_model_data":1021}, "model": "item/elytra/21"},
        {"predicate": {"custom_model_data":1021,"broken":1}, "model": "item/broken_elytra/21"},
        
		{"predicate": {"custom_model_data":1022}, "model": "item/elytra/22"},
        {"predicate": {"custom_model_data":1022,"broken":1}, "model": "item/broken_elytra/22"},
        
		{"predicate": {"custom_model_data":1023}, "model": "item/elytra/23"},
        {"predicate": {"custom_model_data":1023,"broken":1}, "model": "item/broken_elytra/23"},
        
		{"predicate": {"custom_model_data":1024}, "model": "item/elytra/24"},
        {"predicate": {"custom_model_data":1024,"broken":1}, "model": "item/broken_elytra/24"},
        
		{"predicate": {"custom_model_data":1025}, "model": "item/elytra/25"},
        {"predicate": {"custom_model_data":1025,"broken":1}, "model": "item/broken_elytra/25"},
        
		{"predicate": {"custom_model_data":1026}, "model": "item/elytra/26"},
        {"predicate": {"custom_model_data":1026,"broken":1}, "model": "item/broken_elytra/26"},
        
		{"predicate": {"custom_model_data":1027}, "model": "item/elytra/27"},
        {"predicate": {"custom_model_data":1027,"broken":1}, "model": "item/broken_elytra/27"},
        
		{"predicate": {"custom_model_data":1028}, "model": "item/elytra/28"},
        {"predicate": {"custom_model_data":1028,"broken":1}, "model": "item/broken_elytra/28"},
        
		{"predicate": {"custom_model_data":1029}, "model": "item/elytra/29"},
        {"predicate": {"custom_model_data":1029,"broken":1}, "model": "item/broken_elytra/29"},
        
		{"predicate": {"custom_model_data":1030}, "model": "item/elytra/30"},
        {"predicate": {"custom_model_data":1030,"broken":1}, "model": "item/broken_elytra/30"},
        
		{"predicate": {"custom_model_data":1031}, "model": "item/elytra/31"},
        {"predicate": {"custom_model_data":1031,"broken":1}, "model": "item/broken_elytra/31"},
        
		{"predicate": {"custom_model_data":1032}, "model": "item/elytra/32"},
        {"predicate": {"custom_model_data":1032,"broken":1}, "model": "item/broken_elytra/32"},
        
		{"predicate": {"custom_model_data":1033}, "model": "item/elytra/33"},
        {"predicate": {"custom_model_data":1033,"broken":1}, "model": "item/broken_elytra/33"},
        
		{"predicate": {"custom_model_data":1034}, "model": "item/elytra/34"},
        {"predicate": {"custom_model_data":1034,"broken":1}, "model": "item/broken_elytra/34"},
        
		{"predicate": {"custom_model_data":1035}, "model": "item/elytra/35"},
        {"predicate": {"custom_model_data":1035,"broken":1}, "model": "item/broken_elytra/35"},
        
		{"predicate": {"custom_model_data":1036}, "model": "item/elytra/36"},
        {"predicate": {"custom_model_data":1036,"broken":1}, "model": "item/broken_elytra/36"},
        
		{"predicate": {"custom_model_data":1037}, "model": "item/elytra/37"},
        {"predicate": {"custom_model_data":1037,"broken":1}, "model": "item/broken_elytra/37"},
        
		{"predicate": {"custom_model_data":1038}, "model": "item/elytra/38"},
        {"predicate": {"custom_model_data":1038,"broken":1}, "model": "item/broken_elytra/38"},
        
		{"predicate": {"custom_model_data":1039}, "model": "item/elytra/39"},
        {"predicate": {"custom_model_data":1039,"broken":1}, "model": "item/broken_elytra/39"},
        
		{"predicate": {"custom_model_data":1040}, "model": "item/elytra/40"},
        {"predicate": {"custom_model_data":1040,"broken":1}, "model": "item/broken_elytra/40"},
        
		{"predicate": {"custom_model_data":1041}, "model": "item/elytra/41"},
        {"predicate": {"custom_model_data":1041,"broken":1}, "model": "item/broken_elytra/41"},
        
		{"predicate": {"custom_model_data":1042}, "model": "item/elytra/42"},
        {"predicate": {"custom_model_data":1042,"broken":1}, "model": "item/broken_elytra/42"},
        
		{"predicate": {"custom_model_data":1043}, "model": "item/elytra/43"},
        {"predicate": {"custom_model_data":1043,"broken":1}, "model": "item/broken_elytra/43"},
        
		{"predicate": {"custom_model_data":1044}, "model": "item/elytra/44"},
        {"predicate": {"custom_model_data":1044,"broken":1}, "model": "item/broken_elytra/44"},
        
		{"predicate": {"custom_model_data":1045}, "model": "item/elytra/45"},
        {"predicate": {"custom_model_data":1045,"broken":1}, "model": "item/broken_elytra/45"},
        
		{"predicate": {"custom_model_data":1046}, "model": "item/elytra/46"},
        {"predicate": {"custom_model_data":1046,"broken":1}, "model": "item/broken_elytra/46"},
        
		{"predicate": {"custom_model_data":1047}, "model": "item/elytra/47"},
        {"predicate": {"custom_model_data":1047,"broken":1}, "model": "item/broken_elytra/47"},
        
		{"predicate": {"custom_model_data":1048}, "model": "item/elytra/48"},
        {"predicate": {"custom_model_data":1048,"broken":1}, "model": "item/broken_elytra/48"},
        
		{"predicate": {"custom_model_data":1049}, "model": "item/elytra/49"},
        {"predicate": {"custom_model_data":1049,"broken":1}, "model": "item/broken_elytra/49"},
        
		{"predicate": {"custom_model_data":1050}, "model": "item/elytra/50"},
        {"predicate": {"custom_model_data":1050,"broken":1}, "model": "item/broken_elytra/50"},
        
		{"predicate": {"custom_model_data":1051}, "model": "item/elytra/51"},
        {"predicate": {"custom_model_data":1051,"broken":1}, "model": "item/broken_elytra/51"},
        
		{"predicate": {"custom_model_data":1052}, "model": "item/elytra/52"},
        {"predicate": {"custom_model_data":1052,"broken":1}, "model": "item/broken_elytra/52"},
        
		{"predicate": {"custom_model_data":1053}, "model": "item/elytra/53"},
        {"predicate": {"custom_model_data":1053,"broken":1}, "model": "item/broken_elytra/53"},
        
		{"predicate": {"custom_model_data":1054}, "model": "item/elytra/54"},
        {"predicate": {"custom_model_data":1054,"broken":1}, "model": "item/broken_elytra/54"},
        
		{"predicate": {"custom_model_data":1055}, "model": "item/elytra/55"},
        {"predicate": {"custom_model_data":1055,"broken":1}, "model": "item/broken_elytra/55"},
        
		{"predicate": {"custom_model_data":1056}, "model": "item/elytra/56"},
        {"predicate": {"custom_model_data":1056,"broken":1}, "model": "item/broken_elytra/56"},
        
		{"predicate": {"custom_model_data":1057}, "model": "item/elytra/57"},
        {"predicate": {"custom_model_data":1057,"broken":1}, "model": "item/broken_elytra/57"},
        
		{"predicate": {"custom_model_data":1058}, "model": "item/elytra/58"},
        {"predicate": {"custom_model_data":1058,"broken":1}, "model": "item/broken_elytra/58"},
        
		{"predicate": {"custom_model_data":1059}, "model": "item/elytra/59"},
        {"predicate": {"custom_model_data":1059,"broken":1}, "model": "item/broken_elytra/59"},
        
		{"predicate": {"custom_model_data":1060}, "model": "item/elytra/60"},
        {"predicate": {"custom_model_data":1060,"broken":1}, "model": "item/broken_elytra/60"},
        
		{"predicate": {"custom_model_data":1061}, "model": "item/elytra/61"},
        {"predicate": {"custom_model_data":1061,"broken":1}, "model": "item/broken_elytra/61"},
        
		{"predicate": {"custom_model_data":1062}, "model": "item/elytra/62"},
        {"predicate": {"custom_model_data":1062,"broken":1}, "model": "item/broken_elytra/62"},
        
		{"predicate": {"custom_model_data":1063}, "model": "item/elytra/63"},
        {"predicate": {"custom_model_data":1063,"broken":1}, "model": "item/broken_elytra/63"},
        
		{"predicate": {"custom_model_data":1064}, "model": "item/elytra/64"},
        {"predicate": {"custom_model_data":1064,"broken":1}, "model": "item/broken_elytra/64"},
        
		{"predicate": {"custom_model_data":1065}, "model": "item/elytra/65"},
        {"predicate": {"custom_model_data":1065,"broken":1}, "model": "item/broken_elytra/65"},
        
		{"predicate": {"custom_model_data":1066}, "model": "item/elytra/66"},
        {"predicate": {"custom_model_data":1066,"broken":1}, "model": "item/broken_elytra/66"},
        
		{"predicate": {"custom_model_data":1067}, "model": "item/elytra/67"},
        {"predicate": {"custom_model_data":1067,"broken":1}, "model": "item/broken_elytra/67"},
        
		{"predicate": {"custom_model_data":1068}, "model": "item/elytra/68"},
        {"predicate": {"custom_model_data":1068,"broken":1}, "model": "item/broken_elytra/68"},
        
		{"predicate": {"custom_model_data":1069}, "model": "item/elytra/69"},
        {"predicate": {"custom_model_data":1069,"broken":1}, "model": "item/broken_elytra/69"},
        
		{"predicate": {"custom_model_data":1070}, "model": "item/elytra/70"},
        {"predicate": {"custom_model_data":1070,"broken":1}, "model": "item/broken_elytra/70"},
        
		{"predicate": {"custom_model_data":1071}, "model": "item/elytra/71"},
        {"predicate": {"custom_model_data":1071,"broken":1}, "model": "item/broken_elytra/71"},
        
		{"predicate": {"custom_model_data":1072}, "model": "item/elytra/72"},
        {"predicate": {"custom_model_data":1072,"broken":1}, "model": "item/broken_elytra/72"},
        
		{"predicate": {"custom_model_data":1073}, "model": "item/elytra/73"},
        {"predicate": {"custom_model_data":1073,"broken":1}, "model": "item/broken_elytra/73"},
        
		{"predicate": {"custom_model_data":1074}, "model": "item/elytra/74"},
        {"predicate": {"custom_model_data":1074,"broken":1}, "model": "item/broken_elytra/74"},
        
		{"predicate": {"custom_model_data":1075}, "model": "item/elytra/75"},
        {"predicate": {"custom_model_data":1075,"broken":1}, "model": "item/broken_elytra/75"},
        
		{"predicate": {"custom_model_data":1076}, "model": "item/elytra/76"},
        {"predicate": {"custom_model_data":1076,"broken":1}, "model": "item/broken_elytra/76"},
        
		{"predicate": {"custom_model_data":1077}, "model": "item/elytra/77"},
        {"predicate": {"custom_model_data":1077,"broken":1}, "model": "item/broken_elytra/77"}
	]
}