{
	"parent": "item/handheld_rod",
	"textures": {
		"layer0": "item/fishing_rod"
	},
	
	"overrides": [
        {"predicate": {"cast":1}, "model": "item/fishing_rod/fishing_rod_cast"},
        
		{"predicate": {"custom_model_data":1001}, "model": "item/fishing_rod/steel_rod"},
        {"predicate": {"cast": 1,"custom_model_data": 1001},"model": "item/fishing_rod/steel_rod_cast"},
        
		{"predicate": {"custom_model_data":1002}, "model": "item/fishing_rod/ultimate_fishing_rod"},
        {"predicate": {"cast": 1,"custom_model_data": 1002},"model": "item/fishing_rod/ultimate_fishing_rod_cast"},
        
		{"predicate": {"custom_model_data":1003}, "model": "item/fishing_rod/sea_rod"},
        {"predicate": {"cast": 1,"custom_model_data": 1003},"model": "item/fishing_rod/sea_rod_cast"},
        
		{"predicate": {"custom_model_data":1004}, "model": "item/fishing_rod/soul_rod"},
        {"predicate": {"cast": 1,"custom_model_data": 1004},"model": "item/fishing_rod/soul_rod_cast"},
        
		{"predicate": {"custom_model_data":1005}, "model": "item/fishing_rod/folas_rod"},
        {"predicate": {"cast": 1,"custom_model_data": 1005},"model": "item/fishing_rod/folas_rod_cast"},
        
		{"predicate": {"custom_model_data":1006}, "model": "item/fishing_rod/skeletal_rod"},
        {"predicate": {"cast": 1,"custom_model_data": 1006},"model": "item/fishing_rod/skeletal_rod_cast"},
        
		{"predicate": {"custom_model_data":1007}, "model": "item/fishing_rod/matrix_rod"},
        {"predicate": {"cast": 1,"custom_model_data": 1007},"model": "item/fishing_rod/matrix_rod_cast"},
        
		{"predicate": {"custom_model_data":1008}, "model": "item/fishing_rod/rotten_rod"},
        {"predicate": {"cast": 1,"custom_model_data": 1008},"model": "item/fishing_rod/rotten_rod_cast"},
        
		{"predicate": {"custom_model_data":1009}, "model": "item/fishing_rod/frosted_rod"},
        {"predicate": {"cast": 1,"custom_model_data": 1009},"model": "item/fishing_rod/frosted_rod_cast"},
        
		{"predicate": {"custom_model_data":1010}, "model": "item/fishing_rod/eye_of_fishing"},
        {"predicate": {"cast": 1,"custom_model_data": 1010},"model": "item/fishing_rod/eye_of_fishing_cast"},
        
		{"predicate": {"custom_model_data":1011}, "model": "item/fishing_rod/diamond_reinforced_rod"},
        {"predicate": {"cast": 1,"custom_model_data": 1011},"model": "item/fishing_rod/diamond_reinforced_rod_cast"},
        
		{"predicate": {"custom_model_data":1012}, "model": "item/fishing_rod/blaze_rod1"},
        {"predicate": {"cast": 1,"custom_model_data": 1012},"model": "item/fishing_rod/blaze_rod_cast1"},
        
		{"predicate": {"custom_model_data":1013}, "model": "item/fishing_rod/celestial_rod"},
        {"predicate": {"cast": 1,"custom_model_data": 1013},"model": "item/fishing_rod/celestial_rod_cast"}
	]
}