{
	"parent": "item/handheld",
	"textures": {
		"layer0": "item/iron_sword"
	},
	
	"overrides": [
		{"predicate": {"custom_model_data":1001}, "model": "item/iron_sword/growing_staff"},
		{"predicate": {"custom_model_data":1002}, "model": "item/iron_sword/broken_sawblade"},
		{"predicate": {"custom_model_data":1003}, "model": "item/iron_sword/bloody_vengeance"},
		{"predicate": {"custom_model_data":1004}, "model": "item/iron_sword/wide_handle_blade"},
		{"predicate": {"custom_model_data":1013}, "model": "item/iron_sword/3diron_sword"}
	]
}