{
	"parent": "item/handheld",
	"textures": {
		"layer0": "item/netherite_sword"
	},
	
	"overrides": [
		{"predicate": {"custom_model_data":1001}, "model": "item/diamond_sword/w1_sword"},
		{"predicate": {"custom_model_data":1002}, "model": "item/diamond_sword/backstabber"},
		{"predicate": {"custom_model_data":1003}, "model": "item/diamond_sword/swift_striker"},
		{"predicate": {"custom_model_data":1004}, "model": "item/diamond_sword/mechanized_sawblade"},
		{"predicate": {"custom_model_data":1005}, "model": "item/diamond_sword/nameless_blade"},
		{"predicate": {"custom_model_data":1006}, "model": "item/diamond_sword/fangs_of_frost"},
		{"predicate": {"custom_model_data":1007}, "model": "item/diamond_sword/void_touched_blades"},
		{"predicate": {"custom_model_data":1008}, "model": "item/diamond_sword/the_beginning_and_the_end"},
		{"predicate": {"custom_model_data":1009}, "model": "item/diamond_sword/obsidian_claymore"},
		{"predicate": {"custom_model_data":1010}, "model": "item/diamond_sword/the_starless_night"},
		{"predicate": {"custom_model_data":1011}, "model": "item/diamond_sword/venom_glaive"},
		{"predicate": {"custom_model_data":1012}, "model": "item/diamond_sword/sinister_sword"},
		{"predicate": {"custom_model_data":1013}, "model": "item/diamond_sword/3ddiamond_sword"},
		{"predicate": {"custom_model_data":1014}, "model": "item/diamond_sword/amethyst_sword"},
		{"predicate": {"custom_model_data":1015}, "model": "item/diamond_sword/sword_of_honour"},
		{"predicate": {"custom_model_data":1016}, "model": "item/diamond_sword/blaze_sword"},
		{"predicate": {"custom_model_data":1017}, "model": "item/diamond_sword/bone_sword"},
		{"predicate": {"custom_model_data":1018}, "model": "item/diamond_sword/ender_sword"},
		{"predicate": {"custom_model_data":1019}, "model": "item/diamond_sword/honey_sword"},
		{"predicate": {"custom_model_data":1020}, "model": "item/diamond_sword/ice_sword"},
		{"predicate": {"custom_model_data":1021}, "model": "item/diamond_sword/minty_sword"},
		{"predicate": {"custom_model_data":1022}, "model": "item/diamond_sword/ruby_sword"},
		{"predicate": {"custom_model_data":1023}, "model": "item/diamond_sword/sculk_sword"},
		{"predicate": {"custom_model_data":1024}, "model": "item/diamond_sword/skull_sword"},
		{"predicate": {"custom_model_data":1025}, "model": "item/diamond_sword/overgrown_sword"},
		{"predicate": {"custom_model_data":1026}, "model": "item/diamond_sword/frozen_sword"},
		{"predicate": {"custom_model_data":1027}, "model": "item/diamond_sword/abominableblade"},
		{"predicate": {"custom_model_data":1028}, "model": "item/diamond_sword/abominablegreatsaber"},
		{"predicate": {"custom_model_data":1029}, "model": "item/diamond_sword/abominablescythe"},
		{"predicate": {"custom_model_data":1030}, "model": "item/diamond_sword/aciddemon"},
		{"predicate": {"custom_model_data":1031}, "model": "item/diamond_sword/ancient_royal_great_sword"},
		{"predicate": {"custom_model_data":1032}, "model": "item/diamond_sword/aquantic_sacred_blade"},
		{"predicate": {"custom_model_data":1033}, "model": "item/diamond_sword/ashura_blade"},
		{"predicate": {"custom_model_data":1034}, "model": "item/diamond_sword/awakened_lichblade"},
		{"predicate": {"custom_model_data":1035}, "model": "item/diamond_sword/bloodydeath"},
		{"predicate": {"custom_model_data":1036}, "model": "item/diamond_sword/bramblethorn"},
		{"predicate": {"custom_model_data":1037}, "model": "item/diamond_sword/brimstone_claymore"},
		{"predicate": {"custom_model_data":1038}, "model": "item/diamond_sword/cariansword"},
		{"predicate": {"custom_model_data":1039}, "model": "item/diamond_sword/chrono_blade"},
		{"predicate": {"custom_model_data":1040}, "model": "item/diamond_sword/corruptedmythicblade"},
		{"predicate": {"custom_model_data":1041}, "model": "item/diamond_sword/crescentrose"},
		{"predicate": {"custom_model_data":1042}, "model": "item/diamond_sword/dainsleif"},
		{"predicate": {"custom_model_data":1043}, "model": "item/diamond_sword/creationsplitter_darkness"},
		{"predicate": {"custom_model_data":1044}, "model": "item/diamond_sword/creationsplitter_og"},
		{"predicate": {"custom_model_data":1045}, "model": "item/diamond_sword/cyberkatana"},
		{"predicate": {"custom_model_data":1046}, "model": "item/diamond_sword/cybermantisblade"},
		{"predicate": {"custom_model_data":1047}, "model": "item/diamond_sword/cybernetickatana"},
		{"predicate": {"custom_model_data":1048}, "model": "item/diamond_sword/cyberneticknife"},
		{"predicate": {"custom_model_data":1049}, "model": "item/diamond_sword/cyberneticsawblade"},
		{"predicate": {"custom_model_data":1050}, "model": "item/diamond_sword/cybersword"},
		{"predicate": {"custom_model_data":1051}, "model": "item/diamond_sword/dark_blade"},
		{"predicate": {"custom_model_data":1052}, "model": "item/diamond_sword/dark_cleaver"},
		{"predicate": {"custom_model_data":1053}, "model": "item/diamond_sword/death_knight_dagger"},
		{"predicate": {"custom_model_data":1054}, "model": "item/diamond_sword/death_knight_sword"},
		{"predicate": {"custom_model_data":1055}, "model": "item/diamond_sword/demigodsunholyblade"},
		{"predicate": {"custom_model_data":1056}, "model": "item/diamond_sword/demigodsunholyhalberd"},
		{"predicate": {"custom_model_data":1057}, "model": "item/diamond_sword/demonicblade"},
		{"predicate": {"custom_model_data":1058}, "model": "item/diamond_sword/demoniccleaver"},
		{"predicate": {"custom_model_data":1059}, "model": "item/diamond_sword/demonlordsword"},
		{"predicate": {"custom_model_data":1060}, "model": "item/diamond_sword/"}
	]
}