{
	"parent": "item/handheld",
	"textures": {
		"layer0": "item/netherite_hoe"
	},
	
	"overrides": [
		{"predicate": {"custom_model_data":1001}, "model": "item/diamond_hoe/amethyst_hoe"},
		{"predicate": {"custom_model_data":1002}, "model": "item/diamond_hoe/blaze_hoe"},
		{"predicate": {"custom_model_data":1003}, "model": "item/diamond_hoe/bone_hoe"},
		{"predicate": {"custom_model_data":1004}, "model": "item/diamond_hoe/ender_hoe"},
		{"predicate": {"custom_model_data":1005}, "model": "item/diamond_hoe/hoe_of_honour"},
		{"predicate": {"custom_model_data":1006}, "model": "item/diamond_hoe/honey_hoe"},
		{"predicate": {"custom_model_data":1007}, "model": "item/diamond_hoe/ice_hoe"},
		{"predicate": {"custom_model_data":1008}, "model": "item/diamond_hoe/minty_hoe"},
		{"predicate": {"custom_model_data":1009}, "model": "item/diamond_hoe/overgrown_hoe"},
		{"predicate": {"custom_model_data":1010}, "model": "item/diamond_hoe/ruby_hoe"},
		{"predicate": {"custom_model_data":1011}, "model": "item/diamond_hoe/sculk_hoe"},
		{"predicate": {"custom_model_data":1012}, "model": "item/diamond_hoe/skull_hoe"}
	]
}