{
	"parent": "item/handheld",
	"textures": {
		"layer0": "item/netherite_pickaxe"
	},
	
	"overrides": [
		{"predicate": {"custom_model_data":1001}, "model": "item/diamond_pickaxe/amethyst_pickaxe"},
		{"predicate": {"custom_model_data":1002}, "model": "item/diamond_pickaxe/blaze_pickaxe"},
		{"predicate": {"custom_model_data":1003}, "model": "item/diamond_pickaxe/bone_pickaxe"},
		{"predicate": {"custom_model_data":1004}, "model": "item/diamond_pickaxe/ender_pickaxe"},
		{"predicate": {"custom_model_data":1005}, "model": "item/diamond_pickaxe/pickaxe_of_honour"},
		{"predicate": {"custom_model_data":1006}, "model": "item/diamond_pickaxe/honey_pickaxe"},
		{"predicate": {"custom_model_data":1007}, "model": "item/diamond_pickaxe/ice_pickaxe"},
		{"predicate": {"custom_model_data":1008}, "model": "item/diamond_pickaxe/minty_pickaxe"},
		{"predicate": {"custom_model_data":1009}, "model": "item/diamond_pickaxe/overgrown_pickaxe"},
		{"predicate": {"custom_model_data":1010}, "model": "item/diamond_pickaxe/ruby_pickaxe"},
		{"predicate": {"custom_model_data":1011}, "model": "item/diamond_pickaxe/sculk_pickaxe"},
		{"predicate": {"custom_model_data":1012}, "model": "item/diamond_pickaxe/skull_pickaxe"}
	]
}