{
	"parent": "item/handheld",
	"textures": {
		"layer0": "item/poisonous_potato"
	},
	
	"overrides": [
		{"predicate": {"custom_model_data":1001}, "model": "item/poisonous_potato/cheese_religion"},
		{"predicate": {"custom_model_data":1002}, "model": "item/poisonous_potato/gold_coin"},
		{"predicate": {"custom_model_data":1003}, "model": "item/poisonous_potato/iron_coin"},
		{"predicate": {"custom_model_data":1004}, "model": "item/poisonous_potato/coin"},
		{"predicate": {"custom_model_data":1005}, "model": "item/poisonous_potato/atium_coin"},
		{"predicate": {"custom_model_data":1006}, "model": "item/poisonous_potato/brass_coin"},
		{"predicate": {"custom_model_data":1007}, "model": "item/poisonous_potato/copper_coin"},
		{"predicate": {"custom_model_data":1008}, "model": "item/poisonous_potato/lerasium_coin"},
		{"predicate": {"custom_model_data":1009}, "model": "item/poisonous_potato/nickel_coin"},
		{"predicate": {"custom_model_data":1010}, "model": "item/poisonous_potato/silver_coin"},
		{"predicate": {"custom_model_data":1011}, "model": "item/poisonous_potato/zinc_coin"},
		{"predicate": {"custom_model_data":1012}, "model": "item/poisonous_potato/meta"}
	]
}