{
    "parent": "item/generated",
    "textures": {
        "layer0": "item/potion_overlay",
        "layer1": "item/potion"
    },
	
	"overrides": [
		{"predicate": {"custom_model_data":1001}, "model": "item/potion/mana_potion1"},
		{"predicate": {"custom_model_data":1002}, "model": "item/potion/mana_potion2"},
		{"predicate": {"custom_model_data":1003}, "model": "item/potion/mana_potion3"},
		{"predicate": {"custom_model_data":1004}, "model": "item/potion/health_potion1"},
		{"predicate": {"custom_model_data":1005}, "model": "item/potion/health_potion2"},
		{"predicate": {"custom_model_data":1006}, "model": "item/potion/health_potion3"}
	]
}
