 {
  "model": {
    "type": "minecraft:condition",
    "on_false": {
      "type": "minecraft:range_dispatch",
      "model": "minecraft:item/bow",
      "property": "minecraft:custom_model_data",
      "index": 0,
      "entries": [
        {"threshold": 1001,"model": {"type": "minecraft:model","model": "minecraft:item/bow/sriwijaya_bow_stand"}},
        {"threshold": 1002,"model": {"type": "minecraft:model","model": "minecraft:item/bow/traveler_bow"}},
        {"threshold": 1003,"model": {"type": "minecraft:model","model": "minecraft:item/bow/ender_bow"}},
        {"threshold": 1004,"model": {"type": "minecraft:model","model": "minecraft:item/bow/magic_bow"}},
        {"threshold": 1005,"model": {"type": "minecraft:model","model": "minecraft:item/bow/overgrown_bow"}},
        {"threshold": 1006,"model": {"type": "minecraft:model","model": "minecraft:item/bow/ruby_bow"}},
        {"threshold": 1007,"model": {"type": "minecraft:model","model": "minecraft:item/bow/starlord_bow"}}
      ],
      "fallback": {
        "type": "minecraft:model",
        "model": "minecraft:item/bow"
      }
    },
    "on_true": {
      "type": "minecraft:range_dispatch",
      "entries": [
        {
          "model": {
            "type": "minecraft:range_dispatch",
            "model": "minecraft:item/bow_pulling_1",
            "property": "minecraft:custom_model_data",
            "index": 0,
            "entries": [
              {"threshold": 1001,"model": {"type": "minecraft:model","model": "minecraft:item/bow/sriwijaya_bow_pulling_1"}},
              {"threshold": 1002,"model": {"type": "minecraft:model","model": "minecraft:item/bow/traveler_bow_pulling_1"}},
              {"threshold": 1003,"model": {"type": "minecraft:model","model": "minecraft:item/bow/ender_bow_pulling_1"}},
              {"threshold": 1004,"model": {"type": "minecraft:model","model": "minecraft:item/bow/magic_bow_pulling_1"}},
              {"threshold": 1005,"model": {"type": "minecraft:model","model": "minecraft:item/bow/overgrown_bow_pulling_1"}},
              {"threshold": 1006,"model": {"type": "minecraft:model","model": "minecraft:item/bow/ruby_bow_pulling_1"}},
              {"threshold": 1007,"model": {"type": "minecraft:model","model": "minecraft:item/bow/starlord_bow_pulling_1"}}
            ],
            "fallback": {
              "type": "minecraft:model",
              "model": "minecraft:item/bow_pulling_1"
            }
          },
          "threshold": 0.65
        },
        {
          "model": {
            "type": "minecraft:range_dispatch",
            "model": "minecraft:item/bow_pulling_2",
            "property": "minecraft:custom_model_data",
            "index": 0,
            "entries": [
              {"threshold": 1001,"model": {"type": "minecraft:model","model": "minecraft:item/bow/sriwijaya_bow_pulling_2"}},
              {"threshold": 1002,"model": {"type": "minecraft:model","model": "minecraft:item/bow/traveler_bow_pulling_2"}},
              {"threshold": 1003,"model": {"type": "minecraft:model","model": "minecraft:item/bow/ender_bow_pulling_2"}},
              {"threshold": 1004,"model": {"type": "minecraft:model","model": "minecraft:item/bow/magic_bow_pulling_2"}},
              {"threshold": 1005,"model": {"type": "minecraft:model","model": "minecraft:item/bow/overgrown_bow_pulling_2"}},
              {"threshold": 1006,"model": {"type": "minecraft:model","model": "minecraft:item/bow/ruby_bow_pulling_2"}},
              {"threshold": 1007,"model": {"type": "minecraft:model","model": "minecraft:item/bow/starlord_bow_pulling_2"}}
            ],
            "fallback": {
              "type": "minecraft:model",
              "model": "minecraft:item/bow_pulling_2"
            }
          },
          "threshold": 0.9
        }
      ],
      "fallback": {
        "type": "minecraft:range_dispatch",
        "model": "minecraft:item/bow_pulling_0",
        "property": "minecraft:custom_model_data",
        "index": 0,
        "entries": [
          {"threshold": 1001,"model": {"type": "minecraft:model","model": "minecraft:item/bow/sriwijaya_bow_pulling_0"}},
          {"threshold": 1002,"model": {"type": "minecraft:model","model": "minecraft:item/bow/traveler_bow_pulling_0"}},
          {"threshold": 1003,"model": {"type": "minecraft:model","model": "minecraft:item/bow/ender_bow_pulling_0"}},
          {"threshold": 1004,"model": {"type": "minecraft:model","model": "minecraft:item/bow/magic_bow_pulling_0"}},
          {"threshold": 1005,"model": {"type": "minecraft:model","model": "minecraft:item/bow/overgrown_bow_pulling_0"}},
          {"threshold": 1006,"model": {"type": "minecraft:model","model": "minecraft:item/bow/ruby_bow_pulling_0"}},
          {"threshold": 1007,"model": {"type": "minecraft:model","model": "minecraft:item/bow/starlord_bow_pulling_0"}}
        ],
        "fallback": {
          "type": "minecraft:model",
          "model": "minecraft:item/bow_pulling_0"
        }
      },
      "property": "minecraft:use_duration",
      "scale": 0.05
    },
    "property": "minecraft:using_item"
  }
}