{
  "model": {
    "type": "minecraft:condition",
    "on_false": {
      "type": "minecraft:select",
      "cases": [
        {
          "model": {
            "type": "minecraft:range_dispatch",
            "model": "minecraft:item/crossbow_arrow",
            "property": "minecraft:custom_model_data",
            "index": 0,
            "entries": [
              {"threshold": 1001,"model": {"type": "minecraft:model","model": "minecraft:item/crossbow/crossbow1_arrow"}},
              {"threshold": 1002,"model": {"type": "minecraft:model","model": "minecraft:item/crossbow/crossbow2_arrow"}}
            ],
            "fallback": {
              "type": "minecraft:model",
              "model": "minecraft:item/crossbow_arrow"
            }
          },
          "when": "arrow"
        },
        {
          "model": {
            "type": "minecraft:range_dispatch",
            "model": "minecraft:item/crossbow_firework",
            "property": "minecraft:custom_model_data",
            "index": 0,
            "entries": [
              {"threshold": 1001,"model": {"type": "minecraft:model","model": "minecraft:item/crossbow/crossbow1_firework"}},
              {"threshold": 1002,"model": {"type": "minecraft:model","model": "minecraft:item/crossbow/crossbow2_firework"}}
            ],
            "fallback": {
              "type": "minecraft:model",
              "model": "minecraft:item/crossbow_firework"
            }
          },
          "when": "rocket"
        }
      ],
      "fallback": {
        "type": "minecraft:range_dispatch",
        "model": "minecraft:item/crossbow",
        "property": "minecraft:custom_model_data",
        "index": 0,
        "entries": [
          {"threshold": 1001,"model": {"type": "minecraft:model","model": "minecraft:item/crossbow/crossbow1_standby"}},
          {"threshold": 1002,"model": {"type": "minecraft:model","model": "minecraft:item/crossbow/crossbow2_standby"}}
        ],
        "fallback": {
          "type": "minecraft:model",
          "model": "minecraft:item/crossbow"
        }
      },
      "property": "minecraft:charge_type"
    },
    "on_true": {
      "type": "minecraft:range_dispatch",
      "entries": [
        {
          "model": {
            "type": "minecraft:range_dispatch",
            "model": "minecraft:item/crossbow_pulling_1",
            "property": "minecraft:custom_model_data",
            "index": 0,
            "entries": [
              {"threshold": 1001,"model": {"type": "minecraft:model","model": "minecraft:item/crossbow/crossbow1_pulling_1"}},
              {"threshold": 1002,"model": {"type": "minecraft:model","model": "minecraft:item/crossbow/crossbow2_pulling_1"}}
            ],
            "fallback": {
              "type": "minecraft:model",
              "model": "minecraft:item/crossbow_pulling_1"
            }
          },
          "threshold": 0.58
        },
        {
          "model": {
            "type": "minecraft:range_dispatch",
            "model": "minecraft:item/crossbow_pulling_2",
            "property": "minecraft:custom_model_data",
            "index": 0,
            "entries": [
              {"threshold": 1001,"model": {"type": "minecraft:model","model": "minecraft:item/crossbow/crossbow1_pulling_2"}},
              {"threshold": 1002,"model": {"type": "minecraft:model","model": "minecraft:item/crossbow/crossbow2_pulling_2"}}
            ],
            "fallback": {
              "type": "minecraft:model",
              "model": "minecraft:item/crossbow_pulling_2"
            }
          },
          "threshold": 1
        }
      ],
      "fallback": {
        "type": "minecraft:range_dispatch",
        "model": "minecraft:item/crossbow_pulling_0",
        "property": "minecraft:custom_model_data",
        "index": 0,
        "entries": [
          {"threshold": 1001,"model": {"type": "minecraft:model","model": "minecraft:item/crossbow/crossbow1_pulling_0"}},
          {"threshold": 1002,"model": {"type": "minecraft:model","model": "minecraft:item/crossbow/crossbow2_pulling_0"}}
        ],
        "fallback": {
          "type": "minecraft:model",
          "model": "minecraft:item/crossbow_pulling_0"
        }
      },
      "property": "minecraft:crossbow/pull"
    },
    "property": "minecraft:using_item"
  }
}