{
  "model": {
    "type": "minecraft:range_dispatch",
    "property": "minecraft:custom_model_data",
    "index": 0,
    "fallback": {
      "type": "minecraft:model",
      "model": "minecraft:item/diamond_sword"
    },
    "entries": [
        {"threshold": 1001, "model": {"type": "minecraft:model", "model": "minecraft:item/diamond_sword/w1_sword"}},
        {"threshold": 1002, "model": {"type": "minecraft:model", "model": "minecraft:item/diamond_sword/backstabber"}},
        {"threshold": 1003, "model": {"type": "minecraft:model", "model": "minecraft:item/diamond_sword/swift_striker"}},
        {"threshold": 1004, "model": {"type": "minecraft:model", "model": "minecraft:item/diamond_sword/mechanized_sawblade"}},
        {"threshold": 1005, "model": {"type": "minecraft:model", "model": "minecraft:item/diamond_sword/nameless_blade"}},
        {"threshold": 1006, "model": {"type": "minecraft:model", "model": "minecraft:item/diamond_sword/fangs_of_frost"}},
        {"threshold": 1007, "model": {"type": "minecraft:model", "model": "minecraft:item/diamond_sword/void_touched_blades"}},
        {"threshold": 1008, "model": {"type": "minecraft:model", "model": "minecraft:item/diamond_sword/the_beginning_and_the_end"}},
        {"threshold": 1009, "model": {"type": "minecraft:model", "model": "minecraft:item/diamond_sword/obsidian_claymore"}},
        {"threshold": 1010, "model": {"type": "minecraft:model", "model": "minecraft:item/diamond_sword/the_starless_night"}},
        {"threshold": 1011, "model": {"type": "minecraft:model", "model": "minecraft:item/diamond_sword/venom_glaive"}},
        {"threshold": 1012, "model": {"type": "minecraft:model", "model": "minecraft:item/diamond_sword/sinister_sword"}},
        {"threshold": 1013, "model": {"type": "minecraft:model", "model": "minecraft:item/diamond_sword/3ddiamond_sword"}},
        {"threshold": 1014, "model": {"type": "minecraft:model", "model": "minecraft:item/diamond_sword/amethyst_sword"}},
        {"threshold": 1015, "model": {"type": "minecraft:model", "model": "minecraft:item/diamond_sword/sword_of_honour"}},
        {"threshold": 1016, "model": {"type": "minecraft:model", "model": "minecraft:item/diamond_sword/blaze_sword"}},
        {"threshold": 1017, "model": {"type": "minecraft:model", "model": "minecraft:item/diamond_sword/bone_sword"}},
        {"threshold": 1018, "model": {"type": "minecraft:model", "model": "minecraft:item/diamond_sword/ender_sword"}},
        {"threshold": 1019, "model": {"type": "minecraft:model", "model": "minecraft:item/diamond_sword/honey_sword"}},
        {"threshold": 1020, "model": {"type": "minecraft:model", "model": "minecraft:item/diamond_sword/ice_sword"}},
        {"threshold": 1021, "model": {"type": "minecraft:model", "model": "minecraft:item/diamond_sword/minty_sword"}},
        {"threshold": 1022, "model": {"type": "minecraft:model", "model": "minecraft:item/diamond_sword/ruby_sword"}},
        {"threshold": 1023, "model": {"type": "minecraft:model", "model": "minecraft:item/diamond_sword/sculk_sword"}},
        {"threshold": 1024, "model": {"type": "minecraft:model", "model": "minecraft:item/diamond_sword/skull_sword"}},
        {"threshold": 1025, "model": {"type": "minecraft:model", "model": "minecraft:item/diamond_sword/overgrown_sword"}},
        {"threshold": 1026, "model": {"type": "minecraft:model", "model": "minecraft:item/diamond_sword/frozen_sword"}},
        {"threshold": 1027, "model": {"type": "minecraft:model", "model": "minecraft:item/diamond_sword/abominableblade"}},
        {"threshold": 1028, "model": {"type": "minecraft:model", "model": "minecraft:item/diamond_sword/abominablegreatsaber"}},
        {"threshold": 1029, "model": {"type": "minecraft:model", "model": "minecraft:item/diamond_sword/abominablescythe"}},
        {"threshold": 1030, "model": {"type": "minecraft:model", "model": "minecraft:item/diamond_sword/aciddemon"}},
        {"threshold": 1031, "model": {"type": "minecraft:model", "model": "minecraft:item/diamond_sword/ancient_royal_great_sword"}},
        {"threshold": 1032, "model": {"type": "minecraft:model", "model": "minecraft:item/diamond_sword/aquantic_sacred_blade"}},
        {"threshold": 1033, "model": {"type": "minecraft:model", "model": "minecraft:item/diamond_sword/ashura_blade"}},
        {"threshold": 1034, "model": {"type": "minecraft:model", "model": "minecraft:item/diamond_sword/awakened_lichblade"}},
        {"threshold": 1035, "model": {"type": "minecraft:model", "model": "minecraft:item/diamond_sword/bloodydeath"}},
        {"threshold": 1036, "model": {"type": "minecraft:model", "model": "minecraft:item/diamond_sword/bramblethorn"}},
        {"threshold": 1037, "model": {"type": "minecraft:model", "model": "minecraft:item/diamond_sword/brimstone_claymore"}},
        {"threshold": 1038, "model": {"type": "minecraft:model", "model": "minecraft:item/diamond_sword/cariansword"}},
        {"threshold": 1039, "model": {"type": "minecraft:model", "model": "minecraft:item/diamond_sword/chrono_blade"}},
        {"threshold": 1040, "model": {"type": "minecraft:model", "model": "minecraft:item/diamond_sword/corruptedmythicblade"}},
        {"threshold": 1041, "model": {"type": "minecraft:model", "model": "minecraft:item/diamond_sword/crescentrose"}},
        {"threshold": 1042, "model": {"type": "minecraft:model", "model": "minecraft:item/diamond_sword/dainsleif"}},
        {"threshold": 1043, "model": {"type": "minecraft:model", "model": "minecraft:item/diamond_sword/creationsplitter_darkness"}},
        {"threshold": 1044, "model": {"type": "minecraft:model", "model": "minecraft:item/diamond_sword/creationsplitter_og"}},
        {"threshold": 1045, "model": {"type": "minecraft:model", "model": "minecraft:item/diamond_sword/cyberkatana"}},
        {"threshold": 1046, "model": {"type": "minecraft:model", "model": "minecraft:item/diamond_sword/cybermantisblade"}},
        {"threshold": 1047, "model": {"type": "minecraft:model", "model": "minecraft:item/diamond_sword/cybernetickatana"}},
        {"threshold": 1048, "model": {"type": "minecraft:model", "model": "minecraft:item/diamond_sword/cyberneticknife"}},
        {"threshold": 1049, "model": {"type": "minecraft:model", "model": "minecraft:item/diamond_sword/cyberneticsawblade"}},
        {"threshold": 1050, "model": {"type": "minecraft:model", "model": "minecraft:item/diamond_sword/cybersword"}},
        {"threshold": 1051, "model": {"type": "minecraft:model", "model": "minecraft:item/diamond_sword/dark_blade"}},
        {"threshold": 1052, "model": {"type": "minecraft:model", "model": "minecraft:item/diamond_sword/dark_cleaver"}},
        {"threshold": 1053, "model": {"type": "minecraft:model", "model": "minecraft:item/diamond_sword/death_knight_dagger"}},
        {"threshold": 1054, "model": {"type": "minecraft:model", "model": "minecraft:item/diamond_sword/death_knight_sword"}},
        {"threshold": 1055, "model": {"type": "minecraft:model", "model": "minecraft:item/diamond_sword/demigodsunholyblade"}},
        {"threshold": 1056, "model": {"type": "minecraft:model", "model": "minecraft:item/diamond_sword/demigodsunholyhalberd"}},
        {"threshold": 1057, "model": {"type": "minecraft:model", "model": "minecraft:item/diamond_sword/demonicblade"}},
        {"threshold": 1058, "model": {"type": "minecraft:model", "model": "minecraft:item/diamond_sword/demoniccleaver"}},
        {"threshold": 1059, "model": {"type": "minecraft:model", "model": "minecraft:item/diamond_sword/demonlordsword"}},
        {"threshold": 1060, "model": {"type": "minecraft:model", "model": "minecraft:item/diamond_sword/divine_justice"}},
        {"threshold": 1061, "model": {"type": "minecraft:model", "model": "minecraft:item/diamond_sword/divine_reaper"}},
        {"threshold": 1062, "model": {"type": "minecraft:model", "model": "minecraft:item/diamond_sword/divinepunisher"}},
        {"threshold": 1063, "model": {"type": "minecraft:model", "model": "minecraft:item/diamond_sword/dormant_relic"}},
        {"threshold": 1064, "model": {"type": "minecraft:model", "model": "minecraft:item/diamond_sword/righteous_relic"}},
        {"threshold": 1065, "model": {"type": "minecraft:model", "model": "minecraft:item/diamond_sword/dragonslayingblade"}},
        {"threshold": 1066, "model": {"type": "minecraft:model", "model": "minecraft:item/diamond_sword/edgeoftheastralplane"}},
        {"threshold": 1067, "model": {"type": "minecraft:model", "model": "minecraft:item/diamond_sword/emberblade"}},
        {"threshold": 1068, "model": {"type": "minecraft:model", "model": "minecraft:item/diamond_sword/enigma"}},
        {"threshold": 1069, "model": {"type": "minecraft:model", "model": "minecraft:item/diamond_sword/epicsword"}},
        {"threshold": 1070, "model": {"type": "minecraft:model", "model": "minecraft:item/diamond_sword/estoc"}},
        {"threshold": 1071, "model": {"type": "minecraft:model", "model": "minecraft:item/diamond_sword/excalibur"}},
        {"threshold": 1072, "model": {"type": "minecraft:model", "model": "minecraft:item/diamond_sword/fallengodspear"}},
        {"threshold": 1073, "model": {"type": "minecraft:model", "model": "minecraft:item/diamond_sword/fallengodsword"}},
        {"threshold": 1074, "model": {"type": "minecraft:model", "model": "minecraft:item/diamond_sword/floral_longsword"}},
        {"threshold": 1075, "model": {"type": "minecraft:model", "model": "minecraft:item/diamond_sword/floral_sabre"}},
        {"threshold": 1076, "model": {"type": "minecraft:model", "model": "minecraft:item/diamond_sword/forest_guardian_glaive"}},
        {"threshold": 1077, "model": {"type": "minecraft:model", "model": "minecraft:item/diamond_sword/frostblade"}},
        {"threshold": 1078, "model": {"type": "minecraft:model", "model": "minecraft:item/diamond_sword/frostscythe"}},
        {"threshold": 1079, "model": {"type": "minecraft:model", "model": "minecraft:item/diamond_sword/greenscythe"}},
        {"threshold": 1080, "model": {"type": "minecraft:model", "model": "minecraft:item/diamond_sword/hero_sword"}},
        {"threshold": 1081, "model": {"type": "minecraft:model", "model": "minecraft:item/diamond_sword/holymoonlightsword"}},
        {"threshold": 1082, "model": {"type": "minecraft:model", "model": "minecraft:item/diamond_sword/hornetsneedle"}},
        {"threshold": 1083, "model": {"type": "minecraft:model", "model": "minecraft:item/diamond_sword/jadehalberd"}},
        {"threshold": 1084, "model": {"type": "minecraft:model", "model": "minecraft:item/diamond_sword/katana"}},
        {"threshold": 1085, "model": {"type": "minecraft:model", "model": "minecraft:item/diamond_sword/legendary_sword"}},
        {"threshold": 1086, "model": {"type": "minecraft:model", "model": "minecraft:item/diamond_sword/longsword"}},
        {"threshold": 1087, "model": {"type": "minecraft:model", "model": "minecraft:item/diamond_sword/magiscythe"}},
        {"threshold": 1088, "model": {"type": "minecraft:model", "model": "minecraft:item/diamond_sword/masamune"}},
        {"threshold": 1089, "model": {"type": "minecraft:model", "model": "minecraft:item/diamond_sword/moltenblade"}},
        {"threshold": 1090, "model": {"type": "minecraft:model", "model": "minecraft:item/diamond_sword/moltensword"}},
        {"threshold": 1091, "model": {"type": "minecraft:model", "model": "minecraft:item/diamond_sword/muramasa"}},
        {"threshold": 1092, "model": {"type": "minecraft:model", "model": "minecraft:item/diamond_sword/mysticalspellblade"}},
        {"threshold": 1093, "model": {"type": "minecraft:model", "model": "minecraft:item/diamond_sword/mythicblade"}},
        {"threshold": 1094, "model": {"type": "minecraft:model", "model": "minecraft:item/diamond_sword/pharaohs_treasure"}},
        {"threshold": 1095, "model": {"type": "minecraft:model", "model": "minecraft:item/diamond_sword/pheonixgrace"}},
        {"threshold": 1096, "model": {"type": "minecraft:model", "model": "minecraft:item/diamond_sword/powerfusesword"}},
        {"threshold": 1097, "model": {"type": "minecraft:model", "model": "minecraft:item/diamond_sword/ribboncleaver"}},
        {"threshold": 1098, "model": {"type": "minecraft:model", "model": "minecraft:item/diamond_sword/royalrapier"}},
        {"threshold": 1099, "model": {"type": "minecraft:model", "model": "minecraft:item/diamond_sword/sabre"}},
        {"threshold": 1100, "model": {"type": "minecraft:model", "model": "minecraft:item/diamond_sword/sacred_tree_blade"}},
        {"threshold": 1101, "model": {"type": "minecraft:model", "model": "minecraft:item/diamond_sword/scissorblade"}},
        {"threshold": 1102, "model": {"type": "minecraft:model", "model": "minecraft:item/diamond_sword/sculkcleaver"}},
        {"threshold": 1103, "model": {"type": "minecraft:model", "model": "minecraft:item/diamond_sword/sculkscythe"}},
        {"threshold": 1104, "model": {"type": "minecraft:model", "model": "minecraft:item/diamond_sword/sculksword"}},
        {"threshold": 1105, "model": {"type": "minecraft:model", "model": "minecraft:item/diamond_sword/sentinels_will"}},
        {"threshold": 1106, "model": {"type": "minecraft:model", "model": "minecraft:item/diamond_sword/silverine_blade"}},
        {"threshold": 1107, "model": {"type": "minecraft:model", "model": "minecraft:item/diamond_sword/soul_collector"}},
        {"threshold": 1108, "model": {"type": "minecraft:model", "model": "minecraft:item/diamond_sword/soul_devourer"}},
        {"threshold": 1109, "model": {"type": "minecraft:model", "model": "minecraft:item/diamond_sword/souledge"}},
        {"threshold": 1110, "model": {"type": "minecraft:model", "model": "minecraft:item/diamond_sword/soulharvester"}},
        {"threshold": 1111, "model": {"type": "minecraft:model", "model": "minecraft:item/diamond_sword/soulrender"}},
        {"threshold": 1112, "model": {"type": "minecraft:model", "model": "minecraft:item/diamond_sword/soulstealer"}},
        {"threshold": 1113, "model": {"type": "minecraft:model", "model": "minecraft:item/diamond_sword/stars_edge1"}},
        {"threshold": 1114, "model": {"type": "minecraft:model", "model": "minecraft:item/diamond_sword/stars_edge2"}},
        {"threshold": 1115, "model": {"type": "minecraft:model", "model": "minecraft:item/diamond_sword/stars_edge3"}},
        {"threshold": 1116, "model": {"type": "minecraft:model", "model": "minecraft:item/diamond_sword/steelsword"}},
        {"threshold": 1117, "model": {"type": "minecraft:model", "model": "minecraft:item/diamond_sword/stormbringer"}},
        {"threshold": 1118, "model": {"type": "minecraft:model", "model": "minecraft:item/diamond_sword/storms_edge"}},
        {"threshold": 1119, "model": {"type": "minecraft:model", "model": "minecraft:item/diamond_sword/tengensblade"}},
        {"threshold": 1120, "model": {"type": "minecraft:model", "model": "minecraft:item/diamond_sword/terrablade"}},
        {"threshold": 1121, "model": {"type": "minecraft:model", "model": "minecraft:item/diamond_sword/thousanddemondaggers"}},
        {"threshold": 1122, "model": {"type": "minecraft:model", "model": "minecraft:item/diamond_sword/thunderbringer"}},
        {"threshold": 1123, "model": {"type": "minecraft:model", "model": "minecraft:item/diamond_sword/toxic_longsword"}},
        {"threshold": 1124, "model": {"type": "minecraft:model", "model": "minecraft:item/diamond_sword/truecreationsplitter"}},
        {"threshold": 1125, "model": {"type": "minecraft:model", "model": "minecraft:item/diamond_sword/vampiricneedle"}},
        {"threshold": 1126, "model": {"type": "minecraft:model", "model": "minecraft:item/diamond_sword/wakizashi"}},
        {"threshold": 1127, "model": {"type": "minecraft:model", "model": "minecraft:item/diamond_sword/watcher_claymore"}},
        {"threshold": 1128, "model": {"type": "minecraft:model", "model": "minecraft:item/diamond_sword/watching_warglaive"}},
        {"threshold": 1129, "model": {"type": "minecraft:model", "model": "minecraft:item/diamond_sword/waxweaver"}},
        {"threshold": 1130, "model": {"type": "minecraft:model", "model": "minecraft:item/diamond_sword/whisperwind"}},
        {"threshold": 1131, "model": {"type": "minecraft:model", "model": "minecraft:item/diamond_sword/wickpiercer"}},
        {"threshold": 1132, "model": {"type": "minecraft:model", "model": "minecraft:item/diamond_sword/brass_sword"}},
        {"threshold": 1133, "model": {"type": "minecraft:model", "model": "minecraft:item/diamond_sword/bronze_sword"}},
        {"threshold": 1134, "model": {"type": "minecraft:model", "model": "minecraft:item/diamond_sword/copper_sword"}},
        {"threshold": 1135, "model": {"type": "minecraft:model", "model": "minecraft:item/diamond_sword/emerald_sword"}},
        {"threshold": 1136, "model": {"type": "minecraft:model", "model": "minecraft:item/diamond_sword/lapis_sword"}},
        {"threshold": 1137, "model": {"type": "minecraft:model", "model": "minecraft:item/diamond_sword/master_sword"}},
        {"threshold": 1138, "model": {"type": "minecraft:model", "model": "minecraft:item/diamond_sword/meat_sword"}},
        {"threshold": 1139, "model": {"type": "minecraft:model", "model": "minecraft:item/diamond_sword/obsidian_sword"}},
        {"threshold": 1140, "model": {"type": "minecraft:model", "model": "minecraft:item/diamond_sword/diamond_knife"}},
        {"threshold": 1141, "model": {"type": "minecraft:model", "model": "minecraft:item/diamond_sword/candy_cane"}}
    ]
  }
}