{
  "model": {
    "type": "minecraft:range_dispatch",
    "property": "minecraft:custom_model_data",
    "index": 0,
    "fallback": {
      "type": "minecraft:model",
      "model": "minecraft:item/diamond_pickaxe"
    },
    "entries": [
      {"model": {"type": "minecraft:model","model": "minecraft:item/diamond_pickaxe/amethyst_pickaxe"},"threshold": 1001},
      {"model": {"type": "minecraft:model","model": "minecraft:item/diamond_pickaxe/blaze_pickaxe"},"threshold": 1002},
      {"model": {"type": "minecraft:model","model": "minecraft:item/diamond_pickaxe/bone_pickaxe"},"threshold": 1003},
      {"model": {"type": "minecraft:model","model": "minecraft:item/diamond_pickaxe/ender_pickaxe"},"threshold": 1004},
      {"model": {"type": "minecraft:model","model": "minecraft:item/diamond_pickaxe/pickaxe_of_honour"},"threshold": 1005},
      {"model": {"type": "minecraft:model","model": "minecraft:item/diamond_pickaxe/honey_pickaxe"},"threshold": 1006},
      {"model": {"type": "minecraft:model","model": "minecraft:item/diamond_pickaxe/ice_pickaxe"},"threshold": 1007},
      {"model": {"type": "minecraft:model","model": "minecraft:item/diamond_pickaxe/minty_pickaxe"},"threshold": 1008},
      {"model": {"type": "minecraft:model","model": "minecraft:item/diamond_pickaxe/overgrown_pickaxe"},"threshold": 1009},
      {"model": {"type": "minecraft:model","model": "minecraft:item/diamond_pickaxe/ruby_pickaxe"},"threshold": 1010},
      {"model": {"type": "minecraft:model","model": "minecraft:item/diamond_pickaxe/sculk_pickaxe"},"threshold": 1011},
      {"model": {"type": "minecraft:model","model": "minecraft:item/diamond_pickaxe/skull_pickaxe"},"threshold": 1012},
      {"model": {"type": "minecraft:model","model": "minecraft:item/diamond_pickaxe/brass_pickaxe"},"threshold": 1013},
      {"model": {"type": "minecraft:model","model": "minecraft:item/diamond_pickaxe/bronze_pickaxe"},"threshold": 1014},
      {"model": {"type": "minecraft:model","model": "minecraft:item/diamond_pickaxe/copper_pickaxe"},"threshold": 1015},
      {"model": {"type": "minecraft:model","model": "minecraft:item/diamond_pickaxe/emerald_pickaxe"},"threshold": 1016},
      {"model": {"type": "minecraft:model","model": "minecraft:item/diamond_pickaxe/lapis_pickaxe"},"threshold": 1017},
      {"model": {"type": "minecraft:model","model": "minecraft:item/diamond_pickaxe/obsidian_pickaxe"},"threshold": 1018}
    ]
  }
}