{
  "model": {
    "type": "minecraft:range_dispatch",
    "property": "minecraft:custom_model_data",
    "index": 0,
    "fallback": {
      "type": "minecraft:model",
      "model": "minecraft:item/diamond_sword"
    },
    "entries": [
      {
        "model": {
          "type": "minecraft:model",
          "model": "minecraft:item/diamond_sword/w1_sword"
        },
        "threshold": 1001
      },
      {
        "model": {
          "type": "minecraft:model",
          "model": "minecraft:item/diamond_sword/backstabber"
        },
        "threshold": 1002
      },
      {
        "model": {
          "type": "minecraft:model",
          "model": "minecraft:item/diamond_sword/swift_striker"
        },
        "threshold": 1003
      },
      {
        "model": {
          "type": "minecraft:model",
          "model": "minecraft:item/diamond_sword/mechanized_sawblade"
        },
        "threshold": 1004
      },
      {
        "model": {
          "type": "minecraft:model",
          "model": "minecraft:item/diamond_sword/nameless_blade"
        },
        "threshold": 1005
      },
      {
        "model": {
          "type": "minecraft:model",
          "model": "minecraft:item/diamond_sword/fangs_of_frost"
        },
        "threshold": 1006
      },
      {
        "model": {
          "type": "minecraft:model",
          "model": "minecraft:item/diamond_sword/void_touched_blades"
        },
        "threshold": 1007
      },
      {
        "model": {
          "type": "minecraft:model",
          "model": "minecraft:item/diamond_sword/the_beginning_and_the_end"
        },
        "threshold": 1008
      },
      {
        "model": {
          "type": "minecraft:model",
          "model": "minecraft:item/diamond_sword/obsidian_claymore"
        },
        "threshold": 1009
      },
      {
        "model": {
          "type": "minecraft:model",
          "model": "minecraft:item/diamond_sword/the_starless_night"
        },
        "threshold": 1010
      },
      {
        "model": {
          "type": "minecraft:model",
          "model": "minecraft:item/diamond_sword/venom_glaive"
        },
        "threshold": 1011
      },
      {
        "model": {
          "type": "minecraft:model",
          "model": "minecraft:item/diamond_sword/sinister_sword"
        },
        "threshold": 1012
      },
      {
        "model": {
          "type": "minecraft:model",
          "model": "minecraft:item/diamond_sword/3ddiamond_sword"
        },
        "threshold": 1013
      },
      {
        "model": {
          "type": "minecraft:model",
          "model": "minecraft:item/diamond_sword/amethyst_sword"
        },
        "threshold": 1014
      },
      {
        "model": {
          "type": "minecraft:model",
          "model": "minecraft:item/diamond_sword/sword_of_honour"
        },
        "threshold": 1015
      },
      {
        "model": {
          "type": "minecraft:model",
          "model": "minecraft:item/diamond_sword/blaze_sword"
        },
        "threshold": 1016
      },
      {
        "model": {
          "type": "minecraft:model",
          "model": "minecraft:item/diamond_sword/bone_sword"
        },
        "threshold": 1017
      },
      {
        "model": {
          "type": "minecraft:model",
          "model": "minecraft:item/diamond_sword/ender_sword"
        },
        "threshold": 1018
      },
      {
        "model": {
          "type": "minecraft:model",
          "model": "minecraft:item/diamond_sword/honey_sword"
        },
        "threshold": 1019
      },
      {
        "model": {
          "type": "minecraft:model",
          "model": "minecraft:item/diamond_sword/ice_sword"
        },
        "threshold": 1020
      },
      {
        "model": {
          "type": "minecraft:model",
          "model": "minecraft:item/diamond_sword/minty_sword"
        },
        "threshold": 1021
      },
      {
        "model": {
          "type": "minecraft:model",
          "model": "minecraft:item/diamond_sword/ruby_sword"
        },
        "threshold": 1022
      },
      {
        "model": {
          "type": "minecraft:model",
          "model": "minecraft:item/diamond_sword/sculk_sword"
        },
        "threshold": 1023
      },
      {
        "model": {
          "type": "minecraft:model",
          "model": "minecraft:item/diamond_sword/skull_sword"
        },
        "threshold": 1024
      },
      {
        "model": {
          "type": "minecraft:model",
          "model": "minecraft:item/diamond_sword/overgrown_sword"
        },
        "threshold": 1025
      },
      {
        "model": {
          "type": "minecraft:model",
          "model": "minecraft:item/diamond_sword/frozen_sword"
        },
        "threshold": 1026
      },
      {
        "model": {
          "type": "minecraft:model",
          "model": "minecraft:item/diamond_sword/abominableblade"
        },
        "threshold": 1027
      },
      {
        "model": {
          "type": "minecraft:model",
          "model": "minecraft:item/diamond_sword/abominablegreatsaber"
        },
        "threshold": 1028
      },
      {
        "model": {
          "type": "minecraft:model",
          "model": "minecraft:item/diamond_sword/abominablescythe"
        },
        "threshold": 1029
      },
      {
        "model": {
          "type": "minecraft:model",
          "model": "minecraft:item/diamond_sword/aciddemon"
        },
        "threshold": 1030
      },
      {
        "model": {
          "type": "minecraft:model",
          "model": "minecraft:item/diamond_sword/ancient_royal_great_sword"
        },
        "threshold": 1031
      },
      {
        "model": {
          "type": "minecraft:model",
          "model": "minecraft:item/diamond_sword/aquantic_sacred_blade"
        },
        "threshold": 1032
      },
      {
        "model": {
          "type": "minecraft:model",
          "model": "minecraft:item/diamond_sword/ashura_blade"
        },
        "threshold": 1033
      },
      {
        "model": {
          "type": "minecraft:model",
          "model": "minecraft:item/diamond_sword/awakened_lichblade"
        },
        "threshold": 1034
      },
      {
        "model": {
          "type": "minecraft:model",
          "model": "minecraft:item/diamond_sword/bloodydeath"
        },
        "threshold": 1035
      },
      {
        "model": {
          "type": "minecraft:model",
          "model": "minecraft:item/diamond_sword/bramblethorn"
        },
        "threshold": 1036
      },
      {
        "model": {
          "type": "minecraft:model",
          "model": "minecraft:item/diamond_sword/brimstone_claymore"
        },
        "threshold": 1037
      },
      {
        "model": {
          "type": "minecraft:model",
          "model": "minecraft:item/diamond_sword/cariansword"
        },
        "threshold": 1038
      },
      {
        "model": {
          "type": "minecraft:model",
          "model": "minecraft:item/diamond_sword/chrono_blade"
        },
        "threshold": 1039
      },
      {
        "model": {
          "type": "minecraft:model",
          "model": "minecraft:item/diamond_sword/corruptedmythicblade"
        },
        "threshold": 1040
      },
      {
        "model": {
          "type": "minecraft:model",
          "model": "minecraft:item/diamond_sword/crescentrose"
        },
        "threshold": 1041
      },
      {
        "model": {
          "type": "minecraft:model",
          "model": "minecraft:item/diamond_sword/dainsleif"
        },
        "threshold": 1042
      },
      {
        "model": {
          "type": "minecraft:model",
          "model": "minecraft:item/diamond_sword/creationsplitter_darkness"
        },
        "threshold": 1043
      },
      {
        "model": {
          "type": "minecraft:model",
          "model": "minecraft:item/diamond_sword/creationsplitter_og"
        },
        "threshold": 1044
      },
      {
        "model": {
          "type": "minecraft:model",
          "model": "minecraft:item/diamond_sword/cyberkatana"
        },
        "threshold": 1045
      },
      {
        "model": {
          "type": "minecraft:model",
          "model": "minecraft:item/diamond_sword/cybermantisblade"
        },
        "threshold": 1046
      },
      {
        "model": {
          "type": "minecraft:model",
          "model": "minecraft:item/diamond_sword/cybernetickatana"
        },
        "threshold": 1047
      },
      {
        "model": {
          "type": "minecraft:model",
          "model": "minecraft:item/diamond_sword/cyberneticknife"
        },
        "threshold": 1048
      },
      {
        "model": {
          "type": "minecraft:model",
          "model": "minecraft:item/diamond_sword/cyberneticsawblade"
        },
        "threshold": 1049
      },
      {
        "model": {
          "type": "minecraft:model",
          "model": "minecraft:item/diamond_sword/cybersword"
        },
        "threshold": 1050
      },
      {
        "model": {
          "type": "minecraft:model",
          "model": "minecraft:item/diamond_sword/dark_blade"
        },
        "threshold": 1051
      },
      {
        "model": {
          "type": "minecraft:model",
          "model": "minecraft:item/diamond_sword/dark_cleaver"
        },
        "threshold": 1052
      },
      {
        "model": {
          "type": "minecraft:model",
          "model": "minecraft:item/diamond_sword/death_knight_dagger"
        },
        "threshold": 1053
      },
      {
        "model": {
          "type": "minecraft:model",
          "model": "minecraft:item/diamond_sword/death_knight_sword"
        },
        "threshold": 1054
      },
      {
        "model": {
          "type": "minecraft:model",
          "model": "minecraft:item/diamond_sword/demigodsunholyblade"
        },
        "threshold": 1055
      },
      {
        "model": {
          "type": "minecraft:model",
          "model": "minecraft:item/diamond_sword/demigodsunholyhalberd"
        },
        "threshold": 1056
      },
      {
        "model": {
          "type": "minecraft:model",
          "model": "minecraft:item/diamond_sword/demonicblade"
        },
        "threshold": 1057
      },
      {
        "model": {
          "type": "minecraft:model",
          "model": "minecraft:item/diamond_sword/demoniccleaver"
        },
        "threshold": 1058
      },
      {
        "model": {
          "type": "minecraft:model",
          "model": "minecraft:item/diamond_sword/demonlordsword"
        },
        "threshold": 1059
      },
      {
        "model": {
          "type": "minecraft:model",
          "model": "minecraft:item/diamond_sword/"
        },
        "threshold": 1060
      }
    ]
  }
}