{
  "model": {
    "type": "minecraft:range_dispatch",
    "property": "minecraft:custom_model_data",
    "index": 0,
    "fallback": {
      "type": "minecraft:model",
      "model": "minecraft:item/diamond_axe"
    },
    "entries": [
        {"threshold": 1001, "model": {"type": "minecraft:model","model": "minecraft:item/diamond_axe/firebrand"}},
        {"threshold": 1002, "model": {"type": "minecraft:model","model": "minecraft:item/diamond_axe/amethyst_axe"}},
        {"threshold": 1003, "model": {"type": "minecraft:model","model": "minecraft:item/diamond_axe/axe_of_honour"}},
        {"threshold": 1004, "model": {"type": "minecraft:model","model": "minecraft:item/diamond_axe/blaze_axe"}},
        {"threshold": 1005, "model": {"type": "minecraft:model","model": "minecraft:item/diamond_axe/bone_axe"}},
        {"threshold": 1006, "model": {"type": "minecraft:model","model": "minecraft:item/diamond_axe/ender_axe"}},
        {"threshold": 1007, "model": {"type": "minecraft:model","model": "minecraft:item/diamond_axe/honey_axe"}},
        {"threshold": 1008, "model": {"type": "minecraft:model","model": "minecraft:item/diamond_axe/ice_axe"}},
        {"threshold": 1009, "model": {"type": "minecraft:model","model": "minecraft:item/diamond_axe/minty_axe"}},
        {"threshold": 1010, "model": {"type": "minecraft:model","model": "minecraft:item/diamond_axe/ruby_axe"}},
        {"threshold": 1011, "model": {"type": "minecraft:model","model": "minecraft:item/diamond_axe/sculk_axe"}},
        {"threshold": 1012, "model": {"type": "minecraft:model","model": "minecraft:item/diamond_axe/skull_axe"}},
        {"threshold": 1013, "model": {"type": "minecraft:model","model": "minecraft:item/diamond_axe/overgrown_axe"}},
        {"threshold": 1014, "model": {"type": "minecraft:model","model": "minecraft:item/diamond_axe/arcanethyst"}},
        {"threshold": 1015, "model": {"type": "minecraft:model","model": "minecraft:item/diamond_axe/demonlordsgreataxe"}},
        {"threshold": 1016, "model": {"type": "minecraft:model","model": "minecraft:item/diamond_axe/divineaxerhitta"}},
        {"threshold": 1017, "model": {"type": "minecraft:model","model": "minecraft:item/diamond_axe/brass_axe"}},
        {"threshold": 1018, "model": {"type": "minecraft:model","model": "minecraft:item/diamond_axe/bronze_axe"}},
        {"threshold": 1019, "model": {"type": "minecraft:model","model": "minecraft:item/diamond_axe/copper_axe"}},
        {"threshold": 1020, "model": {"type": "minecraft:model","model": "minecraft:item/diamond_axe/emerald_axe"}},
        {"threshold": 1021, "model": {"type": "minecraft:model","model": "minecraft:item/diamond_axe/lapis_axe"}},
        {"threshold": 1022, "model": {"type": "minecraft:model","model": "minecraft:item/diamond_axe/obsidian_axe"}}
    ]
  }
}