{
  "model": {
    "type": "minecraft:condition",
    "on_false": {
      "type": "minecraft:range_dispatch",
      "model": "minecraft:item/elytra",
      "property": "minecraft:custom_model_data",
      "index": 0,
      "entries": [
        {"threshold": 1001,"model": {"type": "minecraft:model","model": "minecraft:item/elytra/1"}},
        {"threshold": 1002,"model": {"type": "minecraft:model","model": "minecraft:item/elytra/2"}},
        {"threshold": 1003,"model": {"type": "minecraft:model","model": "minecraft:item/elytra/3"}},
        {"threshold": 1004,"model": {"type": "minecraft:model","model": "minecraft:item/elytra/4"}},
        {"threshold": 1005,"model": {"type": "minecraft:model","model": "minecraft:item/elytra/5"}},
        {"threshold": 1006,"model": {"type": "minecraft:model","model": "minecraft:item/elytra/6"}},
        {"threshold": 1007,"model": {"type": "minecraft:model","model": "minecraft:item/elytra/7"}},
        {"threshold": 1008,"model": {"type": "minecraft:model","model": "minecraft:item/elytra/8"}},
        {"threshold": 1009,"model": {"type": "minecraft:model","model": "minecraft:item/elytra/9"}},
        {"threshold": 1010,"model": {"type": "minecraft:model","model": "minecraft:item/elytra/10"}},
        {"threshold": 1011,"model": {"type": "minecraft:model","model": "minecraft:item/elytra/11"}},
        {"threshold": 1012,"model": {"type": "minecraft:model","model": "minecraft:item/elytra/12"}},
        {"threshold": 1013,"model": {"type": "minecraft:model","model": "minecraft:item/elytra/13"}},
        {"threshold": 1014,"model": {"type": "minecraft:model","model": "minecraft:item/elytra/14"}},
        {"threshold": 1015,"model": {"type": "minecraft:model","model": "minecraft:item/elytra/15"}},
        {"threshold": 1016,"model": {"type": "minecraft:model","model": "minecraft:item/elytra/16"}},
        {"threshold": 1017,"model": {"type": "minecraft:model","model": "minecraft:item/elytra/17"}},
        {"threshold": 1018,"model": {"type": "minecraft:model","model": "minecraft:item/elytra/18"}},
        {"threshold": 1019,"model": {"type": "minecraft:model","model": "minecraft:item/elytra/19"}},
        {"threshold": 1020,"model": {"type": "minecraft:model","model": "minecraft:item/elytra/20"}},
        {"threshold": 1021,"model": {"type": "minecraft:model","model": "minecraft:item/elytra/21"}},
        {"threshold": 1022,"model": {"type": "minecraft:model","model": "minecraft:item/elytra/22"}},
        {"threshold": 1023,"model": {"type": "minecraft:model","model": "minecraft:item/elytra/23"}},
        {"threshold": 1024,"model": {"type": "minecraft:model","model": "minecraft:item/elytra/24"}},
        {"threshold": 1025,"model": {"type": "minecraft:model","model": "minecraft:item/elytra/25"}},
        {"threshold": 1026,"model": {"type": "minecraft:model","model": "minecraft:item/elytra/26"}},
        {"threshold": 1027,"model": {"type": "minecraft:model","model": "minecraft:item/elytra/27"}},
        {"threshold": 1028,"model": {"type": "minecraft:model","model": "minecraft:item/elytra/28"}},
        {"threshold": 1029,"model": {"type": "minecraft:model","model": "minecraft:item/elytra/29"}},
        {"threshold": 1030,"model": {"type": "minecraft:model","model": "minecraft:item/elytra/30"}},
        {"threshold": 1031,"model": {"type": "minecraft:model","model": "minecraft:item/elytra/31"}},
        {"threshold": 1032,"model": {"type": "minecraft:model","model": "minecraft:item/elytra/32"}},
        {"threshold": 1033,"model": {"type": "minecraft:model","model": "minecraft:item/elytra/33"}},
        {"threshold": 1034,"model": {"type": "minecraft:model","model": "minecraft:item/elytra/34"}},
        {"threshold": 1035,"model": {"type": "minecraft:model","model": "minecraft:item/elytra/35"}},
        {"threshold": 1036,"model": {"type": "minecraft:model","model": "minecraft:item/elytra/36"}},
        {"threshold": 1037,"model": {"type": "minecraft:model","model": "minecraft:item/elytra/37"}},
        {"threshold": 1038,"model": {"type": "minecraft:model","model": "minecraft:item/elytra/38"}},
        {"threshold": 1039,"model": {"type": "minecraft:model","model": "minecraft:item/elytra/39"}},
        {"threshold": 1040,"model": {"type": "minecraft:model","model": "minecraft:item/elytra/40"}},
        {"threshold": 1041,"model": {"type": "minecraft:model","model": "minecraft:item/elytra/41"}},
        {"threshold": 1042,"model": {"type": "minecraft:model","model": "minecraft:item/elytra/42"}},
        {"threshold": 1043,"model": {"type": "minecraft:model","model": "minecraft:item/elytra/43"}},
        {"threshold": 1044,"model": {"type": "minecraft:model","model": "minecraft:item/elytra/44"}},
        {"threshold": 1045,"model": {"type": "minecraft:model","model": "minecraft:item/elytra/45"}},
        {"threshold": 1046,"model": {"type": "minecraft:model","model": "minecraft:item/elytra/46"}},
        {"threshold": 1047,"model": {"type": "minecraft:model","model": "minecraft:item/elytra/47"}},
        {"threshold": 1048,"model": {"type": "minecraft:model","model": "minecraft:item/elytra/48"}},
        {"threshold": 1049,"model": {"type": "minecraft:model","model": "minecraft:item/elytra/49"}},
        {"threshold": 1050,"model": {"type": "minecraft:model","model": "minecraft:item/elytra/50"}},
        {"threshold": 1051,"model": {"type": "minecraft:model","model": "minecraft:item/elytra/51"}},
        {"threshold": 1052,"model": {"type": "minecraft:model","model": "minecraft:item/elytra/52"}},
        {"threshold": 1053,"model": {"type": "minecraft:model","model": "minecraft:item/elytra/53"}},
        {"threshold": 1054,"model": {"type": "minecraft:model","model": "minecraft:item/elytra/54"}},
        {"threshold": 1055,"model": {"type": "minecraft:model","model": "minecraft:item/elytra/55"}},
        {"threshold": 1056,"model": {"type": "minecraft:model","model": "minecraft:item/elytra/56"}},
        {"threshold": 1057,"model": {"type": "minecraft:model","model": "minecraft:item/elytra/57"}},
        {"threshold": 1058,"model": {"type": "minecraft:model","model": "minecraft:item/elytra/58"}},
        {"threshold": 1059,"model": {"type": "minecraft:model","model": "minecraft:item/elytra/59"}},
        {"threshold": 1060,"model": {"type": "minecraft:model","model": "minecraft:item/elytra/60"}},
        {"threshold": 1061,"model": {"type": "minecraft:model","model": "minecraft:item/elytra/61"}},
        {"threshold": 1062,"model": {"type": "minecraft:model","model": "minecraft:item/elytra/62"}},
        {"threshold": 1063,"model": {"type": "minecraft:model","model": "minecraft:item/elytra/63"}},
        {"threshold": 1064,"model": {"type": "minecraft:model","model": "minecraft:item/elytra/64"}},
        {"threshold": 1065,"model": {"type": "minecraft:model","model": "minecraft:item/elytra/65"}},
        {"threshold": 1066,"model": {"type": "minecraft:model","model": "minecraft:item/elytra/66"}},
        {"threshold": 1067,"model": {"type": "minecraft:model","model": "minecraft:item/elytra/67"}},
        {"threshold": 1068,"model": {"type": "minecraft:model","model": "minecraft:item/elytra/68"}},
        {"threshold": 1069,"model": {"type": "minecraft:model","model": "minecraft:item/elytra/69"}},
        {"threshold": 1070,"model": {"type": "minecraft:model","model": "minecraft:item/elytra/70"}},
        {"threshold": 1071,"model": {"type": "minecraft:model","model": "minecraft:item/elytra/71"}},
        {"threshold": 1072,"model": {"type": "minecraft:model","model": "minecraft:item/elytra/72"}},
        {"threshold": 1073,"model": {"type": "minecraft:model","model": "minecraft:item/elytra/73"}},
        {"threshold": 1074,"model": {"type": "minecraft:model","model": "minecraft:item/elytra/74"}},
        {"threshold": 1075,"model": {"type": "minecraft:model","model": "minecraft:item/elytra/75"}},
        {"threshold": 1076,"model": {"type": "minecraft:model","model": "minecraft:item/elytra/76"}},
        {"threshold": 1077,"model": {"type": "minecraft:model","model": "minecraft:item/elytra/77"}},
        {"threshold": 1078,"model": {"type": "minecraft:model","model": "minecraft:item/elytra/78"}},
        {"threshold": 1079,"model": {"type": "minecraft:model","model": "minecraft:item/elytra/79"}},
        {"threshold": 1080,"model": {"type": "minecraft:model","model": "minecraft:item/elytra/80"}}
      ],
      "fallback": {
        "type": "minecraft:model",
        "model": "minecraft:item/elytra"
      }
    },
    "on_true": {
      "type": "minecraft:range_dispatch",
      "model": "minecraft:item/elytra_broken",
      "property": "minecraft:custom_model_data",
      "index": 0,
      "entries": [
        {"threshold": 1001,"model": {"type": "minecraft:model","model": "minecraft:item/broken_elytra/1"}},
        {"threshold": 1002,"model": {"type": "minecraft:model","model": "minecraft:item/broken_elytra/2"}},
        {"threshold": 1003,"model": {"type": "minecraft:model","model": "minecraft:item/broken_elytra/3"}},
        {"threshold": 1004,"model": {"type": "minecraft:model","model": "minecraft:item/broken_elytra/4"}},
        {"threshold": 1005,"model": {"type": "minecraft:model","model": "minecraft:item/broken_elytra/5"}},
        {"threshold": 1006,"model": {"type": "minecraft:model","model": "minecraft:item/broken_elytra/6"}},
        {"threshold": 1007,"model": {"type": "minecraft:model","model": "minecraft:item/broken_elytra/7"}},
        {"threshold": 1008,"model": {"type": "minecraft:model","model": "minecraft:item/broken_elytra/8"}},
        {"threshold": 1009,"model": {"type": "minecraft:model","model": "minecraft:item/broken_elytra/9"}},
        {"threshold": 1010,"model": {"type": "minecraft:model","model": "minecraft:item/broken_elytra/10"}},
        {"threshold": 1011,"model": {"type": "minecraft:model","model": "minecraft:item/broken_elytra/11"}},
        {"threshold": 1012,"model": {"type": "minecraft:model","model": "minecraft:item/broken_elytra/12"}},
        {"threshold": 1013,"model": {"type": "minecraft:model","model": "minecraft:item/broken_elytra/13"}},
        {"threshold": 1014,"model": {"type": "minecraft:model","model": "minecraft:item/broken_elytra/14"}},
        {"threshold": 1015,"model": {"type": "minecraft:model","model": "minecraft:item/broken_elytra/15"}},
        {"threshold": 1016,"model": {"type": "minecraft:model","model": "minecraft:item/broken_elytra/16"}},
        {"threshold": 1017,"model": {"type": "minecraft:model","model": "minecraft:item/broken_elytra/17"}},
        {"threshold": 1018,"model": {"type": "minecraft:model","model": "minecraft:item/broken_elytra/18"}},
        {"threshold": 1019,"model": {"type": "minecraft:model","model": "minecraft:item/broken_elytra/19"}},
        {"threshold": 1020,"model": {"type": "minecraft:model","model": "minecraft:item/broken_elytra/20"}},
        {"threshold": 1021,"model": {"type": "minecraft:model","model": "minecraft:item/broken_elytra/21"}},
        {"threshold": 1022,"model": {"type": "minecraft:model","model": "minecraft:item/broken_elytra/22"}},
        {"threshold": 1023,"model": {"type": "minecraft:model","model": "minecraft:item/broken_elytra/23"}},
        {"threshold": 1024,"model": {"type": "minecraft:model","model": "minecraft:item/broken_elytra/24"}},
        {"threshold": 1025,"model": {"type": "minecraft:model","model": "minecraft:item/broken_elytra/25"}},
        {"threshold": 1026,"model": {"type": "minecraft:model","model": "minecraft:item/broken_elytra/26"}},
        {"threshold": 1027,"model": {"type": "minecraft:model","model": "minecraft:item/broken_elytra/27"}},
        {"threshold": 1028,"model": {"type": "minecraft:model","model": "minecraft:item/broken_elytra/28"}},
        {"threshold": 1029,"model": {"type": "minecraft:model","model": "minecraft:item/broken_elytra/29"}},
        {"threshold": 1030,"model": {"type": "minecraft:model","model": "minecraft:item/broken_elytra/30"}},
        {"threshold": 1031,"model": {"type": "minecraft:model","model": "minecraft:item/broken_elytra/31"}},
        {"threshold": 1032,"model": {"type": "minecraft:model","model": "minecraft:item/broken_elytra/32"}},
        {"threshold": 1033,"model": {"type": "minecraft:model","model": "minecraft:item/broken_elytra/33"}},
        {"threshold": 1034,"model": {"type": "minecraft:model","model": "minecraft:item/broken_elytra/34"}},
        {"threshold": 1035,"model": {"type": "minecraft:model","model": "minecraft:item/broken_elytra/35"}},
        {"threshold": 1036,"model": {"type": "minecraft:model","model": "minecraft:item/broken_elytra/36"}},
        {"threshold": 1037,"model": {"type": "minecraft:model","model": "minecraft:item/broken_elytra/37"}},
        {"threshold": 1038,"model": {"type": "minecraft:model","model": "minecraft:item/broken_elytra/38"}},
        {"threshold": 1039,"model": {"type": "minecraft:model","model": "minecraft:item/broken_elytra/39"}},
        {"threshold": 1040,"model": {"type": "minecraft:model","model": "minecraft:item/broken_elytra/40"}},
        {"threshold": 1041,"model": {"type": "minecraft:model","model": "minecraft:item/broken_elytra/41"}},
        {"threshold": 1042,"model": {"type": "minecraft:model","model": "minecraft:item/broken_elytra/42"}},
        {"threshold": 1043,"model": {"type": "minecraft:model","model": "minecraft:item/broken_elytra/43"}},
        {"threshold": 1044,"model": {"type": "minecraft:model","model": "minecraft:item/broken_elytra/44"}},
        {"threshold": 1045,"model": {"type": "minecraft:model","model": "minecraft:item/broken_elytra/45"}},
        {"threshold": 1046,"model": {"type": "minecraft:model","model": "minecraft:item/broken_elytra/46"}},
        {"threshold": 1047,"model": {"type": "minecraft:model","model": "minecraft:item/broken_elytra/47"}},
        {"threshold": 1048,"model": {"type": "minecraft:model","model": "minecraft:item/broken_elytra/48"}},
        {"threshold": 1049,"model": {"type": "minecraft:model","model": "minecraft:item/broken_elytra/49"}},
        {"threshold": 1050,"model": {"type": "minecraft:model","model": "minecraft:item/broken_elytra/50"}},
        {"threshold": 1051,"model": {"type": "minecraft:model","model": "minecraft:item/broken_elytra/51"}},
        {"threshold": 1052,"model": {"type": "minecraft:model","model": "minecraft:item/broken_elytra/52"}},
        {"threshold": 1053,"model": {"type": "minecraft:model","model": "minecraft:item/broken_elytra/53"}},
        {"threshold": 1054,"model": {"type": "minecraft:model","model": "minecraft:item/broken_elytra/54"}},
        {"threshold": 1055,"model": {"type": "minecraft:model","model": "minecraft:item/broken_elytra/55"}},
        {"threshold": 1056,"model": {"type": "minecraft:model","model": "minecraft:item/broken_elytra/56"}},
        {"threshold": 1057,"model": {"type": "minecraft:model","model": "minecraft:item/broken_elytra/57"}},
        {"threshold": 1058,"model": {"type": "minecraft:model","model": "minecraft:item/broken_elytra/58"}},
        {"threshold": 1059,"model": {"type": "minecraft:model","model": "minecraft:item/broken_elytra/59"}},
        {"threshold": 1060,"model": {"type": "minecraft:model","model": "minecraft:item/broken_elytra/60"}},
        {"threshold": 1061,"model": {"type": "minecraft:model","model": "minecraft:item/broken_elytra/61"}},
        {"threshold": 1062,"model": {"type": "minecraft:model","model": "minecraft:item/broken_elytra/62"}},
        {"threshold": 1063,"model": {"type": "minecraft:model","model": "minecraft:item/broken_elytra/63"}},
        {"threshold": 1064,"model": {"type": "minecraft:model","model": "minecraft:item/broken_elytra/64"}},
        {"threshold": 1065,"model": {"type": "minecraft:model","model": "minecraft:item/broken_elytra/65"}},
        {"threshold": 1066,"model": {"type": "minecraft:model","model": "minecraft:item/broken_elytra/66"}},
        {"threshold": 1067,"model": {"type": "minecraft:model","model": "minecraft:item/broken_elytra/67"}},
        {"threshold": 1068,"model": {"type": "minecraft:model","model": "minecraft:item/broken_elytra/68"}},
        {"threshold": 1069,"model": {"type": "minecraft:model","model": "minecraft:item/broken_elytra/69"}},
        {"threshold": 1070,"model": {"type": "minecraft:model","model": "minecraft:item/broken_elytra/70"}},
        {"threshold": 1071,"model": {"type": "minecraft:model","model": "minecraft:item/broken_elytra/71"}},
        {"threshold": 1072,"model": {"type": "minecraft:model","model": "minecraft:item/broken_elytra/72"}},
        {"threshold": 1073,"model": {"type": "minecraft:model","model": "minecraft:item/broken_elytra/73"}},
        {"threshold": 1074,"model": {"type": "minecraft:model","model": "minecraft:item/broken_elytra/74"}},
        {"threshold": 1075,"model": {"type": "minecraft:model","model": "minecraft:item/broken_elytra/75"}},
        {"threshold": 1076,"model": {"type": "minecraft:model","model": "minecraft:item/broken_elytra/76"}},
        {"threshold": 1077,"model": {"type": "minecraft:model","model": "minecraft:item/broken_elytra/77"}},
        {"threshold": 1078,"model": {"type": "minecraft:model","model": "minecraft:item/broken_elytra/78"}},
        {"threshold": 1079,"model": {"type": "minecraft:model","model": "minecraft:item/broken_elytra/79"}},
        {"threshold": 1080,"model": {"type": "minecraft:model","model": "minecraft:item/broken_elytra/80"}}
      ],
      "fallback": {
        "type": "minecraft:model",
        "model": "minecraft:item/elytra_broken"
      }
    },
    "property": "minecraft:broken"
  }
}