{
  "model": {
    "type": "minecraft:condition",
    "property": "minecraft:fishing_rod/cast",
    "on_false": {
      "type": "minecraft:range_dispatch",
      "property": "minecraft:custom_model_data",
      "index": 0,
      "entries": [
        {
          "threshold": 1001,
          "model": {
            "type": "minecraft:model",
            "model": "minecraft:item/fishing_rod/steel_rod"
          }
        },
        {
          "threshold": 1002,
          "model": {
            "type": "minecraft:model",
            "model": "minecraft:item/fishing_rod/ultimate_fishing_rod"
          }
        },
        {
          "threshold": 1003,
          "model": {
            "type": "minecraft:model",
            "model": "minecraft:item/fishing_rod/sea_rod"
          }
        },
        {
          "threshold": 1004,
          "model": {
            "type": "minecraft:model",
            "model": "minecraft:item/fishing_rod/soul_rod"
          }
        },
        {
          "threshold": 1005,
          "model": {
            "type": "minecraft:model",
            "model": "minecraft:item/fishing_rod/folas_rod"
          }
        },
        {
          "threshold": 1006,
          "model": {
            "type": "minecraft:model",
            "model": "minecraft:item/fishing_rod/skeletal_rod"
          }
        },
        {
          "threshold": 1007,
          "model": {
            "type": "minecraft:model",
            "model": "minecraft:item/fishing_rod/matrix_rod"
          }
        },
        {
          "threshold": 1008,
          "model": {
            "type": "minecraft:model",
            "model": "minecraft:item/fishing_rod/rotten_rod"
          }
        },
        {
          "threshold": 1009,
          "model": {
            "type": "minecraft:model",
            "model": "minecraft:item/fishing_rod/frosted_rod"
          }
        },
        {
          "threshold": 1010,
          "model": {
            "type": "minecraft:model",
            "model": "minecraft:item/fishing_rod/eye_of_fishing"
          }
        },
        {
          "threshold": 1011,
          "model": {
            "type": "minecraft:model",
            "model": "minecraft:item/fishing_rod/diamond_reinforced_rod"
          }
        },
        {
          "threshold": 1012,
          "model": {
            "type": "minecraft:model",
            "model": "minecraft:item/fishing_rod/blaze_rod1"
          }
        },
        {
          "threshold": 1013,
          "model": {
            "type": "minecraft:model",
            "model": "minecraft:item/fishing_rod/celestial_rod"
          }
        }
      ],
      "fallback": {
        "type": "minecraft:model",
        "model": "minecraft:item/fishing_rod"
      }
    },
    "on_true": {
      "type": "minecraft:range_dispatch",
      "property": "minecraft:custom_model_data",
      "index": 0,
      "entries": [
        {
          "threshold": 1001,
          "model": {
            "type": "minecraft:model",
            "model": "minecraft:item/fishing_rod/steel_rod_cast"
          }
        },
        {
          "threshold": 1002,
          "model": {
            "type": "minecraft:model",
            "model": "minecraft:item/fishing_rod/ultimate_fishing_rod_cast"
          }
        },
        {
          "threshold": 1003,
          "model": {
            "type": "minecraft:model",
            "model": "minecraft:item/fishing_rod/sea_rod_cast"
          }
        },
        {
          "threshold": 1004,
          "model": {
            "type": "minecraft:model",
            "model": "minecraft:item/fishing_rod/soul_rod_cast"
          }
        },
        {
          "threshold": 1005,
          "model": {
            "type": "minecraft:model",
            "model": "minecraft:item/fishing_rod/folas_rod_cast"
          }
        },
        {
          "threshold": 1006,
          "model": {
            "type": "minecraft:model",
            "model": "minecraft:item/fishing_rod/skeletal_rod_cast"
          }
        },
        {
          "threshold": 1007,
          "model": {
            "type": "minecraft:model",
            "model": "minecraft:item/fishing_rod/matrix_rod_cast"
          }
        },
        {
          "threshold": 1008,
          "model": {
            "type": "minecraft:model",
            "model": "minecraft:item/fishing_rod/rotten_rod_cast"
          }
        },
        {
          "threshold": 1009,
          "model": {
            "type": "minecraft:model",
            "model": "minecraft:item/fishing_rod/frosted_rod_cast"
          }
        },
        {
          "threshold": 1010,
          "model": {
            "type": "minecraft:model",
            "model": "minecraft:item/fishing_rod/eye_of_fishing_cast"
          }
        },
        {
          "threshold": 1011,
          "model": {
            "type": "minecraft:model",
            "model": "minecraft:item/fishing_rod/diamond_reinforced_rod_cast"
          }
        },
        {
          "threshold": 1012,
          "model": {
            "type": "minecraft:model",
            "model": "minecraft:item/fishing_rod/blaze_rod_cast1"
          }
        },
        {
          "threshold": 1013,
          "model": {
            "type": "minecraft:model",
            "model": "minecraft:item/fishing_rod/celestial_rod_cast"
          }
        }
      ],
      "fallback": {
        "type": "minecraft:model",
        "model": "minecraft:item/fishing_rod_cast"
      }
    }
  }
}