{
  "model": {
    "type": "minecraft:range_dispatch",
    "property": "minecraft:custom_model_data",
    "index": 0,
    "fallback": {
      "type": "minecraft:model",
      "model": "minecraft:item/golden_sword"
    },
    "entries": [
        {"threshold": 1001, "model": {"type": "minecraft:model","model": "minecraft:item/golden_sword/grave_bane"}},
        {"threshold": 1002, "model": {"type": "minecraft:model","model": "minecraft:item/golden_sword/open_spot"}},
        {"threshold": 1003, "model": {"type": "minecraft:model","model": "minecraft:item/golden_sword/open_spot"}},
        {"threshold": 1013, "model": {"type": "minecraft:model","model": "minecraft:item/golden_sword/3dgolden_sword"}}
    ]
  }
}