{
  "model": {
    "type": "minecraft:range_dispatch",
    "property": "minecraft:custom_model_data",
    "index": 0,
    "fallback": {
      "type": "minecraft:model",
      "model": "minecraft:item/iron_pickaxe"
    },
    "entries": [
        {"threshold": 1001, "model": {"type": "minecraft:model","model": "minecraft:item/iron_pickaxe"}},
        {"threshold": 1002, "model": {"type": "minecraft:model","model": "minecraft:item/iron_pickaxe"}},
        {"threshold": 1003, "model": {"type": "minecraft:model","model": "minecraft:item/iron_pickaxe"}}
    ]
  }
}