{
  "model": {
    "type": "minecraft:range_dispatch",
    "property": "minecraft:custom_model_data",
    "index": 0,
    "fallback": {
      "type": "minecraft:model",
      "model": "minecraft:item/iron_sword"
    },
    "entries": [
      {
        "model": {
          "type": "minecraft:model",
          "model": "minecraft:item/iron_sword/growing_staff"
        },
        "threshold": 1001
      },
      {
        "model": {
          "type": "minecraft:model",
          "model": "minecraft:item/iron_sword/broken_sawblade"
        },
        "threshold": 1002
      },
      {
        "model": {
          "type": "minecraft:model",
          "model": "minecraft:item/iron_sword/bloody_vengeance"
        },
        "threshold": 1003
      },
      {
        "model": {
          "type": "minecraft:model",
          "model": "minecraft:item/iron_sword/wide_handle_blade"
        },
        "threshold": 1004
      },
      {
        "model": {
          "type": "minecraft:model",
          "model": "minecraft:item/iron_sword/3diron_sword"
        },
        "threshold": 1013
      }
    ]
  }
}