{
  "model": {
    "type": "minecraft:range_dispatch",
    "property": "minecraft:custom_model_data",
    "index": 0,
    "fallback": {
      "type": "minecraft:model",
      "model": "minecraft:item/netherite_hoe"
    },
    "entries": [
      {"model": {"type": "minecraft:model","model": "minecraft:item/diamond_hoe/amethyst_hoe"},"threshold": 1001},
      {"model": {"type": "minecraft:model","model": "minecraft:item/diamond_hoe/blaze_hoe"},"threshold": 1002},
      {"model": {"type": "minecraft:model","model": "minecraft:item/diamond_hoe/bone_hoe"},"threshold": 1003},
      {"model": {"type": "minecraft:model","model": "minecraft:item/diamond_hoe/ender_hoe"},"threshold": 1004},
      {"model": {"type": "minecraft:model","model": "minecraft:item/diamond_hoe/hoe_of_honour"},"threshold": 1005},
      {"model": {"type": "minecraft:model","model": "minecraft:item/diamond_hoe/honey_hoe"},"threshold": 1006},
      {"model": {"type": "minecraft:model","model": "minecraft:item/diamond_hoe/ice_hoe"},"threshold": 1007},
      {"model": {"type": "minecraft:model","model": "minecraft:item/diamond_hoe/minty_hoe"},"threshold": 1008},
      {"model": {"type": "minecraft:model","model": "minecraft:item/diamond_hoe/overgrown_hoe"},"threshold": 1009},
      {"model": {"type": "minecraft:model","model": "minecraft:item/diamond_hoe/ruby_hoe"},"threshold": 1010},
      {"model": {"type": "minecraft:model","model": "minecraft:item/diamond_hoe/sculk_hoe"},"threshold": 1011},
      {"model": {"type": "minecraft:model","model": "minecraft:item/diamond_hoe/skull_hoe"},"threshold": 1012},
      {"model": {"type": "minecraft:model","model": "minecraft:item/diamond_hoe/brass_hoe"},"threshold": 1013},
      {"model": {"type": "minecraft:model","model": "minecraft:item/diamond_hoe/bronze_hoe"},"threshold": 1014},
      {"model": {"type": "minecraft:model","model": "minecraft:item/diamond_hoe/copper_hoe"},"threshold": 1015},
      {"model": {"type": "minecraft:model","model": "minecraft:item/diamond_hoe/emerald_hoe"},"threshold": 1016},
      {"model": {"type": "minecraft:model","model": "minecraft:item/diamond_hoe/lapis_hoe"},"threshold": 1017},
      {"model": {"type": "minecraft:model","model": "minecraft:item/diamond_hoe/obsidian_hoe"},"threshold": 1018}
    ]
  }
}