{
  "model": {
    "type": "minecraft:range_dispatch",
    "property": "minecraft:custom_model_data",
    "index": 0,
    "fallback": {
      "type": "minecraft:model",
      "model": "minecraft:item/netherite_shovel"
    },
    "entries": [
      {"model": {"type": "minecraft:model","model": "minecraft:item/diamond_shovel/amethyst_shovel"},"threshold": 1001},
      {"model": {"type": "minecraft:model","model": "minecraft:item/diamond_shovel/blaze_shovel"},"threshold": 1002},
      {"model": {"type": "minecraft:model","model": "minecraft:item/diamond_shovel/bone_shovel"},"threshold": 1003},
      {"model": {"type": "minecraft:model","model": "minecraft:item/diamond_shovel/ender_shovel"},"threshold": 1004},
      {"model": {"type": "minecraft:model","model": "minecraft:item/diamond_shovel/shovel_of_honour"},"threshold": 1005},
      {"model": {"type": "minecraft:model","model": "minecraft:item/diamond_shovel/honey_shovel"},"threshold": 1006},
      {"model": {"type": "minecraft:model","model": "minecraft:item/diamond_shovel/ice_shovel"},"threshold": 1007},
      {"model": {"type": "minecraft:model","model": "minecraft:item/diamond_shovel/minty_shovel"},"threshold": 1008},
      {"model": {"type": "minecraft:model","model": "minecraft:item/diamond_shovel/overgrown_shovel"},"threshold": 1009},
      {"model": {"type": "minecraft:model","model": "minecraft:item/diamond_shovel/ruby_shovel"},"threshold": 1010},
      {"model": {"type": "minecraft:model","model": "minecraft:item/diamond_shovel/sculk_shovel"},"threshold": 1011},
      {"model": {"type": "minecraft:model","model": "minecraft:item/diamond_shovel/skull_shovel"},"threshold": 1012},
      {"model": {"type": "minecraft:model","model": "minecraft:item/diamond_shovel/brass_shovel"},"threshold": 1013},
      {"model": {"type": "minecraft:model","model": "minecraft:item/diamond_shovel/bronze_shovel"},"threshold": 1014},
      {"model": {"type": "minecraft:model","model": "minecraft:item/diamond_shovel/copper_shovel"},"threshold": 1015},
      {"model": {"type": "minecraft:model","model": "minecraft:item/diamond_shovel/emerald_shovel"},"threshold": 1016},
      {"model": {"type": "minecraft:model","model": "minecraft:item/diamond_shovel/lapis_shovel"},"threshold": 1017},
      {"model": {"type": "minecraft:model","model": "minecraft:item/diamond_shovel/obsidian_shovel"},"threshold": 1018}
    ]
  }
}