{
  "model": {
    "type": "minecraft:range_dispatch",
    "property": "minecraft:custom_model_data",
    "index": 0,
    "fallback": {
      "type": "minecraft:model",
      "model": "minecraft:item/poisonous_potato"
    },
    "entries": [
      {"model": {"type": "minecraft:model","model": "minecraft:item/poisonous_potato/cheese_religion"},"threshold": 1001},
      {"model": {"type": "minecraft:model","model": "minecraft:item/poisonous_potato/gold_coin"},"threshold": 1002},
      {"model": {"type": "minecraft:model","model": "minecraft:item/poisonous_potato/iron_coin"},"threshold": 1003},
      {"model": {"type": "minecraft:model","model": "minecraft:item/poisonous_potato/coin"},"threshold": 1004},
      {"model": {"type": "minecraft:model","model": "minecraft:item/poisonous_potato/atium_coin"},"threshold": 1005},
      {"model": {"type": "minecraft:model","model": "minecraft:item/poisonous_potato/brass_coin"},"threshold": 1006},
      {"model": {"type": "minecraft:model","model": "minecraft:item/poisonous_potato/copper_coin"},"threshold": 1007},
      {"model": {"type": "minecraft:model","model": "minecraft:item/poisonous_potato/lerasium_coin"},"threshold": 1008},
      {"model": {"type": "minecraft:model","model": "minecraft:item/poisonous_potato/nickel_coin"},"threshold": 1009},
      {"model": {"type": "minecraft:model","model": "minecraft:item/poisonous_potato/silver_coin"},"threshold": 1010},
      {"model": {"type": "minecraft:model","model": "minecraft:item/poisonous_potato/zinc_coin"},"threshold": 1011},
      {"model": {"type": "minecraft:model","model": "minecraft:item/poisonous_potato/meta"},"threshold": 1012}
    ]
  }
}