{
  "model": {
    "type": "minecraft:range_dispatch",
    "property": "minecraft:custom_model_data",
    "index": 0,
    "fallback": {
      "type": "minecraft:model",
      "model": "minecraft:item/poisonous_potato"
    },
    "entries": [
        {"threshold": 1001, "model": {"type": "minecraft:model", "model": "minecraft:item/poisonous_potato/cheese_religion"}},
        {"threshold": 1002, "model": {"type": "minecraft:model", "model": "minecraft:item/poisonous_potato/coins/gold_coin"}},
        {"threshold": 1003, "model": {"type": "minecraft:model", "model": "minecraft:item/poisonous_potato/coins/iron_coin"}},
        {"threshold": 1004, "model": {"type": "minecraft:model", "model": "minecraft:item/poisonous_potato/coins/coin"}},
        {"threshold": 1005, "model": {"type": "minecraft:model", "model": "minecraft:item/poisonous_potato/coins/atium_coin"}},
        {"threshold": 1006, "model": {"type": "minecraft:model", "model": "minecraft:item/poisonous_potato/coins/brass_coin"}},
        {"threshold": 1007, "model": {"type": "minecraft:model", "model": "minecraft:item/poisonous_potato/coins/copper_coin"}},
        {"threshold": 1008, "model": {"type": "minecraft:model", "model": "minecraft:item/poisonous_potato/coins/lerasium_coin"}},
        {"threshold": 1009, "model": {"type": "minecraft:model", "model": "minecraft:item/poisonous_potato/coins/nickel_coin"}},
        {"threshold": 1010, "model": {"type": "minecraft:model", "model": "minecraft:item/poisonous_potato/coins/silver_coin"}},
        {"threshold": 1011, "model": {"type": "minecraft:model", "model": "minecraft:item/poisonous_potato/coins/zinc_coin"}},
        {"threshold": 1012, "model": {"type": "minecraft:model", "model": "minecraft:item/poisonous_potato/meta"}},
        {"threshold": 1013, "model": {"type": "minecraft:model", "model": "minecraft:item/poisonous_potato/plushies/neutral/cave_spider"}},
        {"threshold": 1014, "model": {"type": "minecraft:model", "model": "minecraft:item/poisonous_potato/plushies/neutral/spider"}},
        {"threshold": 1015, "model": {"type": "minecraft:model", "model": "minecraft:item/poisonous_potato/plushies/neutral/piglin"}},
        {"threshold": 1016, "model": {"type": "minecraft:model", "model": "minecraft:item/poisonous_potato/plushies/neutral/zom_piglin"}},
        {"threshold": 1017, "model": {"type": "minecraft:model", "model": "minecraft:item/poisonous_potato/plushies/neutral/enderman"}},
        {"threshold": 1018, "model": {"type": "minecraft:model", "model": "minecraft:item/poisonous_potato/plushies/hostile/zombie"}},
        {"threshold": 1019, "model": {"type": "minecraft:model", "model": "minecraft:item/poisonous_potato/plushies/hostile/taiga_zombie_villager"}},
        {"threshold": 1020, "model": {"type": "minecraft:model", "model": "minecraft:item/poisonous_potato/plushies/hostile/snow_zombie_villager"}},
        {"threshold": 1021, "model": {"type": "minecraft:model", "model": "minecraft:item/poisonous_potato/plushies/hostile/savanna_zombie_villager"}},
        {"threshold": 1022, "model": {"type": "minecraft:model", "model": "minecraft:item/poisonous_potato/plushies/hostile/plains_zombie_villager"}},
        {"threshold": 1023, "model": {"type": "minecraft:model", "model": "minecraft:item/poisonous_potato/plushies/hostile/jungle_zombie_villager"}},
        {"threshold": 1024, "model": {"type": "minecraft:model", "model": "minecraft:item/poisonous_potato/plushies/hostile/desert_zombie_villager"}},
        {"threshold": 1025, "model": {"type": "minecraft:model", "model": "minecraft:item/poisonous_potato/plushies/hostile/swamp_zombie_villager"}},
        {"threshold": 1026, "model": {"type": "minecraft:model", "model": "minecraft:item/poisonous_potato/plushies/hostile/drowned"}},
        {"threshold": 1027, "model": {"type": "minecraft:model", "model": "minecraft:item/poisonous_potato/plushies/hostile/husk"}},
        {"threshold": 1028, "model": {"type": "minecraft:model", "model": "minecraft:item/poisonous_potato/plushies/hostile/small_slime"}},
        {"threshold": 1029, "model": {"type": "minecraft:model", "model": "minecraft:item/poisonous_potato/plushies/hostile/medium_slime"}},
        {"threshold": 1030, "model": {"type": "minecraft:model", "model": "minecraft:item/poisonous_potato/plushies/hostile/large_slime"}},
        {"threshold": 1031, "model": {"type": "minecraft:model", "model": "minecraft:item/poisonous_potato/plushies/hostile/small_magma_cube"}},
        {"threshold": 1032, "model": {"type": "minecraft:model", "model": "minecraft:item/poisonous_potato/plushies/hostile/medium_magma_cube"}},
        {"threshold": 1033, "model": {"type": "minecraft:model", "model": "minecraft:item/poisonous_potato/plushies/hostile/large_magma_cube"}},
        {"threshold": 1034, "model": {"type": "minecraft:model", "model": "minecraft:item/poisonous_potato/plushies/hostile/elder_guardian"}},
        {"threshold": 1035, "model": {"type": "minecraft:model", "model": "minecraft:item/poisonous_potato/plushies/hostile/guardian"}},
        {"threshold": 1036, "model": {"type": "minecraft:model", "model": "minecraft:item/poisonous_potato/plushies/hostile/evoker"}},
        {"threshold": 1037, "model": {"type": "minecraft:model", "model": "minecraft:item/poisonous_potato/plushies/hostile/pillager"}},
        {"threshold": 1038, "model": {"type": "minecraft:model", "model": "minecraft:item/poisonous_potato/plushies/hostile/ravager"}},
        {"threshold": 1039, "model": {"type": "minecraft:model", "model": "minecraft:item/poisonous_potato/plushies/hostile/vex"}},
        {"threshold": 1040, "model": {"type": "minecraft:model", "model": "minecraft:item/poisonous_potato/plushies/hostile/vindicator"}},
        {"threshold": 1041, "model": {"type": "minecraft:model", "model": "minecraft:item/poisonous_potato/plushies/hostile/blaze"}},
        {"threshold": 1042, "model": {"type": "minecraft:model", "model": "minecraft:item/poisonous_potato/plushies/hostile/bogged"}},
        {"threshold": 1043, "model": {"type": "minecraft:model", "model": "minecraft:item/poisonous_potato/plushies/hostile/breeze"}},
        {"threshold": 1044, "model": {"type": "minecraft:model", "model": "minecraft:item/poisonous_potato/plushies/hostile/creeper"}},
        {"threshold": 1045, "model": {"type": "minecraft:model", "model": "minecraft:item/poisonous_potato/plushies/hostile/endermite"}},
        {"threshold": 1046, "model": {"type": "minecraft:model", "model": "minecraft:item/poisonous_potato/plushies/hostile/ghast"}},
        {"threshold": 1047, "model": {"type": "minecraft:model", "model": "minecraft:item/poisonous_potato/plushies/hostile/hoglin"}},
        {"threshold": 1048, "model": {"type": "minecraft:model", "model": "minecraft:item/poisonous_potato/plushies/hostile/phantom"}},
        {"threshold": 1049, "model": {"type": "minecraft:model", "model": "minecraft:item/poisonous_potato/plushies/hostile/piglin_brute"}},
        {"threshold": 1050, "model": {"type": "minecraft:model", "model": "minecraft:item/poisonous_potato/plushies/hostile/shulker"}},
        {"threshold": 1051, "model": {"type": "minecraft:model", "model": "minecraft:item/poisonous_potato/plushies/hostile/silverfish"}},
        {"threshold": 1052, "model": {"type": "minecraft:model", "model": "minecraft:item/poisonous_potato/plushies/hostile/skeleton"}},
        {"threshold": 1053, "model": {"type": "minecraft:model", "model": "minecraft:item/poisonous_potato/plushies/hostile/stray"}},
        {"threshold": 1054, "model": {"type": "minecraft:model", "model": "minecraft:item/poisonous_potato/plushies/hostile/creaking"}},
        {"threshold": 1055, "model": {"type": "minecraft:model", "model": "minecraft:item/poisonous_potato/plushies/hostile/warden"}},
        {"threshold": 1056, "model": {"type": "minecraft:model", "model": "minecraft:item/poisonous_potato/plushies/hostile/witch"}},
        {"threshold": 1057, "model": {"type": "minecraft:model", "model": "minecraft:item/poisonous_potato/plushies/hostile/wither_skeleton"}},
        {"threshold": 1058, "model": {"type": "minecraft:model", "model": "minecraft:item/poisonous_potato/plushies/hostile/zoglin"}},
        {"threshold": 1059, "model": {"type": "minecraft:model", "model": "minecraft:item/poisonous_potato/plushies/easter_egg/entity303"}},
        {"threshold": 1060, "model": {"type": "minecraft:model", "model": "minecraft:item/poisonous_potato/plushies/easter_egg/herobrine"}},
        {"threshold": 1061, "model": {"type": "minecraft:model", "model": "minecraft:item/poisonous_potato/plushies/easter_egg/jack-o-skeleton"}},
        {"threshold": 1062, "model": {"type": "minecraft:model", "model": "minecraft:item/poisonous_potato/plushies/easter_egg/jack-o-zombie"}},
        {"threshold": 1063, "model": {"type": "minecraft:model", "model": "minecraft:item/poisonous_potato/plushies/easter_egg/poisonous_potato_zombie"}},
        {"threshold": 1064, "model": {"type": "minecraft:model", "model": "minecraft:item/poisonous_potato/plushies/open_spot"}},
        {"threshold": 1065, "model": {"type": "minecraft:model", "model": "minecraft:item/poisonous_potato/cards/allay"}},
        {"threshold": 1066, "model": {"type": "minecraft:model", "model": "minecraft:item/poisonous_potato/cards/axolotl_blue"}},
        {"threshold": 1067, "model": {"type": "minecraft:model", "model": "minecraft:item/poisonous_potato/cards/axolotl_cyan"}},
        {"threshold": 1068, "model": {"type": "minecraft:model", "model": "minecraft:item/poisonous_potato/cards/axolotl_gold"}},
        {"threshold": 1069, "model": {"type": "minecraft:model", "model": "minecraft:item/poisonous_potato/cards/axolotl_leucistic"}},
        {"threshold": 1070, "model": {"type": "minecraft:model", "model": "minecraft:item/poisonous_potato/cards/axolotl_wild"}},
        {"threshold": 1071, "model": {"type": "minecraft:model", "model": "minecraft:item/poisonous_potato/cards/bat"}},
        {"threshold": 1072, "model": {"type": "minecraft:model", "model": "minecraft:item/poisonous_potato/cards/bee"}},
        {"threshold": 1073, "model": {"type": "minecraft:model", "model": "minecraft:item/poisonous_potato/cards/blaze"}},
        {"threshold": 1074, "model": {"type": "minecraft:model", "model": "minecraft:item/poisonous_potato/cards/cake"}},
        {"threshold": 1075, "model": {"type": "minecraft:model", "model": "minecraft:item/poisonous_potato/cards/cat_all_black"}},
        {"threshold": 1076, "model": {"type": "minecraft:model", "model": "minecraft:item/poisonous_potato/cards/cat_black"}},
        {"threshold": 1077, "model": {"type": "minecraft:model", "model": "minecraft:item/poisonous_potato/cards/cat_british_shorthair"}},
        {"threshold": 1078, "model": {"type": "minecraft:model", "model": "minecraft:item/poisonous_potato/cards/cat_calico"}},
        {"threshold": 1079, "model": {"type": "minecraft:model", "model": "minecraft:item/poisonous_potato/cards/cat_jellie"}},
        {"threshold": 1080, "model": {"type": "minecraft:model", "model": "minecraft:item/poisonous_potato/cards/cat_ocelot"}},
        {"threshold": 1081, "model": {"type": "minecraft:model", "model": "minecraft:item/poisonous_potato/cards/cat_persian"}},
        {"threshold": 1082, "model": {"type": "minecraft:model", "model": "minecraft:item/poisonous_potato/cards/cat_ragdoll"}},
        {"threshold": 1083, "model": {"type": "minecraft:model", "model": "minecraft:item/poisonous_potato/cards/cat_red"}},
        {"threshold": 1084, "model": {"type": "minecraft:model", "model": "minecraft:item/poisonous_potato/cards/cat_siamese"}},
        {"threshold": 1085, "model": {"type": "minecraft:model", "model": "minecraft:item/poisonous_potato/cards/cat_tabby"}},
        {"threshold": 1086, "model": {"type": "minecraft:model", "model": "minecraft:item/poisonous_potato/cards/cat_white"}},
        {"threshold": 1087, "model": {"type": "minecraft:model", "model": "minecraft:item/poisonous_potato/cards/cave_spider"}},
        {"threshold": 1088, "model": {"type": "minecraft:model", "model": "minecraft:item/poisonous_potato/cards/chicken"}},
        {"threshold": 1089, "model": {"type": "minecraft:model", "model": "minecraft:item/poisonous_potato/cards/chicken_jockey"}},
        {"threshold": 1090, "model": {"type": "minecraft:model", "model": "minecraft:item/poisonous_potato/cards/christmas_chest_lg"}},
        {"threshold": 1091, "model": {"type": "minecraft:model", "model": "minecraft:item/poisonous_potato/cards/christmas_chest_sm"}},
        {"threshold": 1092, "model": {"type": "minecraft:model", "model": "minecraft:item/poisonous_potato/cards/cobweb"}},
        {"threshold": 1093, "model": {"type": "minecraft:model", "model": "minecraft:item/poisonous_potato/cards/cod"}},
        {"threshold": 1094, "model": {"type": "minecraft:model", "model": "minecraft:item/poisonous_potato/cards/cow"}},
        {"threshold": 1095, "model": {"type": "minecraft:model", "model": "minecraft:item/poisonous_potato/cards/creeper"}},
        {"threshold": 1096, "model": {"type": "minecraft:model", "model": "minecraft:item/poisonous_potato/cards/diamond"}},
        {"threshold": 1097, "model": {"type": "minecraft:model", "model": "minecraft:item/poisonous_potato/cards/dolphin"}},
        {"threshold": 1098, "model": {"type": "minecraft:model", "model": "minecraft:item/poisonous_potato/cards/donkey"}},
        {"threshold": 1099, "model": {"type": "minecraft:model", "model": "minecraft:item/poisonous_potato/cards/dragon"}},
        {"threshold": 1100, "model": {"type": "minecraft:model", "model": "minecraft:item/poisonous_potato/cards/drowned"}},
        {"threshold": 1101, "model": {"type": "minecraft:model", "model": "minecraft:item/poisonous_potato/cards/enderman"}},
        {"threshold": 1102, "model": {"type": "minecraft:model", "model": "minecraft:item/poisonous_potato/cards/endermite"}},
        {"threshold": 1103, "model": {"type": "minecraft:model", "model": "minecraft:item/poisonous_potato/cards/evoker"}},
        {"threshold": 1104, "model": {"type": "minecraft:model", "model": "minecraft:item/poisonous_potato/cards/firework"}},
        {"threshold": 1105, "model": {"type": "minecraft:model", "model": "minecraft:item/poisonous_potato/cards/fox_red"}},
        {"threshold": 1106, "model": {"type": "minecraft:model", "model": "minecraft:item/poisonous_potato/cards/fox_snow"}},
        {"threshold": 1107, "model": {"type": "minecraft:model", "model": "minecraft:item/poisonous_potato/cards/ghast"}},
        {"threshold": 1108, "model": {"type": "minecraft:model", "model": "minecraft:item/poisonous_potato/cards/giant"}},
        {"threshold": 1109, "model": {"type": "minecraft:model", "model": "minecraft:item/poisonous_potato/cards/glow_squid"}},
        {"threshold": 1110, "model": {"type": "minecraft:model", "model": "minecraft:item/poisonous_potato/cards/goat"}},
        {"threshold": 1111, "model": {"type": "minecraft:model", "model": "minecraft:item/poisonous_potato/cards/goat_horn"}},
        {"threshold": 1112, "model": {"type": "minecraft:model", "model": "minecraft:item/poisonous_potato/cards/guardian"}},
        {"threshold": 1113, "model": {"type": "minecraft:model", "model": "minecraft:item/poisonous_potato/cards/guardian_elder"}},
        {"threshold": 1114, "model": {"type": "minecraft:model", "model": "minecraft:item/poisonous_potato/cards/hoglin"}},
        {"threshold": 1115, "model": {"type": "minecraft:model", "model": "minecraft:item/poisonous_potato/cards/horse_black"}},
        {"threshold": 1116, "model": {"type": "minecraft:model", "model": "minecraft:item/poisonous_potato/cards/horse_brown"}},
        {"threshold": 1117, "model": {"type": "minecraft:model", "model": "minecraft:item/poisonous_potato/cards/horse_chestnut"}},
        {"threshold": 1118, "model": {"type": "minecraft:model", "model": "minecraft:item/poisonous_potato/cards/horse_creamy"}},
        {"threshold": 1119, "model": {"type": "minecraft:model", "model": "minecraft:item/poisonous_potato/cards/horse_darkbrown"}},
        {"threshold": 1120, "model": {"type": "minecraft:model", "model": "minecraft:item/poisonous_potato/cards/horse_gray"}},
        {"threshold": 1121, "model": {"type": "minecraft:model", "model": "minecraft:item/poisonous_potato/cards/horse_skeleton"}},
        {"threshold": 1122, "model": {"type": "minecraft:model", "model": "minecraft:item/poisonous_potato/cards/horse_white"}},
        {"threshold": 1123, "model": {"type": "minecraft:model", "model": "minecraft:item/poisonous_potato/cards/horse_zombie"}},
        {"threshold": 1124, "model": {"type": "minecraft:model", "model": "minecraft:item/poisonous_potato/cards/husk"}},
        {"threshold": 1125, "model": {"type": "minecraft:model", "model": "minecraft:item/poisonous_potato/cards/illusioner"}},
        {"threshold": 1126, "model": {"type": "minecraft:model", "model": "minecraft:item/poisonous_potato/cards/iron_golem"}},
        {"threshold": 1127, "model": {"type": "minecraft:model", "model": "minecraft:item/poisonous_potato/cards/jackolantern"}},
        {"threshold": 1128, "model": {"type": "minecraft:model", "model": "minecraft:item/poisonous_potato/cards/llama_brown"}},
        {"threshold": 1129, "model": {"type": "minecraft:model", "model": "minecraft:item/poisonous_potato/cards/llama_creamy"}},
        {"threshold": 1130, "model": {"type": "minecraft:model", "model": "minecraft:item/poisonous_potato/cards/llama_gray"}},
        {"threshold": 1131, "model": {"type": "minecraft:model", "model": "minecraft:item/poisonous_potato/cards/llama_white"}},
        {"threshold": 1132, "model": {"type": "minecraft:model", "model": "minecraft:item/poisonous_potato/cards/magma_cube"}},
        {"threshold": 1133, "model": {"type": "minecraft:model", "model": "minecraft:item/poisonous_potato/cards/mooshroom_brown"}},
        {"threshold": 1134, "model": {"type": "minecraft:model", "model": "minecraft:item/poisonous_potato/cards/mooshroom_red"}},
        {"threshold": 1135, "model": {"type": "minecraft:model", "model": "minecraft:item/poisonous_potato/cards/mule"}},
        {"threshold": 1136, "model": {"type": "minecraft:model", "model": "minecraft:item/poisonous_potato/cards/panda"}},
        {"threshold": 1137, "model": {"type": "minecraft:model", "model": "minecraft:item/poisonous_potato/cards/panda_aggressive"}},
        {"threshold": 1138, "model": {"type": "minecraft:model", "model": "minecraft:item/poisonous_potato/cards/panda_lazy"}},
        {"threshold": 1139, "model": {"type": "minecraft:model", "model": "minecraft:item/poisonous_potato/cards/panda_playful"}},
        {"threshold": 1140, "model": {"type": "minecraft:model", "model": "minecraft:item/poisonous_potato/cards/panda_weak"}},
        {"threshold": 1141, "model": {"type": "minecraft:model", "model": "minecraft:item/poisonous_potato/cards/panda_worried"}},
        {"threshold": 1142, "model": {"type": "minecraft:model", "model": "minecraft:item/poisonous_potato/cards/parrot_blue"}},
        {"threshold": 1143, "model": {"type": "minecraft:model", "model": "minecraft:item/poisonous_potato/cards/parrot_cyan"}},
        {"threshold": 1144, "model": {"type": "minecraft:model", "model": "minecraft:item/poisonous_potato/cards/parrot_gray"}},
        {"threshold": 1145, "model": {"type": "minecraft:model", "model": "minecraft:item/poisonous_potato/cards/parrot_green"}},
        {"threshold": 1146, "model": {"type": "minecraft:model", "model": "minecraft:item/poisonous_potato/cards/parrot_red"}},
        {"threshold": 1147, "model": {"type": "minecraft:model", "model": "minecraft:item/poisonous_potato/cards/parrotsandbats"}},
        {"threshold": 1148, "model": {"type": "minecraft:model", "model": "minecraft:item/poisonous_potato/cards/pig"}},
        {"threshold": 1149, "model": {"type": "minecraft:model", "model": "minecraft:item/poisonous_potato/cards/piglin"}},
        {"threshold": 1150, "model": {"type": "minecraft:model", "model": "minecraft:item/poisonous_potato/cards/piglin_brute"}},
        {"threshold": 1151, "model": {"type": "minecraft:model","model": "minecraft:item/poisonous_potato/cards/piglin_zombified"}},
        {"threshold": 1152, "model": {"type": "minecraft:model","model": "minecraft:item/poisonous_potato/cards/pillager"}},
        {"threshold": 1153, "model": {"type": "minecraft:model","model": "minecraft:item/poisonous_potato/cards/polar_bear"}},
        {"threshold": 1154, "model": {"type": "minecraft:model","model": "minecraft:item/poisonous_potato/cards/pufferfish"}},
        {"threshold": 1155, "model": {"type": "minecraft:model","model": "minecraft:item/poisonous_potato/cards/rabbit_black"}},
        {"threshold": 1156, "model": {"type": "minecraft:model","model": "minecraft:item/poisonous_potato/cards/rabbit_brown"}},
        {"threshold": 1157, "model": {"type": "minecraft:model","model": "minecraft:item/poisonous_potato/cards/rabbit_caerbannog"}},
        {"threshold": 1158, "model": {"type": "minecraft:model","model": "minecraft:item/poisonous_potato/cards/rabbit_gold"}},
        {"threshold": 1159, "model": {"type": "minecraft:model","model": "minecraft:item/poisonous_potato/cards/rabbit_salt"}},
        {"threshold": 1160, "model": {"type": "minecraft:model","model": "minecraft:item/poisonous_potato/cards/rabbit_splotched"}},
        {"threshold": 1161, "model": {"type": "minecraft:model","model": "minecraft:item/poisonous_potato/cards/rabbit_toast"}},
        {"threshold": 1162, "model": {"type": "minecraft:model","model": "minecraft:item/poisonous_potato/cards/rabbit_white"}},
        {"threshold": 1163, "model": {"type": "minecraft:model","model": "minecraft:item/poisonous_potato/cards/ravager"}},
        {"threshold": 1164, "model": {"type": "minecraft:model","model": "minecraft:item/poisonous_potato/cards/roses"}},
        {"threshold": 1165, "model": {"type": "minecraft:model","model": "minecraft:item/poisonous_potato/cards/salmon"}},
        {"threshold": 1166, "model": {"type": "minecraft:model","model": "minecraft:item/poisonous_potato/cards/sheep"}},
        {"threshold": 1167, "model": {"type": "minecraft:model","model": "minecraft:item/poisonous_potato/cards/shulker"}},
        {"threshold": 1168, "model": {"type": "minecraft:model","model": "minecraft:item/poisonous_potato/cards/silverfish"}},
        {"threshold": 1169, "model": {"type": "minecraft:model","model": "minecraft:item/poisonous_potato/cards/skeleton"}},
        {"threshold": 1170, "model": {"type": "minecraft:model","model": "minecraft:item/poisonous_potato/cards/skeleton_horseman"}},
        {"threshold": 1171, "model": {"type": "minecraft:model","model": "minecraft:item/poisonous_potato/cards/slime"}},
        {"threshold": 1172, "model": {"type": "minecraft:model","model": "minecraft:item/poisonous_potato/cards/snow_block"}},
        {"threshold": 1173, "model": {"type": "minecraft:model","model": "minecraft:item/poisonous_potato/cards/snow_golem"}},
        {"threshold": 1174, "model": {"type": "minecraft:model","model": "minecraft:item/poisonous_potato/cards/spider"}},
        {"threshold": 1175, "model": {"type": "minecraft:model","model": "minecraft:item/poisonous_potato/cards/spider_jockey"}},
        {"threshold": 1176, "model": {"type": "minecraft:model","model": "minecraft:item/poisonous_potato/cards/squid"}},
        {"threshold": 1177, "model": {"type": "minecraft:model","model": "minecraft:item/poisonous_potato/cards/stray"}},
        {"threshold": 1178, "model": {"type": "minecraft:model","model": "minecraft:item/poisonous_potato/cards/tadpole"}},
        {"threshold": 1179, "model": {"type": "minecraft:model","model": "minecraft:item/poisonous_potato/cards/trader_llama"}},
        {"threshold": 1180, "model": {"type": "minecraft:model","model": "minecraft:item/poisonous_potato/cards/tropical_fish"}},
        {"threshold": 1181, "model": {"type": "minecraft:model","model": "minecraft:item/poisonous_potato/cards/tulips"}},
        {"threshold": 1182, "model": {"type": "minecraft:model","model": "minecraft:item/poisonous_potato/cards/vex"}},
        {"threshold": 1183, "model": {"type": "minecraft:model","model": "minecraft:item/poisonous_potato/cards/villager"}},
        {"threshold": 1184, "model": {"type": "minecraft:model","model": "minecraft:item/poisonous_potato/cards/vindicator"}},
        {"threshold": 1185, "model": {"type": "minecraft:model","model": "minecraft:item/poisonous_potato/cards/wandering_trader"}},
        {"threshold": 1186, "model": {"type": "minecraft:model","model": "minecraft:item/poisonous_potato/cards/warden"}},
        {"threshold": 1187, "model": {"type": "minecraft:model","model": "minecraft:item/poisonous_potato/cards/witch"}},
        {"threshold": 1188, "model": {"type": "minecraft:model","model": "minecraft:item/poisonous_potato/cards/wither"}},
        {"threshold": 1189, "model": {"type": "minecraft:model","model": "minecraft:item/poisonous_potato/cards/wither_skeleton"}},
        {"threshold": 1190, "model": {"type": "minecraft:model","model": "minecraft:item/poisonous_potato/cards/wolf"}},
        {"threshold": 1191, "model": {"type": "minecraft:model","model": "minecraft:item/poisonous_potato/cards/zoglin"}},
        {"threshold": 1192, "model": {"type": "minecraft:model","model": "minecraft:item/poisonous_potato/cards/zombie"}},
        {"threshold": 1193, "model": {"type": "minecraft:model","model": "minecraft:item/poisonous_potato/cards/zombie_villager"}},
        {"threshold": 1194, "model": {"type": "minecraft:model","model": "minecraft:item/poisonous_potato/cards/frog_cold"}},
        {"threshold": 1195, "model": {"type": "minecraft:model","model": "minecraft:item/poisonous_potato/cards/frog_temperate"}},
        {"threshold": 1196, "model": {"type": "minecraft:model","model": "minecraft:item/poisonous_potato/cards/frog_warm"}},
        {"threshold": 1197, "model": {"type": "minecraft:model","model": "minecraft:item/poisonous_potato/fried_chicken"}},
        {"threshold": 1198, "model": {"type": "minecraft:model","model": "minecraft:item/poisonous_potato/leaf"}}
    ]
  }
}