{
  "model": {
    "type": "minecraft:range_dispatch",
    "property": "minecraft:custom_model_data",
    "index": 0,
    "fallback": {
      "type": "minecraft:model",
      "model": "minecraft:item/poisonous_potato"
    },
    "entries": [
      {"model": {"type": "minecraft:model","model": "minecraft:item/poisonous_potato/cheese_religion"},"threshold": 1001},
      {"model": {"type": "minecraft:model","model": "minecraft:item/poisonous_potato/coins/gold_coin"},"threshold": 1002},
      {"model": {"type": "minecraft:model","model": "minecraft:item/poisonous_potato/coins/iron_coin"},"threshold": 1003},
      {"model": {"type": "minecraft:model","model": "minecraft:item/poisonous_potato/coins/coin"},"threshold": 1004},
      {"model": {"type": "minecraft:model","model": "minecraft:item/poisonous_potato/coins/atium_coin"},"threshold": 1005},
      {"model": {"type": "minecraft:model","model": "minecraft:item/poisonous_potato/coins/brass_coin"},"threshold": 1006},
      {"model": {"type": "minecraft:model","model": "minecraft:item/poisonous_potato/coins/copper_coin"},"threshold": 1007},
      {"model": {"type": "minecraft:model","model": "minecraft:item/poisonous_potato/coins/lerasium_coin"},"threshold": 1008},
      {"model": {"type": "minecraft:model","model": "minecraft:item/poisonous_potato/coins/nickel_coin"},"threshold": 1009},
      {"model": {"type": "minecraft:model","model": "minecraft:item/poisonous_potato/coins/silver_coin"},"threshold": 1010},
      {"model": {"type": "minecraft:model","model": "minecraft:item/poisonous_potato/coins/zinc_coin"},"threshold": 1011},
      {"model": {"type": "minecraft:model","model": "minecraft:item/poisonous_potato/meta"},"threshold": 1012},
      {"model": {"type": "minecraft:model","model": "minecraft:item/poisonous_potato/plushies/neutral/cave_spider"},"threshold": 1013},
      {"model": {"type": "minecraft:model","model": "minecraft:item/poisonous_potato/plushies/neutral/spider"},"threshold": 1014},
      {"model": {"type": "minecraft:model","model": "minecraft:item/poisonous_potato/plushies/neutral/piglin"},"threshold": 1015},
      {"model": {"type": "minecraft:model","model": "minecraft:item/poisonous_potato/plushies/neutral/zom_piglin"},"threshold": 1016},
      {"model": {"type": "minecraft:model","model": "minecraft:item/poisonous_potato/plushies/neutral/enderman"},"threshold": 1017},
      {"model": {"type": "minecraft:model","model": "minecraft:item/poisonous_potato/plushies/hostile/zombie"},"threshold": 1018},
      {"model": {"type": "minecraft:model","model": "minecraft:item/poisonous_potato/plushies/hostile/taiga_zombie_villager"},"threshold": 1019},
      {"model": {"type": "minecraft:model","model": "minecraft:item/poisonous_potato/plushies/hostile/snow_zombie_villager"},"threshold": 1020},
      {"model": {"type": "minecraft:model","model": "minecraft:item/poisonous_potato/plushies/hostile/savanna_zombie_villager"},"threshold": 1021},
      {"model": {"type": "minecraft:model","model": "minecraft:item/poisonous_potato/plushies/hostile/plains_zombie_villager"},"threshold": 1022},
      {"model": {"type": "minecraft:model","model": "minecraft:item/poisonous_potato/plushies/hostile/jungle_zombie_villager"},"threshold": 1023},
      {"model": {"type": "minecraft:model","model": "minecraft:item/poisonous_potato/plushies/hostile/desert_zombie_villager"},"threshold": 1024},
      {"model": {"type": "minecraft:model","model": "minecraft:item/poisonous_potato/plushies/hostile/swamp_zombie_villager"},"threshold": 1025},
      {"model": {"type": "minecraft:model","model": "minecraft:item/poisonous_potato/plushies/hostile/drowned"},"threshold": 1026},
      {"model": {"type": "minecraft:model","model": "minecraft:item/poisonous_potato/plushies/hostile/husk"},"threshold": 1027},
      {"model": {"type": "minecraft:model","model": "minecraft:item/poisonous_potato/plushies/hostile/small_slime"},"threshold": 1028},
      {"model": {"type": "minecraft:model","model": "minecraft:item/poisonous_potato/plushies/hostile/medium_slime"},"threshold": 1029},
      {"model": {"type": "minecraft:model","model": "minecraft:item/poisonous_potato/plushies/hostile/large_slime"},"threshold": 1030},
      {"model": {"type": "minecraft:model","model": "minecraft:item/poisonous_potato/plushies/hostile/small_magma_cube"},"threshold": 1031},
      {"model": {"type": "minecraft:model","model": "minecraft:item/poisonous_potato/plushies/hostile/medium_magma_cube"},"threshold": 1032},
      {"model": {"type": "minecraft:model","model": "minecraft:item/poisonous_potato/plushies/hostile/large_magma_cube"},"threshold": 1033},
      {"model": {"type": "minecraft:model","model": "minecraft:item/poisonous_potato/plushies/hostile/elder_guardian"},"threshold": 1034},
      {"model": {"type": "minecraft:model","model": "minecraft:item/poisonous_potato/plushies/hostile/guardian"},"threshold": 1035},
      {"model": {"type": "minecraft:model","model": "minecraft:item/poisonous_potato/plushies/hostile/evoker"},"threshold": 1036},
      {"model": {"type": "minecraft:model","model": "minecraft:item/poisonous_potato/plushies/hostile/pillager"},"threshold": 1037},
      {"model": {"type": "minecraft:model","model": "minecraft:item/poisonous_potato/plushies/hostile/ravager"},"threshold": 1038},
      {"model": {"type": "minecraft:model","model": "minecraft:item/poisonous_potato/plushies/hostile/vex"},"threshold": 1039},
      {"model": {"type": "minecraft:model","model": "minecraft:item/poisonous_potato/plushies/hostile/vindicator"},"threshold": 1040},
      {"model": {"type": "minecraft:model","model": "minecraft:item/poisonous_potato/plushies/hostile/blaze"},"threshold": 1041},
      {"model": {"type": "minecraft:model","model": "minecraft:item/poisonous_potato/plushies/hostile/bogged"},"threshold": 1042},
      {"model": {"type": "minecraft:model","model": "minecraft:item/poisonous_potato/plushies/hostile/breeze"},"threshold": 1043},
      {"model": {"type": "minecraft:model","model": "minecraft:item/poisonous_potato/plushies/hostile/creaking"},"threshold": 1043},
      {"model": {"type": "minecraft:model","model": "minecraft:item/poisonous_potato/plushies/hostile/creeper"},"threshold": 1044},
      {"model": {"type": "minecraft:model","model": "minecraft:item/poisonous_potato/plushies/hostile/endermite"},"threshold": 1045},
      {"model": {"type": "minecraft:model","model": "minecraft:item/poisonous_potato/plushies/hostile/ghast"},"threshold": 1046},
      {"model": {"type": "minecraft:model","model": "minecraft:item/poisonous_potato/plushies/hostile/hoglin"},"threshold": 1047},
      {"model": {"type": "minecraft:model","model": "minecraft:item/poisonous_potato/plushies/hostile/phantom"},"threshold": 1048},
      {"model": {"type": "minecraft:model","model": "minecraft:item/poisonous_potato/plushies/hostile/piglin_brute"},"threshold": 1049},
      {"model": {"type": "minecraft:model","model": "minecraft:item/poisonous_potato/plushies/hostile/shulker"},"threshold": 1050},
      {"model": {"type": "minecraft:model","model": "minecraft:item/poisonous_potato/plushies/hostile/silverfish"},"threshold": 1051},
      {"model": {"type": "minecraft:model","model": "minecraft:item/poisonous_potato/plushies/hostile/skeleton"},"threshold": 1052},
      {"model": {"type": "minecraft:model","model": "minecraft:item/poisonous_potato/plushies/hostile/stray"},"threshold": 1053},
      {"model": {"type": "minecraft:model","model": "minecraft:item/poisonous_potato/plushies/hostile/vex"},"threshold": 1054},
      {"model": {"type": "minecraft:model","model": "minecraft:item/poisonous_potato/plushies/hostile/warden"},"threshold": 1055},
      {"model": {"type": "minecraft:model","model": "minecraft:item/poisonous_potato/plushies/hostile/witch"},"threshold": 1056},
      {"model": {"type": "minecraft:model","model": "minecraft:item/poisonous_potato/plushies/hostile/wither_skeleton"},"threshold": 1057},
      {"model": {"type": "minecraft:model","model": "minecraft:item/poisonous_potato/plushies/hostile/zoglin"},"threshold": 1058},
      {"model": {"type": "minecraft:model","model": "minecraft:item/poisonous_potato/plushies/easter_egg/entity303"},"threshold": 1059},
      {"model": {"type": "minecraft:model","model": "minecraft:item/poisonous_potato/plushies/easter_egg/herobrine"},"threshold": 1060},
      {"model": {"type": "minecraft:model","model": "minecraft:item/poisonous_potato/plushies/easter_egg/jack-o-skeleton"},"threshold": 1061},
      {"model": {"type": "minecraft:model","model": "minecraft:item/poisonous_potato/plushies/easter_egg/jack-o-zombie"},"threshold": 1062},
      {"model": {"type": "minecraft:model","model": "minecraft:item/poisonous_potato/plushies/easter_egg/poisonous_potato_zombie"},"threshold": 1063},
      {"model": {"type": "minecraft:model","model": "minecraft:item/poisonous_potato/plushies//"},"threshold": 1064}
    ]
  }
}