{
  "model": {
    "type": "minecraft:range_dispatch",
    "property": "minecraft:custom_model_data",
    "index": 0,
    "entries": [
      {
        "threshold": 1001,
        "model": {
          "type": "minecraft:model",
          "model": "minecraft:item/potion/mana_potion1"
        }
      },
      {
        "threshold": 1002,
        "model": {
          "type": "minecraft:model",
          "model": "minecraft:item/potion/mana_potion2"
        }
      },
      {
        "threshold": 1003,
        "model": {
          "type": "minecraft:model",
          "model": "minecraft:item/potion/mana_potion3"
        }
      },
      {
        "threshold": 1004,
        "model": {
          "type": "minecraft:model",
          "model": "minecraft:item/potion/health_potion1"
        }
      },
      {
        "threshold": 1005,
        "model": {
          "type": "minecraft:model",
          "model": "minecraft:item/potion/health_potion2"
        }
      },
      {
        "threshold": 1006,
        "model": {
          "type": "minecraft:model",
          "model": "minecraft:item/potion/health_potion3"
        }
      }
    ],
    "fallback": {
      "type": "minecraft:model",
      "model": "minecraft:item/potion",
      "tints": [
        {
          "type": "minecraft:potion",
          "default": -13083194
        }
      ]
    }
  }
}