{
  "model": {
    "type": "minecraft:range_dispatch",
    "property": "minecraft:custom_model_data",
    "index": 0,
    "entries": [
      {"threshold": 1001,"model": {"type": "minecraft:model","model": "minecraft:item/potion/mana_potion1"}},
      {"threshold": 1002,"model": {"type": "minecraft:model","model": "minecraft:item/potion/mana_potion2"}},
      {"threshold": 1003,"model": {"type": "minecraft:model","model": "minecraft:item/potion/mana_potion3"}},
      {"threshold": 1004,"model": {"type": "minecraft:model","model": "minecraft:item/potion/health_potion1"}},
      {"threshold": 1005,"model": {"type": "minecraft:model","model": "minecraft:item/potion/health_potion2"}},
      {"threshold": 1006,"model": {"type": "minecraft:model","model": "minecraft:item/potion/health_potion3"}},
      {"threshold": 1007,"model": {"type": "minecraft:model","model": "minecraft:item/potion/absinthe"}},
      {"threshold": 1008,"model": {"type": "minecraft:model","model": "minecraft:item/potion/apple_cider"}},
      {"threshold": 1009,"model": {"type": "minecraft:model","model": "minecraft:item/potion/apple_liquor"}},
      {"threshold": 1010,"model": {"type": "minecraft:model","model": "minecraft:item/potion/apple_mead"}},
      {"threshold": 1011,"model": {"type": "minecraft:model","model": "minecraft:item/potion/coffee"}},
      {"threshold": 1012,"model": {"type": "minecraft:model","model": "minecraft:item/potion/darkbeer"}},
      {"threshold": 1013,"model": {"type": "minecraft:model","model": "minecraft:item/potion/eggnog"}},
      {"threshold": 1014,"model": {"type": "minecraft:model","model": "minecraft:item/potion/fine_beer"}},
      {"threshold": 1015,"model": {"type": "minecraft:model","model": "minecraft:item/potion/gin"}},
      {"threshold": 1016,"model": {"type": "minecraft:model","model": "minecraft:item/potion/green_absinthe"}},
      {"threshold": 1017,"model": {"type": "minecraft:model","model": "minecraft:item/potion/mead"}},
      {"threshold": 1018,"model": {"type": "minecraft:model","model": "minecraft:item/potion/mushroom_vodka"}},
      {"threshold": 1019,"model": {"type": "minecraft:model","model": "minecraft:item/potion/rum"}},
      {"threshold": 1020,"model": {"type": "minecraft:model","model": "minecraft:item/potion/tequila"}},
      {"threshold": 1021,"model": {"type": "minecraft:model","model": "minecraft:item/potion/vodka"}},
      {"threshold": 1022,"model": {"type": "minecraft:model","model": "minecraft:item/potion/wheatbeer"}},
      {"threshold": 1023,"model": {"type": "minecraft:model","model": "minecraft:item/potion/whiskey"}},
      {"threshold": 1024,"model": {"type": "minecraft:model","model": "minecraft:item/potion/wine"}},
      {"threshold": 1025,"model": {"type": "minecraft:model","model": "minecraft:item/potion/cosmopolitan_cocktail"}},
      {"threshold": 1026,"model": {"type": "minecraft:model","model": "minecraft:item/potion/hugo_prosejito_cocktail"}},
      {"threshold": 1027,"model": {"type": "minecraft:model","model": "minecraft:item/potion/mojito_cocktail"}},
      {"threshold": 1028,"model": {"type": "minecraft:model","model": "minecraft:item/potion/sex_on_the_beach_cocktail"}},
      {"threshold": 1029,"model": {"type": "minecraft:model","model": "minecraft:item/potion/blue_slushy"}},
      {"threshold": 1030,"model": {"type": "minecraft:model","model": "minecraft:item/potion/green_slushy"}},
      {"threshold": 1031,"model": {"type": "minecraft:model","model": "minecraft:item/potion/orange_slushy"}},
      {"threshold": 1032,"model": {"type": "minecraft:model","model": "minecraft:item/potion/purple_slushy"}},
      {"threshold": 1033,"model": {"type": "minecraft:model","model": "minecraft:item/potion/red_slushy"}},
      {"threshold": 1034,"model": {"type": "minecraft:model","model": "minecraft:item/potion/lemonade"}}
        
    ],
    "fallback": {
      "type": "minecraft:model",
      "model": "minecraft:item/potion",
      "tints": [
        {
          "type": "minecraft:potion",
          "default": -13083194
        }
      ]
    }
  }
}