{
  "model": {
    "type": "minecraft:range_dispatch",
    "property": "minecraft:custom_model_data",
    "index": 0,
    "fallback": {
      "type": "minecraft:model",
      "model": "minecraft:item/stone_sword"
    },
    "entries": [
        {"threshold": 1001, "model": {"type": "minecraft:model", "model": "minecraft:item/stone_sword/battlestaff_of_terror"}},
        {"threshold": 1002, "model": {"type": "minecraft:model", "model": "minecraft:item/stone_sword/open_spot"}},
        {"threshold": 1003, "model": {"type": "minecraft:model", "model": "minecraft:item/stone_sword/open_spot"}},
        {"threshold": 1013, "model": {"type": "minecraft:model", "model": "minecraft:item/stone_sword/3dstone_sword"}},
        {"threshold": 1142, "model": {"type": "minecraft:model", "model": "minecraft:item/stone_sword/stone_scythe_303"}}
    ]
  }
}