{
  "model": {
    "type": "minecraft:range_dispatch",
    "property": "minecraft:custom_model_data",
    "index": 0,
    "fallback": {
      "type": "minecraft:model",
      "model": "minecraft:item/stone_shovel"
    },
    "entries": [
      {
        "model": {
          "type": "minecraft:model",
          "model": "minecraft:item/stone_shovel/holy_shovel-bry"
        },
        "threshold": 1001
      },
      {
        "model": {
          "type": "minecraft:model",
          "model": "minecraft:item/stone_shovel"
        },
        "threshold": 1002
      },
      {
        "model": {
          "type": "minecraft:model",
          "model": "minecraft:item/stone_shovel"
        },
        "threshold": 1003
      }
    ]
  }
}