{
  "model": {
    "type": "minecraft:range_dispatch",
    "property": "minecraft:custom_model_data",
    "index": 0,
    "fallback": {
      "type": "minecraft:model",
      "model": "minecraft:item/wooden_sword"
    },
    "entries": [
      {
        "model": {
          "type": "minecraft:model",
          "model": "minecraft:item/wooden_sword/battlestaff"
        },
        "threshold": 1001
      },
      {
        "model": {
          "type": "minecraft:model",
          "model": "minecraft:item/wooden_sword/"
        },
        "threshold": 1002
      },
      {
        "model": {
          "type": "minecraft:model",
          "model": "minecraft:item/wooden_sword/"
        },
        "threshold": 1003
      },
      {
        "model": {
          "type": "minecraft:model",
          "model": "minecraft:item/wooden_sword/3dwooden_sword"
        },
        "threshold": 1013
      }
    ]
  }
}