{
	"credit": "Made with Blockbench",
	"texture_size": [32, 32],
	"textures": {
		"0": "item/bow/sriwijaya_bow",
		"1": "item/bow/arrow_indicator"
	},
	"elements": [
		{
			"from": [7.36798, 4.31679, 7.39326],
			"to": [8.63202, 10.69321, 8.60674],
			"rotation": {"angle": 0, "axis": "y", "origin": [7.36798, 7.35426, 7.39326]},
			"faces": {
				"north": {"uv": [0.25, 5.5, 0.625, 7.125], "texture": "#0"},
				"east": {"uv": [0.25, 5.5, 0.625, 7.125], "texture": "#0"},
				"south": {"uv": [1.25, 5.5, 1.625, 7.125], "texture": "#0"},
				"west": {"uv": [0.25, 5.5, 0.625, 7.125], "texture": "#0"},
				"up": {"uv": [7.625, 3.375, 7.25, 3], "texture": "#0"},
				"down": {"uv": [7.625, 3.5, 7.25, 3.875], "texture": "#0"}
			}
		},
		{
			"from": [8.04546, 10.32246, 7.39326],
			"to": [9.30949, 14.50894, 8.60674],
			"rotation": {"angle": -22.5, "axis": "z", "origin": [8.67748, 12.14267, 8]},
			"faces": {
				"north": {"uv": [5.75, 3.75, 6.125, 4.875], "texture": "#0"},
				"east": {"uv": [5.75, 3.75, 6.125, 4.875], "texture": "#0"},
				"south": {"uv": [6.25, 0, 6.625, 1.125], "texture": "#0"},
				"west": {"uv": [5.75, 3.75, 6.125, 4.875], "texture": "#0"},
				"up": {"uv": [7.625, 4.375, 7.25, 4], "texture": "#0"},
				"down": {"uv": [7.625, 4.5, 7.25, 4.875], "texture": "#0"}
			}
		},
		{
			"from": [3.63, 20.52, 8],
			"to": [13.035, 30.4, 8],
			"rotation": {"angle": 0, "axis": "y", "origin": [7.335, 24.32, 7.05]},
			"faces": {
				"north": {"uv": [0, 2.75, 2.5, 5.5], "texture": "#0"},
				"east": {"uv": [0, 0, 0, 2.75], "texture": "#0"},
				"south": {"uv": [2.5, 2.75, 0, 5.5], "texture": "#0"},
				"west": {"uv": [0, 0, 0, 2.75], "texture": "#0"},
				"up": {"uv": [2.5, 0, 0, 0], "texture": "#0"},
				"down": {"uv": [2.5, 0, 0, 0], "texture": "#0"}
			}
		},
		{
			"from": [4.38905, 12.25405, 8.7885],
			"to": [13.32095, 22.32215, 8.7885],
			"rotation": {"angle": 22.5, "axis": "z", "origin": [7.51455, 16.1842, 9.577]},
			"faces": {
				"north": {"uv": [5, 0, 2.5, 2.75], "texture": "#0"},
				"east": {"uv": [0, 0, 0, 2.75], "texture": "#0"},
				"south": {"uv": [2.5, 0, 0, 2.75], "texture": "#0"},
				"west": {"uv": [0, 0, 0, 2.75], "texture": "#0"},
				"up": {"uv": [2.5, 0, 0, 0], "texture": "#0"},
				"down": {"uv": [2.5, 0, 0, 0], "texture": "#0"}
			}
		},
		{
			"from": [4.38905, 12.25405, 7.2115],
			"to": [13.32095, 22.32215, 7.2115],
			"rotation": {"angle": 22.5, "axis": "z", "origin": [7.51455, 16.1842, 6.423]},
			"faces": {
				"north": {"uv": [0, 0, 2.5, 2.75], "texture": "#0"},
				"east": {"uv": [0, 0, 0, 2.75], "texture": "#0"},
				"south": {"uv": [2.5, 0, 5, 2.75], "texture": "#0"},
				"west": {"uv": [0, 0, 0, 2.75], "texture": "#0"},
				"up": {"uv": [2.5, 0, 0, 0], "texture": "#0"},
				"down": {"uv": [2.5, 0, 0, 0], "texture": "#0"}
			}
		},
		{
			"from": [9.00144, 14.35071, 7.29776],
			"to": [10.40592, 17.58101, 8.70224],
			"rotation": {"angle": 0, "axis": "y", "origin": [9.70368, 16.45743, 8]},
			"faces": {
				"north": {"uv": [2.25, 7.625, 2.625, 6.75], "texture": "#0"},
				"east": {"uv": [2.25, 7.625, 2.625, 6.75], "texture": "#0"},
				"south": {"uv": [6.75, 3.875, 7.125, 3], "texture": "#0"},
				"west": {"uv": [2.25, 7.625, 2.625, 6.75], "texture": "#0"},
				"up": {"uv": [3.125, 8.125, 2.75, 7.75], "texture": "#0"},
				"down": {"uv": [2.625, 7.75, 2.25, 8.125], "texture": "#0"}
			}
		},
		{
			"from": [8.29839, 17.14284, 7.29776],
			"to": [9.63265, 21.77762, 8.70224],
			"rotation": {"angle": 22.5, "axis": "z", "origin": [9.00063, 19.24956, 8]},
			"faces": {
				"north": {"uv": [4.25, 6.75, 4.625, 5.5], "texture": "#0"},
				"east": {"uv": [4.25, 6.75, 4.625, 5.5], "texture": "#0"},
				"south": {"uv": [5.75, 2.5, 6.125, 1.25], "texture": "#0"},
				"west": {"uv": [4.25, 6.75, 4.625, 5.5], "texture": "#0"},
				"up": {"uv": [3.625, 8.125, 3.25, 7.75], "texture": "#0"},
				"down": {"uv": [8.125, 3, 7.75, 3.375], "texture": "#0"}
			}
		},
		{
			"from": [5.97827, 20.7631, 7.29776],
			"to": [7.31253, 23.49788, 8.70224],
			"rotation": {"angle": 45, "axis": "z", "origin": [6.68051, 22.86982, 8]},
			"faces": {
				"north": {"uv": [7.25, 0.75, 7.625, 0], "texture": "#0"},
				"east": {"uv": [7.25, 0.75, 7.625, 0], "texture": "#0"},
				"south": {"uv": [0.75, 8, 1.125, 7.25], "texture": "#0"},
				"west": {"uv": [7.25, 0.75, 7.625, 0], "texture": "#0"},
				"up": {"uv": [8.125, 4.375, 7.75, 4], "texture": "#0"},
				"down": {"uv": [8.125, 3.5, 7.75, 3.875], "texture": "#0"}
			}
		},
		{
			"from": [2.72287, 24.44469, 7.48776],
			"to": [4.05713, 25.56827, 8.70224],
			"rotation": {"angle": 22.5, "axis": "z", "origin": [3.39, 25.00648, 8.095]},
			"faces": {
				"north": {"uv": [8, 7.25, 8.375, 7], "texture": "#0"},
				"east": {"uv": [7.25, 8.25, 7.625, 8], "texture": "#0"},
				"south": {"uv": [8, 7.5, 8.375, 7.25], "texture": "#0"},
				"west": {"uv": [7.75, 8.25, 8.125, 8], "texture": "#0"},
				"up": {"uv": [8.125, 5.375, 7.75, 5], "texture": "#0"},
				"down": {"uv": [8.125, 4.5, 7.75, 4.875], "texture": "#0"}
			}
		},
		{
			"from": [2.65366, 25.27021, 7.58276],
			"to": [3.89292, 26.39379, 8.60724],
			"rotation": {"angle": 0, "axis": "y", "origin": [3.22579, 25.832, 8.095]},
			"faces": {
				"north": {"uv": [8.25, 0.25, 8.625, 0], "texture": "#0"},
				"east": {"uv": [4, 8.5, 4.25, 8.25], "texture": "#0"},
				"south": {"uv": [8.25, 0.5, 8.625, 0.25], "texture": "#0"},
				"west": {"uv": [8.25, 4.25, 8.5, 4], "texture": "#0"},
				"up": {"uv": [8.625, 1, 8.25, 0.75], "texture": "#0"},
				"down": {"uv": [8.625, 0.5, 8.25, 0.75], "texture": "#0"}
			}
		},
		{
			"from": [2.91287, 26.09573, 7.67776],
			"to": [4.05713, 27.28954, 8.51224],
			"rotation": {"angle": -22.5, "axis": "z", "origin": [3.39, 26.65752, 8.095]},
			"faces": {
				"north": {"uv": [4.75, 8.375, 5, 8], "texture": "#0"},
				"east": {"uv": [8.25, 1.375, 8.5, 1], "texture": "#0"},
				"south": {"uv": [1.25, 8.625, 1.5, 8.25], "texture": "#0"},
				"west": {"uv": [1.5, 8.625, 1.75, 8.25], "texture": "#0"},
				"up": {"uv": [8.5, 4.5, 8.25, 4.25], "texture": "#0"},
				"down": {"uv": [4.5, 8.25, 4.25, 8.5], "texture": "#0"}
			}
		},
		{
			"from": [3.71136, 26.77388, 7.77276],
			"to": [4.76062, 28.06269, 8.41724],
			"rotation": {"angle": -45, "axis": "z", "origin": [4.09349, 27.63124, 8.095]},
			"faces": {
				"north": {"uv": [1.75, 8.625, 2, 8.25], "texture": "#0"},
				"east": {"uv": [6, 8.625, 6.125, 8.25], "texture": "#0"},
				"south": {"uv": [2, 8.625, 2.25, 8.25], "texture": "#0"},
				"west": {"uv": [6.25, 8.625, 6.375, 8.25], "texture": "#0"},
				"up": {"uv": [8.5, 8.375, 8.25, 8.25], "texture": "#0"},
				"down": {"uv": [8.5, 8, 8.25, 8.125], "texture": "#0"}
			}
		},
		{
			"from": [3.86702, 23.28089, 7.29776],
			"to": [6.60181, 24.61515, 8.70224],
			"rotation": {"angle": -22.5, "axis": "z", "origin": [4.49509, 23.98313, 8]},
			"faces": {
				"north": {"uv": [8, 1.875, 7.25, 1.5], "texture": "#0"},
				"east": {"uv": [6.25, 8.125, 6.625, 7.75], "texture": "#0"},
				"south": {"uv": [7.25, 1.875, 8, 1.5], "texture": "#0"},
				"west": {"uv": [7.75, 7.875, 8.125, 7.5], "texture": "#0"},
				"up": {"uv": [2, 7.625, 1.25, 7.25], "texture": "#0"},
				"down": {"uv": [7.5, 7.375, 6.75, 7], "texture": "#0"}
			}
		},
		{
			"from": [3.22707, 23.98288, 7.29776],
			"to": [4.56132, 24.91267, 8.70224],
			"rotation": {"angle": 45, "axis": "z", "origin": [3.92931, 24.2846, 8]},
			"faces": {
				"north": {"uv": [2.25, 8.5, 2.625, 8.25], "texture": "#0"},
				"east": {"uv": [2.75, 8.5, 3.125, 8.25], "texture": "#0"},
				"south": {"uv": [8.25, 3.25, 8.625, 3], "texture": "#0"},
				"west": {"uv": [3.25, 8.5, 3.625, 8.25], "texture": "#0"},
				"up": {"uv": [1.125, 8.375, 0.75, 8], "texture": "#0"},
				"down": {"uv": [0.625, 8, 0.25, 8.375], "texture": "#0"}
			}
		},
		{
			"from": [9.43099, 13.97071, 7.22754],
			"to": [11.04615, 14.60272, 8.77246],
			"rotation": {"angle": -22.5, "axis": "z", "origin": [10.27368, 16.07743, 8]},
			"faces": {
				"north": {"uv": [6.5, 8.375, 6.875, 8.25], "texture": "#0"},
				"east": {"uv": [6.5, 8.375, 6.875, 8.25], "texture": "#0"},
				"south": {"uv": [7.5, 8.375, 7.875, 8.25], "texture": "#0"},
				"west": {"uv": [6.5, 8.375, 6.875, 8.25], "texture": "#0"},
				"up": {"uv": [8.375, 2.375, 8, 2], "texture": "#0"},
				"down": {"uv": [8.375, 1.5, 8, 1.875], "texture": "#0"}
			}
		},
		{
			"from": [7.36798, 4.30679, 7.39326],
			"to": [8.63202, 10.68321, 8.60674],
			"rotation": {"angle": 0, "axis": "y", "origin": [7.36798, 7.64574, 7.39326]},
			"faces": {
				"north": {"uv": [0.25, 7.125, 0.625, 5.5], "texture": "#0"},
				"east": {"uv": [0.25, 7.125, 0.625, 5.5], "texture": "#0"},
				"south": {"uv": [1.25, 7.125, 1.625, 5.5], "texture": "#0"},
				"west": {"uv": [0.25, 7.125, 0.625, 5.5], "texture": "#0"},
				"up": {"uv": [7.625, 3.875, 7.25, 3.5], "texture": "#0"},
				"down": {"uv": [7.625, 3, 7.25, 3.375], "texture": "#0"}
			}
		},
		{
			"from": [8.04546, 0.49106, 7.39326],
			"to": [9.30949, 4.67754, 8.60674],
			"rotation": {"angle": 22.5, "axis": "z", "origin": [8.67748, 2.85733, 8]},
			"faces": {
				"north": {"uv": [5.75, 4.875, 6.125, 3.75], "texture": "#0"},
				"east": {"uv": [5.75, 4.875, 6.125, 3.75], "texture": "#0"},
				"south": {"uv": [6.25, 1.125, 6.625, 0], "texture": "#0"},
				"west": {"uv": [5.75, 4.875, 6.125, 3.75], "texture": "#0"},
				"up": {"uv": [7.625, 4.875, 7.25, 4.5], "texture": "#0"},
				"down": {"uv": [7.625, 4, 7.25, 4.375], "texture": "#0"}
			}
		},
		{
			"from": [4.38905, -7.32215, 8.7885],
			"to": [13.32095, 2.74595, 8.7885],
			"rotation": {"angle": -22.5, "axis": "z", "origin": [7.51455, -1.1842, 9.577]},
			"faces": {
				"north": {"uv": [5, 2.75, 2.5, 0], "texture": "#0"},
				"east": {"uv": [0, 2.75, 0, 0], "texture": "#0"},
				"south": {"uv": [2.5, 2.75, 0, 0], "texture": "#0"},
				"west": {"uv": [0, 2.75, 0, 0], "texture": "#0"},
				"up": {"uv": [2.5, 0, 0, 0], "texture": "#0"},
				"down": {"uv": [2.5, 0, 0, 0], "texture": "#0"}
			}
		},
		{
			"from": [3.63, -15.4, 8],
			"to": [13.035, -5.52, 8],
			"rotation": {"angle": 0, "axis": "y", "origin": [7.335, -9.32, 7.05]},
			"faces": {
				"north": {"uv": [0, 5.5, 2.5, 2.75], "texture": "#0"},
				"east": {"uv": [0, 2.75, 0, 0], "texture": "#0"},
				"south": {"uv": [2.5, 5.5, 0, 2.75], "texture": "#0"},
				"west": {"uv": [0, 2.75, 0, 0], "texture": "#0"},
				"up": {"uv": [2.5, 0, 0, 0], "texture": "#0"},
				"down": {"uv": [2.5, 0, 0, 0], "texture": "#0"}
			}
		},
		{
			"from": [4.38905, -7.32215, 7.2115],
			"to": [13.32095, 2.74595, 7.2115],
			"rotation": {"angle": -22.5, "axis": "z", "origin": [7.51455, -1.1842, 6.423]},
			"faces": {
				"north": {"uv": [0, 2.75, 2.5, 0], "texture": "#0"},
				"east": {"uv": [0, 2.75, 0, 0], "texture": "#0"},
				"south": {"uv": [2.5, 2.75, 5, 0], "texture": "#0"},
				"west": {"uv": [0, 2.75, 0, 0], "texture": "#0"},
				"up": {"uv": [2.5, 0, 0, 0], "texture": "#0"},
				"down": {"uv": [2.5, 0, 0, 0], "texture": "#0"}
			}
		},
		{
			"from": [9.00144, -2.58101, 7.29776],
			"to": [10.40592, 0.64929, 8.70224],
			"rotation": {"angle": 0, "axis": "y", "origin": [9.70368, -1.45743, 8]},
			"faces": {
				"north": {"uv": [2.25, 6.75, 2.625, 7.625], "texture": "#0"},
				"east": {"uv": [2.25, 6.75, 2.625, 7.625], "texture": "#0"},
				"south": {"uv": [6.75, 3, 7.125, 3.875], "texture": "#0"},
				"west": {"uv": [2.25, 6.75, 2.625, 7.625], "texture": "#0"},
				"up": {"uv": [2.625, 8.125, 2.25, 7.75], "texture": "#0"},
				"down": {"uv": [3.125, 7.75, 2.75, 8.125], "texture": "#0"}
			}
		},
		{
			"from": [8.29839, -6.77762, 7.29776],
			"to": [9.63265, -2.14284, 8.70224],
			"rotation": {"angle": -22.5, "axis": "z", "origin": [9.00063, -4.24956, 8]},
			"faces": {
				"north": {"uv": [4.25, 5.5, 4.625, 6.75], "texture": "#0"},
				"east": {"uv": [4.25, 5.5, 4.625, 6.75], "texture": "#0"},
				"south": {"uv": [5.75, 1.25, 6.125, 2.5], "texture": "#0"},
				"west": {"uv": [4.25, 5.5, 4.625, 6.75], "texture": "#0"},
				"up": {"uv": [8.125, 3.375, 7.75, 3], "texture": "#0"},
				"down": {"uv": [3.625, 7.75, 3.25, 8.125], "texture": "#0"}
			}
		},
		{
			"from": [5.97827, -8.49788, 7.29776],
			"to": [7.31253, -5.7631, 8.70224],
			"rotation": {"angle": -45, "axis": "z", "origin": [6.68051, -7.86982, 8]},
			"faces": {
				"north": {"uv": [7.25, 0, 7.625, 0.75], "texture": "#0"},
				"east": {"uv": [7.25, 0, 7.625, 0.75], "texture": "#0"},
				"south": {"uv": [0.75, 7.25, 1.125, 8], "texture": "#0"},
				"west": {"uv": [7.25, 0, 7.625, 0.75], "texture": "#0"},
				"up": {"uv": [8.125, 3.875, 7.75, 3.5], "texture": "#0"},
				"down": {"uv": [8.125, 4, 7.75, 4.375], "texture": "#0"}
			}
		},
		{
			"from": [2.72287, -10.56827, 7.48776],
			"to": [4.05713, -9.44469, 8.70224],
			"rotation": {"angle": -22.5, "axis": "z", "origin": [3.39, -10.00648, 8.095]},
			"faces": {
				"north": {"uv": [8, 7, 8.375, 7.25], "texture": "#0"},
				"east": {"uv": [7.25, 8, 7.625, 8.25], "texture": "#0"},
				"south": {"uv": [8, 7.25, 8.375, 7.5], "texture": "#0"},
				"west": {"uv": [7.75, 8, 8.125, 8.25], "texture": "#0"},
				"up": {"uv": [8.125, 4.875, 7.75, 4.5], "texture": "#0"},
				"down": {"uv": [8.125, 5, 7.75, 5.375], "texture": "#0"}
			}
		},
		{
			"from": [2.65366, -11.39379, 7.58276],
			"to": [3.89292, -10.27021, 8.60724],
			"rotation": {"angle": 0, "axis": "y", "origin": [3.22579, -10.832, 8.095]},
			"faces": {
				"north": {"uv": [8.25, 0, 8.625, 0.25], "texture": "#0"},
				"east": {"uv": [4, 8.25, 4.25, 8.5], "texture": "#0"},
				"south": {"uv": [8.25, 0.25, 8.625, 0.5], "texture": "#0"},
				"west": {"uv": [8.25, 4, 8.5, 4.25], "texture": "#0"},
				"up": {"uv": [8.625, 0.75, 8.25, 0.5], "texture": "#0"},
				"down": {"uv": [8.625, 0.75, 8.25, 1], "texture": "#0"}
			}
		},
		{
			"from": [2.91287, -12.28954, 7.67776],
			"to": [4.05713, -11.09573, 8.51224],
			"rotation": {"angle": 22.5, "axis": "z", "origin": [3.39, -11.65752, 8.095]},
			"faces": {
				"north": {"uv": [4.75, 8, 5, 8.375], "texture": "#0"},
				"east": {"uv": [8.25, 1, 8.5, 1.375], "texture": "#0"},
				"south": {"uv": [1.25, 8.25, 1.5, 8.625], "texture": "#0"},
				"west": {"uv": [1.5, 8.25, 1.75, 8.625], "texture": "#0"},
				"up": {"uv": [4.5, 8.5, 4.25, 8.25], "texture": "#0"},
				"down": {"uv": [8.5, 4.25, 8.25, 4.5], "texture": "#0"}
			}
		},
		{
			"from": [3.71136, -13.06269, 7.77276],
			"to": [4.76062, -11.77388, 8.41724],
			"rotation": {"angle": 45, "axis": "z", "origin": [4.09349, -12.63124, 8.095]},
			"faces": {
				"north": {"uv": [1.75, 8.25, 2, 8.625], "texture": "#0"},
				"east": {"uv": [6, 8.25, 6.125, 8.625], "texture": "#0"},
				"south": {"uv": [2, 8.25, 2.25, 8.625], "texture": "#0"},
				"west": {"uv": [6.25, 8.25, 6.375, 8.625], "texture": "#0"},
				"up": {"uv": [8.5, 8.125, 8.25, 8], "texture": "#0"},
				"down": {"uv": [8.5, 8.25, 8.25, 8.375], "texture": "#0"}
			}
		},
		{
			"from": [3.86702, -9.61515, 7.29776],
			"to": [6.60181, -8.28089, 8.70224],
			"rotation": {"angle": 22.5, "axis": "z", "origin": [4.49509, -8.98313, 8]},
			"faces": {
				"north": {"uv": [8, 1.5, 7.25, 1.875], "texture": "#0"},
				"east": {"uv": [6.25, 7.75, 6.625, 8.125], "texture": "#0"},
				"south": {"uv": [7.25, 1.5, 8, 1.875], "texture": "#0"},
				"west": {"uv": [7.75, 7.5, 8.125, 7.875], "texture": "#0"},
				"up": {"uv": [7.5, 7, 6.75, 7.375], "texture": "#0"},
				"down": {"uv": [2, 7.25, 1.25, 7.625], "texture": "#0"}
			}
		},
		{
			"from": [3.22707, -9.91267, 7.29776],
			"to": [4.56132, -8.98288, 8.70224],
			"rotation": {"angle": -45, "axis": "z", "origin": [3.92931, -9.2846, 8]},
			"faces": {
				"north": {"uv": [2.25, 8.25, 2.625, 8.5], "texture": "#0"},
				"east": {"uv": [2.75, 8.25, 3.125, 8.5], "texture": "#0"},
				"south": {"uv": [8.25, 3, 8.625, 3.25], "texture": "#0"},
				"west": {"uv": [3.25, 8.25, 3.625, 8.5], "texture": "#0"},
				"up": {"uv": [0.625, 8.375, 0.25, 8], "texture": "#0"},
				"down": {"uv": [1.125, 8, 0.75, 8.375], "texture": "#0"}
			}
		},
		{
			"from": [9.43099, 0.39728, 7.22754],
			"to": [11.04615, 1.02929, 8.77246],
			"rotation": {"angle": 22.5, "axis": "z", "origin": [10.27368, -1.07743, 8]},
			"faces": {
				"north": {"uv": [6.5, 8.25, 6.875, 8.375], "texture": "#0"},
				"east": {"uv": [6.5, 8.25, 6.875, 8.375], "texture": "#0"},
				"south": {"uv": [7.5, 8.25, 7.875, 8.375], "texture": "#0"},
				"west": {"uv": [6.5, 8.25, 6.875, 8.375], "texture": "#0"},
				"up": {"uv": [8.375, 1.875, 8, 1.5], "texture": "#0"},
				"down": {"uv": [8.375, 2, 8, 2.375], "texture": "#0"}
			}
		},
		{
			"from": [-2.4, 7, 8],
			"to": [-0.4, 9, 8],
			"rotation": {"angle": 0, "axis": "y", "origin": [-2.4, 7, 7]},
			"faces": {
				"north": {"uv": [3, 2, 4, 3], "texture": "#1"},
				"east": {"uv": [0, 0, 0, 1], "texture": "#1"},
				"south": {"uv": [3, 3, 4, 4], "texture": "#1"},
				"west": {"uv": [0, 0, 0, 1], "texture": "#1"},
				"up": {"uv": [1, 0, 0, 0], "texture": "#1"},
				"down": {"uv": [1, 0, 0, 0], "texture": "#1"}
			}
		},
		{
			"from": [-0.8, 7.7, 7.7],
			"to": [15.2, 8.3, 8.3],
			"rotation": {"angle": 0, "axis": "y", "origin": [13.2, 7, 7]},
			"faces": {
				"north": {"uv": [3, 0, 11, 0.25], "texture": "#1"},
				"east": {"uv": [4, 2, 4.25, 2.25], "texture": "#1"},
				"south": {"uv": [3, 0.5, 11, 0.75], "texture": "#1"},
				"west": {"uv": [4, 2.5, 4.25, 2.75], "texture": "#1"},
				"up": {"uv": [3, 0.5, 11, 0.75], "texture": "#1"},
				"down": {"uv": [11, 1.5, 3, 1.75], "texture": "#1"}
			}
		},
		{
			"from": [14, 5.6, 8],
			"to": [19.5, 10.4, 8],
			"rotation": {"angle": 0, "axis": "y", "origin": [15.8, 7, 7]},
			"faces": {
				"north": {"uv": [0, 0, 2.75, 2.75], "texture": "#1"},
				"east": {"uv": [0, 0, 0, 2.75], "texture": "#1"},
				"south": {"uv": [0, 3, 2.75, 5.75], "texture": "#1"},
				"west": {"uv": [0, 0, 0, 2.75], "texture": "#1"},
				"up": {"uv": [2.75, 0, 0, 0], "texture": "#1"},
				"down": {"uv": [2.75, 0, 0, 0], "texture": "#1"}
			}
		},
		{
			"from": [-2.4, 8, 7],
			"to": [-0.4, 8, 9],
			"rotation": {"angle": 0, "axis": "x", "origin": [-1.4, 8, 8]},
			"faces": {
				"north": {"uv": [1, 0, 0, 0], "rotation": 180, "texture": "#1"},
				"east": {"uv": [0, 0, 0, 1], "rotation": 90, "texture": "#1"},
				"south": {"uv": [1, 0, 0, 0], "texture": "#1"},
				"west": {"uv": [0, 0, 0, 1], "rotation": 270, "texture": "#1"},
				"up": {"uv": [3, 3, 4, 4], "texture": "#1"},
				"down": {"uv": [3, 2, 4, 3], "rotation": 180, "texture": "#1"}
			}
		},
		{
			"from": [3.06, -11.02, 7.81],
			"to": [3.44, 25.08, 8.19],
			"rotation": {"angle": 0, "axis": "y", "origin": [2.3, 4.18, 7.05]},
			"faces": {
				"north": {"uv": [5.25, 0, 5.375, 9.5], "texture": "#0"},
				"east": {"uv": [5.25, 0, 5.375, 9.5], "texture": "#0"},
				"south": {"uv": [5.25, 0, 5.375, 9.5], "texture": "#0"},
				"west": {"uv": [5.25, 0, 5.375, 9.5], "texture": "#0"},
				"up": {"uv": [0.75, 17.25, 0.5, 17], "texture": "#0"},
				"down": {"uv": [1.25, 17, 1, 17.25], "texture": "#0"}
			}
		}
	],
	"display": {
		"thirdperson_righthand": {
			"rotation": [0, 90, 0],
			"translation": [0, -1.5, 1.25],
			"scale": [0.73, 0.74, 1]
		},
		"thirdperson_lefthand": {
			"rotation": [70, 0, 50],
			"translation": [-6.75, -7.5, 9.75],
			"scale": [0.86, 0.79, 1]
		},
		"firstperson_righthand": {
			"rotation": [22, 88, 0],
			"translation": [4.75, 5.75, -8.5]
		},
		"firstperson_lefthand": {
			"rotation": [21, -90, 0],
			"translation": [15, 6.75, -8.5]
		},
		"ground": {
			"translation": [0, 15.75, 0]
		},
		"gui": {
			"rotation": [0, 180, 45],
			"translation": [-0.75, 1, 0],
			"scale": [0.5, 0.5, 0.5]
		},
		"head": {
			"rotation": [0, 0, 90],
			"translation": [0, 4, 0],
			"scale": [1, 0.95, 1]
		},
		"fixed": {
			"translation": [0, 0, -2],
			"scale": [1.5, 1.5, 1.5]
		}
	},
	"groups": [
		0,
		1,
		2,
		{
			"name": "group",
			"origin": [7.489, -0.636, 9.66],
			"color": 0,
			"children": [3, 4]
		},
		5,
		6,
		7,
		8,
		9,
		10,
		11,
		12,
		13,
		14,
		15,
		16,
		17,
		18,
		19,
		20,
		21,
		22,
		23,
		24,
		25,
		26,
		27,
		28,
		29,
		{
			"name": "group",
			"origin": [18.6, 7, 7],
			"color": 0,
			"children": [30, 31, 32, 33]
		},
		34
	]
}