{
	"credit": "Made by leaf studio",
	"texture_size": [ 32, 32 ],
	"textures": {
		"0": "item/golden_sword/3dgolden_sword"
	},
	"elements": [
		{
			"from": [ 7.4, -8.1, 6.4 ],
			"to": [ 8.6, -4.9, 9.6 ],
			"rotation": {
				"angle": 45,
				"axis": "x",
				"origin": [ 8, -6.5, 8 ]
			},
			"faces": {
				"north": {
					"uv": [ 8.5, 2, 9, 3.5 ],
					"texture": "#0"
				},
				"east": {
					"uv": [ 5, 0, 6.5, 1.5 ],
					"texture": "#0"
				},
				"south": {
					"uv": [ 3, 8.5, 3.5, 10 ],
					"texture": "#0"
				},
				"west": {
					"uv": [ 5, 1.5, 6.5, 3 ],
					"texture": "#0"
				},
				"up": {
					"uv": [ 4, 10, 3.5, 8.5 ],
					"texture": "#0"
				},
				"down": {
					"uv": [ 9, 3.5, 8.5, 5 ],
					"texture": "#0"
				}
			}
		},
		{
			"from": [ 7.5, -5.5, 7 ],
			"to": [ 8.5, 0.5, 9 ],
			"rotation": {
				"angle": 0,
				"axis": "y",
				"origin": [ 8, -1, 8 ]
			},
			"faces": {
				"north": {
					"uv": [ 4, 6, 4.5, 9 ],
					"texture": "#0"
				},
				"east": {
					"uv": [ 4, 0, 5, 3 ],
					"texture": "#0"
				},
				"south": {
					"uv": [ 4.5, 6, 5, 9 ],
					"texture": "#0"
				},
				"west": {
					"uv": [ 4, 3, 5, 6 ],
					"texture": "#0"
				},
				"up": {
					"uv": [ 9, 6, 8.5, 5 ],
					"texture": "#0"
				},
				"down": {
					"uv": [ 6.5, 8.5, 6, 9.5 ],
					"texture": "#0"
				}
			}
		},
		{
			"from": [ 6.99, -0.01, 6.49 ],
			"to": [ 9.01, 3.01, 9.51 ],
			"rotation": {
				"angle": 45,
				"axis": "x",
				"origin": [ 8, 1.5, 8 ]
			},
			"faces": {
				"north": {
					"uv": [ 5, 6, 6, 7.5 ],
					"texture": "#0"
				},
				"east": {
					"uv": [ 5, 3, 6.5, 4.5 ],
					"texture": "#0"
				},
				"south": {
					"uv": [ 6, 6, 7, 7.5 ],
					"texture": "#0"
				},
				"west": {
					"uv": [ 5, 4.5, 6.5, 6 ],
					"texture": "#0"
				},
				"up": {
					"uv": [ 7.5, 1.5, 6.5, 0 ],
					"texture": "#0"
				},
				"down": {
					"uv": [ 7.5, 1.5, 6.5, 3 ],
					"texture": "#0"
				}
			}
		},
		{
			"from": [ 7.5, 2, 6.5 ],
			"to": [ 8.5, 17, 9.5 ],
			"rotation": {
				"angle": 0,
				"axis": "y",
				"origin": [ 6.5, 0, 7 ]
			},
			"faces": {
				"north": {
					"uv": [ 3, 0, 3.5, 7.5 ],
					"texture": "#0"
				},
				"east": {
					"uv": [ 0, 0, 1.5, 7.5 ],
					"texture": "#0"
				},
				"south": {
					"uv": [ 3.5, 0, 4, 7.5 ],
					"texture": "#0"
				},
				"west": {
					"uv": [ 1.5, 0, 3, 7.5 ],
					"texture": "#0"
				},
				"up": {
					"uv": [ 5.5, 10, 5, 8.5 ],
					"texture": "#0"
				},
				"down": {
					"uv": [ 6, 8.5, 5.5, 10 ],
					"texture": "#0"
				}
			}
		},
		{
			"from": [ 7.49, 15.64902, 7.25397 ],
			"to": [ 8.51, 17.79032, 9.39527 ],
			"rotation": {
				"angle": -45,
				"axis": "x",
				"origin": [ 7.999, 16.46967, 7.82462 ]
			},
			"faces": {
				"north": {
					"uv": [ 6.5, 8.5, 7, 9.5 ],
					"texture": "#0"
				},
				"east": {
					"uv": [ 6.5, 3, 7.5, 4 ],
					"texture": "#0"
				},
				"south": {
					"uv": [ 9, 2, 9.5, 3 ],
					"texture": "#0"
				},
				"west": {
					"uv": [ 6.5, 4, 7.5, 5 ],
					"texture": "#0"
				},
				"up": {
					"uv": [ 9.5, 4, 9, 3 ],
					"texture": "#0"
				},
				"down": {
					"uv": [ 4.5, 9, 4, 10 ],
					"texture": "#0"
				}
			}
		},
		{
			"from": [ 7, 1, 5.36454 ],
			"to": [ 9, 3, 7.36454 ],
			"rotation": {
				"angle": 0,
				"axis": "y",
				"origin": [ 6.99, 1.5, 3.86454 ]
			},
			"faces": {
				"north": {
					"uv": [ 6.5, 6, 7.5, 5 ],
					"texture": "#0"
				},
				"east": {
					"uv": [ 7, 7, 8, 6 ],
					"texture": "#0"
				},
				"south": {
					"uv": [ 7, 8, 8, 7 ],
					"texture": "#0"
				},
				"west": {
					"uv": [ 0, 8.5, 1, 7.5 ],
					"texture": "#0"
				},
				"up": {
					"uv": [ 2, 8.5, 1, 7.5 ],
					"texture": "#0"
				},
				"down": {
					"uv": [ 8.5, 0, 7.5, 1 ],
					"texture": "#0"
				}
			}
		},
		{
			"from": [ 7.001, 0.69444, 4.90673 ],
			"to": [ 8.999, 2.69244, 6.90473 ],
			"rotation": {
				"angle": 22.5,
				"axis": "x",
				"origin": [ 8, 1.69344, 5.90573 ]
			},
			"faces": {
				"north": {
					"uv": [ 5, 8.5, 6, 7.5 ],
					"texture": "#0"
				},
				"east": {
					"uv": [ 7.5, 6, 8.5, 5 ],
					"texture": "#0"
				},
				"south": {
					"uv": [ 6, 8.5, 7, 7.5 ],
					"texture": "#0"
				},
				"west": {
					"uv": [ 8, 7, 9, 6 ],
					"texture": "#0"
				},
				"up": {
					"uv": [ 9, 8, 8, 7 ],
					"texture": "#0"
				},
				"down": {
					"uv": [ 8, 8, 7, 9 ],
					"texture": "#0"
				}
			}
		},
		{
			"from": [ 7.001, 0.69444, 9.09527 ],
			"to": [ 8.999, 2.69244, 11.09327 ],
			"rotation": {
				"angle": -22.5,
				"axis": "x",
				"origin": [ 8, 1.69344, 10.09427 ]
			},
			"faces": {
				"north": {
					"uv": [ 8, 9, 9, 8 ],
					"texture": "#0"
				},
				"east": {
					"uv": [ 0, 9.5, 1, 8.5 ],
					"texture": "#0"
				},
				"south": {
					"uv": [ 8.5, 1, 9.5, 0 ],
					"texture": "#0"
				},
				"west": {
					"uv": [ 1, 9.5, 2, 8.5 ],
					"texture": "#0"
				},
				"up": {
					"uv": [ 3, 9.5, 2, 8.5 ],
					"texture": "#0"
				},
				"down": {
					"uv": [ 9.5, 1, 8.5, 2 ],
					"texture": "#0"
				}
			}
		},
		{
			"from": [ 7, 1, 8.63546 ],
			"to": [ 9, 3, 10.63546 ],
			"rotation": {
				"angle": 0,
				"axis": "y",
				"origin": [ 6.99, 1.5, 12.13546 ]
			},
			"faces": {
				"north": {
					"uv": [ 7.5, 2, 8.5, 1 ],
					"texture": "#0"
				},
				"east": {
					"uv": [ 2, 8.5, 3, 7.5 ],
					"texture": "#0"
				},
				"south": {
					"uv": [ 7.5, 3, 8.5, 2 ],
					"texture": "#0"
				},
				"west": {
					"uv": [ 3, 8.5, 4, 7.5 ],
					"texture": "#0"
				},
				"up": {
					"uv": [ 8.5, 5, 7.5, 4 ],
					"texture": "#0"
				},
				"down": {
					"uv": [ 8.5, 3, 7.5, 4 ],
					"texture": "#0"
				}
			}
		}
	],
	"gui_light": "front",
	"display": {
		"thirdperson_righthand": {
			"translation": [ 0, 8.5, 1.5 ]
		},
		"thirdperson_lefthand": {
			"translation": [ 0, 8.5, 1.5 ]
		},
		"firstperson_righthand": {
			"translation": [ 0, 8.5, 1.5 ]
		},
		"firstperson_lefthand": {
			"translation": [ 0, 8.5, 1.5 ]
		},
		"ground": {
			"rotation": [ 90, 90, 0 ]
		},
		"gui": {
			"rotation": [ 90, 45, -90 ],
			"translation": [ 2.25, 2.25, 0 ]
		},
		"fixed": {
			"rotation": [ -90, 45, 90 ],
			"translation": [ -2.25, 2.25, 0 ]
		}
	}
}